id,plan_version,order_type,item_id,site_code,quantity,required_date,release_date,action_message,priority,source_demand_type,source_demand_reference,status
PLAN-000184,2026-06-SOP,Purchase,AFT-0027,300,75.0,2026-07-01,2026-05-29,,5,Forecast,2026-06-SOP,Planned
PLAN-000368,2026-06-SOP,Production,DRV-0013,100,40.0,2026-07-01,2026-05-16,Decrease,4,Forecast,2026-06-SOP,Planned
PLAN-000552,2026-06-SOP,Production,ACT-0009,100,20.0,2026-07-01,2026-05-28,Increase,3,Sales Order,SO-000553,Planned
PLAN-000736,2026-06-SOP,Purchase,AFT-0035,100,10.0,2026-07-01,2026-05-05,Defer,2,Forecast,2026-06-SOP,Planned
PLAN-000920,2026-06-SOP,Production,DRV-0021,100,5.0,2026-07-01,2026-06-16,Expedite,1,Forecast,2026-06-SOP,Planned
PLAN-001104,2026-06-SOP,Production,ACT-0017,100,75.0,2026-07-01,2026-05-04,,5,Sales Order,SO-001105,Planned
PLAN-001288,2026-06-SOP,Purchase,AFT-0043,100,40.0,2026-07-01,2026-06-13,Decrease,4,Forecast,2026-06-SOP,Planned
PLAN-001472,2026-06-SOP,Production,DRV-0029,100,20.0,2026-07-01,2026-05-23,Increase,3,Forecast,2026-06-SOP,Planned
PLAN-001656,2026-06-SOP,Production,ACT-0025,100,10.0,2026-07-01,2026-06-04,Defer,2,Sales Order,SO-001657,Planned
PLAN-001840,2026-06-SOP,Purchase,AFT-0051,300,5.0,2026-07-01,2026-05-12,Expedite,1,Forecast,2026-06-SOP,Planned
PLAN-002024,2026-06-SOP,Production,DRV-0037,100,75.0,2026-07-01,2026-06-23,,5,Forecast,2026-06-SOP,Planned
PLAN-002208,2026-06-SOP,Production,ACT-0033,100,40.0,2026-07-01,2026-05-11,Decrease,4,Sales Order,SO-002209,Planned
PLAN-002392,2026-06-SOP,Purchase,AFT-0059,100,20.0,2026-07-01,2026-06-12,Increase,3,Forecast,2026-06-SOP,Planned
PLAN-002576,2026-06-SOP,Production,DRV-0045,100,10.0,2026-07-01,2026-05-30,Defer,2,Forecast,2026-06-SOP,Planned
PLAN-002760,2026-06-SOP,Production,ACT-0041,100,5.0,2026-07-01,2026-06-11,Expedite,1,Sales Order,SO-002761,Planned
PLAN-002944,2026-06-SOP,Production,CTL-0007,300,75.0,2026-07-01,2026-06-03,,5,Forecast,2026-06-SOP,Planned
PLAN-003128,2026-06-SOP,Production,DRV-0053,100,40.0,2026-07-01,2026-05-06,Decrease,4,Forecast,2026-06-SOP,Planned
PLAN-003312,2026-06-SOP,Production,ACT-0049,100,20.0,2026-07-01,2026-05-18,Increase,3,Sales Order,SO-003313,Planned
PLAN-003496,2026-06-SOP,Production,CTL-0015,300,10.0,2026-07-01,2026-05-10,Defer,2,Forecast,2026-06-SOP,Planned
PLAN-003680,2026-06-SOP,Production,SYS-0001,100,5.0,2026-07-01,2026-06-21,Expedite,1,Forecast,2026-06-SOP,Planned
PLAN-003864,2026-06-SOP,Production,ACT-0057,100,75.0,2026-07-01,2026-06-18,,5,Sales Order,SO-003865,Planned
PLAN-004048,2026-06-SOP,Production,CTL-0023,300,40.0,2026-07-01,2026-06-10,Decrease,4,Forecast,2026-06-SOP,Planned
PLAN-004232,2026-06-SOP,Production,SYS-0009,100,20.0,2026-07-01,2026-05-28,Increase,3,Forecast,2026-06-SOP,Planned
PLAN-004416,2026-06-SOP,Purchase,AFT-0005,100,10.0,2026-07-01,2026-06-09,Defer,2,Sales Order,SO-004417,Planned
PLAN-004600,2026-06-SOP,Production,CTL-0031,300,5.0,2026-07-01,2026-05-17,Expedite,1,Forecast,2026-06-SOP,Planned
PLAN-004784,2026-06-SOP,Production,SYS-0017,100,75.0,2026-07-01,2026-05-04,,5,Forecast,2026-06-SOP,Planned
PLAN-004968,2026-06-SOP,Purchase,AFT-0013,100,40.0,2026-07-01,2026-06-13,Decrease,4,Sales Order,SO-004969,Planned
PLAN-000079,2026-06-SOP,Production,ACT-0042,200,75.0,2026-07-02,2026-06-09,,5,Forecast,2026-06-SOP,Planned
PLAN-000263,2026-06-SOP,Production,CTL-0008,300,40.0,2026-07-02,2026-06-01,Decrease,4,Forecast,2026-06-SOP,Planned
PLAN-000447,2026-06-SOP,Production,DRV-0054,200,20.0,2026-07-02,2026-05-04,Increase,3,Sales Order,SO-000448,Planned
PLAN-000631,2026-06-SOP,Production,ACT-0050,200,10.0,2026-07-02,2026-05-16,Defer,2,Forecast,2026-06-SOP,Planned
PLAN-000815,2026-06-SOP,Production,CTL-0016,300,5.0,2026-07-02,2026-05-08,Expedite,1,Forecast,2026-06-SOP,Planned
PLAN-000999,2026-06-SOP,Production,SYS-0002,300,75.0,2026-07-02,2026-06-19,,5,Sales Order,SO-001000,Planned
PLAN-001183,2026-06-SOP,Production,ACT-0058,200,40.0,2026-07-02,2026-06-16,Decrease,4,Forecast,2026-06-SOP,Planned
PLAN-001367,2026-06-SOP,Production,CTL-0024,300,20.0,2026-07-02,2026-06-08,Increase,3,Forecast,2026-06-SOP,Planned
PLAN-001551,2026-06-SOP,Production,SYS-0010,300,10.0,2026-07-02,2026-05-26,Defer,2,Sales Order,SO-001552,Planned
PLAN-001735,2026-06-SOP,Purchase,AFT-0006,300,5.0,2026-07-02,2026-06-07,Expedite,1,Forecast,2026-06-SOP,Planned
PLAN-001919,2026-06-SOP,Production,CTL-0032,300,75.0,2026-07-02,2026-05-15,,5,Forecast,2026-06-SOP,Planned
PLAN-002103,2026-06-SOP,Production,SYS-0018,300,40.0,2026-07-02,2026-05-02,Decrease,4,Sales Order,SO-002104,Planned
PLAN-002287,2026-06-SOP,Purchase,AFT-0014,100,20.0,2026-07-02,2026-05-14,Increase,3,Forecast,2026-06-SOP,Planned
PLAN-002471,2026-06-SOP,Production,CTL-0040,300,10.0,2026-07-02,2026-06-15,Defer,2,Forecast,2026-06-SOP,Planned
PLAN-002655,2026-06-SOP,Production,SYS-0026,300,5.0,2026-07-02,2026-06-02,Expedite,1,Sales Order,SO-002656,Planned
PLAN-002839,2026-06-SOP,Purchase,AFT-0022,100,75.0,2026-07-02,2026-06-14,,5,Forecast,2026-06-SOP,Planned
PLAN-003023,2026-06-SOP,Production,DRV-0008,200,40.0,2026-07-02,2026-06-01,Decrease,4,Forecast,2026-06-SOP,Planned
PLAN-003207,2026-06-SOP,Production,ACT-0004,200,20.0,2026-07-02,2026-06-13,Increase,3,Sales Order,SO-003208,Planned
PLAN-003391,2026-06-SOP,Purchase,AFT-0030,300,10.0,2026-07-02,2026-05-21,Defer,2,Forecast,2026-06-SOP,Planned
PLAN-003575,2026-06-SOP,Production,DRV-0016,200,5.0,2026-07-02,2026-05-08,Expedite,1,Forecast,2026-06-SOP,Planned
PLAN-003759,2026-06-SOP,Production,ACT-0012,200,75.0,2026-07-02,2026-05-20,,5,Sales Order,SO-003760,Planned
PLAN-003943,2026-06-SOP,Purchase,AFT-0038,100,40.0,2026-07-02,2026-06-21,Decrease,4,Forecast,2026-06-SOP,Planned
PLAN-004127,2026-06-SOP,Production,DRV-0024,200,20.0,2026-07-02,2026-06-08,Increase,3,Forecast,2026-06-SOP,Planned
PLAN-004311,2026-06-SOP,Production,ACT-0020,200,10.0,2026-07-02,2026-06-20,Defer,2,Sales Order,SO-004312,Planned
PLAN-004495,2026-06-SOP,Purchase,AFT-0046,100,5.0,2026-07-02,2026-06-14,Expedite,1,Forecast,2026-06-SOP,Planned
PLAN-004679,2026-06-SOP,Production,DRV-0032,200,75.0,2026-07-02,2026-05-15,,5,Forecast,2026-06-SOP,Planned
PLAN-004863,2026-06-SOP,Production,ACT-0028,200,40.0,2026-07-02,2026-05-27,Decrease,4,Sales Order,SO-004864,Planned
PLAN-000158,2026-06-SOP,Purchase,AFT-0023,100,40.0,2026-07-03,2026-06-12,Decrease,4,Forecast,2026-06-SOP,Planned
PLAN-000342,2026-06-SOP,Production,DRV-0009,100,20.0,2026-07-03,2026-05-30,Increase,3,Sales Order,SO-000343,Planned
PLAN-000526,2026-06-SOP,Production,ACT-0005,100,10.0,2026-07-03,2026-06-11,Defer,2,Forecast,2026-06-SOP,Planned
PLAN-000710,2026-06-SOP,Purchase,AFT-0031,100,5.0,2026-07-03,2026-06-15,Expedite,1,Forecast,2026-06-SOP,Planned
PLAN-000894,2026-06-SOP,Production,DRV-0017,100,75.0,2026-07-03,2026-05-06,,5,Sales Order,SO-000895,Planned
PLAN-001078,2026-06-SOP,Production,ACT-0013,100,40.0,2026-07-03,2026-05-18,Decrease,4,Forecast,2026-06-SOP,Planned
PLAN-001262,2026-06-SOP,Purchase,AFT-0039,300,20.0,2026-07-03,2026-06-19,Increase,3,Forecast,2026-06-SOP,Planned
PLAN-001446,2026-06-SOP,Production,DRV-0025,100,10.0,2026-07-03,2026-06-06,Defer,2,Sales Order,SO-001447,Planned
PLAN-001630,2026-06-SOP,Production,ACT-0021,100,5.0,2026-07-03,2026-06-18,Expedite,1,Forecast,2026-06-SOP,Planned
PLAN-001814,2026-06-SOP,Purchase,AFT-0047,100,75.0,2026-07-03,2026-05-26,,5,Forecast,2026-06-SOP,Planned
PLAN-001998,2026-06-SOP,Production,DRV-0033,100,40.0,2026-07-03,2026-05-13,Decrease,4,Sales Order,SO-001999,Planned
PLAN-002182,2026-06-SOP,Production,ACT-0029,100,20.0,2026-07-03,2026-05-25,Increase,3,Forecast,2026-06-SOP,Planned
PLAN-002366,2026-06-SOP,Purchase,AFT-0055,100,10.0,2026-07-03,2026-06-15,Defer,2,Forecast,2026-06-SOP,Planned
PLAN-002550,2026-06-SOP,Production,DRV-0041,100,5.0,2026-07-03,2026-06-13,Expedite,1,Sales Order,SO-002551,Planned
PLAN-002734,2026-06-SOP,Production,ACT-0037,100,75.0,2026-07-03,2026-06-25,,5,Forecast,2026-06-SOP,Planned
PLAN-002918,2026-06-SOP,Production,CTL-0003,300,40.0,2026-07-03,2026-06-17,Decrease,4,Forecast,2026-06-SOP,Planned
PLAN-003102,2026-06-SOP,Production,DRV-0049,100,20.0,2026-07-03,2026-05-20,Increase,3,Sales Order,SO-003103,Planned
PLAN-003286,2026-06-SOP,Production,ACT-0045,100,10.0,2026-07-03,2026-06-01,Defer,2,Forecast,2026-06-SOP,Planned
PLAN-003470,2026-06-SOP,Production,CTL-0011,300,5.0,2026-07-03,2026-05-24,Expedite,1,Forecast,2026-06-SOP,Planned
PLAN-003654,2026-06-SOP,Production,DRV-0057,100,75.0,2026-07-03,2026-06-20,,5,Sales Order,SO-003655,Planned
PLAN-003838,2026-06-SOP,Production,ACT-0053,100,40.0,2026-07-03,2026-05-08,Decrease,4,Forecast,2026-06-SOP,Planned
PLAN-004022,2026-06-SOP,Production,CTL-0019,300,20.0,2026-07-03,2026-06-24,Increase,3,Forecast,2026-06-SOP,Planned
PLAN-004206,2026-06-SOP,Production,SYS-0005,100,10.0,2026-07-03,2026-06-11,Defer,2,Sales Order,SO-004207,Planned
PLAN-004390,2026-06-SOP,Purchase,AFT-0001,100,5.0,2026-07-03,2026-06-15,Expedite,1,Forecast,2026-06-SOP,Planned
PLAN-004574,2026-06-SOP,Production,CTL-0027,300,75.0,2026-07-03,2026-05-31,,5,Forecast,2026-06-SOP,Planned
PLAN-004758,2026-06-SOP,Production,SYS-0013,100,40.0,2026-07-03,2026-05-18,Decrease,4,Sales Order,SO-004759,Planned
PLAN-004942,2026-06-SOP,Purchase,AFT-0009,300,20.0,2026-07-03,2026-05-30,Increase,3,Forecast,2026-06-SOP,Planned
PLAN-000053,2026-06-SOP,Production,ACT-0038,200,40.0,2026-07-04,2026-06-23,Decrease,4,Forecast,2026-06-SOP,Planned
PLAN-000237,2026-06-SOP,Production,CTL-0004,300,20.0,2026-07-04,2026-06-15,Increase,3,Sales Order,SO-000238,Planned
PLAN-000421,2026-06-SOP,Production,DRV-0050,200,10.0,2026-07-04,2026-05-18,Defer,2,Forecast,2026-06-SOP,Planned
PLAN-000605,2026-06-SOP,Production,ACT-0046,200,5.0,2026-07-04,2026-05-30,Expedite,1,Forecast,2026-06-SOP,Planned
PLAN-000789,2026-06-SOP,Production,CTL-0012,300,75.0,2026-07-04,2026-05-22,,5,Sales Order,SO-000790,Planned
PLAN-000973,2026-06-SOP,Production,DRV-0058,200,40.0,2026-07-04,2026-06-18,Decrease,4,Forecast,2026-06-SOP,Planned
PLAN-001157,2026-06-SOP,Production,ACT-0054,200,20.0,2026-07-04,2026-05-06,Increase,3,Forecast,2026-06-SOP,Planned
PLAN-001341,2026-06-SOP,Production,CTL-0020,300,10.0,2026-07-04,2026-06-22,Defer,2,Sales Order,SO-001342,Planned
PLAN-001525,2026-06-SOP,Production,SYS-0006,300,5.0,2026-07-04,2026-06-09,Expedite,1,Forecast,2026-06-SOP,Planned
PLAN-001709,2026-06-SOP,Purchase,AFT-0002,100,75.0,2026-07-04,2026-06-21,,5,Forecast,2026-06-SOP,Planned
PLAN-001893,2026-06-SOP,Production,CTL-0028,300,40.0,2026-07-04,2026-05-29,Decrease,4,Sales Order,SO-001894,Planned
PLAN-002077,2026-06-SOP,Production,SYS-0014,300,20.0,2026-07-04,2026-05-16,Increase,3,Forecast,2026-06-SOP,Planned
PLAN-002261,2026-06-SOP,Purchase,AFT-0010,100,10.0,2026-07-04,2026-06-16,Defer,2,Forecast,2026-06-SOP,Planned
PLAN-002445,2026-06-SOP,Production,CTL-0036,300,5.0,2026-07-04,2026-05-05,Expedite,1,Sales Order,SO-002446,Planned
PLAN-002629,2026-06-SOP,Production,SYS-0022,300,75.0,2026-07-04,2026-06-16,,5,Forecast,2026-06-SOP,Planned
PLAN-002813,2026-06-SOP,Purchase,AFT-0018,300,40.0,2026-07-04,2026-05-04,Decrease,4,Forecast,2026-06-SOP,Planned
PLAN-002997,2026-06-SOP,Production,DRV-0004,200,20.0,2026-07-04,2026-06-15,Increase,3,Sales Order,SO-002998,Planned
PLAN-003181,2026-06-SOP,Production,SYS-0030,300,10.0,2026-07-04,2026-05-23,Defer,2,Forecast,2026-06-SOP,Planned
PLAN-003365,2026-06-SOP,Purchase,AFT-0026,100,5.0,2026-07-04,2026-06-04,Expedite,1,Forecast,2026-06-SOP,Planned
PLAN-003549,2026-06-SOP,Production,DRV-0012,200,75.0,2026-07-04,2026-05-22,,5,Sales Order,SO-003550,Planned
PLAN-003733,2026-06-SOP,Production,ACT-0008,200,40.0,2026-07-04,2026-06-03,Decrease,4,Forecast,2026-06-SOP,Planned
PLAN-003917,2026-06-SOP,Purchase,AFT-0034,100,20.0,2026-07-04,2026-06-16,Increase,3,Forecast,2026-06-SOP,Planned
PLAN-004101,2026-06-SOP,Production,DRV-0020,200,10.0,2026-07-04,2026-06-22,Defer,2,Sales Order,SO-004102,Planned
PLAN-004285,2026-06-SOP,Production,ACT-0016,200,5.0,2026-07-04,2026-05-10,Expedite,1,Forecast,2026-06-SOP,Planned
PLAN-004469,2026-06-SOP,Purchase,AFT-0042,300,75.0,2026-07-04,2026-06-11,,5,Forecast,2026-06-SOP,Planned
PLAN-004653,2026-06-SOP,Production,DRV-0028,200,40.0,2026-07-04,2026-05-29,Decrease,4,Sales Order,SO-004654,Planned
PLAN-004837,2026-06-SOP,Production,ACT-0024,200,20.0,2026-07-04,2026-06-10,Increase,3,Forecast,2026-06-SOP,Planned
PLAN-000132,2026-06-SOP,Purchase,AFT-0019,100,20.0,2026-07-05,2026-06-17,Increase,3,Sales Order,SO-000133,Planned
PLAN-000316,2026-06-SOP,Production,DRV-0005,100,10.0,2026-07-05,2026-06-13,Defer,2,Forecast,2026-06-SOP,Planned
PLAN-000500,2026-06-SOP,Production,ACT-0001,100,5.0,2026-07-05,2026-06-25,Expedite,1,Forecast,2026-06-SOP,Planned
PLAN-000684,2026-06-SOP,Purchase,AFT-0027,300,75.0,2026-07-05,2026-06-02,,5,Sales Order,SO-000685,Planned
PLAN-000868,2026-06-SOP,Production,DRV-0013,100,40.0,2026-07-05,2026-05-20,Decrease,4,Forecast,2026-06-SOP,Planned
PLAN-001052,2026-06-SOP,Production,ACT-0009,100,20.0,2026-07-05,2026-06-01,Increase,3,Forecast,2026-06-SOP,Planned
PLAN-001236,2026-06-SOP,Purchase,AFT-0035,100,10.0,2026-07-05,2026-05-09,Defer,2,Sales Order,SO-001237,Planned
PLAN-001420,2026-06-SOP,Production,DRV-0021,100,5.0,2026-07-05,2026-06-20,Expedite,1,Forecast,2026-06-SOP,Planned
PLAN-001604,2026-06-SOP,Production,ACT-0017,100,75.0,2026-07-05,2026-05-08,,5,Forecast,2026-06-SOP,Planned
PLAN-001788,2026-06-SOP,Purchase,AFT-0043,100,40.0,2026-07-05,2026-06-17,Decrease,4,Sales Order,SO-001789,Planned
PLAN-001972,2026-06-SOP,Production,DRV-0029,100,20.0,2026-07-05,2026-05-27,Increase,3,Forecast,2026-06-SOP,Planned
PLAN-002156,2026-06-SOP,Production,ACT-0025,100,10.0,2026-07-05,2026-06-08,Defer,2,Forecast,2026-06-SOP,Planned
PLAN-002340,2026-06-SOP,Purchase,AFT-0051,300,5.0,2026-07-05,2026-05-16,Expedite,1,Sales Order,SO-002341,Planned
PLAN-002524,2026-06-SOP,Production,DRV-0037,100,75.0,2026-07-05,2026-06-27,,5,Forecast,2026-06-SOP,Planned
PLAN-002708,2026-06-SOP,Production,ACT-0033,100,40.0,2026-07-05,2026-05-15,Decrease,4,Forecast,2026-06-SOP,Planned
PLAN-002892,2026-06-SOP,Purchase,AFT-0059,100,20.0,2026-07-05,2026-06-16,Increase,3,Sales Order,SO-002893,Planned
PLAN-003076,2026-06-SOP,Production,DRV-0045,100,10.0,2026-07-05,2026-06-03,Defer,2,Forecast,2026-06-SOP,Planned
PLAN-003260,2026-06-SOP,Production,ACT-0041,100,5.0,2026-07-05,2026-06-15,Expedite,1,Forecast,2026-06-SOP,Planned
PLAN-003444,2026-06-SOP,Production,CTL-0007,300,75.0,2026-07-05,2026-06-07,,5,Sales Order,SO-003445,Planned
PLAN-003628,2026-06-SOP,Production,DRV-0053,100,40.0,2026-07-05,2026-05-10,Decrease,4,Forecast,2026-06-SOP,Planned
PLAN-003812,2026-06-SOP,Production,ACT-0049,100,20.0,2026-07-05,2026-05-22,Increase,3,Forecast,2026-06-SOP,Planned
PLAN-003996,2026-06-SOP,Production,CTL-0015,300,10.0,2026-07-05,2026-05-14,Defer,2,Sales Order,SO-003997,Planned
PLAN-004180,2026-06-SOP,Production,SYS-0001,100,5.0,2026-07-05,2026-06-25,Expedite,1,Forecast,2026-06-SOP,Planned
PLAN-004364,2026-06-SOP,Production,ACT-0057,100,75.0,2026-07-05,2026-06-22,,5,Forecast,2026-06-SOP,Planned
PLAN-004548,2026-06-SOP,Production,CTL-0023,300,40.0,2026-07-05,2026-06-14,Decrease,4,Sales Order,SO-004549,Planned
PLAN-004732,2026-06-SOP,Production,SYS-0009,100,20.0,2026-07-05,2026-06-01,Increase,3,Forecast,2026-06-SOP,Planned
PLAN-004916,2026-06-SOP,Purchase,AFT-0005,100,10.0,2026-07-05,2026-06-13,Defer,2,Forecast,2026-06-SOP,Planned
PLAN-000027,2026-06-SOP,Production,ACT-0034,200,20.0,2026-07-06,2026-05-13,Increase,3,Sales Order,SO-000028,Planned
PLAN-000211,2026-06-SOP,Purchase,AFT-0060,300,10.0,2026-07-06,2026-06-14,Defer,2,Forecast,2026-06-SOP,Planned
PLAN-000395,2026-06-SOP,Production,DRV-0046,200,5.0,2026-07-06,2026-06-01,Expedite,1,Forecast,2026-06-SOP,Planned
PLAN-000579,2026-06-SOP,Production,ACT-0042,200,75.0,2026-07-06,2026-06-13,,5,Sales Order,SO-000580,Planned
PLAN-000763,2026-06-SOP,Production,CTL-0008,300,40.0,2026-07-06,2026-06-05,Decrease,4,Forecast,2026-06-SOP,Planned
PLAN-000947,2026-06-SOP,Production,DRV-0054,200,20.0,2026-07-06,2026-05-08,Increase,3,Forecast,2026-06-SOP,Planned
PLAN-001131,2026-06-SOP,Production,ACT-0050,200,10.0,2026-07-06,2026-05-20,Defer,2,Sales Order,SO-001132,Planned
PLAN-001315,2026-06-SOP,Production,CTL-0016,300,5.0,2026-07-06,2026-05-12,Expedite,1,Forecast,2026-06-SOP,Planned
PLAN-001499,2026-06-SOP,Production,SYS-0002,300,75.0,2026-07-06,2026-06-23,,5,Forecast,2026-06-SOP,Planned
PLAN-001683,2026-06-SOP,Production,ACT-0058,200,40.0,2026-07-06,2026-06-20,Decrease,4,Sales Order,SO-001684,Planned
PLAN-001867,2026-06-SOP,Production,CTL-0024,300,20.0,2026-07-06,2026-06-12,Increase,3,Forecast,2026-06-SOP,Planned
PLAN-002051,2026-06-SOP,Production,SYS-0010,300,10.0,2026-07-06,2026-05-30,Defer,2,Forecast,2026-06-SOP,Planned
PLAN-002235,2026-06-SOP,Purchase,AFT-0006,300,5.0,2026-07-06,2026-06-11,Expedite,1,Sales Order,SO-002236,Planned
PLAN-002419,2026-06-SOP,Production,CTL-0032,300,75.0,2026-07-06,2026-05-19,,5,Forecast,2026-06-SOP,Planned
PLAN-002603,2026-06-SOP,Production,SYS-0018,300,40.0,2026-07-06,2026-05-06,Decrease,4,Forecast,2026-06-SOP,Planned
PLAN-002787,2026-06-SOP,Purchase,AFT-0014,100,20.0,2026-07-06,2026-05-18,Increase,3,Sales Order,SO-002788,Planned
PLAN-002971,2026-06-SOP,Production,CTL-0040,300,10.0,2026-07-06,2026-06-19,Defer,2,Forecast,2026-06-SOP,Planned
PLAN-003155,2026-06-SOP,Production,SYS-0026,300,5.0,2026-07-06,2026-06-06,Expedite,1,Forecast,2026-06-SOP,Planned
PLAN-003339,2026-06-SOP,Purchase,AFT-0022,100,75.0,2026-07-06,2026-06-18,,5,Sales Order,SO-003340,Planned
PLAN-003523,2026-06-SOP,Production,DRV-0008,200,40.0,2026-07-06,2026-06-05,Decrease,4,Forecast,2026-06-SOP,Planned
PLAN-003707,2026-06-SOP,Production,ACT-0004,200,20.0,2026-07-06,2026-06-17,Increase,3,Forecast,2026-06-SOP,Planned
PLAN-003891,2026-06-SOP,Purchase,AFT-0030,300,10.0,2026-07-06,2026-05-25,Defer,2,Sales Order,SO-003892,Planned
PLAN-004075,2026-06-SOP,Production,DRV-0016,200,5.0,2026-07-06,2026-05-12,Expedite,1,Forecast,2026-06-SOP,Planned
PLAN-004259,2026-06-SOP,Production,ACT-0012,200,75.0,2026-07-06,2026-05-24,,5,Forecast,2026-06-SOP,Planned
PLAN-004443,2026-06-SOP,Purchase,AFT-0038,100,40.0,2026-07-06,2026-06-25,Decrease,4,Sales Order,SO-004444,Planned
PLAN-004627,2026-06-SOP,Production,DRV-0024,200,20.0,2026-07-06,2026-06-12,Increase,3,Forecast,2026-06-SOP,Planned
PLAN-004811,2026-06-SOP,Production,ACT-0020,200,10.0,2026-07-06,2026-06-24,Defer,2,Forecast,2026-06-SOP,Planned
PLAN-004995,2026-06-SOP,Purchase,AFT-0046,100,5.0,2026-07-06,2026-06-18,Expedite,1,Sales Order,SO-004996,Planned
PLAN-000106,2026-06-SOP,Purchase,AFT-0015,300,10.0,2026-07-07,2026-05-16,Defer,2,Forecast,2026-06-SOP,Planned
PLAN-000290,2026-06-SOP,Production,DRV-0001,100,5.0,2026-07-07,2026-06-27,Expedite,1,Forecast,2026-06-SOP,Planned
PLAN-000474,2026-06-SOP,Production,SYS-0027,100,75.0,2026-07-07,2026-06-04,,5,Sales Order,SO-000475,Planned
PLAN-000658,2026-06-SOP,Purchase,AFT-0023,100,40.0,2026-07-07,2026-06-16,Decrease,4,Forecast,2026-06-SOP,Planned
PLAN-000842,2026-06-SOP,Production,DRV-0009,100,20.0,2026-07-07,2026-06-03,Increase,3,Forecast,2026-06-SOP,Planned
PLAN-001026,2026-06-SOP,Production,ACT-0005,100,10.0,2026-07-07,2026-06-15,Defer,2,Sales Order,SO-001027,Planned
PLAN-001210,2026-06-SOP,Purchase,AFT-0031,100,5.0,2026-07-07,2026-06-19,Expedite,1,Forecast,2026-06-SOP,Planned
PLAN-001394,2026-06-SOP,Production,DRV-0017,100,75.0,2026-07-07,2026-05-10,,5,Forecast,2026-06-SOP,Planned
PLAN-001578,2026-06-SOP,Production,ACT-0013,100,40.0,2026-07-07,2026-05-22,Decrease,4,Sales Order,SO-001579,Planned
PLAN-001762,2026-06-SOP,Purchase,AFT-0039,300,20.0,2026-07-07,2026-06-23,Increase,3,Forecast,2026-06-SOP,Planned
PLAN-001946,2026-06-SOP,Production,DRV-0025,100,10.0,2026-07-07,2026-06-10,Defer,2,Forecast,2026-06-SOP,Planned
PLAN-002130,2026-06-SOP,Production,ACT-0021,100,5.0,2026-07-07,2026-06-22,Expedite,1,Sales Order,SO-002131,Planned
PLAN-002314,2026-06-SOP,Purchase,AFT-0047,100,75.0,2026-07-07,2026-05-30,,5,Forecast,2026-06-SOP,Planned
PLAN-002498,2026-06-SOP,Production,DRV-0033,100,40.0,2026-07-07,2026-05-17,Decrease,4,Forecast,2026-06-SOP,Planned
PLAN-002682,2026-06-SOP,Production,ACT-0029,100,20.0,2026-07-07,2026-05-29,Increase,3,Sales Order,SO-002683,Planned
PLAN-002866,2026-06-SOP,Purchase,AFT-0055,100,10.0,2026-07-07,2026-06-19,Defer,2,Forecast,2026-06-SOP,Planned
PLAN-003050,2026-06-SOP,Production,DRV-0041,100,5.0,2026-07-07,2026-06-17,Expedite,1,Forecast,2026-06-SOP,Planned
PLAN-003234,2026-06-SOP,Production,ACT-0037,100,75.0,2026-07-07,2026-06-29,,5,Sales Order,SO-003235,Planned
PLAN-003418,2026-06-SOP,Production,CTL-0003,300,40.0,2026-07-07,2026-06-21,Decrease,4,Forecast,2026-06-SOP,Planned
PLAN-003602,2026-06-SOP,Production,DRV-0049,100,20.0,2026-07-07,2026-05-24,Increase,3,Forecast,2026-06-SOP,Planned
PLAN-003786,2026-06-SOP,Production,ACT-0045,100,10.0,2026-07-07,2026-06-05,Defer,2,Sales Order,SO-003787,Planned
PLAN-003970,2026-06-SOP,Production,CTL-0011,300,5.0,2026-07-07,2026-05-28,Expedite,1,Forecast,2026-06-SOP,Planned
PLAN-004154,2026-06-SOP,Production,DRV-0057,100,75.0,2026-07-07,2026-06-24,,5,Forecast,2026-06-SOP,Planned
PLAN-004338,2026-06-SOP,Production,ACT-0053,100,40.0,2026-07-07,2026-05-12,Decrease,4,Sales Order,SO-004339,Planned
PLAN-004522,2026-06-SOP,Production,CTL-0019,300,20.0,2026-07-07,2026-06-28,Increase,3,Forecast,2026-06-SOP,Planned
PLAN-004706,2026-06-SOP,Production,SYS-0005,100,10.0,2026-07-07,2026-06-15,Defer,2,Forecast,2026-06-SOP,Planned
PLAN-004890,2026-06-SOP,Purchase,AFT-0001,100,5.0,2026-07-07,2026-06-19,Expedite,1,Sales Order,SO-004891,Planned
PLAN-000001,2026-06-SOP,Production,ACT-0030,200,10.0,2026-07-08,2026-05-27,Defer,2,Forecast,2026-06-SOP,Planned
PLAN-000185,2026-06-SOP,Purchase,AFT-0056,100,5.0,2026-07-08,2026-06-28,Expedite,1,Forecast,2026-06-SOP,Planned
PLAN-000369,2026-06-SOP,Production,DRV-0042,200,75.0,2026-07-08,2026-06-15,,5,Sales Order,SO-000370,Planned
PLAN-000553,2026-06-SOP,Production,ACT-0038,200,40.0,2026-07-08,2026-06-27,Decrease,4,Forecast,2026-06-SOP,Planned
PLAN-000737,2026-06-SOP,Production,CTL-0004,300,20.0,2026-07-08,2026-06-19,Increase,3,Forecast,2026-06-SOP,Planned
PLAN-000921,2026-06-SOP,Production,DRV-0050,200,10.0,2026-07-08,2026-05-22,Defer,2,Sales Order,SO-000922,Planned
PLAN-001105,2026-06-SOP,Production,ACT-0046,200,5.0,2026-07-08,2026-06-03,Expedite,1,Forecast,2026-06-SOP,Planned
PLAN-001289,2026-06-SOP,Production,CTL-0012,300,75.0,2026-07-08,2026-05-26,,5,Forecast,2026-06-SOP,Planned
PLAN-001473,2026-06-SOP,Production,DRV-0058,200,40.0,2026-07-08,2026-06-22,Decrease,4,Sales Order,SO-001474,Planned
PLAN-001657,2026-06-SOP,Production,ACT-0054,200,20.0,2026-07-08,2026-05-10,Increase,3,Forecast,2026-06-SOP,Planned
PLAN-001841,2026-06-SOP,Production,CTL-0020,300,10.0,2026-07-08,2026-06-26,Defer,2,Forecast,2026-06-SOP,Planned
PLAN-002025,2026-06-SOP,Production,SYS-0006,300,5.0,2026-07-08,2026-06-13,Expedite,1,Sales Order,SO-002026,Planned
PLAN-002209,2026-06-SOP,Purchase,AFT-0002,100,75.0,2026-07-08,2026-06-25,,5,Forecast,2026-06-SOP,Planned
PLAN-002393,2026-06-SOP,Production,CTL-0028,300,40.0,2026-07-08,2026-06-02,Decrease,4,Forecast,2026-06-SOP,Planned
PLAN-002577,2026-06-SOP,Production,SYS-0014,300,20.0,2026-07-08,2026-05-20,Increase,3,Sales Order,SO-002578,Planned
PLAN-002761,2026-06-SOP,Purchase,AFT-0010,100,10.0,2026-07-08,2026-06-20,Defer,2,Forecast,2026-06-SOP,Planned
PLAN-002945,2026-06-SOP,Production,CTL-0036,300,5.0,2026-07-08,2026-05-09,Expedite,1,Forecast,2026-06-SOP,Planned
PLAN-003129,2026-06-SOP,Production,SYS-0022,300,75.0,2026-07-08,2026-06-20,,5,Sales Order,SO-003130,Planned
PLAN-003313,2026-06-SOP,Purchase,AFT-0018,300,40.0,2026-07-08,2026-05-08,Decrease,4,Forecast,2026-06-SOP,Planned
PLAN-003497,2026-06-SOP,Production,DRV-0004,200,20.0,2026-07-08,2026-06-19,Increase,3,Forecast,2026-06-SOP,Planned
PLAN-003681,2026-06-SOP,Production,SYS-0030,300,10.0,2026-07-08,2026-05-27,Defer,2,Sales Order,SO-003682,Planned
PLAN-003865,2026-06-SOP,Purchase,AFT-0026,100,5.0,2026-07-08,2026-06-08,Expedite,1,Forecast,2026-06-SOP,Planned
PLAN-004049,2026-06-SOP,Production,DRV-0012,200,75.0,2026-07-08,2026-05-26,,5,Forecast,2026-06-SOP,Planned
PLAN-004233,2026-06-SOP,Production,ACT-0008,200,40.0,2026-07-08,2026-06-07,Decrease,4,Sales Order,SO-004234,Planned
PLAN-004417,2026-06-SOP,Purchase,AFT-0034,100,20.0,2026-07-08,2026-06-20,Increase,3,Forecast,2026-06-SOP,Planned
PLAN-004601,2026-06-SOP,Production,DRV-0020,200,10.0,2026-07-08,2026-06-26,Defer,2,Forecast,2026-06-SOP,Planned
PLAN-004785,2026-06-SOP,Production,ACT-0016,200,5.0,2026-07-08,2026-05-14,Expedite,1,Sales Order,SO-004786,Planned
PLAN-004969,2026-06-SOP,Purchase,AFT-0042,300,75.0,2026-07-08,2026-06-15,,5,Forecast,2026-06-SOP,Planned
PLAN-000080,2026-06-SOP,Purchase,AFT-0011,100,5.0,2026-07-09,2026-05-30,Expedite,1,Forecast,2026-06-SOP,Planned
PLAN-000264,2026-06-SOP,Production,CTL-0037,300,75.0,2026-07-09,2026-07-01,,5,Sales Order,SO-000265,Planned
PLAN-000448,2026-06-SOP,Production,SYS-0023,100,40.0,2026-07-09,2026-06-18,Decrease,4,Forecast,2026-06-SOP,Planned
PLAN-000632,2026-06-SOP,Purchase,AFT-0019,100,20.0,2026-07-09,2026-06-21,Increase,3,Forecast,2026-06-SOP,Planned
PLAN-000816,2026-06-SOP,Production,DRV-0005,100,10.0,2026-07-09,2026-06-17,Defer,2,Sales Order,SO-000817,Planned
PLAN-001000,2026-06-SOP,Production,ACT-0001,100,5.0,2026-07-09,2026-06-29,Expedite,1,Forecast,2026-06-SOP,Planned
PLAN-001184,2026-06-SOP,Purchase,AFT-0027,300,75.0,2026-07-09,2026-06-06,,5,Forecast,2026-06-SOP,Planned
PLAN-001368,2026-06-SOP,Production,DRV-0013,100,40.0,2026-07-09,2026-05-24,Decrease,4,Sales Order,SO-001369,Planned
PLAN-001552,2026-06-SOP,Production,ACT-0009,100,20.0,2026-07-09,2026-06-05,Increase,3,Forecast,2026-06-SOP,Planned
PLAN-001736,2026-06-SOP,Purchase,AFT-0035,100,10.0,2026-07-09,2026-05-13,Defer,2,Forecast,2026-06-SOP,Planned
PLAN-001920,2026-06-SOP,Production,DRV-0021,100,5.0,2026-07-09,2026-06-24,Expedite,1,Sales Order,SO-001921,Planned
PLAN-002104,2026-06-SOP,Production,ACT-0017,100,75.0,2026-07-09,2026-05-12,,5,Forecast,2026-06-SOP,Planned
PLAN-002288,2026-06-SOP,Purchase,AFT-0043,100,40.0,2026-07-09,2026-06-21,Decrease,4,Forecast,2026-06-SOP,Planned
PLAN-002472,2026-06-SOP,Production,DRV-0029,100,20.0,2026-07-09,2026-05-31,Increase,3,Sales Order,SO-002473,Planned
PLAN-002656,2026-06-SOP,Production,ACT-0025,100,10.0,2026-07-09,2026-06-12,Defer,2,Forecast,2026-06-SOP,Planned
PLAN-002840,2026-06-SOP,Purchase,AFT-0051,300,5.0,2026-07-09,2026-05-20,Expedite,1,Forecast,2026-06-SOP,Planned
PLAN-003024,2026-06-SOP,Production,DRV-0037,100,75.0,2026-07-09,2026-07-01,,5,Sales Order,SO-003025,Planned
PLAN-003208,2026-06-SOP,Production,ACT-0033,100,40.0,2026-07-09,2026-05-19,Decrease,4,Forecast,2026-06-SOP,Planned
PLAN-003392,2026-06-SOP,Purchase,AFT-0059,100,20.0,2026-07-09,2026-06-20,Increase,3,Forecast,2026-06-SOP,Planned
PLAN-003576,2026-06-SOP,Production,DRV-0045,100,10.0,2026-07-09,2026-06-07,Defer,2,Sales Order,SO-003577,Planned
PLAN-003760,2026-06-SOP,Production,ACT-0041,100,5.0,2026-07-09,2026-06-19,Expedite,1,Forecast,2026-06-SOP,Planned
PLAN-003944,2026-06-SOP,Production,CTL-0007,300,75.0,2026-07-09,2026-06-11,,5,Forecast,2026-06-SOP,Planned
PLAN-004128,2026-06-SOP,Production,DRV-0053,100,40.0,2026-07-09,2026-05-14,Decrease,4,Sales Order,SO-004129,Planned
PLAN-004312,2026-06-SOP,Production,ACT-0049,100,20.0,2026-07-09,2026-05-26,Increase,3,Forecast,2026-06-SOP,Planned
PLAN-004496,2026-06-SOP,Production,CTL-0015,300,10.0,2026-07-09,2026-05-18,Defer,2,Forecast,2026-06-SOP,Planned
PLAN-004680,2026-06-SOP,Production,SYS-0001,100,5.0,2026-07-09,2026-06-29,Expedite,1,Sales Order,SO-004681,Planned
PLAN-004864,2026-06-SOP,Production,ACT-0057,100,75.0,2026-07-09,2026-06-26,,5,Forecast,2026-06-SOP,Planned
PLAN-000159,2026-06-SOP,Purchase,AFT-0052,100,75.0,2026-07-10,2026-06-22,,5,Sales Order,SO-000160,Planned
PLAN-000343,2026-06-SOP,Production,DRV-0038,200,40.0,2026-07-10,2026-06-29,Decrease,4,Forecast,2026-06-SOP,Planned
PLAN-000527,2026-06-SOP,Production,ACT-0034,200,20.0,2026-07-10,2026-05-17,Increase,3,Forecast,2026-06-SOP,Planned
PLAN-000711,2026-06-SOP,Purchase,AFT-0060,300,10.0,2026-07-10,2026-06-18,Defer,2,Sales Order,SO-000712,Planned
PLAN-000895,2026-06-SOP,Production,DRV-0046,200,5.0,2026-07-10,2026-06-05,Expedite,1,Forecast,2026-06-SOP,Planned
PLAN-001079,2026-06-SOP,Production,ACT-0042,200,75.0,2026-07-10,2026-06-17,,5,Forecast,2026-06-SOP,Planned
PLAN-001263,2026-06-SOP,Production,CTL-0008,300,40.0,2026-07-10,2026-06-09,Decrease,4,Sales Order,SO-001264,Planned
PLAN-001447,2026-06-SOP,Production,DRV-0054,200,20.0,2026-07-10,2026-05-12,Increase,3,Forecast,2026-06-SOP,Planned
PLAN-001631,2026-06-SOP,Production,ACT-0050,200,10.0,2026-07-10,2026-05-24,Defer,2,Forecast,2026-06-SOP,Planned
PLAN-001815,2026-06-SOP,Production,CTL-0016,300,5.0,2026-07-10,2026-05-16,Expedite,1,Sales Order,SO-001816,Planned
PLAN-001999,2026-06-SOP,Production,SYS-0002,300,75.0,2026-07-10,2026-06-27,,5,Forecast,2026-06-SOP,Planned
PLAN-002183,2026-06-SOP,Production,ACT-0058,200,40.0,2026-07-10,2026-06-24,Decrease,4,Forecast,2026-06-SOP,Planned
PLAN-002367,2026-06-SOP,Production,CTL-0024,300,20.0,2026-07-10,2026-06-16,Increase,3,Sales Order,SO-002368,Planned
PLAN-002551,2026-06-SOP,Production,SYS-0010,300,10.0,2026-07-10,2026-06-03,Defer,2,Forecast,2026-06-SOP,Planned
PLAN-002735,2026-06-SOP,Purchase,AFT-0006,300,5.0,2026-07-10,2026-06-15,Expedite,1,Forecast,2026-06-SOP,Planned
PLAN-002919,2026-06-SOP,Production,CTL-0032,300,75.0,2026-07-10,2026-05-23,,5,Sales Order,SO-002920,Planned
PLAN-003103,2026-06-SOP,Production,SYS-0018,300,40.0,2026-07-10,2026-05-10,Decrease,4,Forecast,2026-06-SOP,Planned
PLAN-003287,2026-06-SOP,Purchase,AFT-0014,100,20.0,2026-07-10,2026-05-22,Increase,3,Forecast,2026-06-SOP,Planned
PLAN-003471,2026-06-SOP,Production,CTL-0040,300,10.0,2026-07-10,2026-06-23,Defer,2,Sales Order,SO-003472,Planned
PLAN-003655,2026-06-SOP,Production,SYS-0026,300,5.0,2026-07-10,2026-06-10,Expedite,1,Forecast,2026-06-SOP,Planned
PLAN-003839,2026-06-SOP,Purchase,AFT-0022,100,75.0,2026-07-10,2026-06-22,,5,Forecast,2026-06-SOP,Planned
PLAN-004023,2026-06-SOP,Production,DRV-0008,200,40.0,2026-07-10,2026-06-09,Decrease,4,Sales Order,SO-004024,Planned
PLAN-004207,2026-06-SOP,Production,ACT-0004,200,20.0,2026-07-10,2026-06-21,Increase,3,Forecast,2026-06-SOP,Planned
PLAN-004391,2026-06-SOP,Purchase,AFT-0030,300,10.0,2026-07-10,2026-05-29,Defer,2,Forecast,2026-06-SOP,Planned
PLAN-004575,2026-06-SOP,Production,DRV-0016,200,5.0,2026-07-10,2026-05-16,Expedite,1,Sales Order,SO-004576,Planned
PLAN-004759,2026-06-SOP,Production,ACT-0012,200,75.0,2026-07-10,2026-05-28,,5,Forecast,2026-06-SOP,Planned
PLAN-004943,2026-06-SOP,Purchase,AFT-0038,100,40.0,2026-07-10,2026-06-29,Decrease,4,Forecast,2026-06-SOP,Planned
PLAN-000054,2026-06-SOP,Purchase,AFT-0007,100,75.0,2026-07-11,2026-06-23,,5,Sales Order,SO-000055,Planned
PLAN-000238,2026-06-SOP,Production,CTL-0033,300,40.0,2026-07-11,2026-05-21,Decrease,4,Forecast,2026-06-SOP,Planned
PLAN-000422,2026-06-SOP,Production,SYS-0019,100,20.0,2026-07-11,2026-07-02,Increase,3,Forecast,2026-06-SOP,Planned
PLAN-000606,2026-06-SOP,Purchase,AFT-0015,300,10.0,2026-07-11,2026-05-20,Defer,2,Sales Order,SO-000607,Planned
PLAN-000790,2026-06-SOP,Production,DRV-0001,100,5.0,2026-07-11,2026-07-01,Expedite,1,Forecast,2026-06-SOP,Planned
PLAN-000974,2026-06-SOP,Production,SYS-0027,100,75.0,2026-07-11,2026-06-08,,5,Forecast,2026-06-SOP,Planned
PLAN-001158,2026-06-SOP,Purchase,AFT-0023,100,40.0,2026-07-11,2026-06-20,Decrease,4,Sales Order,SO-001159,Planned
PLAN-001342,2026-06-SOP,Production,DRV-0009,100,20.0,2026-07-11,2026-06-07,Increase,3,Forecast,2026-06-SOP,Planned
PLAN-001526,2026-06-SOP,Production,ACT-0005,100,10.0,2026-07-11,2026-06-19,Defer,2,Forecast,2026-06-SOP,Planned
PLAN-001710,2026-06-SOP,Purchase,AFT-0031,100,5.0,2026-07-11,2026-06-23,Expedite,1,Sales Order,SO-001711,Planned
PLAN-001894,2026-06-SOP,Production,DRV-0017,100,75.0,2026-07-11,2026-05-14,,5,Forecast,2026-06-SOP,Planned
PLAN-002078,2026-06-SOP,Production,ACT-0013,100,40.0,2026-07-11,2026-05-26,Decrease,4,Forecast,2026-06-SOP,Planned
PLAN-002262,2026-06-SOP,Purchase,AFT-0039,300,20.0,2026-07-11,2026-06-27,Increase,3,Sales Order,SO-002263,Planned
PLAN-002446,2026-06-SOP,Production,DRV-0025,100,10.0,2026-07-11,2026-06-14,Defer,2,Forecast,2026-06-SOP,Planned
PLAN-002630,2026-06-SOP,Production,ACT-0021,100,5.0,2026-07-11,2026-06-26,Expedite,1,Forecast,2026-06-SOP,Planned
PLAN-002814,2026-06-SOP,Purchase,AFT-0047,100,75.0,2026-07-11,2026-06-03,,5,Sales Order,SO-002815,Planned
PLAN-002998,2026-06-SOP,Production,DRV-0033,100,40.0,2026-07-11,2026-05-21,Decrease,4,Forecast,2026-06-SOP,Planned
PLAN-003182,2026-06-SOP,Production,ACT-0029,100,20.0,2026-07-11,2026-06-02,Increase,3,Forecast,2026-06-SOP,Planned
PLAN-003366,2026-06-SOP,Purchase,AFT-0055,100,10.0,2026-07-11,2026-06-23,Defer,2,Sales Order,SO-003367,Planned
PLAN-003550,2026-06-SOP,Production,DRV-0041,100,5.0,2026-07-11,2026-06-21,Expedite,1,Forecast,2026-06-SOP,Planned
PLAN-003734,2026-06-SOP,Production,ACT-0037,100,75.0,2026-07-11,2026-07-03,,5,Forecast,2026-06-SOP,Planned
PLAN-003918,2026-06-SOP,Production,CTL-0003,300,40.0,2026-07-11,2026-06-25,Decrease,4,Sales Order,SO-003919,Planned
PLAN-004102,2026-06-SOP,Production,DRV-0049,100,20.0,2026-07-11,2026-05-28,Increase,3,Forecast,2026-06-SOP,Planned
PLAN-004286,2026-06-SOP,Production,ACT-0045,100,10.0,2026-07-11,2026-06-09,Defer,2,Forecast,2026-06-SOP,Planned
PLAN-004470,2026-06-SOP,Production,CTL-0011,300,5.0,2026-07-11,2026-06-01,Expedite,1,Sales Order,SO-004471,Planned
PLAN-004654,2026-06-SOP,Production,DRV-0057,100,75.0,2026-07-11,2026-06-28,,5,Forecast,2026-06-SOP,Planned
PLAN-004838,2026-06-SOP,Production,ACT-0053,100,40.0,2026-07-11,2026-05-16,Decrease,4,Forecast,2026-06-SOP,Planned
PLAN-000133,2026-06-SOP,Purchase,AFT-0048,300,40.0,2026-07-12,2026-06-01,Decrease,4,Forecast,2026-06-SOP,Planned
PLAN-000317,2026-06-SOP,Production,DRV-0034,200,20.0,2026-07-12,2026-05-19,Increase,3,Forecast,2026-06-SOP,Planned
PLAN-000501,2026-06-SOP,Production,ACT-0030,200,10.0,2026-07-12,2026-05-31,Defer,2,Sales Order,SO-000502,Planned
PLAN-000685,2026-06-SOP,Purchase,AFT-0056,100,5.0,2026-07-12,2026-07-02,Expedite,1,Forecast,2026-06-SOP,Planned
PLAN-000869,2026-06-SOP,Production,DRV-0042,200,75.0,2026-07-12,2026-06-19,,5,Forecast,2026-06-SOP,Planned
PLAN-001053,2026-06-SOP,Production,ACT-0038,200,40.0,2026-07-12,2026-07-01,Decrease,4,Sales Order,SO-001054,Planned
PLAN-001237,2026-06-SOP,Production,CTL-0004,300,20.0,2026-07-12,2026-06-23,Increase,3,Forecast,2026-06-SOP,Planned
PLAN-001421,2026-06-SOP,Production,DRV-0050,200,10.0,2026-07-12,2026-05-26,Defer,2,Forecast,2026-06-SOP,Planned
PLAN-001605,2026-06-SOP,Production,ACT-0046,200,5.0,2026-07-12,2026-06-07,Expedite,1,Sales Order,SO-001606,Planned
PLAN-001789,2026-06-SOP,Production,CTL-0012,300,75.0,2026-07-12,2026-05-30,,5,Forecast,2026-06-SOP,Planned
PLAN-001973,2026-06-SOP,Production,DRV-0058,200,40.0,2026-07-12,2026-06-26,Decrease,4,Forecast,2026-06-SOP,Planned
PLAN-002157,2026-06-SOP,Production,ACT-0054,200,20.0,2026-07-12,2026-05-14,Increase,3,Sales Order,SO-002158,Planned
PLAN-002341,2026-06-SOP,Production,CTL-0020,300,10.0,2026-07-12,2026-06-30,Defer,2,Forecast,2026-06-SOP,Planned
PLAN-002525,2026-06-SOP,Production,SYS-0006,300,5.0,2026-07-12,2026-06-17,Expedite,1,Forecast,2026-06-SOP,Planned
PLAN-002709,2026-06-SOP,Purchase,AFT-0002,100,75.0,2026-07-12,2026-06-29,,5,Sales Order,SO-002710,Planned
PLAN-002893,2026-06-SOP,Production,CTL-0028,300,40.0,2026-07-12,2026-06-06,Decrease,4,Forecast,2026-06-SOP,Planned
PLAN-003077,2026-06-SOP,Production,SYS-0014,300,20.0,2026-07-12,2026-05-24,Increase,3,Forecast,2026-06-SOP,Planned
PLAN-003261,2026-06-SOP,Purchase,AFT-0010,100,10.0,2026-07-12,2026-06-24,Defer,2,Sales Order,SO-003262,Planned
PLAN-003445,2026-06-SOP,Production,CTL-0036,300,5.0,2026-07-12,2026-05-13,Expedite,1,Forecast,2026-06-SOP,Planned
PLAN-003629,2026-06-SOP,Production,SYS-0022,300,75.0,2026-07-12,2026-06-24,,5,Forecast,2026-06-SOP,Planned
PLAN-003813,2026-06-SOP,Purchase,AFT-0018,300,40.0,2026-07-12,2026-05-12,Decrease,4,Sales Order,SO-003814,Planned
PLAN-003997,2026-06-SOP,Production,DRV-0004,200,20.0,2026-07-12,2026-06-23,Increase,3,Forecast,2026-06-SOP,Planned
PLAN-004181,2026-06-SOP,Production,SYS-0030,300,10.0,2026-07-12,2026-05-31,Defer,2,Forecast,2026-06-SOP,Planned
PLAN-004365,2026-06-SOP,Purchase,AFT-0026,100,5.0,2026-07-12,2026-06-12,Expedite,1,Sales Order,SO-004366,Planned
PLAN-004549,2026-06-SOP,Production,DRV-0012,200,75.0,2026-07-12,2026-05-30,,5,Forecast,2026-06-SOP,Planned
PLAN-004733,2026-06-SOP,Production,ACT-0008,200,40.0,2026-07-12,2026-06-11,Decrease,4,Forecast,2026-06-SOP,Planned
PLAN-004917,2026-06-SOP,Purchase,AFT-0034,100,20.0,2026-07-12,2026-06-24,Increase,3,Sales Order,SO-004918,Planned
PLAN-000028,2026-06-SOP,Purchase,AFT-0003,300,40.0,2026-07-13,2026-06-27,Decrease,4,Forecast,2026-06-SOP,Planned
PLAN-000212,2026-06-SOP,Production,CTL-0029,300,20.0,2026-07-13,2026-06-04,Increase,3,Forecast,2026-06-SOP,Planned
PLAN-000396,2026-06-SOP,Production,SYS-0015,100,10.0,2026-07-13,2026-05-22,Defer,2,Sales Order,SO-000397,Planned
PLAN-000580,2026-06-SOP,Purchase,AFT-0011,100,5.0,2026-07-13,2026-06-03,Expedite,1,Forecast,2026-06-SOP,Planned
PLAN-000764,2026-06-SOP,Production,CTL-0037,300,75.0,2026-07-13,2026-07-05,,5,Forecast,2026-06-SOP,Planned
PLAN-000948,2026-06-SOP,Production,SYS-0023,100,40.0,2026-07-13,2026-06-22,Decrease,4,Sales Order,SO-000949,Planned
PLAN-001132,2026-06-SOP,Purchase,AFT-0019,100,20.0,2026-07-13,2026-06-25,Increase,3,Forecast,2026-06-SOP,Planned
PLAN-001316,2026-06-SOP,Production,DRV-0005,100,10.0,2026-07-13,2026-06-21,Defer,2,Forecast,2026-06-SOP,Planned
PLAN-001500,2026-06-SOP,Production,ACT-0001,100,5.0,2026-07-13,2026-07-03,Expedite,1,Sales Order,SO-001501,Planned
PLAN-001684,2026-06-SOP,Purchase,AFT-0027,300,75.0,2026-07-13,2026-06-10,,5,Forecast,2026-06-SOP,Planned
PLAN-001868,2026-06-SOP,Production,DRV-0013,100,40.0,2026-07-13,2026-05-28,Decrease,4,Forecast,2026-06-SOP,Planned
PLAN-002052,2026-06-SOP,Production,ACT-0009,100,20.0,2026-07-13,2026-06-09,Increase,3,Sales Order,SO-002053,Planned
PLAN-002236,2026-06-SOP,Purchase,AFT-0035,100,10.0,2026-07-13,2026-05-17,Defer,2,Forecast,2026-06-SOP,Planned
PLAN-002420,2026-06-SOP,Production,DRV-0021,100,5.0,2026-07-13,2026-06-28,Expedite,1,Forecast,2026-06-SOP,Planned
PLAN-002604,2026-06-SOP,Production,ACT-0017,100,75.0,2026-07-13,2026-05-16,,5,Sales Order,SO-002605,Planned
PLAN-002788,2026-06-SOP,Purchase,AFT-0043,100,40.0,2026-07-13,2026-06-25,Decrease,4,Forecast,2026-06-SOP,Planned
PLAN-002972,2026-06-SOP,Production,DRV-0029,100,20.0,2026-07-13,2026-06-04,Increase,3,Forecast,2026-06-SOP,Planned
PLAN-003156,2026-06-SOP,Production,ACT-0025,100,10.0,2026-07-13,2026-06-16,Defer,2,Sales Order,SO-003157,Planned
PLAN-003340,2026-06-SOP,Purchase,AFT-0051,300,5.0,2026-07-13,2026-05-24,Expedite,1,Forecast,2026-06-SOP,Planned
PLAN-003524,2026-06-SOP,Production,DRV-0037,100,75.0,2026-07-13,2026-07-05,,5,Forecast,2026-06-SOP,Planned
PLAN-003708,2026-06-SOP,Production,ACT-0033,100,40.0,2026-07-13,2026-05-23,Decrease,4,Sales Order,SO-003709,Planned
PLAN-003892,2026-06-SOP,Purchase,AFT-0059,100,20.0,2026-07-13,2026-06-24,Increase,3,Forecast,2026-06-SOP,Planned
PLAN-004076,2026-06-SOP,Production,DRV-0045,100,10.0,2026-07-13,2026-06-11,Defer,2,Forecast,2026-06-SOP,Planned
PLAN-004260,2026-06-SOP,Production,ACT-0041,100,5.0,2026-07-13,2026-06-23,Expedite,1,Sales Order,SO-004261,Planned
PLAN-004444,2026-06-SOP,Production,CTL-0007,300,75.0,2026-07-13,2026-06-15,,5,Forecast,2026-06-SOP,Planned
PLAN-004628,2026-06-SOP,Production,DRV-0053,100,40.0,2026-07-13,2026-05-18,Decrease,4,Forecast,2026-06-SOP,Planned
PLAN-004812,2026-06-SOP,Production,ACT-0049,100,20.0,2026-07-13,2026-05-30,Increase,3,Sales Order,SO-004813,Planned
PLAN-004996,2026-06-SOP,Production,CTL-0015,300,10.0,2026-07-13,2026-05-22,Defer,2,Forecast,2026-06-SOP,Planned
PLAN-000107,2026-06-SOP,Purchase,AFT-0044,100,20.0,2026-07-14,2026-06-15,Increase,3,Forecast,2026-06-SOP,Planned
PLAN-000291,2026-06-SOP,Production,DRV-0030,200,10.0,2026-07-14,2026-06-02,Defer,2,Sales Order,SO-000292,Planned
PLAN-000475,2026-06-SOP,Production,ACT-0026,200,5.0,2026-07-14,2026-06-14,Expedite,1,Forecast,2026-06-SOP,Planned
PLAN-000659,2026-06-SOP,Purchase,AFT-0052,100,75.0,2026-07-14,2026-06-26,,5,Forecast,2026-06-SOP,Planned
PLAN-000843,2026-06-SOP,Production,DRV-0038,200,40.0,2026-07-14,2026-07-03,Decrease,4,Sales Order,SO-000844,Planned
PLAN-001027,2026-06-SOP,Production,ACT-0034,200,20.0,2026-07-14,2026-05-21,Increase,3,Forecast,2026-06-SOP,Planned
PLAN-001211,2026-06-SOP,Purchase,AFT-0060,300,10.0,2026-07-14,2026-06-22,Defer,2,Forecast,2026-06-SOP,Planned
PLAN-001395,2026-06-SOP,Production,DRV-0046,200,5.0,2026-07-14,2026-06-09,Expedite,1,Sales Order,SO-001396,Planned
PLAN-001579,2026-06-SOP,Production,ACT-0042,200,75.0,2026-07-14,2026-06-21,,5,Forecast,2026-06-SOP,Planned
PLAN-001763,2026-06-SOP,Production,CTL-0008,300,40.0,2026-07-14,2026-06-13,Decrease,4,Forecast,2026-06-SOP,Planned
PLAN-001947,2026-06-SOP,Production,DRV-0054,200,20.0,2026-07-14,2026-05-16,Increase,3,Sales Order,SO-001948,Planned
PLAN-002131,2026-06-SOP,Production,ACT-0050,200,10.0,2026-07-14,2026-05-28,Defer,2,Forecast,2026-06-SOP,Planned
PLAN-002315,2026-06-SOP,Production,CTL-0016,300,5.0,2026-07-14,2026-05-20,Expedite,1,Forecast,2026-06-SOP,Planned
PLAN-002499,2026-06-SOP,Production,SYS-0002,300,75.0,2026-07-14,2026-07-01,,5,Sales Order,SO-002500,Planned
PLAN-002683,2026-06-SOP,Production,ACT-0058,200,40.0,2026-07-14,2026-06-28,Decrease,4,Forecast,2026-06-SOP,Planned
PLAN-002867,2026-06-SOP,Production,CTL-0024,300,20.0,2026-07-14,2026-06-20,Increase,3,Forecast,2026-06-SOP,Planned
PLAN-003051,2026-06-SOP,Production,SYS-0010,300,10.0,2026-07-14,2026-06-07,Defer,2,Sales Order,SO-003052,Planned
PLAN-003235,2026-06-SOP,Purchase,AFT-0006,300,5.0,2026-07-14,2026-06-19,Expedite,1,Forecast,2026-06-SOP,Planned
PLAN-003419,2026-06-SOP,Production,CTL-0032,300,75.0,2026-07-14,2026-05-27,,5,Forecast,2026-06-SOP,Planned
PLAN-003603,2026-06-SOP,Production,SYS-0018,300,40.0,2026-07-14,2026-05-14,Decrease,4,Sales Order,SO-003604,Planned
PLAN-003787,2026-06-SOP,Purchase,AFT-0014,100,20.0,2026-07-14,2026-05-26,Increase,3,Forecast,2026-06-SOP,Planned
PLAN-003971,2026-06-SOP,Production,CTL-0040,300,10.0,2026-07-14,2026-06-27,Defer,2,Forecast,2026-06-SOP,Planned
PLAN-004155,2026-06-SOP,Production,SYS-0026,300,5.0,2026-07-14,2026-06-14,Expedite,1,Sales Order,SO-004156,Planned
PLAN-004339,2026-06-SOP,Purchase,AFT-0022,100,75.0,2026-07-14,2026-06-26,,5,Forecast,2026-06-SOP,Planned
PLAN-004523,2026-06-SOP,Production,DRV-0008,200,40.0,2026-07-14,2026-06-13,Decrease,4,Forecast,2026-06-SOP,Planned
PLAN-004707,2026-06-SOP,Production,ACT-0004,200,20.0,2026-07-14,2026-06-25,Increase,3,Sales Order,SO-004708,Planned
PLAN-004891,2026-06-SOP,Purchase,AFT-0030,300,10.0,2026-07-14,2026-06-02,Defer,2,Forecast,2026-06-SOP,Planned
PLAN-000002,2026-06-SOP,Production,ACT-0059,100,20.0,2026-07-15,2026-06-26,Increase,3,Forecast,2026-06-SOP,Planned
PLAN-000186,2026-06-SOP,Production,CTL-0025,300,10.0,2026-07-15,2026-06-18,Defer,2,Sales Order,SO-000187,Planned
PLAN-000370,2026-06-SOP,Production,SYS-0011,100,5.0,2026-07-15,2026-06-05,Expedite,1,Forecast,2026-06-SOP,Planned
PLAN-000554,2026-06-SOP,Purchase,AFT-0007,100,75.0,2026-07-15,2026-06-27,,5,Forecast,2026-06-SOP,Planned
PLAN-000738,2026-06-SOP,Production,CTL-0033,300,40.0,2026-07-15,2026-05-25,Decrease,4,Sales Order,SO-000739,Planned
PLAN-000922,2026-06-SOP,Production,SYS-0019,100,20.0,2026-07-15,2026-07-06,Increase,3,Forecast,2026-06-SOP,Planned
PLAN-001106,2026-06-SOP,Purchase,AFT-0015,300,10.0,2026-07-15,2026-05-24,Defer,2,Forecast,2026-06-SOP,Planned
PLAN-001290,2026-06-SOP,Production,DRV-0001,100,5.0,2026-07-15,2026-07-05,Expedite,1,Sales Order,SO-001291,Planned
PLAN-001474,2026-06-SOP,Production,SYS-0027,100,75.0,2026-07-15,2026-06-12,,5,Forecast,2026-06-SOP,Planned
PLAN-001658,2026-06-SOP,Purchase,AFT-0023,100,40.0,2026-07-15,2026-06-24,Decrease,4,Forecast,2026-06-SOP,Planned
PLAN-001842,2026-06-SOP,Production,DRV-0009,100,20.0,2026-07-15,2026-06-11,Increase,3,Sales Order,SO-001843,Planned
PLAN-002026,2026-06-SOP,Production,ACT-0005,100,10.0,2026-07-15,2026-06-23,Defer,2,Forecast,2026-06-SOP,Planned
PLAN-002210,2026-06-SOP,Purchase,AFT-0031,100,5.0,2026-07-15,2026-06-27,Expedite,1,Forecast,2026-06-SOP,Planned
PLAN-002394,2026-06-SOP,Production,DRV-0017,100,75.0,2026-07-15,2026-05-18,,5,Sales Order,SO-002395,Planned
PLAN-002578,2026-06-SOP,Production,ACT-0013,100,40.0,2026-07-15,2026-05-30,Decrease,4,Forecast,2026-06-SOP,Planned
PLAN-002762,2026-06-SOP,Purchase,AFT-0039,300,20.0,2026-07-15,2026-07-01,Increase,3,Forecast,2026-06-SOP,Planned
PLAN-002946,2026-06-SOP,Production,DRV-0025,100,10.0,2026-07-15,2026-06-18,Defer,2,Sales Order,SO-002947,Planned
PLAN-003130,2026-06-SOP,Production,ACT-0021,100,5.0,2026-07-15,2026-06-30,Expedite,1,Forecast,2026-06-SOP,Planned
PLAN-003314,2026-06-SOP,Purchase,AFT-0047,100,75.0,2026-07-15,2026-06-07,,5,Forecast,2026-06-SOP,Planned
PLAN-003498,2026-06-SOP,Production,DRV-0033,100,40.0,2026-07-15,2026-05-25,Decrease,4,Sales Order,SO-003499,Planned
PLAN-003682,2026-06-SOP,Production,ACT-0029,100,20.0,2026-07-15,2026-06-06,Increase,3,Forecast,2026-06-SOP,Planned
PLAN-003866,2026-06-SOP,Purchase,AFT-0055,100,10.0,2026-07-15,2026-06-27,Defer,2,Forecast,2026-06-SOP,Planned
PLAN-004050,2026-06-SOP,Production,DRV-0041,100,5.0,2026-07-15,2026-06-25,Expedite,1,Sales Order,SO-004051,Planned
PLAN-004234,2026-06-SOP,Production,ACT-0037,100,75.0,2026-07-15,2026-07-07,,5,Forecast,2026-06-SOP,Planned
PLAN-004418,2026-06-SOP,Production,CTL-0003,300,40.0,2026-07-15,2026-06-29,Decrease,4,Forecast,2026-06-SOP,Planned
PLAN-004602,2026-06-SOP,Production,DRV-0049,100,20.0,2026-07-15,2026-06-01,Increase,3,Sales Order,SO-004603,Planned
PLAN-004786,2026-06-SOP,Production,ACT-0045,100,10.0,2026-07-15,2026-06-13,Defer,2,Forecast,2026-06-SOP,Planned
PLAN-004970,2026-06-SOP,Production,CTL-0011,300,5.0,2026-07-15,2026-06-05,Expedite,1,Forecast,2026-06-SOP,Planned
PLAN-000081,2026-06-SOP,Purchase,AFT-0040,100,10.0,2026-07-16,2026-06-28,Defer,2,Sales Order,SO-000082,Planned
PLAN-000265,2026-06-SOP,Production,DRV-0026,200,5.0,2026-07-16,2026-06-16,Expedite,1,Forecast,2026-06-SOP,Planned
PLAN-000449,2026-06-SOP,Production,ACT-0022,200,75.0,2026-07-16,2026-06-28,,5,Forecast,2026-06-SOP,Planned
PLAN-000633,2026-06-SOP,Purchase,AFT-0048,300,40.0,2026-07-16,2026-06-05,Decrease,4,Sales Order,SO-000634,Planned
PLAN-000817,2026-06-SOP,Production,DRV-0034,200,20.0,2026-07-16,2026-05-23,Increase,3,Forecast,2026-06-SOP,Planned
PLAN-001001,2026-06-SOP,Production,ACT-0030,200,10.0,2026-07-16,2026-06-04,Defer,2,Forecast,2026-06-SOP,Planned
PLAN-001185,2026-06-SOP,Purchase,AFT-0056,100,5.0,2026-07-16,2026-07-06,Expedite,1,Sales Order,SO-001186,Planned
PLAN-001369,2026-06-SOP,Production,DRV-0042,200,75.0,2026-07-16,2026-06-23,,5,Forecast,2026-06-SOP,Planned
PLAN-001553,2026-06-SOP,Production,ACT-0038,200,40.0,2026-07-16,2026-07-05,Decrease,4,Forecast,2026-06-SOP,Planned
PLAN-001737,2026-06-SOP,Production,CTL-0004,300,20.0,2026-07-16,2026-06-27,Increase,3,Sales Order,SO-001738,Planned
PLAN-001921,2026-06-SOP,Production,DRV-0050,200,10.0,2026-07-16,2026-05-30,Defer,2,Forecast,2026-06-SOP,Planned
PLAN-002105,2026-06-SOP,Production,ACT-0046,200,5.0,2026-07-16,2026-06-11,Expedite,1,Forecast,2026-06-SOP,Planned
PLAN-002289,2026-06-SOP,Production,CTL-0012,300,75.0,2026-07-16,2026-06-03,,5,Sales Order,SO-002290,Planned
PLAN-002473,2026-06-SOP,Production,DRV-0058,200,40.0,2026-07-16,2026-06-30,Decrease,4,Forecast,2026-06-SOP,Planned
PLAN-002657,2026-06-SOP,Production,ACT-0054,200,20.0,2026-07-16,2026-05-18,Increase,3,Forecast,2026-06-SOP,Planned
PLAN-002841,2026-06-SOP,Production,CTL-0020,300,10.0,2026-07-16,2026-07-04,Defer,2,Sales Order,SO-002842,Planned
PLAN-003025,2026-06-SOP,Production,SYS-0006,300,5.0,2026-07-16,2026-06-21,Expedite,1,Forecast,2026-06-SOP,Planned
PLAN-003209,2026-06-SOP,Purchase,AFT-0002,100,75.0,2026-07-16,2026-07-03,,5,Forecast,2026-06-SOP,Planned
PLAN-003393,2026-06-SOP,Production,CTL-0028,300,40.0,2026-07-16,2026-06-10,Decrease,4,Sales Order,SO-003394,Planned
PLAN-003577,2026-06-SOP,Production,SYS-0014,300,20.0,2026-07-16,2026-05-28,Increase,3,Forecast,2026-06-SOP,Planned
PLAN-003761,2026-06-SOP,Purchase,AFT-0010,100,10.0,2026-07-16,2026-06-28,Defer,2,Forecast,2026-06-SOP,Planned
PLAN-003945,2026-06-SOP,Production,CTL-0036,300,5.0,2026-07-16,2026-05-17,Expedite,1,Sales Order,SO-003946,Planned
PLAN-004129,2026-06-SOP,Production,SYS-0022,300,75.0,2026-07-16,2026-06-28,,5,Forecast,2026-06-SOP,Planned
PLAN-004313,2026-06-SOP,Purchase,AFT-0018,300,40.0,2026-07-16,2026-05-16,Decrease,4,Forecast,2026-06-SOP,Planned
PLAN-004497,2026-06-SOP,Production,DRV-0004,200,20.0,2026-07-16,2026-06-27,Increase,3,Sales Order,SO-004498,Planned
PLAN-004681,2026-06-SOP,Production,SYS-0030,300,10.0,2026-07-16,2026-06-04,Defer,2,Forecast,2026-06-SOP,Planned
PLAN-004865,2026-06-SOP,Purchase,AFT-0026,100,5.0,2026-07-16,2026-06-16,Expedite,1,Forecast,2026-06-SOP,Planned
PLAN-000160,2026-06-SOP,Production,CTL-0021,300,5.0,2026-07-17,2026-07-02,Expedite,1,Forecast,2026-06-SOP,Planned
PLAN-000344,2026-06-SOP,Production,SYS-0007,100,75.0,2026-07-17,2026-06-19,,5,Forecast,2026-06-SOP,Planned
PLAN-000528,2026-06-SOP,Purchase,AFT-0003,300,40.0,2026-07-17,2026-07-01,Decrease,4,Sales Order,SO-000529,Planned
PLAN-000712,2026-06-SOP,Production,CTL-0029,300,20.0,2026-07-17,2026-06-08,Increase,3,Forecast,2026-06-SOP,Planned
PLAN-000896,2026-06-SOP,Production,SYS-0015,100,10.0,2026-07-17,2026-05-26,Defer,2,Forecast,2026-06-SOP,Planned
PLAN-001080,2026-06-SOP,Purchase,AFT-0011,100,5.0,2026-07-17,2026-06-07,Expedite,1,Sales Order,SO-001081,Planned
PLAN-001264,2026-06-SOP,Production,CTL-0037,300,75.0,2026-07-17,2026-07-09,,5,Forecast,2026-06-SOP,Planned
PLAN-001448,2026-06-SOP,Production,SYS-0023,100,40.0,2026-07-17,2026-06-26,Decrease,4,Forecast,2026-06-SOP,Planned
PLAN-001632,2026-06-SOP,Purchase,AFT-0019,100,20.0,2026-07-17,2026-06-29,Increase,3,Sales Order,SO-001633,Planned
PLAN-001816,2026-06-SOP,Production,DRV-0005,100,10.0,2026-07-17,2026-06-25,Defer,2,Forecast,2026-06-SOP,Planned
PLAN-002000,2026-06-SOP,Production,ACT-0001,100,5.0,2026-07-17,2026-07-07,Expedite,1,Forecast,2026-06-SOP,Planned
PLAN-002184,2026-06-SOP,Purchase,AFT-0027,300,75.0,2026-07-17,2026-06-14,,5,Sales Order,SO-002185,Planned
PLAN-002368,2026-06-SOP,Production,DRV-0013,100,40.0,2026-07-17,2026-06-01,Decrease,4,Forecast,2026-06-SOP,Planned
PLAN-002552,2026-06-SOP,Production,ACT-0009,100,20.0,2026-07-17,2026-06-13,Increase,3,Forecast,2026-06-SOP,Planned
PLAN-002736,2026-06-SOP,Purchase,AFT-0035,100,10.0,2026-07-17,2026-05-21,Defer,2,Sales Order,SO-002737,Planned
PLAN-002920,2026-06-SOP,Production,DRV-0021,100,5.0,2026-07-17,2026-07-02,Expedite,1,Forecast,2026-06-SOP,Planned
PLAN-003104,2026-06-SOP,Production,ACT-0017,100,75.0,2026-07-17,2026-05-20,,5,Forecast,2026-06-SOP,Planned
PLAN-003288,2026-06-SOP,Purchase,AFT-0043,100,40.0,2026-07-17,2026-06-29,Decrease,4,Sales Order,SO-003289,Planned
PLAN-003472,2026-06-SOP,Production,DRV-0029,100,20.0,2026-07-17,2026-06-08,Increase,3,Forecast,2026-06-SOP,Planned
PLAN-003656,2026-06-SOP,Production,ACT-0025,100,10.0,2026-07-17,2026-06-20,Defer,2,Forecast,2026-06-SOP,Planned
PLAN-003840,2026-06-SOP,Purchase,AFT-0051,300,5.0,2026-07-17,2026-05-28,Expedite,1,Sales Order,SO-003841,Planned
PLAN-004024,2026-06-SOP,Production,DRV-0037,100,75.0,2026-07-17,2026-07-09,,5,Forecast,2026-06-SOP,Planned
PLAN-004208,2026-06-SOP,Production,ACT-0033,100,40.0,2026-07-17,2026-05-27,Decrease,4,Forecast,2026-06-SOP,Planned
PLAN-004392,2026-06-SOP,Purchase,AFT-0059,100,20.0,2026-07-17,2026-06-28,Increase,3,Sales Order,SO-004393,Planned
PLAN-004576,2026-06-SOP,Production,DRV-0045,100,10.0,2026-07-17,2026-06-15,Defer,2,Forecast,2026-06-SOP,Planned
PLAN-004760,2026-06-SOP,Production,ACT-0041,100,5.0,2026-07-17,2026-06-27,Expedite,1,Forecast,2026-06-SOP,Planned
PLAN-004944,2026-06-SOP,Production,CTL-0007,300,75.0,2026-07-17,2026-06-19,,5,Sales Order,SO-004945,Planned
PLAN-000055,2026-06-SOP,Purchase,AFT-0036,300,5.0,2026-07-18,2026-05-19,Expedite,1,Forecast,2026-06-SOP,Planned
PLAN-000239,2026-06-SOP,Production,DRV-0022,200,75.0,2026-07-18,2026-06-30,,5,Forecast,2026-06-SOP,Planned
PLAN-000423,2026-06-SOP,Production,ACT-0018,200,40.0,2026-07-18,2026-05-18,Decrease,4,Sales Order,SO-000424,Planned
PLAN-000607,2026-06-SOP,Purchase,AFT-0044,100,20.0,2026-07-18,2026-06-19,Increase,3,Forecast,2026-06-SOP,Planned
PLAN-000791,2026-06-SOP,Production,DRV-0030,200,10.0,2026-07-18,2026-06-06,Defer,2,Forecast,2026-06-SOP,Planned
PLAN-000975,2026-06-SOP,Production,ACT-0026,200,5.0,2026-07-18,2026-06-18,Expedite,1,Sales Order,SO-000976,Planned
PLAN-001159,2026-06-SOP,Purchase,AFT-0052,100,75.0,2026-07-18,2026-06-30,,5,Forecast,2026-06-SOP,Planned
PLAN-001343,2026-06-SOP,Production,DRV-0038,200,40.0,2026-07-18,2026-07-07,Decrease,4,Forecast,2026-06-SOP,Planned
PLAN-001527,2026-06-SOP,Production,ACT-0034,200,20.0,2026-07-18,2026-05-25,Increase,3,Sales Order,SO-001528,Planned
PLAN-001711,2026-06-SOP,Purchase,AFT-0060,300,10.0,2026-07-18,2026-06-26,Defer,2,Forecast,2026-06-SOP,Planned
PLAN-001895,2026-06-SOP,Production,DRV-0046,200,5.0,2026-07-18,2026-06-13,Expedite,1,Forecast,2026-06-SOP,Planned
PLAN-002079,2026-06-SOP,Production,ACT-0042,200,75.0,2026-07-18,2026-06-25,,5,Sales Order,SO-002080,Planned
PLAN-002263,2026-06-SOP,Production,CTL-0008,300,40.0,2026-07-18,2026-06-17,Decrease,4,Forecast,2026-06-SOP,Planned
PLAN-002447,2026-06-SOP,Production,DRV-0054,200,20.0,2026-07-18,2026-05-20,Increase,3,Forecast,2026-06-SOP,Planned
PLAN-002631,2026-06-SOP,Production,ACT-0050,200,10.0,2026-07-18,2026-06-01,Defer,2,Sales Order,SO-002632,Planned
PLAN-002815,2026-06-SOP,Production,CTL-0016,300,5.0,2026-07-18,2026-05-24,Expedite,1,Forecast,2026-06-SOP,Planned
PLAN-002999,2026-06-SOP,Production,SYS-0002,300,75.0,2026-07-18,2026-07-05,,5,Forecast,2026-06-SOP,Planned
PLAN-003183,2026-06-SOP,Production,ACT-0058,200,40.0,2026-07-18,2026-07-02,Decrease,4,Sales Order,SO-003184,Planned
PLAN-003367,2026-06-SOP,Production,CTL-0024,300,20.0,2026-07-18,2026-06-24,Increase,3,Forecast,2026-06-SOP,Planned
PLAN-003551,2026-06-SOP,Production,SYS-0010,300,10.0,2026-07-18,2026-06-11,Defer,2,Forecast,2026-06-SOP,Planned
PLAN-003735,2026-06-SOP,Purchase,AFT-0006,300,5.0,2026-07-18,2026-06-23,Expedite,1,Sales Order,SO-003736,Planned
PLAN-003919,2026-06-SOP,Production,CTL-0032,300,75.0,2026-07-18,2026-05-31,,5,Forecast,2026-06-SOP,Planned
PLAN-004103,2026-06-SOP,Production,SYS-0018,300,40.0,2026-07-18,2026-05-18,Decrease,4,Forecast,2026-06-SOP,Planned
PLAN-004287,2026-06-SOP,Purchase,AFT-0014,100,20.0,2026-07-18,2026-05-30,Increase,3,Sales Order,SO-004288,Planned
PLAN-004471,2026-06-SOP,Production,CTL-0040,300,10.0,2026-07-18,2026-07-01,Defer,2,Forecast,2026-06-SOP,Planned
PLAN-004655,2026-06-SOP,Production,SYS-0026,300,5.0,2026-07-18,2026-06-18,Expedite,1,Forecast,2026-06-SOP,Planned
PLAN-004839,2026-06-SOP,Purchase,AFT-0022,100,75.0,2026-07-18,2026-06-30,,5,Sales Order,SO-004840,Planned
PLAN-000134,2026-06-SOP,Production,CTL-0017,300,75.0,2026-07-19,2026-05-22,,5,Forecast,2026-06-SOP,Planned
PLAN-000318,2026-06-SOP,Production,SYS-0003,100,40.0,2026-07-19,2026-07-03,Decrease,4,Sales Order,SO-000319,Planned
PLAN-000502,2026-06-SOP,Production,ACT-0059,100,20.0,2026-07-19,2026-06-30,Increase,3,Forecast,2026-06-SOP,Planned
PLAN-000686,2026-06-SOP,Production,CTL-0025,300,10.0,2026-07-19,2026-06-22,Defer,2,Forecast,2026-06-SOP,Planned
PLAN-000870,2026-06-SOP,Production,SYS-0011,100,5.0,2026-07-19,2026-06-09,Expedite,1,Sales Order,SO-000871,Planned
PLAN-001054,2026-06-SOP,Purchase,AFT-0007,100,75.0,2026-07-19,2026-07-01,,5,Forecast,2026-06-SOP,Planned
PLAN-001238,2026-06-SOP,Production,CTL-0033,300,40.0,2026-07-19,2026-05-29,Decrease,4,Forecast,2026-06-SOP,Planned
PLAN-001422,2026-06-SOP,Production,SYS-0019,100,20.0,2026-07-19,2026-07-10,Increase,3,Sales Order,SO-001423,Planned
PLAN-001606,2026-06-SOP,Purchase,AFT-0015,300,10.0,2026-07-19,2026-05-28,Defer,2,Forecast,2026-06-SOP,Planned
PLAN-001790,2026-06-SOP,Production,DRV-0001,100,5.0,2026-07-19,2026-07-09,Expedite,1,Forecast,2026-06-SOP,Planned
PLAN-001974,2026-06-SOP,Production,SYS-0027,100,75.0,2026-07-19,2026-06-16,,5,Sales Order,SO-001975,Planned
PLAN-002158,2026-06-SOP,Purchase,AFT-0023,100,40.0,2026-07-19,2026-06-28,Decrease,4,Forecast,2026-06-SOP,Planned
PLAN-002342,2026-06-SOP,Production,DRV-0009,100,20.0,2026-07-19,2026-06-15,Increase,3,Forecast,2026-06-SOP,Planned
PLAN-002526,2026-06-SOP,Production,ACT-0005,100,10.0,2026-07-19,2026-06-27,Defer,2,Sales Order,SO-002527,Planned
PLAN-002710,2026-06-SOP,Purchase,AFT-0031,100,5.0,2026-07-19,2026-07-01,Expedite,1,Forecast,2026-06-SOP,Planned
PLAN-002894,2026-06-SOP,Production,DRV-0017,100,75.0,2026-07-19,2026-05-22,,5,Forecast,2026-06-SOP,Planned
PLAN-003078,2026-06-SOP,Production,ACT-0013,100,40.0,2026-07-19,2026-06-03,Decrease,4,Sales Order,SO-003079,Planned
PLAN-003262,2026-06-SOP,Purchase,AFT-0039,300,20.0,2026-07-19,2026-07-05,Increase,3,Forecast,2026-06-SOP,Planned
PLAN-003446,2026-06-SOP,Production,DRV-0025,100,10.0,2026-07-19,2026-06-22,Defer,2,Forecast,2026-06-SOP,Planned
PLAN-003630,2026-06-SOP,Production,ACT-0021,100,5.0,2026-07-19,2026-07-04,Expedite,1,Sales Order,SO-003631,Planned
PLAN-003814,2026-06-SOP,Purchase,AFT-0047,100,75.0,2026-07-19,2026-06-11,,5,Forecast,2026-06-SOP,Planned
PLAN-003998,2026-06-SOP,Production,DRV-0033,100,40.0,2026-07-19,2026-05-29,Decrease,4,Forecast,2026-06-SOP,Planned
PLAN-004182,2026-06-SOP,Production,ACT-0029,100,20.0,2026-07-19,2026-06-10,Increase,3,Sales Order,SO-004183,Planned
PLAN-004366,2026-06-SOP,Purchase,AFT-0055,100,10.0,2026-07-19,2026-07-01,Defer,2,Forecast,2026-06-SOP,Planned
PLAN-004550,2026-06-SOP,Production,DRV-0041,100,5.0,2026-07-19,2026-06-29,Expedite,1,Forecast,2026-06-SOP,Planned
PLAN-004734,2026-06-SOP,Production,ACT-0037,100,75.0,2026-07-19,2026-07-11,,5,Sales Order,SO-004735,Planned
PLAN-004918,2026-06-SOP,Production,CTL-0003,300,40.0,2026-07-19,2026-07-03,Decrease,4,Forecast,2026-06-SOP,Planned
PLAN-000029,2026-06-SOP,Purchase,AFT-0032,100,75.0,2026-07-20,2026-06-02,,5,Forecast,2026-06-SOP,Planned
PLAN-000213,2026-06-SOP,Production,DRV-0018,200,40.0,2026-07-20,2026-05-20,Decrease,4,Sales Order,SO-000214,Planned
PLAN-000397,2026-06-SOP,Production,ACT-0014,200,20.0,2026-07-20,2026-06-01,Increase,3,Forecast,2026-06-SOP,Planned
PLAN-000581,2026-06-SOP,Purchase,AFT-0040,100,10.0,2026-07-20,2026-07-02,Defer,2,Forecast,2026-06-SOP,Planned
PLAN-000765,2026-06-SOP,Production,DRV-0026,200,5.0,2026-07-20,2026-06-20,Expedite,1,Sales Order,SO-000766,Planned
PLAN-000949,2026-06-SOP,Production,ACT-0022,200,75.0,2026-07-20,2026-07-02,,5,Forecast,2026-06-SOP,Planned
PLAN-001133,2026-06-SOP,Purchase,AFT-0048,300,40.0,2026-07-20,2026-06-09,Decrease,4,Forecast,2026-06-SOP,Planned
PLAN-001317,2026-06-SOP,Production,DRV-0034,200,20.0,2026-07-20,2026-05-27,Increase,3,Sales Order,SO-001318,Planned
PLAN-001501,2026-06-SOP,Production,ACT-0030,200,10.0,2026-07-20,2026-06-08,Defer,2,Forecast,2026-06-SOP,Planned
PLAN-001685,2026-06-SOP,Purchase,AFT-0056,100,5.0,2026-07-20,2026-07-10,Expedite,1,Forecast,2026-06-SOP,Planned
PLAN-001869,2026-06-SOP,Production,DRV-0042,200,75.0,2026-07-20,2026-06-27,,5,Sales Order,SO-001870,Planned
PLAN-002053,2026-06-SOP,Production,ACT-0038,200,40.0,2026-07-20,2026-07-09,Decrease,4,Forecast,2026-06-SOP,Planned
PLAN-002237,2026-06-SOP,Production,CTL-0004,300,20.0,2026-07-20,2026-07-01,Increase,3,Forecast,2026-06-SOP,Planned
PLAN-002421,2026-06-SOP,Production,DRV-0050,200,10.0,2026-07-20,2026-06-03,Defer,2,Sales Order,SO-002422,Planned
PLAN-002605,2026-06-SOP,Production,ACT-0046,200,5.0,2026-07-20,2026-06-15,Expedite,1,Forecast,2026-06-SOP,Planned
PLAN-002789,2026-06-SOP,Production,CTL-0012,300,75.0,2026-07-20,2026-06-07,,5,Forecast,2026-06-SOP,Planned
PLAN-002973,2026-06-SOP,Production,DRV-0058,200,40.0,2026-07-20,2026-07-04,Decrease,4,Sales Order,SO-002974,Planned
PLAN-003157,2026-06-SOP,Production,ACT-0054,200,20.0,2026-07-20,2026-05-22,Increase,3,Forecast,2026-06-SOP,Planned
PLAN-003341,2026-06-SOP,Production,CTL-0020,300,10.0,2026-07-20,2026-07-08,Defer,2,Forecast,2026-06-SOP,Planned
PLAN-003525,2026-06-SOP,Production,SYS-0006,300,5.0,2026-07-20,2026-06-25,Expedite,1,Sales Order,SO-003526,Planned
PLAN-003709,2026-06-SOP,Purchase,AFT-0002,100,75.0,2026-07-20,2026-07-07,,5,Forecast,2026-06-SOP,Planned
PLAN-003893,2026-06-SOP,Production,CTL-0028,300,40.0,2026-07-20,2026-06-14,Decrease,4,Forecast,2026-06-SOP,Planned
PLAN-004077,2026-06-SOP,Production,SYS-0014,300,20.0,2026-07-20,2026-06-01,Increase,3,Sales Order,SO-004078,Planned
PLAN-004261,2026-06-SOP,Purchase,AFT-0010,100,10.0,2026-07-20,2026-07-02,Defer,2,Forecast,2026-06-SOP,Planned
PLAN-004445,2026-06-SOP,Production,CTL-0036,300,5.0,2026-07-20,2026-05-21,Expedite,1,Forecast,2026-06-SOP,Planned
PLAN-004629,2026-06-SOP,Production,SYS-0022,300,75.0,2026-07-20,2026-07-02,,5,Sales Order,SO-004630,Planned
PLAN-004813,2026-06-SOP,Purchase,AFT-0018,300,40.0,2026-07-20,2026-05-20,Decrease,4,Forecast,2026-06-SOP,Planned
PLAN-004997,2026-06-SOP,Production,DRV-0004,200,20.0,2026-07-20,2026-07-01,Increase,3,Forecast,2026-06-SOP,Planned
PLAN-000108,2026-06-SOP,Production,CTL-0013,300,40.0,2026-07-21,2026-06-05,Decrease,4,Sales Order,SO-000109,Planned
PLAN-000292,2026-06-SOP,Production,DRV-0059,100,20.0,2026-07-21,2026-07-02,Increase,3,Forecast,2026-06-SOP,Planned
PLAN-000476,2026-06-SOP,Production,ACT-0055,100,10.0,2026-07-21,2026-07-14,Defer,2,Forecast,2026-06-SOP,Planned
PLAN-000660,2026-06-SOP,Production,CTL-0021,300,5.0,2026-07-21,2026-07-06,Expedite,1,Sales Order,SO-000661,Planned
PLAN-000844,2026-06-SOP,Production,SYS-0007,100,75.0,2026-07-21,2026-06-23,,5,Forecast,2026-06-SOP,Planned
PLAN-001028,2026-06-SOP,Purchase,AFT-0003,300,40.0,2026-07-21,2026-07-05,Decrease,4,Forecast,2026-06-SOP,Planned
PLAN-001212,2026-06-SOP,Production,CTL-0029,300,20.0,2026-07-21,2026-06-12,Increase,3,Sales Order,SO-001213,Planned
PLAN-001396,2026-06-SOP,Production,SYS-0015,100,10.0,2026-07-21,2026-05-30,Defer,2,Forecast,2026-06-SOP,Planned
PLAN-001580,2026-06-SOP,Purchase,AFT-0011,100,5.0,2026-07-21,2026-06-11,Expedite,1,Forecast,2026-06-SOP,Planned
PLAN-001764,2026-06-SOP,Production,CTL-0037,300,75.0,2026-07-21,2026-07-13,,5,Sales Order,SO-001765,Planned
PLAN-001948,2026-06-SOP,Production,SYS-0023,100,40.0,2026-07-21,2026-06-30,Decrease,4,Forecast,2026-06-SOP,Planned
PLAN-002132,2026-06-SOP,Purchase,AFT-0019,100,20.0,2026-07-21,2026-07-03,Increase,3,Forecast,2026-06-SOP,Planned
PLAN-002316,2026-06-SOP,Production,DRV-0005,100,10.0,2026-07-21,2026-06-29,Defer,2,Sales Order,SO-002317,Planned
PLAN-002500,2026-06-SOP,Production,ACT-0001,100,5.0,2026-07-21,2026-07-11,Expedite,1,Forecast,2026-06-SOP,Planned
PLAN-002684,2026-06-SOP,Purchase,AFT-0027,300,75.0,2026-07-21,2026-06-18,,5,Forecast,2026-06-SOP,Planned
PLAN-002868,2026-06-SOP,Production,DRV-0013,100,40.0,2026-07-21,2026-06-05,Decrease,4,Sales Order,SO-002869,Planned
PLAN-003052,2026-06-SOP,Production,ACT-0009,100,20.0,2026-07-21,2026-06-17,Increase,3,Forecast,2026-06-SOP,Planned
PLAN-003236,2026-06-SOP,Purchase,AFT-0035,100,10.0,2026-07-21,2026-05-25,Defer,2,Forecast,2026-06-SOP,Planned
PLAN-003420,2026-06-SOP,Production,DRV-0021,100,5.0,2026-07-21,2026-07-06,Expedite,1,Sales Order,SO-003421,Planned
PLAN-003604,2026-06-SOP,Production,ACT-0017,100,75.0,2026-07-21,2026-05-24,,5,Forecast,2026-06-SOP,Planned
PLAN-003788,2026-06-SOP,Purchase,AFT-0043,100,40.0,2026-07-21,2026-07-03,Decrease,4,Forecast,2026-06-SOP,Planned
PLAN-003972,2026-06-SOP,Production,DRV-0029,100,20.0,2026-07-21,2026-06-12,Increase,3,Sales Order,SO-003973,Planned
PLAN-004156,2026-06-SOP,Production,ACT-0025,100,10.0,2026-07-21,2026-06-24,Defer,2,Forecast,2026-06-SOP,Planned
PLAN-004340,2026-06-SOP,Purchase,AFT-0051,300,5.0,2026-07-21,2026-06-01,Expedite,1,Forecast,2026-06-SOP,Planned
PLAN-004524,2026-06-SOP,Production,DRV-0037,100,75.0,2026-07-21,2026-07-13,,5,Sales Order,SO-004525,Planned
PLAN-004708,2026-06-SOP,Production,ACT-0033,100,40.0,2026-07-21,2026-05-31,Decrease,4,Forecast,2026-06-SOP,Planned
PLAN-004892,2026-06-SOP,Purchase,AFT-0059,100,20.0,2026-07-21,2026-07-02,Increase,3,Forecast,2026-06-SOP,Planned
PLAN-000003,2026-06-SOP,Purchase,AFT-0028,100,40.0,2026-07-22,2026-07-04,Decrease,4,Sales Order,SO-000004,Planned
PLAN-000187,2026-06-SOP,Production,DRV-0014,200,20.0,2026-07-22,2026-06-03,Increase,3,Forecast,2026-06-SOP,Planned
PLAN-000371,2026-06-SOP,Production,ACT-0010,200,10.0,2026-07-22,2026-06-15,Defer,2,Forecast,2026-06-SOP,Planned
PLAN-000555,2026-06-SOP,Purchase,AFT-0036,300,5.0,2026-07-22,2026-05-23,Expedite,1,Sales Order,SO-000556,Planned
PLAN-000739,2026-06-SOP,Production,DRV-0022,200,75.0,2026-07-22,2026-07-04,,5,Forecast,2026-06-SOP,Planned
PLAN-000923,2026-06-SOP,Production,ACT-0018,200,40.0,2026-07-22,2026-05-22,Decrease,4,Forecast,2026-06-SOP,Planned
PLAN-001107,2026-06-SOP,Purchase,AFT-0044,100,20.0,2026-07-22,2026-06-23,Increase,3,Sales Order,SO-001108,Planned
PLAN-001291,2026-06-SOP,Production,DRV-0030,200,10.0,2026-07-22,2026-06-10,Defer,2,Forecast,2026-06-SOP,Planned
PLAN-001475,2026-06-SOP,Production,ACT-0026,200,5.0,2026-07-22,2026-06-22,Expedite,1,Forecast,2026-06-SOP,Planned
PLAN-001659,2026-06-SOP,Purchase,AFT-0052,100,75.0,2026-07-22,2026-07-04,,5,Sales Order,SO-001660,Planned
PLAN-001843,2026-06-SOP,Production,DRV-0038,200,40.0,2026-07-22,2026-07-11,Decrease,4,Forecast,2026-06-SOP,Planned
PLAN-002027,2026-06-SOP,Production,ACT-0034,200,20.0,2026-07-22,2026-05-29,Increase,3,Forecast,2026-06-SOP,Planned
PLAN-002211,2026-06-SOP,Purchase,AFT-0060,300,10.0,2026-07-22,2026-06-30,Defer,2,Sales Order,SO-002212,Planned
PLAN-002395,2026-06-SOP,Production,DRV-0046,200,5.0,2026-07-22,2026-06-17,Expedite,1,Forecast,2026-06-SOP,Planned
PLAN-002579,2026-06-SOP,Production,ACT-0042,200,75.0,2026-07-22,2026-06-29,,5,Forecast,2026-06-SOP,Planned
PLAN-002763,2026-06-SOP,Production,CTL-0008,300,40.0,2026-07-22,2026-06-21,Decrease,4,Sales Order,SO-002764,Planned
PLAN-002947,2026-06-SOP,Production,DRV-0054,200,20.0,2026-07-22,2026-05-24,Increase,3,Forecast,2026-06-SOP,Planned
PLAN-003131,2026-06-SOP,Production,ACT-0050,200,10.0,2026-07-22,2026-06-05,Defer,2,Forecast,2026-06-SOP,Planned
PLAN-003315,2026-06-SOP,Production,CTL-0016,300,5.0,2026-07-22,2026-05-28,Expedite,1,Sales Order,SO-003316,Planned
PLAN-003499,2026-06-SOP,Production,SYS-0002,300,75.0,2026-07-22,2026-07-09,,5,Forecast,2026-06-SOP,Planned
PLAN-003683,2026-06-SOP,Production,ACT-0058,200,40.0,2026-07-22,2026-07-06,Decrease,4,Forecast,2026-06-SOP,Planned
PLAN-003867,2026-06-SOP,Production,CTL-0024,300,20.0,2026-07-22,2026-06-28,Increase,3,Sales Order,SO-003868,Planned
PLAN-004051,2026-06-SOP,Production,SYS-0010,300,10.0,2026-07-22,2026-06-15,Defer,2,Forecast,2026-06-SOP,Planned
PLAN-004235,2026-06-SOP,Purchase,AFT-0006,300,5.0,2026-07-22,2026-06-27,Expedite,1,Forecast,2026-06-SOP,Planned
PLAN-004419,2026-06-SOP,Production,CTL-0032,300,75.0,2026-07-22,2026-06-04,,5,Sales Order,SO-004420,Planned
PLAN-004603,2026-06-SOP,Production,SYS-0018,300,40.0,2026-07-22,2026-05-22,Decrease,4,Forecast,2026-06-SOP,Planned
PLAN-004787,2026-06-SOP,Purchase,AFT-0014,100,20.0,2026-07-22,2026-06-03,Increase,3,Forecast,2026-06-SOP,Planned
PLAN-004971,2026-06-SOP,Production,CTL-0040,300,10.0,2026-07-22,2026-07-05,Defer,2,Sales Order,SO-004972,Planned
PLAN-000082,2026-06-SOP,Production,CTL-0009,300,20.0,2026-07-23,2026-06-19,Increase,3,Forecast,2026-06-SOP,Planned
PLAN-000266,2026-06-SOP,Production,DRV-0055,100,10.0,2026-07-23,2026-07-16,Defer,2,Forecast,2026-06-SOP,Planned
PLAN-000450,2026-06-SOP,Production,ACT-0051,100,5.0,2026-07-23,2026-06-03,Expedite,1,Sales Order,SO-000451,Planned
PLAN-000634,2026-06-SOP,Production,CTL-0017,300,75.0,2026-07-23,2026-05-26,,5,Forecast,2026-06-SOP,Planned
PLAN-000818,2026-06-SOP,Production,SYS-0003,100,40.0,2026-07-23,2026-07-07,Decrease,4,Forecast,2026-06-SOP,Planned
PLAN-001002,2026-06-SOP,Production,ACT-0059,100,20.0,2026-07-23,2026-07-04,Increase,3,Sales Order,SO-001003,Planned
PLAN-001186,2026-06-SOP,Production,CTL-0025,300,10.0,2026-07-23,2026-06-26,Defer,2,Forecast,2026-06-SOP,Planned
PLAN-001370,2026-06-SOP,Production,SYS-0011,100,5.0,2026-07-23,2026-06-13,Expedite,1,Forecast,2026-06-SOP,Planned
PLAN-001554,2026-06-SOP,Purchase,AFT-0007,100,75.0,2026-07-23,2026-07-05,,5,Sales Order,SO-001555,Planned
PLAN-001738,2026-06-SOP,Production,CTL-0033,300,40.0,2026-07-23,2026-06-02,Decrease,4,Forecast,2026-06-SOP,Planned
PLAN-001922,2026-06-SOP,Production,SYS-0019,100,20.0,2026-07-23,2026-07-14,Increase,3,Forecast,2026-06-SOP,Planned
PLAN-002106,2026-06-SOP,Purchase,AFT-0015,300,10.0,2026-07-23,2026-06-01,Defer,2,Sales Order,SO-002107,Planned
PLAN-002290,2026-06-SOP,Production,DRV-0001,100,5.0,2026-07-23,2026-07-13,Expedite,1,Forecast,2026-06-SOP,Planned
PLAN-002474,2026-06-SOP,Production,SYS-0027,100,75.0,2026-07-23,2026-06-20,,5,Forecast,2026-06-SOP,Planned
PLAN-002658,2026-06-SOP,Purchase,AFT-0023,100,40.0,2026-07-23,2026-07-02,Decrease,4,Sales Order,SO-002659,Planned
PLAN-002842,2026-06-SOP,Production,DRV-0009,100,20.0,2026-07-23,2026-06-19,Increase,3,Forecast,2026-06-SOP,Planned
PLAN-003026,2026-06-SOP,Production,ACT-0005,100,10.0,2026-07-23,2026-07-01,Defer,2,Forecast,2026-06-SOP,Planned
PLAN-003210,2026-06-SOP,Purchase,AFT-0031,100,5.0,2026-07-23,2026-07-05,Expedite,1,Sales Order,SO-003211,Planned
PLAN-003394,2026-06-SOP,Production,DRV-0017,100,75.0,2026-07-23,2026-05-26,,5,Forecast,2026-06-SOP,Planned
PLAN-003578,2026-06-SOP,Production,ACT-0013,100,40.0,2026-07-23,2026-06-07,Decrease,4,Forecast,2026-06-SOP,Planned
PLAN-003762,2026-06-SOP,Purchase,AFT-0039,300,20.0,2026-07-23,2026-07-09,Increase,3,Sales Order,SO-003763,Planned
PLAN-003946,2026-06-SOP,Production,DRV-0025,100,10.0,2026-07-23,2026-06-26,Defer,2,Forecast,2026-06-SOP,Planned
PLAN-004130,2026-06-SOP,Production,ACT-0021,100,5.0,2026-07-23,2026-07-08,Expedite,1,Forecast,2026-06-SOP,Planned
PLAN-004314,2026-06-SOP,Purchase,AFT-0047,100,75.0,2026-07-23,2026-06-15,,5,Sales Order,SO-004315,Planned
PLAN-004498,2026-06-SOP,Production,DRV-0033,100,40.0,2026-07-23,2026-06-02,Decrease,4,Forecast,2026-06-SOP,Planned
PLAN-004682,2026-06-SOP,Production,ACT-0029,100,20.0,2026-07-23,2026-06-14,Increase,3,Forecast,2026-06-SOP,Planned
PLAN-004866,2026-06-SOP,Purchase,AFT-0055,100,10.0,2026-07-23,2026-07-05,Defer,2,Sales Order,SO-004867,Planned
PLAN-000161,2026-06-SOP,Production,DRV-0010,200,10.0,2026-07-24,2026-06-17,Defer,2,Forecast,2026-06-SOP,Planned
PLAN-000345,2026-06-SOP,Production,ACT-0006,200,5.0,2026-07-24,2026-06-29,Expedite,1,Sales Order,SO-000346,Planned
PLAN-000529,2026-06-SOP,Purchase,AFT-0032,100,75.0,2026-07-24,2026-06-06,,5,Forecast,2026-06-SOP,Planned
PLAN-000713,2026-06-SOP,Production,DRV-0018,200,40.0,2026-07-24,2026-05-24,Decrease,4,Forecast,2026-06-SOP,Planned
PLAN-000897,2026-06-SOP,Production,ACT-0014,200,20.0,2026-07-24,2026-06-05,Increase,3,Sales Order,SO-000898,Planned
PLAN-001081,2026-06-SOP,Purchase,AFT-0040,100,10.0,2026-07-24,2026-07-06,Defer,2,Forecast,2026-06-SOP,Planned
PLAN-001265,2026-06-SOP,Production,DRV-0026,200,5.0,2026-07-24,2026-06-24,Expedite,1,Forecast,2026-06-SOP,Planned
PLAN-001449,2026-06-SOP,Production,ACT-0022,200,75.0,2026-07-24,2026-07-06,,5,Sales Order,SO-001450,Planned
PLAN-001633,2026-06-SOP,Purchase,AFT-0048,300,40.0,2026-07-24,2026-06-13,Decrease,4,Forecast,2026-06-SOP,Planned
PLAN-001817,2026-06-SOP,Production,DRV-0034,200,20.0,2026-07-24,2026-05-31,Increase,3,Forecast,2026-06-SOP,Planned
PLAN-002001,2026-06-SOP,Production,ACT-0030,200,10.0,2026-07-24,2026-06-12,Defer,2,Sales Order,SO-002002,Planned
PLAN-002185,2026-06-SOP,Purchase,AFT-0056,100,5.0,2026-07-24,2026-07-14,Expedite,1,Forecast,2026-06-SOP,Planned
PLAN-002369,2026-06-SOP,Production,DRV-0042,200,75.0,2026-07-24,2026-07-01,,5,Forecast,2026-06-SOP,Planned
PLAN-002553,2026-06-SOP,Production,ACT-0038,200,40.0,2026-07-24,2026-07-13,Decrease,4,Sales Order,SO-002554,Planned
PLAN-002737,2026-06-SOP,Production,CTL-0004,300,20.0,2026-07-24,2026-07-05,Increase,3,Forecast,2026-06-SOP,Planned
PLAN-002921,2026-06-SOP,Production,DRV-0050,200,10.0,2026-07-24,2026-06-07,Defer,2,Forecast,2026-06-SOP,Planned
PLAN-003105,2026-06-SOP,Production,ACT-0046,200,5.0,2026-07-24,2026-06-19,Expedite,1,Sales Order,SO-003106,Planned
PLAN-003289,2026-06-SOP,Production,CTL-0012,300,75.0,2026-07-24,2026-06-11,,5,Forecast,2026-06-SOP,Planned
PLAN-003473,2026-06-SOP,Production,DRV-0058,200,40.0,2026-07-24,2026-07-08,Decrease,4,Forecast,2026-06-SOP,Planned
PLAN-003657,2026-06-SOP,Production,ACT-0054,200,20.0,2026-07-24,2026-05-26,Increase,3,Sales Order,SO-003658,Planned
PLAN-003841,2026-06-SOP,Production,CTL-0020,300,10.0,2026-07-24,2026-07-12,Defer,2,Forecast,2026-06-SOP,Planned
PLAN-004025,2026-06-SOP,Production,SYS-0006,300,5.0,2026-07-24,2026-06-29,Expedite,1,Forecast,2026-06-SOP,Planned
PLAN-004209,2026-06-SOP,Purchase,AFT-0002,100,75.0,2026-07-24,2026-07-11,,5,Sales Order,SO-004210,Planned
PLAN-004393,2026-06-SOP,Production,CTL-0028,300,40.0,2026-07-24,2026-06-18,Decrease,4,Forecast,2026-06-SOP,Planned
PLAN-004577,2026-06-SOP,Production,SYS-0014,300,20.0,2026-07-24,2026-06-05,Increase,3,Forecast,2026-06-SOP,Planned
PLAN-004761,2026-06-SOP,Purchase,AFT-0010,100,10.0,2026-07-24,2026-07-06,Defer,2,Sales Order,SO-004762,Planned
PLAN-004945,2026-06-SOP,Production,CTL-0036,300,5.0,2026-07-24,2026-05-25,Expedite,1,Forecast,2026-06-SOP,Planned
PLAN-000056,2026-06-SOP,Production,CTL-0005,300,10.0,2026-07-25,2026-07-03,Defer,2,Forecast,2026-06-SOP,Planned
PLAN-000240,2026-06-SOP,Production,DRV-0051,100,5.0,2026-07-25,2026-06-05,Expedite,1,Sales Order,SO-000241,Planned
PLAN-000424,2026-06-SOP,Production,ACT-0047,100,75.0,2026-07-25,2026-06-17,,5,Forecast,2026-06-SOP,Planned
PLAN-000608,2026-06-SOP,Production,CTL-0013,300,40.0,2026-07-25,2026-06-09,Decrease,4,Forecast,2026-06-SOP,Planned
PLAN-000792,2026-06-SOP,Production,DRV-0059,100,20.0,2026-07-25,2026-07-06,Increase,3,Sales Order,SO-000793,Planned
PLAN-000976,2026-06-SOP,Production,ACT-0055,100,10.0,2026-07-25,2026-07-18,Defer,2,Forecast,2026-06-SOP,Planned
PLAN-001160,2026-06-SOP,Production,CTL-0021,300,5.0,2026-07-25,2026-07-10,Expedite,1,Forecast,2026-06-SOP,Planned
PLAN-001344,2026-06-SOP,Production,SYS-0007,100,75.0,2026-07-25,2026-06-27,,5,Sales Order,SO-001345,Planned
PLAN-001528,2026-06-SOP,Purchase,AFT-0003,300,40.0,2026-07-25,2026-07-09,Decrease,4,Forecast,2026-06-SOP,Planned
PLAN-001712,2026-06-SOP,Production,CTL-0029,300,20.0,2026-07-25,2026-06-16,Increase,3,Forecast,2026-06-SOP,Planned
PLAN-001896,2026-06-SOP,Production,SYS-0015,100,10.0,2026-07-25,2026-06-03,Defer,2,Sales Order,SO-001897,Planned
PLAN-002080,2026-06-SOP,Purchase,AFT-0011,100,5.0,2026-07-25,2026-06-15,Expedite,1,Forecast,2026-06-SOP,Planned
PLAN-002264,2026-06-SOP,Production,CTL-0037,300,75.0,2026-07-25,2026-07-17,,5,Forecast,2026-06-SOP,Planned
PLAN-002448,2026-06-SOP,Production,SYS-0023,100,40.0,2026-07-25,2026-07-04,Decrease,4,Sales Order,SO-002449,Planned
PLAN-002632,2026-06-SOP,Purchase,AFT-0019,100,20.0,2026-07-25,2026-07-07,Increase,3,Forecast,2026-06-SOP,Planned
PLAN-002816,2026-06-SOP,Production,DRV-0005,100,10.0,2026-07-25,2026-07-03,Defer,2,Forecast,2026-06-SOP,Planned
PLAN-003000,2026-06-SOP,Production,ACT-0001,100,5.0,2026-07-25,2026-07-15,Expedite,1,Sales Order,SO-003001,Planned
PLAN-003184,2026-06-SOP,Purchase,AFT-0027,300,75.0,2026-07-25,2026-06-22,,5,Forecast,2026-06-SOP,Planned
PLAN-003368,2026-06-SOP,Production,DRV-0013,100,40.0,2026-07-25,2026-06-09,Decrease,4,Forecast,2026-06-SOP,Planned
PLAN-003552,2026-06-SOP,Production,ACT-0009,100,20.0,2026-07-25,2026-06-21,Increase,3,Sales Order,SO-003553,Planned
PLAN-003736,2026-06-SOP,Purchase,AFT-0035,100,10.0,2026-07-25,2026-05-29,Defer,2,Forecast,2026-06-SOP,Planned
PLAN-003920,2026-06-SOP,Production,DRV-0021,100,5.0,2026-07-25,2026-07-10,Expedite,1,Forecast,2026-06-SOP,Planned
PLAN-004104,2026-06-SOP,Production,ACT-0017,100,75.0,2026-07-25,2026-05-28,,5,Sales Order,SO-004105,Planned
PLAN-004288,2026-06-SOP,Purchase,AFT-0043,100,40.0,2026-07-25,2026-07-07,Decrease,4,Forecast,2026-06-SOP,Planned
PLAN-004472,2026-06-SOP,Production,DRV-0029,100,20.0,2026-07-25,2026-06-16,Increase,3,Forecast,2026-06-SOP,Planned
PLAN-004656,2026-06-SOP,Production,ACT-0025,100,10.0,2026-07-25,2026-06-28,Defer,2,Sales Order,SO-004657,Planned
PLAN-004840,2026-06-SOP,Purchase,AFT-0051,300,5.0,2026-07-25,2026-06-05,Expedite,1,Forecast,2026-06-SOP,Planned
PLAN-000135,2026-06-SOP,Production,DRV-0006,200,5.0,2026-07-26,2026-07-01,Expedite,1,Sales Order,SO-000136,Planned
PLAN-000319,2026-06-SOP,Production,ACT-0002,200,75.0,2026-07-26,2026-07-13,,5,Forecast,2026-06-SOP,Planned
PLAN-000503,2026-06-SOP,Purchase,AFT-0028,100,40.0,2026-07-26,2026-07-08,Decrease,4,Forecast,2026-06-SOP,Planned
PLAN-000687,2026-06-SOP,Production,DRV-0014,200,20.0,2026-07-26,2026-06-07,Increase,3,Sales Order,SO-000688,Planned
PLAN-000871,2026-06-SOP,Production,ACT-0010,200,10.0,2026-07-26,2026-06-19,Defer,2,Forecast,2026-06-SOP,Planned
PLAN-001055,2026-06-SOP,Purchase,AFT-0036,300,5.0,2026-07-26,2026-05-27,Expedite,1,Forecast,2026-06-SOP,Planned
PLAN-001239,2026-06-SOP,Production,DRV-0022,200,75.0,2026-07-26,2026-07-08,,5,Sales Order,SO-001240,Planned
PLAN-001423,2026-06-SOP,Production,ACT-0018,200,40.0,2026-07-26,2026-05-26,Decrease,4,Forecast,2026-06-SOP,Planned
PLAN-001607,2026-06-SOP,Purchase,AFT-0044,100,20.0,2026-07-26,2026-06-27,Increase,3,Forecast,2026-06-SOP,Planned
PLAN-001791,2026-06-SOP,Production,DRV-0030,200,10.0,2026-07-26,2026-06-14,Defer,2,Sales Order,SO-001792,Planned
PLAN-001975,2026-06-SOP,Production,ACT-0026,200,5.0,2026-07-26,2026-06-26,Expedite,1,Forecast,2026-06-SOP,Planned
PLAN-002159,2026-06-SOP,Purchase,AFT-0052,100,75.0,2026-07-26,2026-07-08,,5,Forecast,2026-06-SOP,Planned
PLAN-002343,2026-06-SOP,Production,DRV-0038,200,40.0,2026-07-26,2026-07-15,Decrease,4,Sales Order,SO-002344,Planned
PLAN-002527,2026-06-SOP,Production,ACT-0034,200,20.0,2026-07-26,2026-06-02,Increase,3,Forecast,2026-06-SOP,Planned
PLAN-002711,2026-06-SOP,Purchase,AFT-0060,300,10.0,2026-07-26,2026-07-04,Defer,2,Forecast,2026-06-SOP,Planned
PLAN-002895,2026-06-SOP,Production,DRV-0046,200,5.0,2026-07-26,2026-06-21,Expedite,1,Sales Order,SO-002896,Planned
PLAN-003079,2026-06-SOP,Production,ACT-0042,200,75.0,2026-07-26,2026-07-03,,5,Forecast,2026-06-SOP,Planned
PLAN-003263,2026-06-SOP,Production,CTL-0008,300,40.0,2026-07-26,2026-06-25,Decrease,4,Forecast,2026-06-SOP,Planned
PLAN-003447,2026-06-SOP,Production,DRV-0054,200,20.0,2026-07-26,2026-05-28,Increase,3,Sales Order,SO-003448,Planned
PLAN-003631,2026-06-SOP,Production,ACT-0050,200,10.0,2026-07-26,2026-06-09,Defer,2,Forecast,2026-06-SOP,Planned
PLAN-003815,2026-06-SOP,Production,CTL-0016,300,5.0,2026-07-26,2026-06-01,Expedite,1,Forecast,2026-06-SOP,Planned
PLAN-003999,2026-06-SOP,Production,SYS-0002,300,75.0,2026-07-26,2026-07-13,,5,Sales Order,SO-004000,Planned
PLAN-004183,2026-06-SOP,Production,ACT-0058,200,40.0,2026-07-26,2026-07-10,Decrease,4,Forecast,2026-06-SOP,Planned
PLAN-004367,2026-06-SOP,Production,CTL-0024,300,20.0,2026-07-26,2026-07-02,Increase,3,Forecast,2026-06-SOP,Planned
PLAN-004551,2026-06-SOP,Production,SYS-0010,300,10.0,2026-07-26,2026-06-19,Defer,2,Sales Order,SO-004552,Planned
PLAN-004735,2026-06-SOP,Purchase,AFT-0006,300,5.0,2026-07-26,2026-07-01,Expedite,1,Forecast,2026-06-SOP,Planned
PLAN-004919,2026-06-SOP,Production,CTL-0032,300,75.0,2026-07-26,2026-06-08,,5,Forecast,2026-06-SOP,Planned
PLAN-000030,2026-06-SOP,Production,CTL-0001,300,5.0,2026-07-27,2026-07-17,Expedite,1,Sales Order,SO-000031,Planned
PLAN-000214,2026-06-SOP,Production,DRV-0047,100,75.0,2026-07-27,2026-06-19,,5,Forecast,2026-06-SOP,Planned
PLAN-000398,2026-06-SOP,Production,ACT-0043,100,40.0,2026-07-27,2026-07-01,Decrease,4,Forecast,2026-06-SOP,Planned
PLAN-000582,2026-06-SOP,Production,CTL-0009,300,20.0,2026-07-27,2026-06-23,Increase,3,Sales Order,SO-000583,Planned
PLAN-000766,2026-06-SOP,Production,DRV-0055,100,10.0,2026-07-27,2026-07-20,Defer,2,Forecast,2026-06-SOP,Planned
PLAN-000950,2026-06-SOP,Production,ACT-0051,100,5.0,2026-07-27,2026-06-07,Expedite,1,Forecast,2026-06-SOP,Planned
PLAN-001134,2026-06-SOP,Production,CTL-0017,300,75.0,2026-07-27,2026-05-30,,5,Sales Order,SO-001135,Planned
PLAN-001318,2026-06-SOP,Production,SYS-0003,100,40.0,2026-07-27,2026-07-11,Decrease,4,Forecast,2026-06-SOP,Planned
PLAN-001502,2026-06-SOP,Production,ACT-0059,100,20.0,2026-07-27,2026-07-08,Increase,3,Forecast,2026-06-SOP,Planned
PLAN-001686,2026-06-SOP,Production,CTL-0025,300,10.0,2026-07-27,2026-06-30,Defer,2,Sales Order,SO-001687,Planned
PLAN-001870,2026-06-SOP,Production,SYS-0011,100,5.0,2026-07-27,2026-06-17,Expedite,1,Forecast,2026-06-SOP,Planned
PLAN-002054,2026-06-SOP,Purchase,AFT-0007,100,75.0,2026-07-27,2026-07-09,,5,Forecast,2026-06-SOP,Planned
PLAN-002238,2026-06-SOP,Production,CTL-0033,300,40.0,2026-07-27,2026-06-06,Decrease,4,Sales Order,SO-002239,Planned
PLAN-002422,2026-06-SOP,Production,SYS-0019,100,20.0,2026-07-27,2026-07-18,Increase,3,Forecast,2026-06-SOP,Planned
PLAN-002606,2026-06-SOP,Purchase,AFT-0015,300,10.0,2026-07-27,2026-06-05,Defer,2,Forecast,2026-06-SOP,Planned
PLAN-002790,2026-06-SOP,Production,DRV-0001,100,5.0,2026-07-27,2026-07-17,Expedite,1,Sales Order,SO-002791,Planned
PLAN-002974,2026-06-SOP,Production,SYS-0027,100,75.0,2026-07-27,2026-06-24,,5,Forecast,2026-06-SOP,Planned
PLAN-003158,2026-06-SOP,Purchase,AFT-0023,100,40.0,2026-07-27,2026-07-06,Decrease,4,Forecast,2026-06-SOP,Planned
PLAN-003342,2026-06-SOP,Production,DRV-0009,100,20.0,2026-07-27,2026-06-23,Increase,3,Sales Order,SO-003343,Planned
PLAN-003526,2026-06-SOP,Production,ACT-0005,100,10.0,2026-07-27,2026-07-05,Defer,2,Forecast,2026-06-SOP,Planned
PLAN-003710,2026-06-SOP,Purchase,AFT-0031,100,5.0,2026-07-27,2026-07-09,Expedite,1,Forecast,2026-06-SOP,Planned
PLAN-003894,2026-06-SOP,Production,DRV-0017,100,75.0,2026-07-27,2026-05-30,,5,Sales Order,SO-003895,Planned
PLAN-004078,2026-06-SOP,Production,ACT-0013,100,40.0,2026-07-27,2026-06-11,Decrease,4,Forecast,2026-06-SOP,Planned
PLAN-004262,2026-06-SOP,Purchase,AFT-0039,300,20.0,2026-07-27,2026-07-13,Increase,3,Forecast,2026-06-SOP,Planned
PLAN-004446,2026-06-SOP,Production,DRV-0025,100,10.0,2026-07-27,2026-06-30,Defer,2,Sales Order,SO-004447,Planned
PLAN-004630,2026-06-SOP,Production,ACT-0021,100,5.0,2026-07-27,2026-07-12,Expedite,1,Forecast,2026-06-SOP,Planned
PLAN-004814,2026-06-SOP,Purchase,AFT-0047,100,75.0,2026-07-27,2026-06-19,,5,Forecast,2026-06-SOP,Planned
PLAN-004998,2026-06-SOP,Production,DRV-0033,100,40.0,2026-07-27,2026-06-06,Decrease,4,Sales Order,SO-004999,Planned
PLAN-000109,2026-06-SOP,Production,DRV-0002,200,75.0,2026-07-28,2026-07-15,,5,Forecast,2026-06-SOP,Planned
PLAN-000293,2026-06-SOP,Production,SYS-0028,300,40.0,2026-07-28,2026-06-22,Decrease,4,Forecast,2026-06-SOP,Planned
PLAN-000477,2026-06-SOP,Purchase,AFT-0024,300,20.0,2026-07-28,2026-07-04,Increase,3,Sales Order,SO-000478,Planned
PLAN-000661,2026-06-SOP,Production,DRV-0010,200,10.0,2026-07-28,2026-06-21,Defer,2,Forecast,2026-06-SOP,Planned
PLAN-000845,2026-06-SOP,Production,ACT-0006,200,5.0,2026-07-28,2026-07-03,Expedite,1,Forecast,2026-06-SOP,Planned
PLAN-001029,2026-06-SOP,Purchase,AFT-0032,100,75.0,2026-07-28,2026-06-10,,5,Sales Order,SO-001030,Planned
PLAN-001213,2026-06-SOP,Production,DRV-0018,200,40.0,2026-07-28,2026-05-28,Decrease,4,Forecast,2026-06-SOP,Planned
PLAN-001397,2026-06-SOP,Production,ACT-0014,200,20.0,2026-07-28,2026-06-09,Increase,3,Forecast,2026-06-SOP,Planned
PLAN-001581,2026-06-SOP,Purchase,AFT-0040,100,10.0,2026-07-28,2026-07-10,Defer,2,Sales Order,SO-001582,Planned
PLAN-001765,2026-06-SOP,Production,DRV-0026,200,5.0,2026-07-28,2026-06-28,Expedite,1,Forecast,2026-06-SOP,Planned
PLAN-001949,2026-06-SOP,Production,ACT-0022,200,75.0,2026-07-28,2026-07-10,,5,Forecast,2026-06-SOP,Planned
PLAN-002133,2026-06-SOP,Purchase,AFT-0048,300,40.0,2026-07-28,2026-06-17,Decrease,4,Sales Order,SO-002134,Planned
PLAN-002317,2026-06-SOP,Production,DRV-0034,200,20.0,2026-07-28,2026-06-04,Increase,3,Forecast,2026-06-SOP,Planned
PLAN-002501,2026-06-SOP,Production,ACT-0030,200,10.0,2026-07-28,2026-06-16,Defer,2,Forecast,2026-06-SOP,Planned
PLAN-002685,2026-06-SOP,Purchase,AFT-0056,100,5.0,2026-07-28,2026-07-18,Expedite,1,Sales Order,SO-002686,Planned
PLAN-002869,2026-06-SOP,Production,DRV-0042,200,75.0,2026-07-28,2026-07-05,,5,Forecast,2026-06-SOP,Planned
PLAN-003053,2026-06-SOP,Production,ACT-0038,200,40.0,2026-07-28,2026-07-17,Decrease,4,Forecast,2026-06-SOP,Planned
PLAN-003237,2026-06-SOP,Production,CTL-0004,300,20.0,2026-07-28,2026-07-09,Increase,3,Sales Order,SO-003238,Planned
PLAN-003421,2026-06-SOP,Production,DRV-0050,200,10.0,2026-07-28,2026-06-11,Defer,2,Forecast,2026-06-SOP,Planned
PLAN-003605,2026-06-SOP,Production,ACT-0046,200,5.0,2026-07-28,2026-06-23,Expedite,1,Forecast,2026-06-SOP,Planned
PLAN-003789,2026-06-SOP,Production,CTL-0012,300,75.0,2026-07-28,2026-06-15,,5,Sales Order,SO-003790,Planned
PLAN-003973,2026-06-SOP,Production,DRV-0058,200,40.0,2026-07-28,2026-07-12,Decrease,4,Forecast,2026-06-SOP,Planned
PLAN-004157,2026-06-SOP,Production,ACT-0054,200,20.0,2026-07-28,2026-05-30,Increase,3,Forecast,2026-06-SOP,Planned
PLAN-004341,2026-06-SOP,Production,CTL-0020,300,10.0,2026-07-28,2026-07-16,Defer,2,Sales Order,SO-004342,Planned
PLAN-004525,2026-06-SOP,Production,SYS-0006,300,5.0,2026-07-28,2026-07-03,Expedite,1,Forecast,2026-06-SOP,Planned
PLAN-004709,2026-06-SOP,Purchase,AFT-0002,100,75.0,2026-07-28,2026-07-15,,5,Forecast,2026-06-SOP,Planned
PLAN-004893,2026-06-SOP,Production,CTL-0028,300,40.0,2026-07-28,2026-06-22,Decrease,4,Sales Order,SO-004894,Planned
PLAN-000004,2026-06-SOP,Purchase,AFT-0057,300,75.0,2026-07-29,2026-07-16,,5,Forecast,2026-06-SOP,Planned
PLAN-000188,2026-06-SOP,Production,DRV-0043,100,40.0,2026-07-29,2026-07-03,Decrease,4,Forecast,2026-06-SOP,Planned
PLAN-000372,2026-06-SOP,Production,ACT-0039,100,20.0,2026-07-29,2026-07-15,Increase,3,Sales Order,SO-000373,Planned
PLAN-000556,2026-06-SOP,Production,CTL-0005,300,10.0,2026-07-29,2026-07-07,Defer,2,Forecast,2026-06-SOP,Planned
PLAN-000740,2026-06-SOP,Production,DRV-0051,100,5.0,2026-07-29,2026-06-09,Expedite,1,Forecast,2026-06-SOP,Planned
PLAN-000924,2026-06-SOP,Production,ACT-0047,100,75.0,2026-07-29,2026-06-21,,5,Sales Order,SO-000925,Planned
PLAN-001108,2026-06-SOP,Production,CTL-0013,300,40.0,2026-07-29,2026-06-13,Decrease,4,Forecast,2026-06-SOP,Planned
PLAN-001292,2026-06-SOP,Production,DRV-0059,100,20.0,2026-07-29,2026-07-10,Increase,3,Forecast,2026-06-SOP,Planned
PLAN-001476,2026-06-SOP,Production,ACT-0055,100,10.0,2026-07-29,2026-07-22,Defer,2,Sales Order,SO-001477,Planned
PLAN-001660,2026-06-SOP,Production,CTL-0021,300,5.0,2026-07-29,2026-07-14,Expedite,1,Forecast,2026-06-SOP,Planned
PLAN-001844,2026-06-SOP,Production,SYS-0007,100,75.0,2026-07-29,2026-07-01,,5,Forecast,2026-06-SOP,Planned
PLAN-002028,2026-06-SOP,Purchase,AFT-0003,300,40.0,2026-07-29,2026-07-13,Decrease,4,Sales Order,SO-002029,Planned
PLAN-002212,2026-06-SOP,Production,CTL-0029,300,20.0,2026-07-29,2026-06-20,Increase,3,Forecast,2026-06-SOP,Planned
PLAN-002396,2026-06-SOP,Production,SYS-0015,100,10.0,2026-07-29,2026-06-07,Defer,2,Forecast,2026-06-SOP,Planned
PLAN-002580,2026-06-SOP,Purchase,AFT-0011,100,5.0,2026-07-29,2026-06-19,Expedite,1,Sales Order,SO-002581,Planned
PLAN-002764,2026-06-SOP,Production,CTL-0037,300,75.0,2026-07-29,2026-07-21,,5,Forecast,2026-06-SOP,Planned
PLAN-002948,2026-06-SOP,Production,SYS-0023,100,40.0,2026-07-29,2026-07-08,Decrease,4,Forecast,2026-06-SOP,Planned
PLAN-003132,2026-06-SOP,Purchase,AFT-0019,100,20.0,2026-07-29,2026-07-11,Increase,3,Sales Order,SO-003133,Planned
PLAN-003316,2026-06-SOP,Production,DRV-0005,100,10.0,2026-07-29,2026-07-07,Defer,2,Forecast,2026-06-SOP,Planned
PLAN-003500,2026-06-SOP,Production,ACT-0001,100,5.0,2026-07-29,2026-07-19,Expedite,1,Forecast,2026-06-SOP,Planned
PLAN-003684,2026-06-SOP,Purchase,AFT-0027,300,75.0,2026-07-29,2026-06-26,,5,Sales Order,SO-003685,Planned
PLAN-003868,2026-06-SOP,Production,DRV-0013,100,40.0,2026-07-29,2026-06-13,Decrease,4,Forecast,2026-06-SOP,Planned
PLAN-004052,2026-06-SOP,Production,ACT-0009,100,20.0,2026-07-29,2026-06-25,Increase,3,Forecast,2026-06-SOP,Planned
PLAN-004236,2026-06-SOP,Purchase,AFT-0035,100,10.0,2026-07-29,2026-06-02,Defer,2,Sales Order,SO-004237,Planned
PLAN-004420,2026-06-SOP,Production,DRV-0021,100,5.0,2026-07-29,2026-07-14,Expedite,1,Forecast,2026-06-SOP,Planned
PLAN-004604,2026-06-SOP,Production,ACT-0017,100,75.0,2026-07-29,2026-06-01,,5,Forecast,2026-06-SOP,Planned
PLAN-004788,2026-06-SOP,Purchase,AFT-0043,100,40.0,2026-07-29,2026-07-11,Decrease,4,Sales Order,SO-004789,Planned
PLAN-004972,2026-06-SOP,Production,DRV-0029,100,20.0,2026-07-29,2026-06-20,Increase,3,Forecast,2026-06-SOP,Planned
PLAN-000083,2026-06-SOP,Production,CTL-0038,300,40.0,2026-07-30,2026-07-19,Decrease,4,Forecast,2026-06-SOP,Planned
PLAN-000267,2026-06-SOP,Production,SYS-0024,300,20.0,2026-07-30,2026-07-06,Increase,3,Sales Order,SO-000268,Planned
PLAN-000451,2026-06-SOP,Purchase,AFT-0020,100,10.0,2026-07-30,2026-07-18,Defer,2,Forecast,2026-06-SOP,Planned
PLAN-000635,2026-06-SOP,Production,DRV-0006,200,5.0,2026-07-30,2026-07-05,Expedite,1,Forecast,2026-06-SOP,Planned
PLAN-000819,2026-06-SOP,Production,ACT-0002,200,75.0,2026-07-30,2026-07-17,,5,Sales Order,SO-000820,Planned
PLAN-001003,2026-06-SOP,Purchase,AFT-0028,100,40.0,2026-07-30,2026-07-12,Decrease,4,Forecast,2026-06-SOP,Planned
PLAN-001187,2026-06-SOP,Production,DRV-0014,200,20.0,2026-07-30,2026-06-11,Increase,3,Forecast,2026-06-SOP,Planned
PLAN-001371,2026-06-SOP,Production,ACT-0010,200,10.0,2026-07-30,2026-06-23,Defer,2,Sales Order,SO-001372,Planned
PLAN-001555,2026-06-SOP,Purchase,AFT-0036,300,5.0,2026-07-30,2026-05-31,Expedite,1,Forecast,2026-06-SOP,Planned
PLAN-001739,2026-06-SOP,Production,DRV-0022,200,75.0,2026-07-30,2026-07-12,,5,Forecast,2026-06-SOP,Planned
PLAN-001923,2026-06-SOP,Production,ACT-0018,200,40.0,2026-07-30,2026-05-30,Decrease,4,Sales Order,SO-001924,Planned
PLAN-002107,2026-06-SOP,Purchase,AFT-0044,100,20.0,2026-07-30,2026-07-01,Increase,3,Forecast,2026-06-SOP,Planned
PLAN-002291,2026-06-SOP,Production,DRV-0030,200,10.0,2026-07-30,2026-06-18,Defer,2,Forecast,2026-06-SOP,Planned
PLAN-002475,2026-06-SOP,Production,ACT-0026,200,5.0,2026-07-30,2026-06-30,Expedite,1,Sales Order,SO-002476,Planned
PLAN-002659,2026-06-SOP,Purchase,AFT-0052,100,75.0,2026-07-30,2026-07-12,,5,Forecast,2026-06-SOP,Planned
PLAN-002843,2026-06-SOP,Production,DRV-0038,200,40.0,2026-07-30,2026-07-19,Decrease,4,Forecast,2026-06-SOP,Planned
PLAN-003027,2026-06-SOP,Production,ACT-0034,200,20.0,2026-07-30,2026-06-06,Increase,3,Sales Order,SO-003028,Planned
PLAN-003211,2026-06-SOP,Purchase,AFT-0060,300,10.0,2026-07-30,2026-07-08,Defer,2,Forecast,2026-06-SOP,Planned
PLAN-003395,2026-06-SOP,Production,DRV-0046,200,5.0,2026-07-30,2026-06-25,Expedite,1,Forecast,2026-06-SOP,Planned
PLAN-003579,2026-06-SOP,Production,ACT-0042,200,75.0,2026-07-30,2026-07-07,,5,Sales Order,SO-003580,Planned
PLAN-003763,2026-06-SOP,Production,CTL-0008,300,40.0,2026-07-30,2026-06-29,Decrease,4,Forecast,2026-06-SOP,Planned
PLAN-003947,2026-06-SOP,Production,DRV-0054,200,20.0,2026-07-30,2026-06-01,Increase,3,Forecast,2026-06-SOP,Planned
PLAN-004131,2026-06-SOP,Production,ACT-0050,200,10.0,2026-07-30,2026-06-13,Defer,2,Sales Order,SO-004132,Planned
PLAN-004315,2026-06-SOP,Production,CTL-0016,300,5.0,2026-07-30,2026-06-05,Expedite,1,Forecast,2026-06-SOP,Planned
PLAN-004499,2026-06-SOP,Production,SYS-0002,300,75.0,2026-07-30,2026-07-17,,5,Forecast,2026-06-SOP,Planned
PLAN-004683,2026-06-SOP,Production,ACT-0058,200,40.0,2026-07-30,2026-07-14,Decrease,4,Sales Order,SO-004684,Planned
PLAN-004867,2026-06-SOP,Production,CTL-0024,300,20.0,2026-07-30,2026-07-06,Increase,3,Forecast,2026-06-SOP,Planned
PLAN-000162,2026-06-SOP,Production,DRV-0039,100,20.0,2026-07-31,2026-07-17,Increase,3,Sales Order,SO-000163,Planned
PLAN-000346,2026-06-SOP,Production,ACT-0035,100,10.0,2026-07-31,2026-06-04,Defer,2,Forecast,2026-06-SOP,Planned
PLAN-000530,2026-06-SOP,Production,CTL-0001,300,5.0,2026-07-31,2026-07-21,Expedite,1,Forecast,2026-06-SOP,Planned
PLAN-000714,2026-06-SOP,Production,DRV-0047,100,75.0,2026-07-31,2026-06-23,,5,Sales Order,SO-000715,Planned
PLAN-000898,2026-06-SOP,Production,ACT-0043,100,40.0,2026-07-31,2026-07-05,Decrease,4,Forecast,2026-06-SOP,Planned
PLAN-001082,2026-06-SOP,Production,CTL-0009,300,20.0,2026-07-31,2026-06-27,Increase,3,Forecast,2026-06-SOP,Planned
PLAN-001266,2026-06-SOP,Production,DRV-0055,100,10.0,2026-07-31,2026-07-24,Defer,2,Sales Order,SO-001267,Planned
PLAN-001450,2026-06-SOP,Production,ACT-0051,100,5.0,2026-07-31,2026-06-11,Expedite,1,Forecast,2026-06-SOP,Planned
PLAN-001634,2026-06-SOP,Production,CTL-0017,300,75.0,2026-07-31,2026-06-03,,5,Forecast,2026-06-SOP,Planned
PLAN-001818,2026-06-SOP,Production,SYS-0003,100,40.0,2026-07-31,2026-07-15,Decrease,4,Sales Order,SO-001819,Planned
PLAN-002002,2026-06-SOP,Production,ACT-0059,100,20.0,2026-07-31,2026-07-12,Increase,3,Forecast,2026-06-SOP,Planned
PLAN-002186,2026-06-SOP,Production,CTL-0025,300,10.0,2026-07-31,2026-07-04,Defer,2,Forecast,2026-06-SOP,Planned
PLAN-002370,2026-06-SOP,Production,SYS-0011,100,5.0,2026-07-31,2026-06-21,Expedite,1,Sales Order,SO-002371,Planned
PLAN-002554,2026-06-SOP,Purchase,AFT-0007,100,75.0,2026-07-31,2026-07-13,,5,Forecast,2026-06-SOP,Planned
PLAN-002738,2026-06-SOP,Production,CTL-0033,300,40.0,2026-07-31,2026-06-10,Decrease,4,Forecast,2026-06-SOP,Planned
PLAN-002922,2026-06-SOP,Production,SYS-0019,100,20.0,2026-07-31,2026-07-22,Increase,3,Sales Order,SO-002923,Planned
PLAN-003106,2026-06-SOP,Purchase,AFT-0015,300,10.0,2026-07-31,2026-06-09,Defer,2,Forecast,2026-06-SOP,Planned
PLAN-003290,2026-06-SOP,Production,DRV-0001,100,5.0,2026-07-31,2026-07-21,Expedite,1,Forecast,2026-06-SOP,Planned
PLAN-003474,2026-06-SOP,Production,SYS-0027,100,75.0,2026-07-31,2026-06-28,,5,Sales Order,SO-003475,Planned
PLAN-003658,2026-06-SOP,Purchase,AFT-0023,100,40.0,2026-07-31,2026-07-10,Decrease,4,Forecast,2026-06-SOP,Planned
PLAN-003842,2026-06-SOP,Production,DRV-0009,100,20.0,2026-07-31,2026-06-27,Increase,3,Forecast,2026-06-SOP,Planned
PLAN-004026,2026-06-SOP,Production,ACT-0005,100,10.0,2026-07-31,2026-07-09,Defer,2,Sales Order,SO-004027,Planned
PLAN-004210,2026-06-SOP,Purchase,AFT-0031,100,5.0,2026-07-31,2026-07-13,Expedite,1,Forecast,2026-06-SOP,Planned
PLAN-004394,2026-06-SOP,Production,DRV-0017,100,75.0,2026-07-31,2026-06-03,,5,Forecast,2026-06-SOP,Planned
PLAN-004578,2026-06-SOP,Production,ACT-0013,100,40.0,2026-07-31,2026-06-15,Decrease,4,Sales Order,SO-004579,Planned
PLAN-004762,2026-06-SOP,Purchase,AFT-0039,300,20.0,2026-07-31,2026-07-17,Increase,3,Forecast,2026-06-SOP,Planned
PLAN-004946,2026-06-SOP,Production,DRV-0025,100,10.0,2026-07-31,2026-07-04,Defer,2,Forecast,2026-06-SOP,Planned
PLAN-000057,2026-06-SOP,Production,CTL-0034,300,20.0,2026-08-01,2026-06-08,Increase,3,Sales Order,SO-000058,Planned
PLAN-000241,2026-06-SOP,Production,SYS-0020,300,10.0,2026-08-01,2026-07-20,Defer,2,Forecast,2026-06-SOP,Planned
PLAN-000425,2026-06-SOP,Purchase,AFT-0016,100,5.0,2026-08-01,2026-07-14,Expedite,1,Forecast,2026-06-SOP,Planned
PLAN-000609,2026-06-SOP,Production,DRV-0002,200,75.0,2026-08-01,2026-07-19,,5,Sales Order,SO-000610,Planned
PLAN-000793,2026-06-SOP,Production,SYS-0028,300,40.0,2026-08-01,2026-06-26,Decrease,4,Forecast,2026-06-SOP,Planned
PLAN-000977,2026-06-SOP,Purchase,AFT-0024,300,20.0,2026-08-01,2026-07-08,Increase,3,Forecast,2026-06-SOP,Planned
PLAN-001161,2026-06-SOP,Production,DRV-0010,200,10.0,2026-08-01,2026-06-25,Defer,2,Sales Order,SO-001162,Planned
PLAN-001345,2026-06-SOP,Production,ACT-0006,200,5.0,2026-08-01,2026-07-07,Expedite,1,Forecast,2026-06-SOP,Planned
PLAN-001529,2026-06-SOP,Purchase,AFT-0032,100,75.0,2026-08-01,2026-06-14,,5,Forecast,2026-06-SOP,Planned
PLAN-001713,2026-06-SOP,Production,DRV-0018,200,40.0,2026-08-01,2026-06-01,Decrease,4,Sales Order,SO-001714,Planned
PLAN-001897,2026-06-SOP,Production,ACT-0014,200,20.0,2026-08-01,2026-06-13,Increase,3,Forecast,2026-06-SOP,Planned
PLAN-002081,2026-06-SOP,Purchase,AFT-0040,100,10.0,2026-08-01,2026-07-14,Defer,2,Forecast,2026-06-SOP,Planned
PLAN-002265,2026-06-SOP,Production,DRV-0026,200,5.0,2026-08-01,2026-07-02,Expedite,1,Sales Order,SO-002266,Planned
PLAN-002449,2026-06-SOP,Production,ACT-0022,200,75.0,2026-08-01,2026-07-14,,5,Forecast,2026-06-SOP,Planned
PLAN-002633,2026-06-SOP,Purchase,AFT-0048,300,40.0,2026-08-01,2026-06-21,Decrease,4,Forecast,2026-06-SOP,Planned
PLAN-002817,2026-06-SOP,Production,DRV-0034,200,20.0,2026-08-01,2026-06-08,Increase,3,Sales Order,SO-002818,Planned
PLAN-003001,2026-06-SOP,Production,ACT-0030,200,10.0,2026-08-01,2026-06-20,Defer,2,Forecast,2026-06-SOP,Planned
PLAN-003185,2026-06-SOP,Purchase,AFT-0056,100,5.0,2026-08-01,2026-07-22,Expedite,1,Forecast,2026-06-SOP,Planned
PLAN-003369,2026-06-SOP,Production,DRV-0042,200,75.0,2026-08-01,2026-07-09,,5,Sales Order,SO-003370,Planned
PLAN-003553,2026-06-SOP,Production,ACT-0038,200,40.0,2026-08-01,2026-07-21,Decrease,4,Forecast,2026-06-SOP,Planned
PLAN-003737,2026-06-SOP,Production,CTL-0004,300,20.0,2026-08-01,2026-07-13,Increase,3,Forecast,2026-06-SOP,Planned
PLAN-003921,2026-06-SOP,Production,DRV-0050,200,10.0,2026-08-01,2026-06-15,Defer,2,Sales Order,SO-003922,Planned
PLAN-004105,2026-06-SOP,Production,ACT-0046,200,5.0,2026-08-01,2026-06-27,Expedite,1,Forecast,2026-06-SOP,Planned
PLAN-004289,2026-06-SOP,Production,CTL-0012,300,75.0,2026-08-01,2026-06-19,,5,Forecast,2026-06-SOP,Planned
PLAN-004473,2026-06-SOP,Production,DRV-0058,200,40.0,2026-08-01,2026-07-16,Decrease,4,Sales Order,SO-004474,Planned
PLAN-004657,2026-06-SOP,Production,ACT-0054,200,20.0,2026-08-01,2026-06-03,Increase,3,Forecast,2026-06-SOP,Planned
PLAN-004841,2026-06-SOP,Production,CTL-0020,300,10.0,2026-08-01,2026-07-20,Defer,2,Forecast,2026-06-SOP,Planned
PLAN-000136,2026-06-SOP,Production,DRV-0035,100,10.0,2026-08-02,2026-06-06,Defer,2,Forecast,2026-06-SOP,Planned
PLAN-000320,2026-06-SOP,Production,ACT-0031,100,5.0,2026-08-02,2026-06-18,Expedite,1,Forecast,2026-06-SOP,Planned
PLAN-000504,2026-06-SOP,Purchase,AFT-0057,300,75.0,2026-08-02,2026-07-20,,5,Sales Order,SO-000505,Planned
PLAN-000688,2026-06-SOP,Production,DRV-0043,100,40.0,2026-08-02,2026-07-07,Decrease,4,Forecast,2026-06-SOP,Planned
PLAN-000872,2026-06-SOP,Production,ACT-0039,100,20.0,2026-08-02,2026-07-19,Increase,3,Forecast,2026-06-SOP,Planned
PLAN-001056,2026-06-SOP,Production,CTL-0005,300,10.0,2026-08-02,2026-07-11,Defer,2,Sales Order,SO-001057,Planned
PLAN-001240,2026-06-SOP,Production,DRV-0051,100,5.0,2026-08-02,2026-06-13,Expedite,1,Forecast,2026-06-SOP,Planned
PLAN-001424,2026-06-SOP,Production,ACT-0047,100,75.0,2026-08-02,2026-06-25,,5,Forecast,2026-06-SOP,Planned
PLAN-001608,2026-06-SOP,Production,CTL-0013,300,40.0,2026-08-02,2026-06-17,Decrease,4,Sales Order,SO-001609,Planned
PLAN-001792,2026-06-SOP,Production,DRV-0059,100,20.0,2026-08-02,2026-07-14,Increase,3,Forecast,2026-06-SOP,Planned
PLAN-001976,2026-06-SOP,Production,ACT-0055,100,10.0,2026-08-02,2026-07-26,Defer,2,Forecast,2026-06-SOP,Planned
PLAN-002160,2026-06-SOP,Production,CTL-0021,300,5.0,2026-08-02,2026-07-18,Expedite,1,Sales Order,SO-002161,Planned
PLAN-002344,2026-06-SOP,Production,SYS-0007,100,75.0,2026-08-02,2026-07-05,,5,Forecast,2026-06-SOP,Planned
PLAN-002528,2026-06-SOP,Purchase,AFT-0003,300,40.0,2026-08-02,2026-07-17,Decrease,4,Forecast,2026-06-SOP,Planned
PLAN-002712,2026-06-SOP,Production,CTL-0029,300,20.0,2026-08-02,2026-06-24,Increase,3,Sales Order,SO-002713,Planned
PLAN-002896,2026-06-SOP,Production,SYS-0015,100,10.0,2026-08-02,2026-06-11,Defer,2,Forecast,2026-06-SOP,Planned
PLAN-003080,2026-06-SOP,Purchase,AFT-0011,100,5.0,2026-08-02,2026-06-23,Expedite,1,Forecast,2026-06-SOP,Planned
PLAN-003264,2026-06-SOP,Production,CTL-0037,300,75.0,2026-08-02,2026-07-25,,5,Sales Order,SO-003265,Planned
PLAN-003448,2026-06-SOP,Production,SYS-0023,100,40.0,2026-08-02,2026-07-12,Decrease,4,Forecast,2026-06-SOP,Planned
PLAN-003632,2026-06-SOP,Purchase,AFT-0019,100,20.0,2026-08-02,2026-07-15,Increase,3,Forecast,2026-06-SOP,Planned
PLAN-003816,2026-06-SOP,Production,DRV-0005,100,10.0,2026-08-02,2026-07-11,Defer,2,Sales Order,SO-003817,Planned
PLAN-004000,2026-06-SOP,Production,ACT-0001,100,5.0,2026-08-02,2026-07-23,Expedite,1,Forecast,2026-06-SOP,Planned
PLAN-004184,2026-06-SOP,Purchase,AFT-0027,300,75.0,2026-08-02,2026-06-30,,5,Forecast,2026-06-SOP,Planned
PLAN-004368,2026-06-SOP,Production,DRV-0013,100,40.0,2026-08-02,2026-06-17,Decrease,4,Sales Order,SO-004369,Planned
PLAN-004552,2026-06-SOP,Production,ACT-0009,100,20.0,2026-08-02,2026-06-29,Increase,3,Forecast,2026-06-SOP,Planned
PLAN-004736,2026-06-SOP,Purchase,AFT-0035,100,10.0,2026-08-02,2026-06-06,Defer,2,Forecast,2026-06-SOP,Planned
PLAN-004920,2026-06-SOP,Production,DRV-0021,100,5.0,2026-08-02,2026-07-18,Expedite,1,Sales Order,SO-004921,Planned
PLAN-000031,2026-06-SOP,Production,CTL-0030,300,10.0,2026-08-03,2026-06-22,Defer,2,Forecast,2026-06-SOP,Planned
PLAN-000215,2026-06-SOP,Production,SYS-0016,300,5.0,2026-08-03,2026-06-09,Expedite,1,Forecast,2026-06-SOP,Planned
PLAN-000399,2026-06-SOP,Purchase,AFT-0012,300,75.0,2026-08-03,2026-06-21,,5,Sales Order,SO-000400,Planned
PLAN-000583,2026-06-SOP,Production,CTL-0038,300,40.0,2026-08-03,2026-07-23,Decrease,4,Forecast,2026-06-SOP,Planned
PLAN-000767,2026-06-SOP,Production,SYS-0024,300,20.0,2026-08-03,2026-07-10,Increase,3,Forecast,2026-06-SOP,Planned
PLAN-000951,2026-06-SOP,Purchase,AFT-0020,100,10.0,2026-08-03,2026-07-22,Defer,2,Sales Order,SO-000952,Planned
PLAN-001135,2026-06-SOP,Production,DRV-0006,200,5.0,2026-08-03,2026-07-09,Expedite,1,Forecast,2026-06-SOP,Planned
PLAN-001319,2026-06-SOP,Production,ACT-0002,200,75.0,2026-08-03,2026-07-21,,5,Forecast,2026-06-SOP,Planned
PLAN-001503,2026-06-SOP,Purchase,AFT-0028,100,40.0,2026-08-03,2026-07-16,Decrease,4,Sales Order,SO-001504,Planned
PLAN-001687,2026-06-SOP,Production,DRV-0014,200,20.0,2026-08-03,2026-06-15,Increase,3,Forecast,2026-06-SOP,Planned
PLAN-001871,2026-06-SOP,Production,ACT-0010,200,10.0,2026-08-03,2026-06-27,Defer,2,Forecast,2026-06-SOP,Planned
PLAN-002055,2026-06-SOP,Purchase,AFT-0036,300,5.0,2026-08-03,2026-06-04,Expedite,1,Sales Order,SO-002056,Planned
PLAN-002239,2026-06-SOP,Production,DRV-0022,200,75.0,2026-08-03,2026-07-16,,5,Forecast,2026-06-SOP,Planned
PLAN-002423,2026-06-SOP,Production,ACT-0018,200,40.0,2026-08-03,2026-06-03,Decrease,4,Forecast,2026-06-SOP,Planned
PLAN-002607,2026-06-SOP,Purchase,AFT-0044,100,20.0,2026-08-03,2026-07-05,Increase,3,Sales Order,SO-002608,Planned
PLAN-002791,2026-06-SOP,Production,DRV-0030,200,10.0,2026-08-03,2026-06-22,Defer,2,Forecast,2026-06-SOP,Planned
PLAN-002975,2026-06-SOP,Production,ACT-0026,200,5.0,2026-08-03,2026-07-04,Expedite,1,Forecast,2026-06-SOP,Planned
PLAN-003159,2026-06-SOP,Purchase,AFT-0052,100,75.0,2026-08-03,2026-07-16,,5,Sales Order,SO-003160,Planned
PLAN-003343,2026-06-SOP,Production,DRV-0038,200,40.0,2026-08-03,2026-07-23,Decrease,4,Forecast,2026-06-SOP,Planned
PLAN-003527,2026-06-SOP,Production,ACT-0034,200,20.0,2026-08-03,2026-06-10,Increase,3,Forecast,2026-06-SOP,Planned
PLAN-003711,2026-06-SOP,Purchase,AFT-0060,300,10.0,2026-08-03,2026-07-12,Defer,2,Sales Order,SO-003712,Planned
PLAN-003895,2026-06-SOP,Production,DRV-0046,200,5.0,2026-08-03,2026-06-29,Expedite,1,Forecast,2026-06-SOP,Planned
PLAN-004079,2026-06-SOP,Production,ACT-0042,200,75.0,2026-08-03,2026-07-11,,5,Forecast,2026-06-SOP,Planned
PLAN-004263,2026-06-SOP,Production,CTL-0008,300,40.0,2026-08-03,2026-07-03,Decrease,4,Sales Order,SO-004264,Planned
PLAN-004447,2026-06-SOP,Production,DRV-0054,200,20.0,2026-08-03,2026-06-05,Increase,3,Forecast,2026-06-SOP,Planned
PLAN-004631,2026-06-SOP,Production,ACT-0050,200,10.0,2026-08-03,2026-06-17,Defer,2,Forecast,2026-06-SOP,Planned
PLAN-004815,2026-06-SOP,Production,CTL-0016,300,5.0,2026-08-03,2026-06-09,Expedite,1,Sales Order,SO-004816,Planned
PLAN-004999,2026-06-SOP,Production,SYS-0002,300,75.0,2026-08-03,2026-07-21,,5,Forecast,2026-06-SOP,Planned
PLAN-000110,2026-06-SOP,Production,DRV-0031,100,5.0,2026-08-04,2026-06-20,Expedite,1,Forecast,2026-06-SOP,Planned
PLAN-000294,2026-06-SOP,Production,ACT-0027,100,75.0,2026-08-04,2026-07-02,,5,Sales Order,SO-000295,Planned
PLAN-000478,2026-06-SOP,Purchase,AFT-0053,100,40.0,2026-08-04,2026-06-09,Decrease,4,Forecast,2026-06-SOP,Planned
PLAN-000662,2026-06-SOP,Production,DRV-0039,100,20.0,2026-08-04,2026-07-21,Increase,3,Forecast,2026-06-SOP,Planned
PLAN-000846,2026-06-SOP,Production,ACT-0035,100,10.0,2026-08-04,2026-06-08,Defer,2,Sales Order,SO-000847,Planned
PLAN-001030,2026-06-SOP,Production,CTL-0001,300,5.0,2026-08-04,2026-07-25,Expedite,1,Forecast,2026-06-SOP,Planned
PLAN-001214,2026-06-SOP,Production,DRV-0047,100,75.0,2026-08-04,2026-06-27,,5,Forecast,2026-06-SOP,Planned
PLAN-001398,2026-06-SOP,Production,ACT-0043,100,40.0,2026-08-04,2026-07-09,Decrease,4,Sales Order,SO-001399,Planned
PLAN-001582,2026-06-SOP,Production,CTL-0009,300,20.0,2026-08-04,2026-07-01,Increase,3,Forecast,2026-06-SOP,Planned
PLAN-001766,2026-06-SOP,Production,DRV-0055,100,10.0,2026-08-04,2026-07-28,Defer,2,Forecast,2026-06-SOP,Planned
PLAN-001950,2026-06-SOP,Production,ACT-0051,100,5.0,2026-08-04,2026-06-15,Expedite,1,Sales Order,SO-001951,Planned
PLAN-002134,2026-06-SOP,Production,CTL-0017,300,75.0,2026-08-04,2026-06-07,,5,Forecast,2026-06-SOP,Planned
PLAN-002318,2026-06-SOP,Production,SYS-0003,100,40.0,2026-08-04,2026-07-19,Decrease,4,Forecast,2026-06-SOP,Planned
PLAN-002502,2026-06-SOP,Production,ACT-0059,100,20.0,2026-08-04,2026-07-16,Increase,3,Sales Order,SO-002503,Planned
PLAN-002686,2026-06-SOP,Production,CTL-0025,300,10.0,2026-08-04,2026-07-08,Defer,2,Forecast,2026-06-SOP,Planned
PLAN-002870,2026-06-SOP,Production,SYS-0011,100,5.0,2026-08-04,2026-06-25,Expedite,1,Forecast,2026-06-SOP,Planned
PLAN-003054,2026-06-SOP,Purchase,AFT-0007,100,75.0,2026-08-04,2026-07-17,,5,Sales Order,SO-003055,Planned
PLAN-003238,2026-06-SOP,Production,CTL-0033,300,40.0,2026-08-04,2026-06-14,Decrease,4,Forecast,2026-06-SOP,Planned
PLAN-003422,2026-06-SOP,Production,SYS-0019,100,20.0,2026-08-04,2026-07-26,Increase,3,Forecast,2026-06-SOP,Planned
PLAN-003606,2026-06-SOP,Purchase,AFT-0015,300,10.0,2026-08-04,2026-06-13,Defer,2,Sales Order,SO-003607,Planned
PLAN-003790,2026-06-SOP,Production,DRV-0001,100,5.0,2026-08-04,2026-07-25,Expedite,1,Forecast,2026-06-SOP,Planned
PLAN-003974,2026-06-SOP,Production,SYS-0027,100,75.0,2026-08-04,2026-07-02,,5,Forecast,2026-06-SOP,Planned
PLAN-004158,2026-06-SOP,Purchase,AFT-0023,100,40.0,2026-08-04,2026-07-14,Decrease,4,Sales Order,SO-004159,Planned
PLAN-004342,2026-06-SOP,Production,DRV-0009,100,20.0,2026-08-04,2026-07-01,Increase,3,Forecast,2026-06-SOP,Planned
PLAN-004526,2026-06-SOP,Production,ACT-0005,100,10.0,2026-08-04,2026-07-13,Defer,2,Forecast,2026-06-SOP,Planned
PLAN-004710,2026-06-SOP,Purchase,AFT-0031,100,5.0,2026-08-04,2026-07-17,Expedite,1,Sales Order,SO-004711,Planned
PLAN-004894,2026-06-SOP,Production,DRV-0017,100,75.0,2026-08-04,2026-06-07,,5,Forecast,2026-06-SOP,Planned
PLAN-000005,2026-06-SOP,Production,CTL-0026,300,5.0,2026-08-05,2026-07-06,Expedite,1,Forecast,2026-06-SOP,Planned
PLAN-000189,2026-06-SOP,Production,SYS-0012,300,75.0,2026-08-05,2026-06-23,,5,Sales Order,SO-000190,Planned
PLAN-000373,2026-06-SOP,Purchase,AFT-0008,100,40.0,2026-08-05,2026-07-05,Decrease,4,Forecast,2026-06-SOP,Planned
PLAN-000557,2026-06-SOP,Production,CTL-0034,300,20.0,2026-08-05,2026-06-12,Increase,3,Forecast,2026-06-SOP,Planned
PLAN-000741,2026-06-SOP,Production,SYS-0020,300,10.0,2026-08-05,2026-07-24,Defer,2,Sales Order,SO-000742,Planned
PLAN-000925,2026-06-SOP,Purchase,AFT-0016,100,5.0,2026-08-05,2026-07-18,Expedite,1,Forecast,2026-06-SOP,Planned
PLAN-001109,2026-06-SOP,Production,DRV-0002,200,75.0,2026-08-05,2026-07-23,,5,Forecast,2026-06-SOP,Planned
PLAN-001293,2026-06-SOP,Production,SYS-0028,300,40.0,2026-08-05,2026-06-30,Decrease,4,Sales Order,SO-001294,Planned
PLAN-001477,2026-06-SOP,Purchase,AFT-0024,300,20.0,2026-08-05,2026-07-12,Increase,3,Forecast,2026-06-SOP,Planned
PLAN-001661,2026-06-SOP,Production,DRV-0010,200,10.0,2026-08-05,2026-06-29,Defer,2,Forecast,2026-06-SOP,Planned
PLAN-001845,2026-06-SOP,Production,ACT-0006,200,5.0,2026-08-05,2026-07-11,Expedite,1,Sales Order,SO-001846,Planned
PLAN-002029,2026-06-SOP,Purchase,AFT-0032,100,75.0,2026-08-05,2026-06-18,,5,Forecast,2026-06-SOP,Planned
PLAN-002213,2026-06-SOP,Production,DRV-0018,200,40.0,2026-08-05,2026-06-05,Decrease,4,Forecast,2026-06-SOP,Planned
PLAN-002397,2026-06-SOP,Production,ACT-0014,200,20.0,2026-08-05,2026-06-17,Increase,3,Sales Order,SO-002398,Planned
PLAN-002581,2026-06-SOP,Purchase,AFT-0040,100,10.0,2026-08-05,2026-07-18,Defer,2,Forecast,2026-06-SOP,Planned
PLAN-002765,2026-06-SOP,Production,DRV-0026,200,5.0,2026-08-05,2026-07-06,Expedite,1,Forecast,2026-06-SOP,Planned
PLAN-002949,2026-06-SOP,Production,ACT-0022,200,75.0,2026-08-05,2026-07-18,,5,Sales Order,SO-002950,Planned
PLAN-003133,2026-06-SOP,Purchase,AFT-0048,300,40.0,2026-08-05,2026-06-25,Decrease,4,Forecast,2026-06-SOP,Planned
PLAN-003317,2026-06-SOP,Production,DRV-0034,200,20.0,2026-08-05,2026-06-12,Increase,3,Forecast,2026-06-SOP,Planned
PLAN-003501,2026-06-SOP,Production,ACT-0030,200,10.0,2026-08-05,2026-06-24,Defer,2,Sales Order,SO-003502,Planned
PLAN-003685,2026-06-SOP,Purchase,AFT-0056,100,5.0,2026-08-05,2026-07-26,Expedite,1,Forecast,2026-06-SOP,Planned
PLAN-003869,2026-06-SOP,Production,DRV-0042,200,75.0,2026-08-05,2026-07-13,,5,Forecast,2026-06-SOP,Planned
PLAN-004053,2026-06-SOP,Production,ACT-0038,200,40.0,2026-08-05,2026-07-25,Decrease,4,Sales Order,SO-004054,Planned
PLAN-004237,2026-06-SOP,Production,CTL-0004,300,20.0,2026-08-05,2026-07-17,Increase,3,Forecast,2026-06-SOP,Planned
PLAN-004421,2026-06-SOP,Production,DRV-0050,200,10.0,2026-08-05,2026-06-19,Defer,2,Forecast,2026-06-SOP,Planned
PLAN-004605,2026-06-SOP,Production,ACT-0046,200,5.0,2026-08-05,2026-07-01,Expedite,1,Sales Order,SO-004606,Planned
PLAN-004789,2026-06-SOP,Production,CTL-0012,300,75.0,2026-08-05,2026-06-23,,5,Forecast,2026-06-SOP,Planned
PLAN-004973,2026-06-SOP,Production,DRV-0058,200,40.0,2026-08-05,2026-07-20,Decrease,4,Forecast,2026-06-SOP,Planned
PLAN-000084,2026-06-SOP,Production,DRV-0027,100,75.0,2026-08-06,2026-07-04,,5,Sales Order,SO-000085,Planned
PLAN-000268,2026-06-SOP,Production,ACT-0023,100,40.0,2026-08-06,2026-07-16,Decrease,4,Forecast,2026-06-SOP,Planned
PLAN-000452,2026-06-SOP,Purchase,AFT-0049,100,20.0,2026-08-06,2026-07-19,Increase,3,Forecast,2026-06-SOP,Planned
PLAN-000636,2026-06-SOP,Production,DRV-0035,100,10.0,2026-08-06,2026-06-10,Defer,2,Sales Order,SO-000637,Planned
PLAN-000820,2026-06-SOP,Production,ACT-0031,100,5.0,2026-08-06,2026-06-22,Expedite,1,Forecast,2026-06-SOP,Planned
PLAN-001004,2026-06-SOP,Purchase,AFT-0057,300,75.0,2026-08-06,2026-07-24,,5,Forecast,2026-06-SOP,Planned
PLAN-001188,2026-06-SOP,Production,DRV-0043,100,40.0,2026-08-06,2026-07-11,Decrease,4,Sales Order,SO-001189,Planned
PLAN-001372,2026-06-SOP,Production,ACT-0039,100,20.0,2026-08-06,2026-07-23,Increase,3,Forecast,2026-06-SOP,Planned
PLAN-001556,2026-06-SOP,Production,CTL-0005,300,10.0,2026-08-06,2026-07-15,Defer,2,Forecast,2026-06-SOP,Planned
PLAN-001740,2026-06-SOP,Production,DRV-0051,100,5.0,2026-08-06,2026-06-17,Expedite,1,Sales Order,SO-001741,Planned
PLAN-001924,2026-06-SOP,Production,ACT-0047,100,75.0,2026-08-06,2026-06-29,,5,Forecast,2026-06-SOP,Planned
PLAN-002108,2026-06-SOP,Production,CTL-0013,300,40.0,2026-08-06,2026-06-21,Decrease,4,Forecast,2026-06-SOP,Planned
PLAN-002292,2026-06-SOP,Production,DRV-0059,100,20.0,2026-08-06,2026-07-18,Increase,3,Sales Order,SO-002293,Planned
PLAN-002476,2026-06-SOP,Production,ACT-0055,100,10.0,2026-08-06,2026-07-30,Defer,2,Forecast,2026-06-SOP,Planned
PLAN-002660,2026-06-SOP,Production,CTL-0021,300,5.0,2026-08-06,2026-07-22,Expedite,1,Forecast,2026-06-SOP,Planned
PLAN-002844,2026-06-SOP,Production,SYS-0007,100,75.0,2026-08-06,2026-07-09,,5,Sales Order,SO-002845,Planned
PLAN-003028,2026-06-SOP,Purchase,AFT-0003,300,40.0,2026-08-06,2026-07-21,Decrease,4,Forecast,2026-06-SOP,Planned
PLAN-003212,2026-06-SOP,Production,CTL-0029,300,20.0,2026-08-06,2026-06-28,Increase,3,Forecast,2026-06-SOP,Planned
PLAN-003396,2026-06-SOP,Production,SYS-0015,100,10.0,2026-08-06,2026-06-15,Defer,2,Sales Order,SO-003397,Planned
PLAN-003580,2026-06-SOP,Purchase,AFT-0011,100,5.0,2026-08-06,2026-06-27,Expedite,1,Forecast,2026-06-SOP,Planned
PLAN-003764,2026-06-SOP,Production,CTL-0037,300,75.0,2026-08-06,2026-07-29,,5,Forecast,2026-06-SOP,Planned
PLAN-003948,2026-06-SOP,Production,SYS-0023,100,40.0,2026-08-06,2026-07-16,Decrease,4,Sales Order,SO-003949,Planned
PLAN-004132,2026-06-SOP,Purchase,AFT-0019,100,20.0,2026-08-06,2026-07-19,Increase,3,Forecast,2026-06-SOP,Planned
PLAN-004316,2026-06-SOP,Production,DRV-0005,100,10.0,2026-08-06,2026-07-15,Defer,2,Forecast,2026-06-SOP,Planned
PLAN-004500,2026-06-SOP,Production,ACT-0001,100,5.0,2026-08-06,2026-07-27,Expedite,1,Sales Order,SO-004501,Planned
PLAN-004684,2026-06-SOP,Purchase,AFT-0027,300,75.0,2026-08-06,2026-07-04,,5,Forecast,2026-06-SOP,Planned
PLAN-004868,2026-06-SOP,Production,DRV-0013,100,40.0,2026-08-06,2026-06-21,Decrease,4,Forecast,2026-06-SOP,Planned
PLAN-000163,2026-06-SOP,Production,SYS-0008,300,40.0,2026-08-07,2026-07-07,Decrease,4,Forecast,2026-06-SOP,Planned
PLAN-000347,2026-06-SOP,Purchase,AFT-0004,100,20.0,2026-08-07,2026-07-20,Increase,3,Forecast,2026-06-SOP,Planned
PLAN-000531,2026-06-SOP,Production,CTL-0030,300,10.0,2026-08-07,2026-06-26,Defer,2,Sales Order,SO-000532,Planned
PLAN-000715,2026-06-SOP,Production,SYS-0016,300,5.0,2026-08-07,2026-06-13,Expedite,1,Forecast,2026-06-SOP,Planned
PLAN-000899,2026-06-SOP,Purchase,AFT-0012,300,75.0,2026-08-07,2026-06-25,,5,Forecast,2026-06-SOP,Planned
PLAN-001083,2026-06-SOP,Production,CTL-0038,300,40.0,2026-08-07,2026-07-27,Decrease,4,Sales Order,SO-001084,Planned
PLAN-001267,2026-06-SOP,Production,SYS-0024,300,20.0,2026-08-07,2026-07-14,Increase,3,Forecast,2026-06-SOP,Planned
PLAN-001451,2026-06-SOP,Purchase,AFT-0020,100,10.0,2026-08-07,2026-07-26,Defer,2,Forecast,2026-06-SOP,Planned
PLAN-001635,2026-06-SOP,Production,DRV-0006,200,5.0,2026-08-07,2026-07-13,Expedite,1,Sales Order,SO-001636,Planned
PLAN-001819,2026-06-SOP,Production,ACT-0002,200,75.0,2026-08-07,2026-07-25,,5,Forecast,2026-06-SOP,Planned
PLAN-002003,2026-06-SOP,Purchase,AFT-0028,100,40.0,2026-08-07,2026-07-20,Decrease,4,Forecast,2026-06-SOP,Planned
PLAN-002187,2026-06-SOP,Production,DRV-0014,200,20.0,2026-08-07,2026-06-19,Increase,3,Sales Order,SO-002188,Planned
PLAN-002371,2026-06-SOP,Production,ACT-0010,200,10.0,2026-08-07,2026-07-01,Defer,2,Forecast,2026-06-SOP,Planned
PLAN-002555,2026-06-SOP,Purchase,AFT-0036,300,5.0,2026-08-07,2026-06-08,Expedite,1,Forecast,2026-06-SOP,Planned
PLAN-002739,2026-06-SOP,Production,DRV-0022,200,75.0,2026-08-07,2026-07-20,,5,Sales Order,SO-002740,Planned
PLAN-002923,2026-06-SOP,Production,ACT-0018,200,40.0,2026-08-07,2026-06-07,Decrease,4,Forecast,2026-06-SOP,Planned
PLAN-003107,2026-06-SOP,Purchase,AFT-0044,100,20.0,2026-08-07,2026-07-09,Increase,3,Forecast,2026-06-SOP,Planned
PLAN-003291,2026-06-SOP,Production,DRV-0030,200,10.0,2026-08-07,2026-06-26,Defer,2,Sales Order,SO-003292,Planned
PLAN-003475,2026-06-SOP,Production,ACT-0026,200,5.0,2026-08-07,2026-07-08,Expedite,1,Forecast,2026-06-SOP,Planned
PLAN-003659,2026-06-SOP,Purchase,AFT-0052,100,75.0,2026-08-07,2026-07-20,,5,Forecast,2026-06-SOP,Planned
PLAN-003843,2026-06-SOP,Production,DRV-0038,200,40.0,2026-08-07,2026-07-27,Decrease,4,Sales Order,SO-003844,Planned
PLAN-004027,2026-06-SOP,Production,ACT-0034,200,20.0,2026-08-07,2026-06-14,Increase,3,Forecast,2026-06-SOP,Planned
PLAN-004211,2026-06-SOP,Purchase,AFT-0060,300,10.0,2026-08-07,2026-07-16,Defer,2,Forecast,2026-06-SOP,Planned
PLAN-004395,2026-06-SOP,Production,DRV-0046,200,5.0,2026-08-07,2026-07-03,Expedite,1,Sales Order,SO-004396,Planned
PLAN-004579,2026-06-SOP,Production,ACT-0042,200,75.0,2026-08-07,2026-07-15,,5,Forecast,2026-06-SOP,Planned
PLAN-004763,2026-06-SOP,Production,CTL-0008,300,40.0,2026-08-07,2026-07-07,Decrease,4,Forecast,2026-06-SOP,Planned
PLAN-004947,2026-06-SOP,Production,DRV-0054,200,20.0,2026-08-07,2026-06-09,Increase,3,Sales Order,SO-004948,Planned
PLAN-000058,2026-06-SOP,Production,DRV-0023,100,40.0,2026-08-08,2026-07-18,Decrease,4,Forecast,2026-06-SOP,Planned
PLAN-000242,2026-06-SOP,Production,ACT-0019,100,20.0,2026-08-08,2026-07-30,Increase,3,Forecast,2026-06-SOP,Planned
PLAN-000426,2026-06-SOP,Purchase,AFT-0045,300,10.0,2026-08-08,2026-07-07,Defer,2,Sales Order,SO-000427,Planned
PLAN-000610,2026-06-SOP,Production,DRV-0031,100,5.0,2026-08-08,2026-06-24,Expedite,1,Forecast,2026-06-SOP,Planned
PLAN-000794,2026-06-SOP,Production,ACT-0027,100,75.0,2026-08-08,2026-07-06,,5,Forecast,2026-06-SOP,Planned
PLAN-000978,2026-06-SOP,Purchase,AFT-0053,100,40.0,2026-08-08,2026-06-13,Decrease,4,Sales Order,SO-000979,Planned
PLAN-001162,2026-06-SOP,Production,DRV-0039,100,20.0,2026-08-08,2026-07-25,Increase,3,Forecast,2026-06-SOP,Planned
PLAN-001346,2026-06-SOP,Production,ACT-0035,100,10.0,2026-08-08,2026-06-12,Defer,2,Forecast,2026-06-SOP,Planned
PLAN-001530,2026-06-SOP,Production,CTL-0001,300,5.0,2026-08-08,2026-07-29,Expedite,1,Sales Order,SO-001531,Planned
PLAN-001714,2026-06-SOP,Production,DRV-0047,100,75.0,2026-08-08,2026-07-01,,5,Forecast,2026-06-SOP,Planned
PLAN-001898,2026-06-SOP,Production,ACT-0043,100,40.0,2026-08-08,2026-07-13,Decrease,4,Forecast,2026-06-SOP,Planned
PLAN-002082,2026-06-SOP,Production,CTL-0009,300,20.0,2026-08-08,2026-07-05,Increase,3,Sales Order,SO-002083,Planned
PLAN-002266,2026-06-SOP,Production,DRV-0055,100,10.0,2026-08-08,2026-08-01,Defer,2,Forecast,2026-06-SOP,Planned
PLAN-002450,2026-06-SOP,Production,ACT-0051,100,5.0,2026-08-08,2026-06-19,Expedite,1,Forecast,2026-06-SOP,Planned
PLAN-002634,2026-06-SOP,Production,CTL-0017,300,75.0,2026-08-08,2026-06-11,,5,Sales Order,SO-002635,Planned
PLAN-002818,2026-06-SOP,Production,SYS-0003,100,40.0,2026-08-08,2026-07-23,Decrease,4,Forecast,2026-06-SOP,Planned
PLAN-003002,2026-06-SOP,Production,ACT-0059,100,20.0,2026-08-08,2026-07-20,Increase,3,Forecast,2026-06-SOP,Planned
PLAN-003186,2026-06-SOP,Production,CTL-0025,300,10.0,2026-08-08,2026-07-12,Defer,2,Sales Order,SO-003187,Planned
PLAN-003370,2026-06-SOP,Production,SYS-0011,100,5.0,2026-08-08,2026-06-29,Expedite,1,Forecast,2026-06-SOP,Planned
PLAN-003554,2026-06-SOP,Purchase,AFT-0007,100,75.0,2026-08-08,2026-07-21,,5,Forecast,2026-06-SOP,Planned
PLAN-003738,2026-06-SOP,Production,CTL-0033,300,40.0,2026-08-08,2026-06-18,Decrease,4,Sales Order,SO-003739,Planned
PLAN-003922,2026-06-SOP,Production,SYS-0019,100,20.0,2026-08-08,2026-07-30,Increase,3,Forecast,2026-06-SOP,Planned
PLAN-004106,2026-06-SOP,Purchase,AFT-0015,300,10.0,2026-08-08,2026-06-17,Defer,2,Forecast,2026-06-SOP,Planned
PLAN-004290,2026-06-SOP,Production,DRV-0001,100,5.0,2026-08-08,2026-07-29,Expedite,1,Sales Order,SO-004291,Planned
PLAN-004474,2026-06-SOP,Production,SYS-0027,100,75.0,2026-08-08,2026-07-06,,5,Forecast,2026-06-SOP,Planned
PLAN-004658,2026-06-SOP,Purchase,AFT-0023,100,40.0,2026-08-08,2026-07-18,Decrease,4,Forecast,2026-06-SOP,Planned
PLAN-004842,2026-06-SOP,Production,DRV-0009,100,20.0,2026-08-08,2026-07-05,Increase,3,Sales Order,SO-004843,Planned
PLAN-000137,2026-06-SOP,Production,SYS-0004,300,20.0,2026-08-09,2026-07-21,Increase,3,Forecast,2026-06-SOP,Planned
PLAN-000321,2026-06-SOP,Production,ACT-0060,200,10.0,2026-08-09,2026-07-18,Defer,2,Sales Order,SO-000322,Planned
PLAN-000505,2026-06-SOP,Production,CTL-0026,300,5.0,2026-08-09,2026-07-10,Expedite,1,Forecast,2026-06-SOP,Planned
PLAN-000689,2026-06-SOP,Production,SYS-0012,300,75.0,2026-08-09,2026-06-27,,5,Forecast,2026-06-SOP,Planned
PLAN-000873,2026-06-SOP,Purchase,AFT-0008,100,40.0,2026-08-09,2026-07-09,Decrease,4,Sales Order,SO-000874,Planned
PLAN-001057,2026-06-SOP,Production,CTL-0034,300,20.0,2026-08-09,2026-06-16,Increase,3,Forecast,2026-06-SOP,Planned
PLAN-001241,2026-06-SOP,Production,SYS-0020,300,10.0,2026-08-09,2026-07-28,Defer,2,Forecast,2026-06-SOP,Planned
PLAN-001425,2026-06-SOP,Purchase,AFT-0016,100,5.0,2026-08-09,2026-07-22,Expedite,1,Sales Order,SO-001426,Planned
PLAN-001609,2026-06-SOP,Production,DRV-0002,200,75.0,2026-08-09,2026-07-27,,5,Forecast,2026-06-SOP,Planned
PLAN-001793,2026-06-SOP,Production,SYS-0028,300,40.0,2026-08-09,2026-07-04,Decrease,4,Forecast,2026-06-SOP,Planned
PLAN-001977,2026-06-SOP,Purchase,AFT-0024,300,20.0,2026-08-09,2026-07-16,Increase,3,Sales Order,SO-001978,Planned
PLAN-002161,2026-06-SOP,Production,DRV-0010,200,10.0,2026-08-09,2026-07-03,Defer,2,Forecast,2026-06-SOP,Planned
PLAN-002345,2026-06-SOP,Production,ACT-0006,200,5.0,2026-08-09,2026-07-15,Expedite,1,Forecast,2026-06-SOP,Planned
PLAN-002529,2026-06-SOP,Purchase,AFT-0032,100,75.0,2026-08-09,2026-06-22,,5,Sales Order,SO-002530,Planned
PLAN-002713,2026-06-SOP,Production,DRV-0018,200,40.0,2026-08-09,2026-06-09,Decrease,4,Forecast,2026-06-SOP,Planned
PLAN-002897,2026-06-SOP,Production,ACT-0014,200,20.0,2026-08-09,2026-06-21,Increase,3,Forecast,2026-06-SOP,Planned
PLAN-003081,2026-06-SOP,Purchase,AFT-0040,100,10.0,2026-08-09,2026-07-22,Defer,2,Sales Order,SO-003082,Planned
PLAN-003265,2026-06-SOP,Production,DRV-0026,200,5.0,2026-08-09,2026-07-10,Expedite,1,Forecast,2026-06-SOP,Planned
PLAN-003449,2026-06-SOP,Production,ACT-0022,200,75.0,2026-08-09,2026-07-22,,5,Forecast,2026-06-SOP,Planned
PLAN-003633,2026-06-SOP,Purchase,AFT-0048,300,40.0,2026-08-09,2026-06-29,Decrease,4,Sales Order,SO-003634,Planned
PLAN-003817,2026-06-SOP,Production,DRV-0034,200,20.0,2026-08-09,2026-06-16,Increase,3,Forecast,2026-06-SOP,Planned
PLAN-004001,2026-06-SOP,Production,ACT-0030,200,10.0,2026-08-09,2026-06-28,Defer,2,Forecast,2026-06-SOP,Planned
PLAN-004185,2026-06-SOP,Purchase,AFT-0056,100,5.0,2026-08-09,2026-07-30,Expedite,1,Sales Order,SO-004186,Planned
PLAN-004369,2026-06-SOP,Production,DRV-0042,200,75.0,2026-08-09,2026-07-17,,5,Forecast,2026-06-SOP,Planned
PLAN-004553,2026-06-SOP,Production,ACT-0038,200,40.0,2026-08-09,2026-07-29,Decrease,4,Forecast,2026-06-SOP,Planned
PLAN-004737,2026-06-SOP,Production,CTL-0004,300,20.0,2026-08-09,2026-07-21,Increase,3,Sales Order,SO-004738,Planned
PLAN-004921,2026-06-SOP,Production,DRV-0050,200,10.0,2026-08-09,2026-06-23,Defer,2,Forecast,2026-06-SOP,Planned
PLAN-000032,2026-06-SOP,Production,DRV-0019,100,20.0,2026-08-10,2026-08-01,Increase,3,Forecast,2026-06-SOP,Planned
PLAN-000216,2026-06-SOP,Production,ACT-0015,100,10.0,2026-08-10,2026-06-19,Defer,2,Sales Order,SO-000217,Planned
PLAN-000400,2026-06-SOP,Purchase,AFT-0041,100,5.0,2026-08-10,2026-07-21,Expedite,1,Forecast,2026-06-SOP,Planned
PLAN-000584,2026-06-SOP,Production,DRV-0027,100,75.0,2026-08-10,2026-07-08,,5,Forecast,2026-06-SOP,Planned
PLAN-000768,2026-06-SOP,Production,ACT-0023,100,40.0,2026-08-10,2026-07-20,Decrease,4,Sales Order,SO-000769,Planned
PLAN-000952,2026-06-SOP,Purchase,AFT-0049,100,20.0,2026-08-10,2026-07-23,Increase,3,Forecast,2026-06-SOP,Planned
PLAN-001136,2026-06-SOP,Production,DRV-0035,100,10.0,2026-08-10,2026-06-14,Defer,2,Forecast,2026-06-SOP,Planned
PLAN-001320,2026-06-SOP,Production,ACT-0031,100,5.0,2026-08-10,2026-06-26,Expedite,1,Sales Order,SO-001321,Planned
PLAN-001504,2026-06-SOP,Purchase,AFT-0057,300,75.0,2026-08-10,2026-07-28,,5,Forecast,2026-06-SOP,Planned
PLAN-001688,2026-06-SOP,Production,DRV-0043,100,40.0,2026-08-10,2026-07-15,Decrease,4,Forecast,2026-06-SOP,Planned
PLAN-001872,2026-06-SOP,Production,ACT-0039,100,20.0,2026-08-10,2026-07-27,Increase,3,Sales Order,SO-001873,Planned
PLAN-002056,2026-06-SOP,Production,CTL-0005,300,10.0,2026-08-10,2026-07-19,Defer,2,Forecast,2026-06-SOP,Planned
PLAN-002240,2026-06-SOP,Production,DRV-0051,100,5.0,2026-08-10,2026-06-21,Expedite,1,Forecast,2026-06-SOP,Planned
PLAN-002424,2026-06-SOP,Production,ACT-0047,100,75.0,2026-08-10,2026-07-03,,5,Sales Order,SO-002425,Planned
PLAN-002608,2026-06-SOP,Production,CTL-0013,300,40.0,2026-08-10,2026-06-25,Decrease,4,Forecast,2026-06-SOP,Planned
PLAN-002792,2026-06-SOP,Production,DRV-0059,100,20.0,2026-08-10,2026-07-22,Increase,3,Forecast,2026-06-SOP,Planned
PLAN-002976,2026-06-SOP,Production,ACT-0055,100,10.0,2026-08-10,2026-08-03,Defer,2,Sales Order,SO-002977,Planned
PLAN-003160,2026-06-SOP,Production,CTL-0021,300,5.0,2026-08-10,2026-07-26,Expedite,1,Forecast,2026-06-SOP,Planned
PLAN-003344,2026-06-SOP,Production,SYS-0007,100,75.0,2026-08-10,2026-07-13,,5,Forecast,2026-06-SOP,Planned
PLAN-003528,2026-06-SOP,Purchase,AFT-0003,300,40.0,2026-08-10,2026-07-25,Decrease,4,Sales Order,SO-003529,Planned
PLAN-003712,2026-06-SOP,Production,CTL-0029,300,20.0,2026-08-10,2026-07-02,Increase,3,Forecast,2026-06-SOP,Planned
PLAN-003896,2026-06-SOP,Production,SYS-0015,100,10.0,2026-08-10,2026-06-19,Defer,2,Forecast,2026-06-SOP,Planned
PLAN-004080,2026-06-SOP,Purchase,AFT-0011,100,5.0,2026-08-10,2026-07-01,Expedite,1,Sales Order,SO-004081,Planned
PLAN-004264,2026-06-SOP,Production,CTL-0037,300,75.0,2026-08-10,2026-08-02,,5,Forecast,2026-06-SOP,Planned
PLAN-004448,2026-06-SOP,Production,SYS-0023,100,40.0,2026-08-10,2026-07-20,Decrease,4,Forecast,2026-06-SOP,Planned
PLAN-004632,2026-06-SOP,Purchase,AFT-0019,100,20.0,2026-08-10,2026-07-23,Increase,3,Sales Order,SO-004633,Planned
PLAN-004816,2026-06-SOP,Production,DRV-0005,100,10.0,2026-08-10,2026-07-19,Defer,2,Forecast,2026-06-SOP,Planned
PLAN-005000,2026-06-SOP,Production,ACT-0001,100,5.0,2026-08-10,2026-07-31,Expedite,1,Forecast,2026-06-SOP,Planned
PLAN-000111,2026-06-SOP,Production,DRV-0060,200,10.0,2026-08-11,2026-07-20,Defer,2,Sales Order,SO-000112,Planned
PLAN-000295,2026-06-SOP,Production,ACT-0056,200,5.0,2026-08-11,2026-08-01,Expedite,1,Forecast,2026-06-SOP,Planned
PLAN-000479,2026-06-SOP,Production,CTL-0022,300,75.0,2026-08-11,2026-07-24,,5,Forecast,2026-06-SOP,Planned
PLAN-000663,2026-06-SOP,Production,SYS-0008,300,40.0,2026-08-11,2026-07-11,Decrease,4,Sales Order,SO-000664,Planned
PLAN-000847,2026-06-SOP,Purchase,AFT-0004,100,20.0,2026-08-11,2026-07-24,Increase,3,Forecast,2026-06-SOP,Planned
PLAN-001031,2026-06-SOP,Production,CTL-0030,300,10.0,2026-08-11,2026-06-30,Defer,2,Forecast,2026-06-SOP,Planned
PLAN-001215,2026-06-SOP,Production,SYS-0016,300,5.0,2026-08-11,2026-06-17,Expedite,1,Sales Order,SO-001216,Planned
PLAN-001399,2026-06-SOP,Purchase,AFT-0012,300,75.0,2026-08-11,2026-06-29,,5,Forecast,2026-06-SOP,Planned
PLAN-001583,2026-06-SOP,Production,CTL-0038,300,40.0,2026-08-11,2026-07-31,Decrease,4,Forecast,2026-06-SOP,Planned
PLAN-001767,2026-06-SOP,Production,SYS-0024,300,20.0,2026-08-11,2026-07-18,Increase,3,Sales Order,SO-001768,Planned
PLAN-001951,2026-06-SOP,Purchase,AFT-0020,100,10.0,2026-08-11,2026-07-30,Defer,2,Forecast,2026-06-SOP,Planned
PLAN-002135,2026-06-SOP,Production,DRV-0006,200,5.0,2026-08-11,2026-07-17,Expedite,1,Forecast,2026-06-SOP,Planned
PLAN-002319,2026-06-SOP,Production,ACT-0002,200,75.0,2026-08-11,2026-07-29,,5,Sales Order,SO-002320,Planned
PLAN-002503,2026-06-SOP,Purchase,AFT-0028,100,40.0,2026-08-11,2026-07-24,Decrease,4,Forecast,2026-06-SOP,Planned
PLAN-002687,2026-06-SOP,Production,DRV-0014,200,20.0,2026-08-11,2026-06-23,Increase,3,Forecast,2026-06-SOP,Planned
PLAN-002871,2026-06-SOP,Production,ACT-0010,200,10.0,2026-08-11,2026-07-05,Defer,2,Sales Order,SO-002872,Planned
PLAN-003055,2026-06-SOP,Purchase,AFT-0036,300,5.0,2026-08-11,2026-06-12,Expedite,1,Forecast,2026-06-SOP,Planned
PLAN-003239,2026-06-SOP,Production,DRV-0022,200,75.0,2026-08-11,2026-07-24,,5,Forecast,2026-06-SOP,Planned
PLAN-003423,2026-06-SOP,Production,ACT-0018,200,40.0,2026-08-11,2026-06-11,Decrease,4,Sales Order,SO-003424,Planned
PLAN-003607,2026-06-SOP,Purchase,AFT-0044,100,20.0,2026-08-11,2026-07-13,Increase,3,Forecast,2026-06-SOP,Planned
PLAN-003791,2026-06-SOP,Production,DRV-0030,200,10.0,2026-08-11,2026-06-30,Defer,2,Forecast,2026-06-SOP,Planned
PLAN-003975,2026-06-SOP,Production,ACT-0026,200,5.0,2026-08-11,2026-07-12,Expedite,1,Sales Order,SO-003976,Planned
PLAN-004159,2026-06-SOP,Purchase,AFT-0052,100,75.0,2026-08-11,2026-07-24,,5,Forecast,2026-06-SOP,Planned
PLAN-004343,2026-06-SOP,Production,DRV-0038,200,40.0,2026-08-11,2026-07-31,Decrease,4,Forecast,2026-06-SOP,Planned
PLAN-004527,2026-06-SOP,Production,ACT-0034,200,20.0,2026-08-11,2026-06-18,Increase,3,Sales Order,SO-004528,Planned
PLAN-004711,2026-06-SOP,Purchase,AFT-0060,300,10.0,2026-08-11,2026-07-20,Defer,2,Forecast,2026-06-SOP,Planned
PLAN-004895,2026-06-SOP,Production,DRV-0046,200,5.0,2026-08-11,2026-07-07,Expedite,1,Forecast,2026-06-SOP,Planned
PLAN-000006,2026-06-SOP,Production,DRV-0015,100,10.0,2026-08-12,2026-06-21,Defer,2,Sales Order,SO-000007,Planned
PLAN-000190,2026-06-SOP,Production,ACT-0011,100,5.0,2026-08-12,2026-07-03,Expedite,1,Forecast,2026-06-SOP,Planned
PLAN-000374,2026-06-SOP,Purchase,AFT-0037,100,75.0,2026-08-12,2026-07-25,,5,Forecast,2026-06-SOP,Planned
PLAN-000558,2026-06-SOP,Production,DRV-0023,100,40.0,2026-08-12,2026-07-22,Decrease,4,Sales Order,SO-000559,Planned
PLAN-000742,2026-06-SOP,Production,ACT-0019,100,20.0,2026-08-12,2026-08-03,Increase,3,Forecast,2026-06-SOP,Planned
PLAN-000926,2026-06-SOP,Purchase,AFT-0045,300,10.0,2026-08-12,2026-07-11,Defer,2,Forecast,2026-06-SOP,Planned
PLAN-001110,2026-06-SOP,Production,DRV-0031,100,5.0,2026-08-12,2026-06-28,Expedite,1,Sales Order,SO-001111,Planned
PLAN-001294,2026-06-SOP,Production,ACT-0027,100,75.0,2026-08-12,2026-07-10,,5,Forecast,2026-06-SOP,Planned
PLAN-001478,2026-06-SOP,Purchase,AFT-0053,100,40.0,2026-08-12,2026-06-17,Decrease,4,Forecast,2026-06-SOP,Planned
PLAN-001662,2026-06-SOP,Production,DRV-0039,100,20.0,2026-08-12,2026-07-29,Increase,3,Sales Order,SO-001663,Planned
PLAN-001846,2026-06-SOP,Production,ACT-0035,100,10.0,2026-08-12,2026-06-16,Defer,2,Forecast,2026-06-SOP,Planned
PLAN-002030,2026-06-SOP,Production,CTL-0001,300,5.0,2026-08-12,2026-08-02,Expedite,1,Forecast,2026-06-SOP,Planned
PLAN-002214,2026-06-SOP,Production,DRV-0047,100,75.0,2026-08-12,2026-07-05,,5,Sales Order,SO-002215,Planned
PLAN-002398,2026-06-SOP,Production,ACT-0043,100,40.0,2026-08-12,2026-07-17,Decrease,4,Forecast,2026-06-SOP,Planned
PLAN-002582,2026-06-SOP,Production,CTL-0009,300,20.0,2026-08-12,2026-07-09,Increase,3,Forecast,2026-06-SOP,Planned
PLAN-002766,2026-06-SOP,Production,DRV-0055,100,10.0,2026-08-12,2026-08-05,Defer,2,Sales Order,SO-002767,Planned
PLAN-002950,2026-06-SOP,Production,ACT-0051,100,5.0,2026-08-12,2026-06-23,Expedite,1,Forecast,2026-06-SOP,Planned
PLAN-003134,2026-06-SOP,Production,CTL-0017,300,75.0,2026-08-12,2026-06-15,,5,Forecast,2026-06-SOP,Planned
PLAN-003318,2026-06-SOP,Production,SYS-0003,100,40.0,2026-08-12,2026-07-27,Decrease,4,Sales Order,SO-003319,Planned
PLAN-003502,2026-06-SOP,Production,ACT-0059,100,20.0,2026-08-12,2026-07-24,Increase,3,Forecast,2026-06-SOP,Planned
PLAN-003686,2026-06-SOP,Production,CTL-0025,300,10.0,2026-08-12,2026-07-16,Defer,2,Forecast,2026-06-SOP,Planned
PLAN-003870,2026-06-SOP,Production,SYS-0011,100,5.0,2026-08-12,2026-07-03,Expedite,1,Sales Order,SO-003871,Planned
PLAN-004054,2026-06-SOP,Purchase,AFT-0007,100,75.0,2026-08-12,2026-07-25,,5,Forecast,2026-06-SOP,Planned
PLAN-004238,2026-06-SOP,Production,CTL-0033,300,40.0,2026-08-12,2026-06-22,Decrease,4,Forecast,2026-06-SOP,Planned
PLAN-004422,2026-06-SOP,Production,SYS-0019,100,20.0,2026-08-12,2026-08-03,Increase,3,Sales Order,SO-004423,Planned
PLAN-004606,2026-06-SOP,Purchase,AFT-0015,300,10.0,2026-08-12,2026-06-21,Defer,2,Forecast,2026-06-SOP,Planned
PLAN-004790,2026-06-SOP,Production,DRV-0001,100,5.0,2026-08-12,2026-08-02,Expedite,1,Forecast,2026-06-SOP,Planned
PLAN-004974,2026-06-SOP,Production,SYS-0027,100,75.0,2026-08-12,2026-07-10,,5,Sales Order,SO-004975,Planned
PLAN-000085,2026-06-SOP,Production,DRV-0056,200,5.0,2026-08-13,2026-08-03,Expedite,1,Forecast,2026-06-SOP,Planned
PLAN-000269,2026-06-SOP,Production,ACT-0052,200,75.0,2026-08-13,2026-06-21,,5,Forecast,2026-06-SOP,Planned
PLAN-000453,2026-06-SOP,Production,CTL-0018,300,40.0,2026-08-13,2026-06-13,Decrease,4,Sales Order,SO-000454,Planned
PLAN-000637,2026-06-SOP,Production,SYS-0004,300,20.0,2026-08-13,2026-07-25,Increase,3,Forecast,2026-06-SOP,Planned
PLAN-000821,2026-06-SOP,Production,ACT-0060,200,10.0,2026-08-13,2026-07-22,Defer,2,Forecast,2026-06-SOP,Planned
PLAN-001005,2026-06-SOP,Production,CTL-0026,300,5.0,2026-08-13,2026-07-14,Expedite,1,Sales Order,SO-001006,Planned
PLAN-001189,2026-06-SOP,Production,SYS-0012,300,75.0,2026-08-13,2026-07-01,,5,Forecast,2026-06-SOP,Planned
PLAN-001373,2026-06-SOP,Purchase,AFT-0008,100,40.0,2026-08-13,2026-07-13,Decrease,4,Forecast,2026-06-SOP,Planned
PLAN-001557,2026-06-SOP,Production,CTL-0034,300,20.0,2026-08-13,2026-06-20,Increase,3,Sales Order,SO-001558,Planned
PLAN-001741,2026-06-SOP,Production,SYS-0020,300,10.0,2026-08-13,2026-08-01,Defer,2,Forecast,2026-06-SOP,Planned
PLAN-001925,2026-06-SOP,Purchase,AFT-0016,100,5.0,2026-08-13,2026-07-26,Expedite,1,Forecast,2026-06-SOP,Planned
PLAN-002109,2026-06-SOP,Production,DRV-0002,200,75.0,2026-08-13,2026-07-31,,5,Sales Order,SO-002110,Planned
PLAN-002293,2026-06-SOP,Production,SYS-0028,300,40.0,2026-08-13,2026-07-08,Decrease,4,Forecast,2026-06-SOP,Planned
PLAN-002477,2026-06-SOP,Purchase,AFT-0024,300,20.0,2026-08-13,2026-07-20,Increase,3,Forecast,2026-06-SOP,Planned
PLAN-002661,2026-06-SOP,Production,DRV-0010,200,10.0,2026-08-13,2026-07-07,Defer,2,Sales Order,SO-002662,Planned
PLAN-002845,2026-06-SOP,Production,ACT-0006,200,5.0,2026-08-13,2026-07-19,Expedite,1,Forecast,2026-06-SOP,Planned
PLAN-003029,2026-06-SOP,Purchase,AFT-0032,100,75.0,2026-08-13,2026-06-26,,5,Forecast,2026-06-SOP,Planned
PLAN-003213,2026-06-SOP,Production,DRV-0018,200,40.0,2026-08-13,2026-06-13,Decrease,4,Sales Order,SO-003214,Planned
PLAN-003397,2026-06-SOP,Production,ACT-0014,200,20.0,2026-08-13,2026-06-25,Increase,3,Forecast,2026-06-SOP,Planned
PLAN-003581,2026-06-SOP,Purchase,AFT-0040,100,10.0,2026-08-13,2026-07-26,Defer,2,Forecast,2026-06-SOP,Planned
PLAN-003765,2026-06-SOP,Production,DRV-0026,200,5.0,2026-08-13,2026-07-14,Expedite,1,Sales Order,SO-003766,Planned
PLAN-003949,2026-06-SOP,Production,ACT-0022,200,75.0,2026-08-13,2026-07-26,,5,Forecast,2026-06-SOP,Planned
PLAN-004133,2026-06-SOP,Purchase,AFT-0048,300,40.0,2026-08-13,2026-07-03,Decrease,4,Forecast,2026-06-SOP,Planned
PLAN-004317,2026-06-SOP,Production,DRV-0034,200,20.0,2026-08-13,2026-06-20,Increase,3,Sales Order,SO-004318,Planned
PLAN-004501,2026-06-SOP,Production,ACT-0030,200,10.0,2026-08-13,2026-07-02,Defer,2,Forecast,2026-06-SOP,Planned
PLAN-004685,2026-06-SOP,Purchase,AFT-0056,100,5.0,2026-08-13,2026-08-03,Expedite,1,Forecast,2026-06-SOP,Planned
PLAN-004869,2026-06-SOP,Production,DRV-0042,200,75.0,2026-08-13,2026-07-21,,5,Sales Order,SO-004870,Planned
PLAN-000164,2026-06-SOP,Production,ACT-0007,100,75.0,2026-08-14,2026-07-17,,5,Forecast,2026-06-SOP,Planned
PLAN-000348,2026-06-SOP,Purchase,AFT-0033,300,40.0,2026-08-14,2026-06-24,Decrease,4,Sales Order,SO-000349,Planned
PLAN-000532,2026-06-SOP,Production,DRV-0019,100,20.0,2026-08-14,2026-08-05,Increase,3,Forecast,2026-06-SOP,Planned
PLAN-000716,2026-06-SOP,Production,ACT-0015,100,10.0,2026-08-14,2026-06-23,Defer,2,Forecast,2026-06-SOP,Planned
PLAN-000900,2026-06-SOP,Purchase,AFT-0041,100,5.0,2026-08-14,2026-07-25,Expedite,1,Sales Order,SO-000901,Planned
PLAN-001084,2026-06-SOP,Production,DRV-0027,100,75.0,2026-08-14,2026-07-12,,5,Forecast,2026-06-SOP,Planned
PLAN-001268,2026-06-SOP,Production,ACT-0023,100,40.0,2026-08-14,2026-07-24,Decrease,4,Forecast,2026-06-SOP,Planned
PLAN-001452,2026-06-SOP,Purchase,AFT-0049,100,20.0,2026-08-14,2026-07-27,Increase,3,Sales Order,SO-001453,Planned
PLAN-001636,2026-06-SOP,Production,DRV-0035,100,10.0,2026-08-14,2026-06-18,Defer,2,Forecast,2026-06-SOP,Planned
PLAN-001820,2026-06-SOP,Production,ACT-0031,100,5.0,2026-08-14,2026-06-30,Expedite,1,Forecast,2026-06-SOP,Planned
PLAN-002004,2026-06-SOP,Purchase,AFT-0057,300,75.0,2026-08-14,2026-08-01,,5,Sales Order,SO-002005,Planned
PLAN-002188,2026-06-SOP,Production,DRV-0043,100,40.0,2026-08-14,2026-07-19,Decrease,4,Forecast,2026-06-SOP,Planned
PLAN-002372,2026-06-SOP,Production,ACT-0039,100,20.0,2026-08-14,2026-07-31,Increase,3,Forecast,2026-06-SOP,Planned
PLAN-002556,2026-06-SOP,Production,CTL-0005,300,10.0,2026-08-14,2026-07-23,Defer,2,Sales Order,SO-002557,Planned
PLAN-002740,2026-06-SOP,Production,DRV-0051,100,5.0,2026-08-14,2026-06-25,Expedite,1,Forecast,2026-06-SOP,Planned
PLAN-002924,2026-06-SOP,Production,ACT-0047,100,75.0,2026-08-14,2026-07-07,,5,Forecast,2026-06-SOP,Planned
PLAN-003108,2026-06-SOP,Production,CTL-0013,300,40.0,2026-08-14,2026-06-29,Decrease,4,Sales Order,SO-003109,Planned
PLAN-003292,2026-06-SOP,Production,DRV-0059,100,20.0,2026-08-14,2026-07-26,Increase,3,Forecast,2026-06-SOP,Planned
PLAN-003476,2026-06-SOP,Production,ACT-0055,100,10.0,2026-08-14,2026-08-07,Defer,2,Forecast,2026-06-SOP,Planned
PLAN-003660,2026-06-SOP,Production,CTL-0021,300,5.0,2026-08-14,2026-07-30,Expedite,1,Sales Order,SO-003661,Planned
PLAN-003844,2026-06-SOP,Production,SYS-0007,100,75.0,2026-08-14,2026-07-17,,5,Forecast,2026-06-SOP,Planned
PLAN-004028,2026-06-SOP,Purchase,AFT-0003,300,40.0,2026-08-14,2026-07-29,Decrease,4,Forecast,2026-06-SOP,Planned
PLAN-004212,2026-06-SOP,Production,CTL-0029,300,20.0,2026-08-14,2026-07-06,Increase,3,Sales Order,SO-004213,Planned
PLAN-004396,2026-06-SOP,Production,SYS-0015,100,10.0,2026-08-14,2026-06-23,Defer,2,Forecast,2026-06-SOP,Planned
PLAN-004580,2026-06-SOP,Purchase,AFT-0011,100,5.0,2026-08-14,2026-07-05,Expedite,1,Forecast,2026-06-SOP,Planned
PLAN-004764,2026-06-SOP,Production,CTL-0037,300,75.0,2026-08-14,2026-08-06,,5,Sales Order,SO-004765,Planned
PLAN-004948,2026-06-SOP,Production,SYS-0023,100,40.0,2026-08-14,2026-07-24,Decrease,4,Forecast,2026-06-SOP,Planned
PLAN-000059,2026-06-SOP,Production,DRV-0052,200,75.0,2026-08-15,2026-06-23,,5,Forecast,2026-06-SOP,Planned
PLAN-000243,2026-06-SOP,Production,ACT-0048,200,40.0,2026-08-15,2026-07-05,Decrease,4,Sales Order,SO-000244,Planned
PLAN-000427,2026-06-SOP,Production,CTL-0014,300,20.0,2026-08-15,2026-06-27,Increase,3,Forecast,2026-06-SOP,Planned
PLAN-000611,2026-06-SOP,Production,DRV-0060,200,10.0,2026-08-15,2026-07-24,Defer,2,Forecast,2026-06-SOP,Planned
PLAN-000795,2026-06-SOP,Production,ACT-0056,200,5.0,2026-08-15,2026-08-05,Expedite,1,Sales Order,SO-000796,Planned
PLAN-000979,2026-06-SOP,Production,CTL-0022,300,75.0,2026-08-15,2026-07-28,,5,Forecast,2026-06-SOP,Planned
PLAN-001163,2026-06-SOP,Production,SYS-0008,300,40.0,2026-08-15,2026-07-15,Decrease,4,Forecast,2026-06-SOP,Planned
PLAN-001347,2026-06-SOP,Purchase,AFT-0004,100,20.0,2026-08-15,2026-07-28,Increase,3,Sales Order,SO-001348,Planned
PLAN-001531,2026-06-SOP,Production,CTL-0030,300,10.0,2026-08-15,2026-07-04,Defer,2,Forecast,2026-06-SOP,Planned
PLAN-001715,2026-06-SOP,Production,SYS-0016,300,5.0,2026-08-15,2026-06-21,Expedite,1,Forecast,2026-06-SOP,Planned
PLAN-001899,2026-06-SOP,Purchase,AFT-0012,300,75.0,2026-08-15,2026-07-03,,5,Sales Order,SO-001900,Planned
PLAN-002083,2026-06-SOP,Production,CTL-0038,300,40.0,2026-08-15,2026-08-04,Decrease,4,Forecast,2026-06-SOP,Planned
PLAN-002267,2026-06-SOP,Production,SYS-0024,300,20.0,2026-08-15,2026-07-22,Increase,3,Forecast,2026-06-SOP,Planned
PLAN-002451,2026-06-SOP,Purchase,AFT-0020,100,10.0,2026-08-15,2026-08-03,Defer,2,Sales Order,SO-002452,Planned
PLAN-002635,2026-06-SOP,Production,DRV-0006,200,5.0,2026-08-15,2026-07-21,Expedite,1,Forecast,2026-06-SOP,Planned
PLAN-002819,2026-06-SOP,Production,ACT-0002,200,75.0,2026-08-15,2026-08-02,,5,Forecast,2026-06-SOP,Planned
PLAN-003003,2026-06-SOP,Purchase,AFT-0028,100,40.0,2026-08-15,2026-07-28,Decrease,4,Sales Order,SO-003004,Planned
PLAN-003187,2026-06-SOP,Production,DRV-0014,200,20.0,2026-08-15,2026-06-27,Increase,3,Forecast,2026-06-SOP,Planned
PLAN-003371,2026-06-SOP,Production,ACT-0010,200,10.0,2026-08-15,2026-07-09,Defer,2,Forecast,2026-06-SOP,Planned
PLAN-003555,2026-06-SOP,Purchase,AFT-0036,300,5.0,2026-08-15,2026-06-16,Expedite,1,Sales Order,SO-003556,Planned
PLAN-003739,2026-06-SOP,Production,DRV-0022,200,75.0,2026-08-15,2026-07-28,,5,Forecast,2026-06-SOP,Planned
PLAN-003923,2026-06-SOP,Production,ACT-0018,200,40.0,2026-08-15,2026-06-15,Decrease,4,Forecast,2026-06-SOP,Planned
PLAN-004107,2026-06-SOP,Purchase,AFT-0044,100,20.0,2026-08-15,2026-07-17,Increase,3,Sales Order,SO-004108,Planned
PLAN-004291,2026-06-SOP,Production,DRV-0030,200,10.0,2026-08-15,2026-07-04,Defer,2,Forecast,2026-06-SOP,Planned
PLAN-004475,2026-06-SOP,Production,ACT-0026,200,5.0,2026-08-15,2026-07-16,Expedite,1,Forecast,2026-06-SOP,Planned
PLAN-004659,2026-06-SOP,Purchase,AFT-0052,100,75.0,2026-08-15,2026-07-28,,5,Sales Order,SO-004660,Planned
PLAN-004843,2026-06-SOP,Production,DRV-0038,200,40.0,2026-08-15,2026-08-04,Decrease,4,Forecast,2026-06-SOP,Planned
PLAN-000138,2026-06-SOP,Production,ACT-0003,100,40.0,2026-08-16,2026-07-31,Decrease,4,Sales Order,SO-000139,Planned
PLAN-000322,2026-06-SOP,Purchase,AFT-0029,100,20.0,2026-08-16,2026-07-08,Increase,3,Forecast,2026-06-SOP,Planned
PLAN-000506,2026-06-SOP,Production,DRV-0015,100,10.0,2026-08-16,2026-06-25,Defer,2,Forecast,2026-06-SOP,Planned
PLAN-000690,2026-06-SOP,Production,ACT-0011,100,5.0,2026-08-16,2026-07-07,Expedite,1,Sales Order,SO-000691,Planned
PLAN-000874,2026-06-SOP,Purchase,AFT-0037,100,75.0,2026-08-16,2026-07-29,,5,Forecast,2026-06-SOP,Planned
PLAN-001058,2026-06-SOP,Production,DRV-0023,100,40.0,2026-08-16,2026-07-26,Decrease,4,Forecast,2026-06-SOP,Planned
PLAN-001242,2026-06-SOP,Production,ACT-0019,100,20.0,2026-08-16,2026-08-07,Increase,3,Sales Order,SO-001243,Planned
PLAN-001426,2026-06-SOP,Purchase,AFT-0045,300,10.0,2026-08-16,2026-07-15,Defer,2,Forecast,2026-06-SOP,Planned
PLAN-001610,2026-06-SOP,Production,DRV-0031,100,5.0,2026-08-16,2026-07-02,Expedite,1,Forecast,2026-06-SOP,Planned
PLAN-001794,2026-06-SOP,Production,ACT-0027,100,75.0,2026-08-16,2026-07-14,,5,Sales Order,SO-001795,Planned
PLAN-001978,2026-06-SOP,Purchase,AFT-0053,100,40.0,2026-08-16,2026-06-21,Decrease,4,Forecast,2026-06-SOP,Planned
PLAN-002162,2026-06-SOP,Production,DRV-0039,100,20.0,2026-08-16,2026-08-02,Increase,3,Forecast,2026-06-SOP,Planned
PLAN-002346,2026-06-SOP,Production,ACT-0035,100,10.0,2026-08-16,2026-06-20,Defer,2,Sales Order,SO-002347,Planned
PLAN-002530,2026-06-SOP,Production,CTL-0001,300,5.0,2026-08-16,2026-08-06,Expedite,1,Forecast,2026-06-SOP,Planned
PLAN-002714,2026-06-SOP,Production,DRV-0047,100,75.0,2026-08-16,2026-07-09,,5,Forecast,2026-06-SOP,Planned
PLAN-002898,2026-06-SOP,Production,ACT-0043,100,40.0,2026-08-16,2026-07-21,Decrease,4,Sales Order,SO-002899,Planned
PLAN-003082,2026-06-SOP,Production,CTL-0009,300,20.0,2026-08-16,2026-07-13,Increase,3,Forecast,2026-06-SOP,Planned
PLAN-003266,2026-06-SOP,Production,DRV-0055,100,10.0,2026-08-16,2026-08-09,Defer,2,Forecast,2026-06-SOP,Planned
PLAN-003450,2026-06-SOP,Production,ACT-0051,100,5.0,2026-08-16,2026-06-27,Expedite,1,Sales Order,SO-003451,Planned
PLAN-003634,2026-06-SOP,Production,CTL-0017,300,75.0,2026-08-16,2026-06-19,,5,Forecast,2026-06-SOP,Planned
PLAN-003818,2026-06-SOP,Production,SYS-0003,100,40.0,2026-08-16,2026-07-31,Decrease,4,Forecast,2026-06-SOP,Planned
PLAN-004002,2026-06-SOP,Production,ACT-0059,100,20.0,2026-08-16,2026-07-28,Increase,3,Sales Order,SO-004003,Planned
PLAN-004186,2026-06-SOP,Production,CTL-0025,300,10.0,2026-08-16,2026-07-20,Defer,2,Forecast,2026-06-SOP,Planned
PLAN-004370,2026-06-SOP,Production,SYS-0011,100,5.0,2026-08-16,2026-07-07,Expedite,1,Forecast,2026-06-SOP,Planned
PLAN-004554,2026-06-SOP,Purchase,AFT-0007,100,75.0,2026-08-16,2026-07-29,,5,Sales Order,SO-004555,Planned
PLAN-004738,2026-06-SOP,Production,CTL-0033,300,40.0,2026-08-16,2026-06-26,Decrease,4,Forecast,2026-06-SOP,Planned
PLAN-004922,2026-06-SOP,Production,SYS-0019,100,20.0,2026-08-16,2026-08-07,Increase,3,Forecast,2026-06-SOP,Planned
PLAN-000033,2026-06-SOP,Production,DRV-0048,200,40.0,2026-08-17,2026-07-07,Decrease,4,Sales Order,SO-000034,Planned
PLAN-000217,2026-06-SOP,Production,ACT-0044,200,20.0,2026-08-17,2026-07-19,Increase,3,Forecast,2026-06-SOP,Planned
PLAN-000401,2026-06-SOP,Production,CTL-0010,300,10.0,2026-08-17,2026-07-11,Defer,2,Forecast,2026-06-SOP,Planned
PLAN-000585,2026-06-SOP,Production,DRV-0056,200,5.0,2026-08-17,2026-08-07,Expedite,1,Sales Order,SO-000586,Planned
PLAN-000769,2026-06-SOP,Production,ACT-0052,200,75.0,2026-08-17,2026-06-25,,5,Forecast,2026-06-SOP,Planned
PLAN-000953,2026-06-SOP,Production,CTL-0018,300,40.0,2026-08-17,2026-06-17,Decrease,4,Forecast,2026-06-SOP,Planned
PLAN-001137,2026-06-SOP,Production,SYS-0004,300,20.0,2026-08-17,2026-07-29,Increase,3,Sales Order,SO-001138,Planned
PLAN-001321,2026-06-SOP,Production,ACT-0060,200,10.0,2026-08-17,2026-07-26,Defer,2,Forecast,2026-06-SOP,Planned
PLAN-001505,2026-06-SOP,Production,CTL-0026,300,5.0,2026-08-17,2026-07-18,Expedite,1,Forecast,2026-06-SOP,Planned
PLAN-001689,2026-06-SOP,Production,SYS-0012,300,75.0,2026-08-17,2026-07-05,,5,Sales Order,SO-001690,Planned
PLAN-001873,2026-06-SOP,Purchase,AFT-0008,100,40.0,2026-08-17,2026-07-17,Decrease,4,Forecast,2026-06-SOP,Planned
PLAN-002057,2026-06-SOP,Production,CTL-0034,300,20.0,2026-08-17,2026-06-24,Increase,3,Forecast,2026-06-SOP,Planned
PLAN-002241,2026-06-SOP,Production,SYS-0020,300,10.0,2026-08-17,2026-08-05,Defer,2,Sales Order,SO-002242,Planned
PLAN-002425,2026-06-SOP,Purchase,AFT-0016,100,5.0,2026-08-17,2026-07-30,Expedite,1,Forecast,2026-06-SOP,Planned
PLAN-002609,2026-06-SOP,Production,DRV-0002,200,75.0,2026-08-17,2026-08-04,,5,Forecast,2026-06-SOP,Planned
PLAN-002793,2026-06-SOP,Production,SYS-0028,300,40.0,2026-08-17,2026-07-12,Decrease,4,Sales Order,SO-002794,Planned
PLAN-002977,2026-06-SOP,Purchase,AFT-0024,300,20.0,2026-08-17,2026-07-24,Increase,3,Forecast,2026-06-SOP,Planned
PLAN-003161,2026-06-SOP,Production,DRV-0010,200,10.0,2026-08-17,2026-07-11,Defer,2,Forecast,2026-06-SOP,Planned
PLAN-003345,2026-06-SOP,Production,ACT-0006,200,5.0,2026-08-17,2026-07-23,Expedite,1,Sales Order,SO-003346,Planned
PLAN-003529,2026-06-SOP,Purchase,AFT-0032,100,75.0,2026-08-17,2026-06-30,,5,Forecast,2026-06-SOP,Planned
PLAN-003713,2026-06-SOP,Production,DRV-0018,200,40.0,2026-08-17,2026-06-17,Decrease,4,Forecast,2026-06-SOP,Planned
PLAN-003897,2026-06-SOP,Production,ACT-0014,200,20.0,2026-08-17,2026-06-29,Increase,3,Sales Order,SO-003898,Planned
PLAN-004081,2026-06-SOP,Purchase,AFT-0040,100,10.0,2026-08-17,2026-07-30,Defer,2,Forecast,2026-06-SOP,Planned
PLAN-004265,2026-06-SOP,Production,DRV-0026,200,5.0,2026-08-17,2026-07-18,Expedite,1,Forecast,2026-06-SOP,Planned
PLAN-004449,2026-06-SOP,Production,ACT-0022,200,75.0,2026-08-17,2026-07-30,,5,Sales Order,SO-004450,Planned
PLAN-004633,2026-06-SOP,Purchase,AFT-0048,300,40.0,2026-08-17,2026-07-07,Decrease,4,Forecast,2026-06-SOP,Planned
PLAN-004817,2026-06-SOP,Production,DRV-0034,200,20.0,2026-08-17,2026-06-24,Increase,3,Forecast,2026-06-SOP,Planned
PLAN-000112,2026-06-SOP,Production,SYS-0029,100,20.0,2026-08-18,2026-07-10,Increase,3,Forecast,2026-06-SOP,Planned
PLAN-000296,2026-06-SOP,Purchase,AFT-0025,100,10.0,2026-08-18,2026-07-31,Defer,2,Forecast,2026-06-SOP,Planned
PLAN-000480,2026-06-SOP,Production,DRV-0011,100,5.0,2026-08-18,2026-07-09,Expedite,1,Sales Order,SO-000481,Planned
PLAN-000664,2026-06-SOP,Production,ACT-0007,100,75.0,2026-08-18,2026-07-21,,5,Forecast,2026-06-SOP,Planned
PLAN-000848,2026-06-SOP,Purchase,AFT-0033,300,40.0,2026-08-18,2026-06-28,Decrease,4,Forecast,2026-06-SOP,Planned
PLAN-001032,2026-06-SOP,Production,DRV-0019,100,20.0,2026-08-18,2026-08-09,Increase,3,Sales Order,SO-001033,Planned
PLAN-001216,2026-06-SOP,Production,ACT-0015,100,10.0,2026-08-18,2026-06-27,Defer,2,Forecast,2026-06-SOP,Planned
PLAN-001400,2026-06-SOP,Purchase,AFT-0041,100,5.0,2026-08-18,2026-07-29,Expedite,1,Forecast,2026-06-SOP,Planned
PLAN-001584,2026-06-SOP,Production,DRV-0027,100,75.0,2026-08-18,2026-07-16,,5,Sales Order,SO-001585,Planned
PLAN-001768,2026-06-SOP,Production,ACT-0023,100,40.0,2026-08-18,2026-07-28,Decrease,4,Forecast,2026-06-SOP,Planned
PLAN-001952,2026-06-SOP,Purchase,AFT-0049,100,20.0,2026-08-18,2026-07-31,Increase,3,Forecast,2026-06-SOP,Planned
PLAN-002136,2026-06-SOP,Production,DRV-0035,100,10.0,2026-08-18,2026-06-22,Defer,2,Sales Order,SO-002137,Planned
PLAN-002320,2026-06-SOP,Production,ACT-0031,100,5.0,2026-08-18,2026-07-04,Expedite,1,Forecast,2026-06-SOP,Planned
PLAN-002504,2026-06-SOP,Purchase,AFT-0057,300,75.0,2026-08-18,2026-08-05,,5,Forecast,2026-06-SOP,Planned
PLAN-002688,2026-06-SOP,Production,DRV-0043,100,40.0,2026-08-18,2026-07-23,Decrease,4,Sales Order,SO-002689,Planned
PLAN-002872,2026-06-SOP,Production,ACT-0039,100,20.0,2026-08-18,2026-08-04,Increase,3,Forecast,2026-06-SOP,Planned
PLAN-003056,2026-06-SOP,Production,CTL-0005,300,10.0,2026-08-18,2026-07-27,Defer,2,Forecast,2026-06-SOP,Planned
PLAN-003240,2026-06-SOP,Production,DRV-0051,100,5.0,2026-08-18,2026-06-29,Expedite,1,Sales Order,SO-003241,Planned
PLAN-003424,2026-06-SOP,Production,ACT-0047,100,75.0,2026-08-18,2026-07-11,,5,Forecast,2026-06-SOP,Planned
PLAN-003608,2026-06-SOP,Production,CTL-0013,300,40.0,2026-08-18,2026-07-03,Decrease,4,Forecast,2026-06-SOP,Planned
PLAN-003792,2026-06-SOP,Production,DRV-0059,100,20.0,2026-08-18,2026-07-30,Increase,3,Sales Order,SO-003793,Planned
PLAN-003976,2026-06-SOP,Production,ACT-0055,100,10.0,2026-08-18,2026-08-11,Defer,2,Forecast,2026-06-SOP,Planned
PLAN-004160,2026-06-SOP,Production,CTL-0021,300,5.0,2026-08-18,2026-08-03,Expedite,1,Forecast,2026-06-SOP,Planned
PLAN-004344,2026-06-SOP,Production,SYS-0007,100,75.0,2026-08-18,2026-07-21,,5,Sales Order,SO-004345,Planned
PLAN-004528,2026-06-SOP,Purchase,AFT-0003,300,40.0,2026-08-18,2026-08-02,Decrease,4,Forecast,2026-06-SOP,Planned
PLAN-004712,2026-06-SOP,Production,CTL-0029,300,20.0,2026-08-18,2026-07-10,Increase,3,Forecast,2026-06-SOP,Planned
PLAN-004896,2026-06-SOP,Production,SYS-0015,100,10.0,2026-08-18,2026-06-27,Defer,2,Sales Order,SO-004897,Planned
PLAN-000007,2026-06-SOP,Production,DRV-0044,200,20.0,2026-08-19,2026-07-21,Increase,3,Forecast,2026-06-SOP,Planned
PLAN-000191,2026-06-SOP,Production,ACT-0040,200,10.0,2026-08-19,2026-08-02,Defer,2,Forecast,2026-06-SOP,Planned
PLAN-000375,2026-06-SOP,Production,CTL-0006,300,5.0,2026-08-19,2026-07-25,Expedite,1,Sales Order,SO-000376,Planned
PLAN-000559,2026-06-SOP,Production,DRV-0052,200,75.0,2026-08-19,2026-06-27,,5,Forecast,2026-06-SOP,Planned
PLAN-000743,2026-06-SOP,Production,ACT-0048,200,40.0,2026-08-19,2026-07-09,Decrease,4,Forecast,2026-06-SOP,Planned
PLAN-000927,2026-06-SOP,Production,CTL-0014,300,20.0,2026-08-19,2026-07-01,Increase,3,Sales Order,SO-000928,Planned
PLAN-001111,2026-06-SOP,Production,DRV-0060,200,10.0,2026-08-19,2026-07-28,Defer,2,Forecast,2026-06-SOP,Planned
PLAN-001295,2026-06-SOP,Production,ACT-0056,200,5.0,2026-08-19,2026-08-09,Expedite,1,Forecast,2026-06-SOP,Planned
PLAN-001479,2026-06-SOP,Production,CTL-0022,300,75.0,2026-08-19,2026-08-01,,5,Sales Order,SO-001480,Planned
PLAN-001663,2026-06-SOP,Production,SYS-0008,300,40.0,2026-08-19,2026-07-19,Decrease,4,Forecast,2026-06-SOP,Planned
PLAN-001847,2026-06-SOP,Purchase,AFT-0004,100,20.0,2026-08-19,2026-08-01,Increase,3,Forecast,2026-06-SOP,Planned
PLAN-002031,2026-06-SOP,Production,CTL-0030,300,10.0,2026-08-19,2026-07-08,Defer,2,Sales Order,SO-002032,Planned
PLAN-002215,2026-06-SOP,Production,SYS-0016,300,5.0,2026-08-19,2026-06-25,Expedite,1,Forecast,2026-06-SOP,Planned
PLAN-002399,2026-06-SOP,Purchase,AFT-0012,300,75.0,2026-08-19,2026-07-07,,5,Forecast,2026-06-SOP,Planned
PLAN-002583,2026-06-SOP,Production,CTL-0038,300,40.0,2026-08-19,2026-08-08,Decrease,4,Sales Order,SO-002584,Planned
PLAN-002767,2026-06-SOP,Production,SYS-0024,300,20.0,2026-08-19,2026-07-26,Increase,3,Forecast,2026-06-SOP,Planned
PLAN-002951,2026-06-SOP,Purchase,AFT-0020,100,10.0,2026-08-19,2026-08-07,Defer,2,Forecast,2026-06-SOP,Planned
PLAN-003135,2026-06-SOP,Production,DRV-0006,200,5.0,2026-08-19,2026-07-25,Expedite,1,Sales Order,SO-003136,Planned
PLAN-003319,2026-06-SOP,Production,ACT-0002,200,75.0,2026-08-19,2026-08-06,,5,Forecast,2026-06-SOP,Planned
PLAN-003503,2026-06-SOP,Purchase,AFT-0028,100,40.0,2026-08-19,2026-08-01,Decrease,4,Forecast,2026-06-SOP,Planned
PLAN-003687,2026-06-SOP,Production,DRV-0014,200,20.0,2026-08-19,2026-07-01,Increase,3,Sales Order,SO-003688,Planned
PLAN-003871,2026-06-SOP,Production,ACT-0010,200,10.0,2026-08-19,2026-07-13,Defer,2,Forecast,2026-06-SOP,Planned
PLAN-004055,2026-06-SOP,Purchase,AFT-0036,300,5.0,2026-08-19,2026-06-20,Expedite,1,Forecast,2026-06-SOP,Planned
PLAN-004239,2026-06-SOP,Production,DRV-0022,200,75.0,2026-08-19,2026-08-01,,5,Sales Order,SO-004240,Planned
PLAN-004423,2026-06-SOP,Production,ACT-0018,200,40.0,2026-08-19,2026-06-19,Decrease,4,Forecast,2026-06-SOP,Planned
PLAN-004607,2026-06-SOP,Purchase,AFT-0044,100,20.0,2026-08-19,2026-07-21,Increase,3,Forecast,2026-06-SOP,Planned
PLAN-004791,2026-06-SOP,Production,DRV-0030,200,10.0,2026-08-19,2026-07-08,Defer,2,Sales Order,SO-004792,Planned
PLAN-004975,2026-06-SOP,Production,ACT-0026,200,5.0,2026-08-19,2026-07-20,Expedite,1,Forecast,2026-06-SOP,Planned
PLAN-000086,2026-06-SOP,Production,SYS-0025,100,10.0,2026-08-20,2026-07-24,Defer,2,Forecast,2026-06-SOP,Planned
PLAN-000270,2026-06-SOP,Purchase,AFT-0021,300,5.0,2026-08-20,2026-08-05,Expedite,1,Sales Order,SO-000271,Planned
PLAN-000454,2026-06-SOP,Production,DRV-0007,100,75.0,2026-08-20,2026-07-23,,5,Forecast,2026-06-SOP,Planned
PLAN-000638,2026-06-SOP,Production,ACT-0003,100,40.0,2026-08-20,2026-08-04,Decrease,4,Forecast,2026-06-SOP,Planned
PLAN-000822,2026-06-SOP,Purchase,AFT-0029,100,20.0,2026-08-20,2026-07-12,Increase,3,Sales Order,SO-000823,Planned
PLAN-001006,2026-06-SOP,Production,DRV-0015,100,10.0,2026-08-20,2026-06-29,Defer,2,Forecast,2026-06-SOP,Planned
PLAN-001190,2026-06-SOP,Production,ACT-0011,100,5.0,2026-08-20,2026-07-11,Expedite,1,Forecast,2026-06-SOP,Planned
PLAN-001374,2026-06-SOP,Purchase,AFT-0037,100,75.0,2026-08-20,2026-08-02,,5,Sales Order,SO-001375,Planned
PLAN-001558,2026-06-SOP,Production,DRV-0023,100,40.0,2026-08-20,2026-07-30,Decrease,4,Forecast,2026-06-SOP,Planned
PLAN-001742,2026-06-SOP,Production,ACT-0019,100,20.0,2026-08-20,2026-08-11,Increase,3,Forecast,2026-06-SOP,Planned
PLAN-001926,2026-06-SOP,Purchase,AFT-0045,300,10.0,2026-08-20,2026-07-19,Defer,2,Sales Order,SO-001927,Planned
PLAN-002110,2026-06-SOP,Production,DRV-0031,100,5.0,2026-08-20,2026-07-06,Expedite,1,Forecast,2026-06-SOP,Planned
PLAN-002294,2026-06-SOP,Production,ACT-0027,100,75.0,2026-08-20,2026-07-18,,5,Forecast,2026-06-SOP,Planned
PLAN-002478,2026-06-SOP,Purchase,AFT-0053,100,40.0,2026-08-20,2026-06-25,Decrease,4,Sales Order,SO-002479,Planned
PLAN-002662,2026-06-SOP,Production,DRV-0039,100,20.0,2026-08-20,2026-08-06,Increase,3,Forecast,2026-06-SOP,Planned
PLAN-002846,2026-06-SOP,Production,ACT-0035,100,10.0,2026-08-20,2026-06-24,Defer,2,Forecast,2026-06-SOP,Planned
PLAN-003030,2026-06-SOP,Production,CTL-0001,300,5.0,2026-08-20,2026-08-10,Expedite,1,Sales Order,SO-003031,Planned
PLAN-003214,2026-06-SOP,Production,DRV-0047,100,75.0,2026-08-20,2026-07-13,,5,Forecast,2026-06-SOP,Planned
PLAN-003398,2026-06-SOP,Production,ACT-0043,100,40.0,2026-08-20,2026-07-25,Decrease,4,Forecast,2026-06-SOP,Planned
PLAN-003582,2026-06-SOP,Production,CTL-0009,300,20.0,2026-08-20,2026-07-17,Increase,3,Sales Order,SO-003583,Planned
PLAN-003766,2026-06-SOP,Production,DRV-0055,100,10.0,2026-08-20,2026-08-13,Defer,2,Forecast,2026-06-SOP,Planned
PLAN-003950,2026-06-SOP,Production,ACT-0051,100,5.0,2026-08-20,2026-07-01,Expedite,1,Forecast,2026-06-SOP,Planned
PLAN-004134,2026-06-SOP,Production,CTL-0017,300,75.0,2026-08-20,2026-06-23,,5,Sales Order,SO-004135,Planned
PLAN-004318,2026-06-SOP,Production,SYS-0003,100,40.0,2026-08-20,2026-08-04,Decrease,4,Forecast,2026-06-SOP,Planned
PLAN-004502,2026-06-SOP,Production,ACT-0059,100,20.0,2026-08-20,2026-08-01,Increase,3,Forecast,2026-06-SOP,Planned
PLAN-004686,2026-06-SOP,Production,CTL-0025,300,10.0,2026-08-20,2026-07-24,Defer,2,Sales Order,SO-004687,Planned
PLAN-004870,2026-06-SOP,Production,SYS-0011,100,5.0,2026-08-20,2026-07-11,Expedite,1,Forecast,2026-06-SOP,Planned
PLAN-000165,2026-06-SOP,Production,ACT-0036,200,5.0,2026-08-21,2026-06-22,Expedite,1,Sales Order,SO-000166,Planned
PLAN-000349,2026-06-SOP,Production,CTL-0002,300,75.0,2026-08-21,2026-08-08,,5,Forecast,2026-06-SOP,Planned
PLAN-000533,2026-06-SOP,Production,DRV-0048,200,40.0,2026-08-21,2026-07-11,Decrease,4,Forecast,2026-06-SOP,Planned
PLAN-000717,2026-06-SOP,Production,ACT-0044,200,20.0,2026-08-21,2026-07-23,Increase,3,Sales Order,SO-000718,Planned
PLAN-000901,2026-06-SOP,Production,CTL-0010,300,10.0,2026-08-21,2026-07-15,Defer,2,Forecast,2026-06-SOP,Planned
PLAN-001085,2026-06-SOP,Production,DRV-0056,200,5.0,2026-08-21,2026-08-11,Expedite,1,Forecast,2026-06-SOP,Planned
PLAN-001269,2026-06-SOP,Production,ACT-0052,200,75.0,2026-08-21,2026-06-29,,5,Sales Order,SO-001270,Planned
PLAN-001453,2026-06-SOP,Production,CTL-0018,300,40.0,2026-08-21,2026-06-21,Decrease,4,Forecast,2026-06-SOP,Planned
PLAN-001637,2026-06-SOP,Production,SYS-0004,300,20.0,2026-08-21,2026-08-02,Increase,3,Forecast,2026-06-SOP,Planned
PLAN-001821,2026-06-SOP,Production,ACT-0060,200,10.0,2026-08-21,2026-07-30,Defer,2,Sales Order,SO-001822,Planned
PLAN-002005,2026-06-SOP,Production,CTL-0026,300,5.0,2026-08-21,2026-07-22,Expedite,1,Forecast,2026-06-SOP,Planned
PLAN-002189,2026-06-SOP,Production,SYS-0012,300,75.0,2026-08-21,2026-07-09,,5,Forecast,2026-06-SOP,Planned
PLAN-002373,2026-06-SOP,Purchase,AFT-0008,100,40.0,2026-08-21,2026-07-21,Decrease,4,Sales Order,SO-002374,Planned
PLAN-002557,2026-06-SOP,Production,CTL-0034,300,20.0,2026-08-21,2026-06-28,Increase,3,Forecast,2026-06-SOP,Planned
PLAN-002741,2026-06-SOP,Production,SYS-0020,300,10.0,2026-08-21,2026-08-09,Defer,2,Forecast,2026-06-SOP,Planned
PLAN-002925,2026-06-SOP,Purchase,AFT-0016,100,5.0,2026-08-21,2026-08-03,Expedite,1,Sales Order,SO-002926,Planned
PLAN-003109,2026-06-SOP,Production,DRV-0002,200,75.0,2026-08-21,2026-08-08,,5,Forecast,2026-06-SOP,Planned
PLAN-003293,2026-06-SOP,Production,SYS-0028,300,40.0,2026-08-21,2026-07-16,Decrease,4,Forecast,2026-06-SOP,Planned
PLAN-003477,2026-06-SOP,Purchase,AFT-0024,300,20.0,2026-08-21,2026-07-28,Increase,3,Sales Order,SO-003478,Planned
PLAN-003661,2026-06-SOP,Production,DRV-0010,200,10.0,2026-08-21,2026-07-15,Defer,2,Forecast,2026-06-SOP,Planned
PLAN-003845,2026-06-SOP,Production,ACT-0006,200,5.0,2026-08-21,2026-07-27,Expedite,1,Forecast,2026-06-SOP,Planned
PLAN-004029,2026-06-SOP,Purchase,AFT-0032,100,75.0,2026-08-21,2026-07-04,,5,Sales Order,SO-004030,Planned
PLAN-004213,2026-06-SOP,Production,DRV-0018,200,40.0,2026-08-21,2026-06-21,Decrease,4,Forecast,2026-06-SOP,Planned
PLAN-004397,2026-06-SOP,Production,ACT-0014,200,20.0,2026-08-21,2026-07-03,Increase,3,Forecast,2026-06-SOP,Planned
PLAN-004581,2026-06-SOP,Purchase,AFT-0040,100,10.0,2026-08-21,2026-08-03,Defer,2,Sales Order,SO-004582,Planned
PLAN-004765,2026-06-SOP,Production,DRV-0026,200,5.0,2026-08-21,2026-07-22,Expedite,1,Forecast,2026-06-SOP,Planned
PLAN-004949,2026-06-SOP,Production,ACT-0022,200,75.0,2026-08-21,2026-08-03,,5,Forecast,2026-06-SOP,Planned
PLAN-000060,2026-06-SOP,Production,SYS-0021,100,5.0,2026-08-22,2026-08-07,Expedite,1,Sales Order,SO-000061,Planned
PLAN-000244,2026-06-SOP,Purchase,AFT-0017,100,75.0,2026-08-22,2026-06-25,,5,Forecast,2026-06-SOP,Planned
PLAN-000428,2026-06-SOP,Production,DRV-0003,100,40.0,2026-08-22,2026-08-06,Decrease,4,Forecast,2026-06-SOP,Planned
PLAN-000612,2026-06-SOP,Production,SYS-0029,100,20.0,2026-08-22,2026-07-14,Increase,3,Sales Order,SO-000613,Planned
PLAN-000796,2026-06-SOP,Purchase,AFT-0025,100,10.0,2026-08-22,2026-08-04,Defer,2,Forecast,2026-06-SOP,Planned
PLAN-000980,2026-06-SOP,Production,DRV-0011,100,5.0,2026-08-22,2026-07-13,Expedite,1,Forecast,2026-06-SOP,Planned
PLAN-001164,2026-06-SOP,Production,ACT-0007,100,75.0,2026-08-22,2026-07-25,,5,Sales Order,SO-001165,Planned
PLAN-001348,2026-06-SOP,Purchase,AFT-0033,300,40.0,2026-08-22,2026-07-02,Decrease,4,Forecast,2026-06-SOP,Planned
PLAN-001532,2026-06-SOP,Production,DRV-0019,100,20.0,2026-08-22,2026-08-13,Increase,3,Forecast,2026-06-SOP,Planned
PLAN-001716,2026-06-SOP,Production,ACT-0015,100,10.0,2026-08-22,2026-07-01,Defer,2,Sales Order,SO-001717,Planned
PLAN-001900,2026-06-SOP,Purchase,AFT-0041,100,5.0,2026-08-22,2026-08-02,Expedite,1,Forecast,2026-06-SOP,Planned
PLAN-002084,2026-06-SOP,Production,DRV-0027,100,75.0,2026-08-22,2026-07-20,,5,Forecast,2026-06-SOP,Planned
PLAN-002268,2026-06-SOP,Production,ACT-0023,100,40.0,2026-08-22,2026-08-01,Decrease,4,Sales Order,SO-002269,Planned
PLAN-002452,2026-06-SOP,Purchase,AFT-0049,100,20.0,2026-08-22,2026-08-04,Increase,3,Forecast,2026-06-SOP,Planned
PLAN-002636,2026-06-SOP,Production,DRV-0035,100,10.0,2026-08-22,2026-06-26,Defer,2,Forecast,2026-06-SOP,Planned
PLAN-002820,2026-06-SOP,Production,ACT-0031,100,5.0,2026-08-22,2026-07-08,Expedite,1,Sales Order,SO-002821,Planned
PLAN-003004,2026-06-SOP,Purchase,AFT-0057,300,75.0,2026-08-22,2026-08-09,,5,Forecast,2026-06-SOP,Planned
PLAN-003188,2026-06-SOP,Production,DRV-0043,100,40.0,2026-08-22,2026-07-27,Decrease,4,Forecast,2026-06-SOP,Planned
PLAN-003372,2026-06-SOP,Production,ACT-0039,100,20.0,2026-08-22,2026-08-08,Increase,3,Sales Order,SO-003373,Planned
PLAN-003556,2026-06-SOP,Production,CTL-0005,300,10.0,2026-08-22,2026-07-31,Defer,2,Forecast,2026-06-SOP,Planned
PLAN-003740,2026-06-SOP,Production,DRV-0051,100,5.0,2026-08-22,2026-07-03,Expedite,1,Forecast,2026-06-SOP,Planned
PLAN-003924,2026-06-SOP,Production,ACT-0047,100,75.0,2026-08-22,2026-07-15,,5,Sales Order,SO-003925,Planned
PLAN-004108,2026-06-SOP,Production,CTL-0013,300,40.0,2026-08-22,2026-07-07,Decrease,4,Forecast,2026-06-SOP,Planned
PLAN-004292,2026-06-SOP,Production,DRV-0059,100,20.0,2026-08-22,2026-08-03,Increase,3,Forecast,2026-06-SOP,Planned
PLAN-004476,2026-06-SOP,Production,ACT-0055,100,10.0,2026-08-22,2026-08-15,Defer,2,Sales Order,SO-004477,Planned
PLAN-004660,2026-06-SOP,Production,CTL-0021,300,5.0,2026-08-22,2026-08-07,Expedite,1,Forecast,2026-06-SOP,Planned
PLAN-004844,2026-06-SOP,Production,SYS-0007,100,75.0,2026-08-22,2026-07-25,,5,Forecast,2026-06-SOP,Planned
PLAN-000139,2026-06-SOP,Production,ACT-0032,200,75.0,2026-08-23,2026-07-06,,5,Forecast,2026-06-SOP,Planned
PLAN-000323,2026-06-SOP,Purchase,AFT-0058,100,40.0,2026-08-23,2026-08-05,Decrease,4,Forecast,2026-06-SOP,Planned
PLAN-000507,2026-06-SOP,Production,DRV-0044,200,20.0,2026-08-23,2026-07-25,Increase,3,Sales Order,SO-000508,Planned
PLAN-000691,2026-06-SOP,Production,ACT-0040,200,10.0,2026-08-23,2026-08-06,Defer,2,Forecast,2026-06-SOP,Planned
PLAN-000875,2026-06-SOP,Production,CTL-0006,300,5.0,2026-08-23,2026-07-29,Expedite,1,Forecast,2026-06-SOP,Planned
PLAN-001059,2026-06-SOP,Production,DRV-0052,200,75.0,2026-08-23,2026-07-01,,5,Sales Order,SO-001060,Planned
PLAN-001243,2026-06-SOP,Production,ACT-0048,200,40.0,2026-08-23,2026-07-13,Decrease,4,Forecast,2026-06-SOP,Planned
PLAN-001427,2026-06-SOP,Production,CTL-0014,300,20.0,2026-08-23,2026-07-05,Increase,3,Forecast,2026-06-SOP,Planned
PLAN-001611,2026-06-SOP,Production,DRV-0060,200,10.0,2026-08-23,2026-08-01,Defer,2,Sales Order,SO-001612,Planned
PLAN-001795,2026-06-SOP,Production,ACT-0056,200,5.0,2026-08-23,2026-08-13,Expedite,1,Forecast,2026-06-SOP,Planned
PLAN-001979,2026-06-SOP,Production,CTL-0022,300,75.0,2026-08-23,2026-08-05,,5,Forecast,2026-06-SOP,Planned
PLAN-002163,2026-06-SOP,Production,SYS-0008,300,40.0,2026-08-23,2026-07-23,Decrease,4,Sales Order,SO-002164,Planned
PLAN-002347,2026-06-SOP,Purchase,AFT-0004,100,20.0,2026-08-23,2026-08-05,Increase,3,Forecast,2026-06-SOP,Planned
PLAN-002531,2026-06-SOP,Production,CTL-0030,300,10.0,2026-08-23,2026-07-12,Defer,2,Forecast,2026-06-SOP,Planned
PLAN-002715,2026-06-SOP,Production,SYS-0016,300,5.0,2026-08-23,2026-06-29,Expedite,1,Sales Order,SO-002716,Planned
PLAN-002899,2026-06-SOP,Purchase,AFT-0012,300,75.0,2026-08-23,2026-07-11,,5,Forecast,2026-06-SOP,Planned
PLAN-003083,2026-06-SOP,Production,CTL-0038,300,40.0,2026-08-23,2026-08-12,Decrease,4,Forecast,2026-06-SOP,Planned
PLAN-003267,2026-06-SOP,Production,SYS-0024,300,20.0,2026-08-23,2026-07-30,Increase,3,Sales Order,SO-003268,Planned
PLAN-003451,2026-06-SOP,Purchase,AFT-0020,100,10.0,2026-08-23,2026-08-11,Defer,2,Forecast,2026-06-SOP,Planned
PLAN-003635,2026-06-SOP,Production,DRV-0006,200,5.0,2026-08-23,2026-07-29,Expedite,1,Forecast,2026-06-SOP,Planned
PLAN-003819,2026-06-SOP,Production,ACT-0002,200,75.0,2026-08-23,2026-08-10,,5,Sales Order,SO-003820,Planned
PLAN-004003,2026-06-SOP,Purchase,AFT-0028,100,40.0,2026-08-23,2026-08-05,Decrease,4,Forecast,2026-06-SOP,Planned
PLAN-004187,2026-06-SOP,Production,DRV-0014,200,20.0,2026-08-23,2026-07-05,Increase,3,Forecast,2026-06-SOP,Planned
PLAN-004371,2026-06-SOP,Production,ACT-0010,200,10.0,2026-08-23,2026-07-17,Defer,2,Sales Order,SO-004372,Planned
PLAN-004555,2026-06-SOP,Purchase,AFT-0036,300,5.0,2026-08-23,2026-06-24,Expedite,1,Forecast,2026-06-SOP,Planned
PLAN-004739,2026-06-SOP,Production,DRV-0022,200,75.0,2026-08-23,2026-08-05,,5,Forecast,2026-06-SOP,Planned
PLAN-004923,2026-06-SOP,Production,ACT-0018,200,40.0,2026-08-23,2026-06-23,Decrease,4,Sales Order,SO-004924,Planned
PLAN-000034,2026-06-SOP,Production,SYS-0017,100,75.0,2026-08-24,2026-06-27,,5,Forecast,2026-06-SOP,Planned
PLAN-000218,2026-06-SOP,Purchase,AFT-0013,100,40.0,2026-08-24,2026-08-06,Decrease,4,Forecast,2026-06-SOP,Planned
PLAN-000402,2026-06-SOP,Production,CTL-0039,300,20.0,2026-08-24,2026-08-10,Increase,3,Sales Order,SO-000403,Planned
PLAN-000586,2026-06-SOP,Production,SYS-0025,100,10.0,2026-08-24,2026-07-28,Defer,2,Forecast,2026-06-SOP,Planned
PLAN-000770,2026-06-SOP,Purchase,AFT-0021,300,5.0,2026-08-24,2026-08-09,Expedite,1,Forecast,2026-06-SOP,Planned
PLAN-000954,2026-06-SOP,Production,DRV-0007,100,75.0,2026-08-24,2026-07-27,,5,Sales Order,SO-000955,Planned
PLAN-001138,2026-06-SOP,Production,ACT-0003,100,40.0,2026-08-24,2026-08-08,Decrease,4,Forecast,2026-06-SOP,Planned
PLAN-001322,2026-06-SOP,Purchase,AFT-0029,100,20.0,2026-08-24,2026-07-16,Increase,3,Forecast,2026-06-SOP,Planned
PLAN-001506,2026-06-SOP,Production,DRV-0015,100,10.0,2026-08-24,2026-07-03,Defer,2,Sales Order,SO-001507,Planned
PLAN-001690,2026-06-SOP,Production,ACT-0011,100,5.0,2026-08-24,2026-07-15,Expedite,1,Forecast,2026-06-SOP,Planned
PLAN-001874,2026-06-SOP,Purchase,AFT-0037,100,75.0,2026-08-24,2026-08-06,,5,Forecast,2026-06-SOP,Planned
PLAN-002058,2026-06-SOP,Production,DRV-0023,100,40.0,2026-08-24,2026-08-03,Decrease,4,Sales Order,SO-002059,Planned
PLAN-002242,2026-06-SOP,Production,ACT-0019,100,20.0,2026-08-24,2026-08-15,Increase,3,Forecast,2026-06-SOP,Planned
PLAN-002426,2026-06-SOP,Purchase,AFT-0045,300,10.0,2026-08-24,2026-07-23,Defer,2,Forecast,2026-06-SOP,Planned
PLAN-002610,2026-06-SOP,Production,DRV-0031,100,5.0,2026-08-24,2026-07-10,Expedite,1,Sales Order,SO-002611,Planned
PLAN-002794,2026-06-SOP,Production,ACT-0027,100,75.0,2026-08-24,2026-07-22,,5,Forecast,2026-06-SOP,Planned
PLAN-002978,2026-06-SOP,Purchase,AFT-0053,100,40.0,2026-08-24,2026-06-29,Decrease,4,Forecast,2026-06-SOP,Planned
PLAN-003162,2026-06-SOP,Production,DRV-0039,100,20.0,2026-08-24,2026-08-10,Increase,3,Sales Order,SO-003163,Planned
PLAN-003346,2026-06-SOP,Production,ACT-0035,100,10.0,2026-08-24,2026-06-28,Defer,2,Forecast,2026-06-SOP,Planned
PLAN-003530,2026-06-SOP,Production,CTL-0001,300,5.0,2026-08-24,2026-08-14,Expedite,1,Forecast,2026-06-SOP,Planned
PLAN-003714,2026-06-SOP,Production,DRV-0047,100,75.0,2026-08-24,2026-07-17,,5,Sales Order,SO-003715,Planned
PLAN-003898,2026-06-SOP,Production,ACT-0043,100,40.0,2026-08-24,2026-07-29,Decrease,4,Forecast,2026-06-SOP,Planned
PLAN-004082,2026-06-SOP,Production,CTL-0009,300,20.0,2026-08-24,2026-07-21,Increase,3,Forecast,2026-06-SOP,Planned
PLAN-004266,2026-06-SOP,Production,DRV-0055,100,10.0,2026-08-24,2026-08-17,Defer,2,Sales Order,SO-004267,Planned
PLAN-004450,2026-06-SOP,Production,ACT-0051,100,5.0,2026-08-24,2026-07-05,Expedite,1,Forecast,2026-06-SOP,Planned
PLAN-004634,2026-06-SOP,Production,CTL-0017,300,75.0,2026-08-24,2026-06-27,,5,Forecast,2026-06-SOP,Planned
PLAN-004818,2026-06-SOP,Production,SYS-0003,100,40.0,2026-08-24,2026-08-08,Decrease,4,Sales Order,SO-004819,Planned
PLAN-000113,2026-06-SOP,Production,ACT-0028,200,40.0,2026-08-25,2026-07-20,Decrease,4,Forecast,2026-06-SOP,Planned
PLAN-000297,2026-06-SOP,Purchase,AFT-0054,300,20.0,2026-08-25,2026-06-27,Increase,3,Sales Order,SO-000298,Planned
PLAN-000481,2026-06-SOP,Production,DRV-0040,200,10.0,2026-08-25,2026-08-08,Defer,2,Forecast,2026-06-SOP,Planned
PLAN-000665,2026-06-SOP,Production,ACT-0036,200,5.0,2026-08-25,2026-06-26,Expedite,1,Forecast,2026-06-SOP,Planned
PLAN-000849,2026-06-SOP,Production,CTL-0002,300,75.0,2026-08-25,2026-08-12,,5,Sales Order,SO-000850,Planned
PLAN-001033,2026-06-SOP,Production,DRV-0048,200,40.0,2026-08-25,2026-07-15,Decrease,4,Forecast,2026-06-SOP,Planned
PLAN-001217,2026-06-SOP,Production,ACT-0044,200,20.0,2026-08-25,2026-07-27,Increase,3,Forecast,2026-06-SOP,Planned
PLAN-001401,2026-06-SOP,Production,CTL-0010,300,10.0,2026-08-25,2026-07-19,Defer,2,Sales Order,SO-001402,Planned
PLAN-001585,2026-06-SOP,Production,DRV-0056,200,5.0,2026-08-25,2026-08-15,Expedite,1,Forecast,2026-06-SOP,Planned
PLAN-001769,2026-06-SOP,Production,ACT-0052,200,75.0,2026-08-25,2026-07-03,,5,Forecast,2026-06-SOP,Planned
PLAN-001953,2026-06-SOP,Production,CTL-0018,300,40.0,2026-08-25,2026-06-25,Decrease,4,Sales Order,SO-001954,Planned
PLAN-002137,2026-06-SOP,Production,SYS-0004,300,20.0,2026-08-25,2026-08-06,Increase,3,Forecast,2026-06-SOP,Planned
PLAN-002321,2026-06-SOP,Production,ACT-0060,200,10.0,2026-08-25,2026-08-03,Defer,2,Forecast,2026-06-SOP,Planned
PLAN-002505,2026-06-SOP,Production,CTL-0026,300,5.0,2026-08-25,2026-07-26,Expedite,1,Sales Order,SO-002506,Planned
PLAN-002689,2026-06-SOP,Production,SYS-0012,300,75.0,2026-08-25,2026-07-13,,5,Forecast,2026-06-SOP,Planned
PLAN-002873,2026-06-SOP,Purchase,AFT-0008,100,40.0,2026-08-25,2026-07-25,Decrease,4,Forecast,2026-06-SOP,Planned
PLAN-003057,2026-06-SOP,Production,CTL-0034,300,20.0,2026-08-25,2026-07-02,Increase,3,Sales Order,SO-003058,Planned
PLAN-003241,2026-06-SOP,Production,SYS-0020,300,10.0,2026-08-25,2026-08-13,Defer,2,Forecast,2026-06-SOP,Planned
PLAN-003425,2026-06-SOP,Purchase,AFT-0016,100,5.0,2026-08-25,2026-08-07,Expedite,1,Forecast,2026-06-SOP,Planned
PLAN-003609,2026-06-SOP,Production,DRV-0002,200,75.0,2026-08-25,2026-08-12,,5,Sales Order,SO-003610,Planned
PLAN-003793,2026-06-SOP,Production,SYS-0028,300,40.0,2026-08-25,2026-07-20,Decrease,4,Forecast,2026-06-SOP,Planned
PLAN-003977,2026-06-SOP,Purchase,AFT-0024,300,20.0,2026-08-25,2026-08-01,Increase,3,Forecast,2026-06-SOP,Planned
PLAN-004161,2026-06-SOP,Production,DRV-0010,200,10.0,2026-08-25,2026-07-19,Defer,2,Sales Order,SO-004162,Planned
PLAN-004345,2026-06-SOP,Production,ACT-0006,200,5.0,2026-08-25,2026-07-31,Expedite,1,Forecast,2026-06-SOP,Planned
PLAN-004529,2026-06-SOP,Purchase,AFT-0032,100,75.0,2026-08-25,2026-07-08,,5,Forecast,2026-06-SOP,Planned
PLAN-004713,2026-06-SOP,Production,DRV-0018,200,40.0,2026-08-25,2026-06-25,Decrease,4,Sales Order,SO-004714,Planned
PLAN-004897,2026-06-SOP,Production,ACT-0014,200,20.0,2026-08-25,2026-07-07,Increase,3,Forecast,2026-06-SOP,Planned
PLAN-000008,2026-06-SOP,Production,SYS-0013,100,40.0,2026-08-26,2026-07-11,Decrease,4,Forecast,2026-06-SOP,Planned
PLAN-000192,2026-06-SOP,Purchase,AFT-0009,300,20.0,2026-08-26,2026-07-23,Increase,3,Sales Order,SO-000193,Planned
PLAN-000376,2026-06-SOP,Production,CTL-0035,300,10.0,2026-08-26,2026-06-30,Defer,2,Forecast,2026-06-SOP,Planned
PLAN-000560,2026-06-SOP,Production,SYS-0021,100,5.0,2026-08-26,2026-08-11,Expedite,1,Forecast,2026-06-SOP,Planned
PLAN-000744,2026-06-SOP,Purchase,AFT-0017,100,75.0,2026-08-26,2026-06-29,,5,Sales Order,SO-000745,Planned
PLAN-000928,2026-06-SOP,Production,DRV-0003,100,40.0,2026-08-26,2026-08-10,Decrease,4,Forecast,2026-06-SOP,Planned
PLAN-001112,2026-06-SOP,Production,SYS-0029,100,20.0,2026-08-26,2026-07-18,Increase,3,Forecast,2026-06-SOP,Planned
PLAN-001296,2026-06-SOP,Purchase,AFT-0025,100,10.0,2026-08-26,2026-08-08,Defer,2,Sales Order,SO-001297,Planned
PLAN-001480,2026-06-SOP,Production,DRV-0011,100,5.0,2026-08-26,2026-07-17,Expedite,1,Forecast,2026-06-SOP,Planned
PLAN-001664,2026-06-SOP,Production,ACT-0007,100,75.0,2026-08-26,2026-07-29,,5,Forecast,2026-06-SOP,Planned
PLAN-001848,2026-06-SOP,Purchase,AFT-0033,300,40.0,2026-08-26,2026-07-06,Decrease,4,Sales Order,SO-001849,Planned
PLAN-002032,2026-06-SOP,Production,DRV-0019,100,20.0,2026-08-26,2026-08-17,Increase,3,Forecast,2026-06-SOP,Planned
PLAN-002216,2026-06-SOP,Production,ACT-0015,100,10.0,2026-08-26,2026-07-05,Defer,2,Forecast,2026-06-SOP,Planned
PLAN-002400,2026-06-SOP,Purchase,AFT-0041,100,5.0,2026-08-26,2026-08-06,Expedite,1,Sales Order,SO-002401,Planned
PLAN-002584,2026-06-SOP,Production,DRV-0027,100,75.0,2026-08-26,2026-07-24,,5,Forecast,2026-06-SOP,Planned
PLAN-002768,2026-06-SOP,Production,ACT-0023,100,40.0,2026-08-26,2026-08-05,Decrease,4,Forecast,2026-06-SOP,Planned
PLAN-002952,2026-06-SOP,Purchase,AFT-0049,100,20.0,2026-08-26,2026-08-08,Increase,3,Sales Order,SO-002953,Planned
PLAN-003136,2026-06-SOP,Production,DRV-0035,100,10.0,2026-08-26,2026-06-30,Defer,2,Forecast,2026-06-SOP,Planned
PLAN-003320,2026-06-SOP,Production,ACT-0031,100,5.0,2026-08-26,2026-07-12,Expedite,1,Forecast,2026-06-SOP,Planned
PLAN-003504,2026-06-SOP,Purchase,AFT-0057,300,75.0,2026-08-26,2026-08-13,,5,Sales Order,SO-003505,Planned
PLAN-003688,2026-06-SOP,Production,DRV-0043,100,40.0,2026-08-26,2026-07-31,Decrease,4,Forecast,2026-06-SOP,Planned
PLAN-003872,2026-06-SOP,Production,ACT-0039,100,20.0,2026-08-26,2026-08-12,Increase,3,Forecast,2026-06-SOP,Planned
PLAN-004056,2026-06-SOP,Production,CTL-0005,300,10.0,2026-08-26,2026-08-04,Defer,2,Sales Order,SO-004057,Planned
PLAN-004240,2026-06-SOP,Production,DRV-0051,100,5.0,2026-08-26,2026-07-07,Expedite,1,Forecast,2026-06-SOP,Planned
PLAN-004424,2026-06-SOP,Production,ACT-0047,100,75.0,2026-08-26,2026-07-19,,5,Forecast,2026-06-SOP,Planned
PLAN-004608,2026-06-SOP,Production,CTL-0013,300,40.0,2026-08-26,2026-07-11,Decrease,4,Sales Order,SO-004609,Planned
PLAN-004792,2026-06-SOP,Production,DRV-0059,100,20.0,2026-08-26,2026-08-07,Increase,3,Forecast,2026-06-SOP,Planned
PLAN-004976,2026-06-SOP,Production,ACT-0055,100,10.0,2026-08-26,2026-08-19,Defer,2,Forecast,2026-06-SOP,Planned
PLAN-000087,2026-06-SOP,Production,ACT-0024,200,20.0,2026-08-27,2026-08-03,Increase,3,Sales Order,SO-000088,Planned
PLAN-000271,2026-06-SOP,Purchase,AFT-0050,100,10.0,2026-08-27,2026-07-11,Defer,2,Forecast,2026-06-SOP,Planned
PLAN-000455,2026-06-SOP,Production,DRV-0036,200,5.0,2026-08-27,2026-06-28,Expedite,1,Forecast,2026-06-SOP,Planned
PLAN-000639,2026-06-SOP,Production,ACT-0032,200,75.0,2026-08-27,2026-07-10,,5,Sales Order,SO-000640,Planned
PLAN-000823,2026-06-SOP,Purchase,AFT-0058,100,40.0,2026-08-27,2026-08-09,Decrease,4,Forecast,2026-06-SOP,Planned
PLAN-001007,2026-06-SOP,Production,DRV-0044,200,20.0,2026-08-27,2026-07-29,Increase,3,Forecast,2026-06-SOP,Planned
PLAN-001191,2026-06-SOP,Production,ACT-0040,200,10.0,2026-08-27,2026-08-10,Defer,2,Sales Order,SO-001192,Planned
PLAN-001375,2026-06-SOP,Production,CTL-0006,300,5.0,2026-08-27,2026-08-02,Expedite,1,Forecast,2026-06-SOP,Planned
PLAN-001559,2026-06-SOP,Production,DRV-0052,200,75.0,2026-08-27,2026-07-05,,5,Forecast,2026-06-SOP,Planned
PLAN-001743,2026-06-SOP,Production,ACT-0048,200,40.0,2026-08-27,2026-07-17,Decrease,4,Sales Order,SO-001744,Planned
PLAN-001927,2026-06-SOP,Production,CTL-0014,300,20.0,2026-08-27,2026-07-09,Increase,3,Forecast,2026-06-SOP,Planned
PLAN-002111,2026-06-SOP,Production,DRV-0060,200,10.0,2026-08-27,2026-08-05,Defer,2,Forecast,2026-06-SOP,Planned
PLAN-002295,2026-06-SOP,Production,ACT-0056,200,5.0,2026-08-27,2026-08-17,Expedite,1,Sales Order,SO-002296,Planned
PLAN-002479,2026-06-SOP,Production,CTL-0022,300,75.0,2026-08-27,2026-08-09,,5,Forecast,2026-06-SOP,Planned
PLAN-002663,2026-06-SOP,Production,SYS-0008,300,40.0,2026-08-27,2026-07-27,Decrease,4,Forecast,2026-06-SOP,Planned
PLAN-002847,2026-06-SOP,Purchase,AFT-0004,100,20.0,2026-08-27,2026-08-09,Increase,3,Sales Order,SO-002848,Planned
PLAN-003031,2026-06-SOP,Production,CTL-0030,300,10.0,2026-08-27,2026-07-16,Defer,2,Forecast,2026-06-SOP,Planned
PLAN-003215,2026-06-SOP,Production,SYS-0016,300,5.0,2026-08-27,2026-07-03,Expedite,1,Forecast,2026-06-SOP,Planned
PLAN-003399,2026-06-SOP,Purchase,AFT-0012,300,75.0,2026-08-27,2026-07-15,,5,Sales Order,SO-003400,Planned
PLAN-003583,2026-06-SOP,Production,CTL-0038,300,40.0,2026-08-27,2026-08-16,Decrease,4,Forecast,2026-06-SOP,Planned
PLAN-003767,2026-06-SOP,Production,SYS-0024,300,20.0,2026-08-27,2026-08-03,Increase,3,Forecast,2026-06-SOP,Planned
PLAN-003951,2026-06-SOP,Purchase,AFT-0020,100,10.0,2026-08-27,2026-08-15,Defer,2,Sales Order,SO-003952,Planned
PLAN-004135,2026-06-SOP,Production,DRV-0006,200,5.0,2026-08-27,2026-08-02,Expedite,1,Forecast,2026-06-SOP,Planned
PLAN-004319,2026-06-SOP,Production,ACT-0002,200,75.0,2026-08-27,2026-08-14,,5,Forecast,2026-06-SOP,Planned
PLAN-004503,2026-06-SOP,Purchase,AFT-0028,100,40.0,2026-08-27,2026-08-09,Decrease,4,Sales Order,SO-004504,Planned
PLAN-004687,2026-06-SOP,Production,DRV-0014,200,20.0,2026-08-27,2026-07-09,Increase,3,Forecast,2026-06-SOP,Planned
PLAN-004871,2026-06-SOP,Production,ACT-0010,200,10.0,2026-08-27,2026-07-21,Defer,2,Forecast,2026-06-SOP,Planned
PLAN-000166,2026-06-SOP,Purchase,AFT-0005,100,10.0,2026-08-28,2026-08-06,Defer,2,Forecast,2026-06-SOP,Planned
PLAN-000350,2026-06-SOP,Production,CTL-0031,300,5.0,2026-08-28,2026-07-14,Expedite,1,Forecast,2026-06-SOP,Planned
PLAN-000534,2026-06-SOP,Production,SYS-0017,100,75.0,2026-08-28,2026-07-01,,5,Sales Order,SO-000535,Planned
PLAN-000718,2026-06-SOP,Purchase,AFT-0013,100,40.0,2026-08-28,2026-08-10,Decrease,4,Forecast,2026-06-SOP,Planned
PLAN-000902,2026-06-SOP,Production,CTL-0039,300,20.0,2026-08-28,2026-08-14,Increase,3,Forecast,2026-06-SOP,Planned
PLAN-001086,2026-06-SOP,Production,SYS-0025,100,10.0,2026-08-28,2026-08-01,Defer,2,Sales Order,SO-001087,Planned
PLAN-001270,2026-06-SOP,Purchase,AFT-0021,300,5.0,2026-08-28,2026-08-13,Expedite,1,Forecast,2026-06-SOP,Planned
PLAN-001454,2026-06-SOP,Production,DRV-0007,100,75.0,2026-08-28,2026-07-31,,5,Forecast,2026-06-SOP,Planned
PLAN-001638,2026-06-SOP,Production,ACT-0003,100,40.0,2026-08-28,2026-08-12,Decrease,4,Sales Order,SO-001639,Planned
PLAN-001822,2026-06-SOP,Purchase,AFT-0029,100,20.0,2026-08-28,2026-07-20,Increase,3,Forecast,2026-06-SOP,Planned
PLAN-002006,2026-06-SOP,Production,DRV-0015,100,10.0,2026-08-28,2026-07-07,Defer,2,Forecast,2026-06-SOP,Planned
PLAN-002190,2026-06-SOP,Production,ACT-0011,100,5.0,2026-08-28,2026-07-19,Expedite,1,Sales Order,SO-002191,Planned
PLAN-002374,2026-06-SOP,Purchase,AFT-0037,100,75.0,2026-08-28,2026-08-10,,5,Forecast,2026-06-SOP,Planned
PLAN-002558,2026-06-SOP,Production,DRV-0023,100,40.0,2026-08-28,2026-08-07,Decrease,4,Forecast,2026-06-SOP,Planned
PLAN-002742,2026-06-SOP,Production,ACT-0019,100,20.0,2026-08-28,2026-08-19,Increase,3,Sales Order,SO-002743,Planned
PLAN-002926,2026-06-SOP,Purchase,AFT-0045,300,10.0,2026-08-28,2026-07-27,Defer,2,Forecast,2026-06-SOP,Planned
PLAN-003110,2026-06-SOP,Production,DRV-0031,100,5.0,2026-08-28,2026-07-14,Expedite,1,Forecast,2026-06-SOP,Planned
PLAN-003294,2026-06-SOP,Production,ACT-0027,100,75.0,2026-08-28,2026-07-26,,5,Sales Order,SO-003295,Planned
PLAN-003478,2026-06-SOP,Purchase,AFT-0053,100,40.0,2026-08-28,2026-07-03,Decrease,4,Forecast,2026-06-SOP,Planned
PLAN-003662,2026-06-SOP,Production,DRV-0039,100,20.0,2026-08-28,2026-08-14,Increase,3,Forecast,2026-06-SOP,Planned
PLAN-003846,2026-06-SOP,Production,ACT-0035,100,10.0,2026-08-28,2026-07-02,Defer,2,Sales Order,SO-003847,Planned
PLAN-004030,2026-06-SOP,Production,CTL-0001,300,5.0,2026-08-28,2026-08-18,Expedite,1,Forecast,2026-06-SOP,Planned
PLAN-004214,2026-06-SOP,Production,DRV-0047,100,75.0,2026-08-28,2026-07-21,,5,Forecast,2026-06-SOP,Planned
PLAN-004398,2026-06-SOP,Production,ACT-0043,100,40.0,2026-08-28,2026-08-02,Decrease,4,Sales Order,SO-004399,Planned
PLAN-004582,2026-06-SOP,Production,CTL-0009,300,20.0,2026-08-28,2026-07-25,Increase,3,Forecast,2026-06-SOP,Planned
PLAN-004766,2026-06-SOP,Production,DRV-0055,100,10.0,2026-08-28,2026-08-21,Defer,2,Forecast,2026-06-SOP,Planned
PLAN-004950,2026-06-SOP,Production,ACT-0051,100,5.0,2026-08-28,2026-07-09,Expedite,1,Sales Order,SO-004951,Planned
PLAN-000061,2026-06-SOP,Production,ACT-0020,200,10.0,2026-08-29,2026-08-17,Defer,2,Forecast,2026-06-SOP,Planned
PLAN-000245,2026-06-SOP,Purchase,AFT-0046,100,5.0,2026-08-29,2026-08-11,Expedite,1,Forecast,2026-06-SOP,Planned
PLAN-000429,2026-06-SOP,Production,DRV-0032,200,75.0,2026-08-29,2026-07-12,,5,Sales Order,SO-000430,Planned
PLAN-000613,2026-06-SOP,Production,ACT-0028,200,40.0,2026-08-29,2026-07-24,Decrease,4,Forecast,2026-06-SOP,Planned
PLAN-000797,2026-06-SOP,Purchase,AFT-0054,300,20.0,2026-08-29,2026-07-01,Increase,3,Forecast,2026-06-SOP,Planned
PLAN-000981,2026-06-SOP,Production,DRV-0040,200,10.0,2026-08-29,2026-08-12,Defer,2,Sales Order,SO-000982,Planned
PLAN-001165,2026-06-SOP,Production,ACT-0036,200,5.0,2026-08-29,2026-06-30,Expedite,1,Forecast,2026-06-SOP,Planned
PLAN-001349,2026-06-SOP,Production,CTL-0002,300,75.0,2026-08-29,2026-08-16,,5,Forecast,2026-06-SOP,Planned
PLAN-001533,2026-06-SOP,Production,DRV-0048,200,40.0,2026-08-29,2026-07-19,Decrease,4,Sales Order,SO-001534,Planned
PLAN-001717,2026-06-SOP,Production,ACT-0044,200,20.0,2026-08-29,2026-07-31,Increase,3,Forecast,2026-06-SOP,Planned
PLAN-001901,2026-06-SOP,Production,CTL-0010,300,10.0,2026-08-29,2026-07-23,Defer,2,Forecast,2026-06-SOP,Planned
PLAN-002085,2026-06-SOP,Production,DRV-0056,200,5.0,2026-08-29,2026-08-19,Expedite,1,Sales Order,SO-002086,Planned
PLAN-002269,2026-06-SOP,Production,ACT-0052,200,75.0,2026-08-29,2026-07-07,,5,Forecast,2026-06-SOP,Planned
PLAN-002453,2026-06-SOP,Production,CTL-0018,300,40.0,2026-08-29,2026-06-29,Decrease,4,Forecast,2026-06-SOP,Planned
PLAN-002637,2026-06-SOP,Production,SYS-0004,300,20.0,2026-08-29,2026-08-10,Increase,3,Sales Order,SO-002638,Planned
PLAN-002821,2026-06-SOP,Production,ACT-0060,200,10.0,2026-08-29,2026-08-07,Defer,2,Forecast,2026-06-SOP,Planned
PLAN-003005,2026-06-SOP,Production,CTL-0026,300,5.0,2026-08-29,2026-07-30,Expedite,1,Forecast,2026-06-SOP,Planned
PLAN-003189,2026-06-SOP,Production,SYS-0012,300,75.0,2026-08-29,2026-07-17,,5,Sales Order,SO-003190,Planned
PLAN-003373,2026-06-SOP,Purchase,AFT-0008,100,40.0,2026-08-29,2026-07-29,Decrease,4,Forecast,2026-06-SOP,Planned
PLAN-003557,2026-06-SOP,Production,CTL-0034,300,20.0,2026-08-29,2026-07-06,Increase,3,Forecast,2026-06-SOP,Planned
PLAN-003741,2026-06-SOP,Production,SYS-0020,300,10.0,2026-08-29,2026-08-17,Defer,2,Sales Order,SO-003742,Planned
PLAN-003925,2026-06-SOP,Purchase,AFT-0016,100,5.0,2026-08-29,2026-08-11,Expedite,1,Forecast,2026-06-SOP,Planned
PLAN-004109,2026-06-SOP,Production,DRV-0002,200,75.0,2026-08-29,2026-08-16,,5,Forecast,2026-06-SOP,Planned
PLAN-004293,2026-06-SOP,Production,SYS-0028,300,40.0,2026-08-29,2026-07-24,Decrease,4,Sales Order,SO-004294,Planned
PLAN-004477,2026-06-SOP,Purchase,AFT-0024,300,20.0,2026-08-29,2026-08-05,Increase,3,Forecast,2026-06-SOP,Planned
PLAN-004661,2026-06-SOP,Production,DRV-0010,200,10.0,2026-08-29,2026-07-23,Defer,2,Forecast,2026-06-SOP,Planned
PLAN-004845,2026-06-SOP,Production,ACT-0006,200,5.0,2026-08-29,2026-08-04,Expedite,1,Sales Order,SO-004846,Planned
PLAN-000140,2026-06-SOP,Purchase,AFT-0001,100,5.0,2026-08-30,2026-08-12,Expedite,1,Forecast,2026-06-SOP,Planned
PLAN-000324,2026-06-SOP,Production,CTL-0027,300,75.0,2026-08-30,2026-07-28,,5,Sales Order,SO-000325,Planned
PLAN-000508,2026-06-SOP,Production,SYS-0013,100,40.0,2026-08-30,2026-07-15,Decrease,4,Forecast,2026-06-SOP,Planned
PLAN-000692,2026-06-SOP,Purchase,AFT-0009,300,20.0,2026-08-30,2026-07-27,Increase,3,Forecast,2026-06-SOP,Planned
PLAN-000876,2026-06-SOP,Production,CTL-0035,300,10.0,2026-08-30,2026-07-04,Defer,2,Sales Order,SO-000877,Planned
PLAN-001060,2026-06-SOP,Production,SYS-0021,100,5.0,2026-08-30,2026-08-15,Expedite,1,Forecast,2026-06-SOP,Planned
PLAN-001244,2026-06-SOP,Purchase,AFT-0017,100,75.0,2026-08-30,2026-07-03,,5,Forecast,2026-06-SOP,Planned
PLAN-001428,2026-06-SOP,Production,DRV-0003,100,40.0,2026-08-30,2026-08-14,Decrease,4,Sales Order,SO-001429,Planned
PLAN-001612,2026-06-SOP,Production,SYS-0029,100,20.0,2026-08-30,2026-07-22,Increase,3,Forecast,2026-06-SOP,Planned
PLAN-001796,2026-06-SOP,Purchase,AFT-0025,100,10.0,2026-08-30,2026-08-12,Defer,2,Forecast,2026-06-SOP,Planned
PLAN-001980,2026-06-SOP,Production,DRV-0011,100,5.0,2026-08-30,2026-07-21,Expedite,1,Sales Order,SO-001981,Planned
PLAN-002164,2026-06-SOP,Production,ACT-0007,100,75.0,2026-08-30,2026-08-02,,5,Forecast,2026-06-SOP,Planned
PLAN-002348,2026-06-SOP,Purchase,AFT-0033,300,40.0,2026-08-30,2026-07-10,Decrease,4,Forecast,2026-06-SOP,Planned
PLAN-002532,2026-06-SOP,Production,DRV-0019,100,20.0,2026-08-30,2026-08-21,Increase,3,Sales Order,SO-002533,Planned
PLAN-002716,2026-06-SOP,Production,ACT-0015,100,10.0,2026-08-30,2026-07-09,Defer,2,Forecast,2026-06-SOP,Planned
PLAN-002900,2026-06-SOP,Purchase,AFT-0041,100,5.0,2026-08-30,2026-08-10,Expedite,1,Forecast,2026-06-SOP,Planned
PLAN-003084,2026-06-SOP,Production,DRV-0027,100,75.0,2026-08-30,2026-07-28,,5,Sales Order,SO-003085,Planned
PLAN-003268,2026-06-SOP,Production,ACT-0023,100,40.0,2026-08-30,2026-08-09,Decrease,4,Forecast,2026-06-SOP,Planned
PLAN-003452,2026-06-SOP,Purchase,AFT-0049,100,20.0,2026-08-30,2026-08-12,Increase,3,Forecast,2026-06-SOP,Planned
PLAN-003636,2026-06-SOP,Production,DRV-0035,100,10.0,2026-08-30,2026-07-04,Defer,2,Sales Order,SO-003637,Planned
PLAN-003820,2026-06-SOP,Production,ACT-0031,100,5.0,2026-08-30,2026-07-16,Expedite,1,Forecast,2026-06-SOP,Planned
PLAN-004004,2026-06-SOP,Purchase,AFT-0057,300,75.0,2026-08-30,2026-08-17,,5,Forecast,2026-06-SOP,Planned
PLAN-004188,2026-06-SOP,Production,DRV-0043,100,40.0,2026-08-30,2026-08-04,Decrease,4,Sales Order,SO-004189,Planned
PLAN-004372,2026-06-SOP,Production,ACT-0039,100,20.0,2026-08-30,2026-08-16,Increase,3,Forecast,2026-06-SOP,Planned
PLAN-004556,2026-06-SOP,Production,CTL-0005,300,10.0,2026-08-30,2026-08-08,Defer,2,Forecast,2026-06-SOP,Planned
PLAN-004740,2026-06-SOP,Production,DRV-0051,100,5.0,2026-08-30,2026-07-11,Expedite,1,Sales Order,SO-004741,Planned
PLAN-004924,2026-06-SOP,Production,ACT-0047,100,75.0,2026-08-30,2026-07-23,,5,Forecast,2026-06-SOP,Planned
PLAN-000035,2026-06-SOP,Production,ACT-0016,200,5.0,2026-08-31,2026-07-07,Expedite,1,Forecast,2026-06-SOP,Planned
PLAN-000219,2026-06-SOP,Purchase,AFT-0042,300,75.0,2026-08-31,2026-08-08,,5,Sales Order,SO-000220,Planned
PLAN-000403,2026-06-SOP,Production,DRV-0028,200,40.0,2026-08-31,2026-07-26,Decrease,4,Forecast,2026-06-SOP,Planned
PLAN-000587,2026-06-SOP,Production,ACT-0024,200,20.0,2026-08-31,2026-08-07,Increase,3,Forecast,2026-06-SOP,Planned
PLAN-000771,2026-06-SOP,Purchase,AFT-0050,100,10.0,2026-08-31,2026-07-15,Defer,2,Sales Order,SO-000772,Planned
PLAN-000955,2026-06-SOP,Production,DRV-0036,200,5.0,2026-08-31,2026-07-02,Expedite,1,Forecast,2026-06-SOP,Planned
PLAN-001139,2026-06-SOP,Production,ACT-0032,200,75.0,2026-08-31,2026-07-14,,5,Forecast,2026-06-SOP,Planned
PLAN-001323,2026-06-SOP,Purchase,AFT-0058,100,40.0,2026-08-31,2026-08-13,Decrease,4,Sales Order,SO-001324,Planned
PLAN-001507,2026-06-SOP,Production,DRV-0044,200,20.0,2026-08-31,2026-08-02,Increase,3,Forecast,2026-06-SOP,Planned
PLAN-001691,2026-06-SOP,Production,ACT-0040,200,10.0,2026-08-31,2026-08-14,Defer,2,Forecast,2026-06-SOP,Planned
PLAN-001875,2026-06-SOP,Production,CTL-0006,300,5.0,2026-08-31,2026-08-06,Expedite,1,Sales Order,SO-001876,Planned
PLAN-002059,2026-06-SOP,Production,DRV-0052,200,75.0,2026-08-31,2026-07-09,,5,Forecast,2026-06-SOP,Planned
PLAN-002243,2026-06-SOP,Production,ACT-0048,200,40.0,2026-08-31,2026-07-21,Decrease,4,Forecast,2026-06-SOP,Planned
PLAN-002427,2026-06-SOP,Production,CTL-0014,300,20.0,2026-08-31,2026-07-13,Increase,3,Sales Order,SO-002428,Planned
PLAN-002611,2026-06-SOP,Production,DRV-0060,200,10.0,2026-08-31,2026-08-09,Defer,2,Forecast,2026-06-SOP,Planned
PLAN-002795,2026-06-SOP,Production,ACT-0056,200,5.0,2026-08-31,2026-08-21,Expedite,1,Forecast,2026-06-SOP,Planned
PLAN-002979,2026-06-SOP,Production,CTL-0022,300,75.0,2026-08-31,2026-08-13,,5,Sales Order,SO-002980,Planned
PLAN-003163,2026-06-SOP,Production,SYS-0008,300,40.0,2026-08-31,2026-07-31,Decrease,4,Forecast,2026-06-SOP,Planned
PLAN-003347,2026-06-SOP,Purchase,AFT-0004,100,20.0,2026-08-31,2026-08-13,Increase,3,Forecast,2026-06-SOP,Planned
PLAN-003531,2026-06-SOP,Production,CTL-0030,300,10.0,2026-08-31,2026-07-20,Defer,2,Sales Order,SO-003532,Planned
PLAN-003715,2026-06-SOP,Production,SYS-0016,300,5.0,2026-08-31,2026-07-07,Expedite,1,Forecast,2026-06-SOP,Planned
PLAN-003899,2026-06-SOP,Purchase,AFT-0012,300,75.0,2026-08-31,2026-07-19,,5,Forecast,2026-06-SOP,Planned
PLAN-004083,2026-06-SOP,Production,CTL-0038,300,40.0,2026-08-31,2026-08-20,Decrease,4,Sales Order,SO-004084,Planned
PLAN-004267,2026-06-SOP,Production,SYS-0024,300,20.0,2026-08-31,2026-08-07,Increase,3,Forecast,2026-06-SOP,Planned
PLAN-004451,2026-06-SOP,Purchase,AFT-0020,100,10.0,2026-08-31,2026-08-19,Defer,2,Forecast,2026-06-SOP,Planned
PLAN-004635,2026-06-SOP,Production,DRV-0006,200,5.0,2026-08-31,2026-08-06,Expedite,1,Sales Order,SO-004636,Planned
PLAN-004819,2026-06-SOP,Production,ACT-0002,200,75.0,2026-08-31,2026-08-18,,5,Forecast,2026-06-SOP,Planned
PLAN-000114,2026-06-SOP,Production,ACT-0057,100,75.0,2026-09-01,2026-08-19,,5,Sales Order,SO-000115,Planned
PLAN-000298,2026-06-SOP,Production,CTL-0023,300,40.0,2026-09-01,2026-08-11,Decrease,4,Forecast,2026-06-SOP,Planned
PLAN-000482,2026-06-SOP,Production,SYS-0009,100,20.0,2026-09-01,2026-07-29,Increase,3,Forecast,2026-06-SOP,Planned
PLAN-000666,2026-06-SOP,Purchase,AFT-0005,100,10.0,2026-09-01,2026-08-10,Defer,2,Sales Order,SO-000667,Planned
PLAN-000850,2026-06-SOP,Production,CTL-0031,300,5.0,2026-09-01,2026-07-18,Expedite,1,Forecast,2026-06-SOP,Planned
PLAN-001034,2026-06-SOP,Production,SYS-0017,100,75.0,2026-09-01,2026-07-05,,5,Forecast,2026-06-SOP,Planned
PLAN-001218,2026-06-SOP,Purchase,AFT-0013,100,40.0,2026-09-01,2026-08-14,Decrease,4,Sales Order,SO-001219,Planned
PLAN-001402,2026-06-SOP,Production,CTL-0039,300,20.0,2026-09-01,2026-08-18,Increase,3,Forecast,2026-06-SOP,Planned
PLAN-001586,2026-06-SOP,Production,SYS-0025,100,10.0,2026-09-01,2026-08-05,Defer,2,Forecast,2026-06-SOP,Planned
PLAN-001770,2026-06-SOP,Purchase,AFT-0021,300,5.0,2026-09-01,2026-08-17,Expedite,1,Sales Order,SO-001771,Planned
PLAN-001954,2026-06-SOP,Production,DRV-0007,100,75.0,2026-09-01,2026-08-04,,5,Forecast,2026-06-SOP,Planned
PLAN-002138,2026-06-SOP,Production,ACT-0003,100,40.0,2026-09-01,2026-08-16,Decrease,4,Forecast,2026-06-SOP,Planned
PLAN-002322,2026-06-SOP,Purchase,AFT-0029,100,20.0,2026-09-01,2026-07-24,Increase,3,Sales Order,SO-002323,Planned
PLAN-002506,2026-06-SOP,Production,DRV-0015,100,10.0,2026-09-01,2026-07-11,Defer,2,Forecast,2026-06-SOP,Planned
PLAN-002690,2026-06-SOP,Production,ACT-0011,100,5.0,2026-09-01,2026-07-23,Expedite,1,Forecast,2026-06-SOP,Planned
PLAN-002874,2026-06-SOP,Purchase,AFT-0037,100,75.0,2026-09-01,2026-08-14,,5,Sales Order,SO-002875,Planned
PLAN-003058,2026-06-SOP,Production,DRV-0023,100,40.0,2026-09-01,2026-08-11,Decrease,4,Forecast,2026-06-SOP,Planned
PLAN-003242,2026-06-SOP,Production,ACT-0019,100,20.0,2026-09-01,2026-08-23,Increase,3,Forecast,2026-06-SOP,Planned
PLAN-003426,2026-06-SOP,Purchase,AFT-0045,300,10.0,2026-09-01,2026-07-31,Defer,2,Sales Order,SO-003427,Planned
PLAN-003610,2026-06-SOP,Production,DRV-0031,100,5.0,2026-09-01,2026-07-18,Expedite,1,Forecast,2026-06-SOP,Planned
PLAN-003794,2026-06-SOP,Production,ACT-0027,100,75.0,2026-09-01,2026-07-30,,5,Forecast,2026-06-SOP,Planned
PLAN-003978,2026-06-SOP,Purchase,AFT-0053,100,40.0,2026-09-01,2026-07-07,Decrease,4,Sales Order,SO-003979,Planned
PLAN-004162,2026-06-SOP,Production,DRV-0039,100,20.0,2026-09-01,2026-08-18,Increase,3,Forecast,2026-06-SOP,Planned
PLAN-004346,2026-06-SOP,Production,ACT-0035,100,10.0,2026-09-01,2026-07-06,Defer,2,Forecast,2026-06-SOP,Planned
PLAN-004530,2026-06-SOP,Production,CTL-0001,300,5.0,2026-09-01,2026-08-22,Expedite,1,Sales Order,SO-004531,Planned
PLAN-004714,2026-06-SOP,Production,DRV-0047,100,75.0,2026-09-01,2026-07-25,,5,Forecast,2026-06-SOP,Planned
PLAN-004898,2026-06-SOP,Production,ACT-0043,100,40.0,2026-09-01,2026-08-06,Decrease,4,Forecast,2026-06-SOP,Planned
PLAN-000009,2026-06-SOP,Production,ACT-0012,200,75.0,2026-09-02,2026-07-21,,5,Sales Order,SO-000010,Planned
PLAN-000193,2026-06-SOP,Purchase,AFT-0038,100,40.0,2026-09-02,2026-08-22,Decrease,4,Forecast,2026-06-SOP,Planned
PLAN-000377,2026-06-SOP,Production,DRV-0024,200,20.0,2026-09-02,2026-08-09,Increase,3,Forecast,2026-06-SOP,Planned
PLAN-000561,2026-06-SOP,Production,ACT-0020,200,10.0,2026-09-02,2026-08-21,Defer,2,Sales Order,SO-000562,Planned
PLAN-000745,2026-06-SOP,Purchase,AFT-0046,100,5.0,2026-09-02,2026-08-15,Expedite,1,Forecast,2026-06-SOP,Planned
PLAN-000929,2026-06-SOP,Production,DRV-0032,200,75.0,2026-09-02,2026-07-16,,5,Forecast,2026-06-SOP,Planned
PLAN-001113,2026-06-SOP,Production,ACT-0028,200,40.0,2026-09-02,2026-07-28,Decrease,4,Sales Order,SO-001114,Planned
PLAN-001297,2026-06-SOP,Purchase,AFT-0054,300,20.0,2026-09-02,2026-07-05,Increase,3,Forecast,2026-06-SOP,Planned
PLAN-001481,2026-06-SOP,Production,DRV-0040,200,10.0,2026-09-02,2026-08-16,Defer,2,Forecast,2026-06-SOP,Planned
PLAN-001665,2026-06-SOP,Production,ACT-0036,200,5.0,2026-09-02,2026-07-04,Expedite,1,Sales Order,SO-001666,Planned
PLAN-001849,2026-06-SOP,Production,CTL-0002,300,75.0,2026-09-02,2026-08-20,,5,Forecast,2026-06-SOP,Planned
PLAN-002033,2026-06-SOP,Production,DRV-0048,200,40.0,2026-09-02,2026-07-23,Decrease,4,Forecast,2026-06-SOP,Planned
PLAN-002217,2026-06-SOP,Production,ACT-0044,200,20.0,2026-09-02,2026-08-04,Increase,3,Sales Order,SO-002218,Planned
PLAN-002401,2026-06-SOP,Production,CTL-0010,300,10.0,2026-09-02,2026-07-27,Defer,2,Forecast,2026-06-SOP,Planned
PLAN-002585,2026-06-SOP,Production,DRV-0056,200,5.0,2026-09-02,2026-08-23,Expedite,1,Forecast,2026-06-SOP,Planned
PLAN-002769,2026-06-SOP,Production,ACT-0052,200,75.0,2026-09-02,2026-07-11,,5,Sales Order,SO-002770,Planned
PLAN-002953,2026-06-SOP,Production,CTL-0018,300,40.0,2026-09-02,2026-07-03,Decrease,4,Forecast,2026-06-SOP,Planned
PLAN-003137,2026-06-SOP,Production,SYS-0004,300,20.0,2026-09-02,2026-08-14,Increase,3,Forecast,2026-06-SOP,Planned
PLAN-003321,2026-06-SOP,Production,ACT-0060,200,10.0,2026-09-02,2026-08-11,Defer,2,Sales Order,SO-003322,Planned
PLAN-003505,2026-06-SOP,Production,CTL-0026,300,5.0,2026-09-02,2026-08-03,Expedite,1,Forecast,2026-06-SOP,Planned
PLAN-003689,2026-06-SOP,Production,SYS-0012,300,75.0,2026-09-02,2026-07-21,,5,Forecast,2026-06-SOP,Planned
PLAN-003873,2026-06-SOP,Purchase,AFT-0008,100,40.0,2026-09-02,2026-08-02,Decrease,4,Sales Order,SO-003874,Planned
PLAN-004057,2026-06-SOP,Production,CTL-0034,300,20.0,2026-09-02,2026-07-10,Increase,3,Forecast,2026-06-SOP,Planned
PLAN-004241,2026-06-SOP,Production,SYS-0020,300,10.0,2026-09-02,2026-08-21,Defer,2,Forecast,2026-06-SOP,Planned
PLAN-004425,2026-06-SOP,Purchase,AFT-0016,100,5.0,2026-09-02,2026-08-15,Expedite,1,Sales Order,SO-004426,Planned
PLAN-004609,2026-06-SOP,Production,DRV-0002,200,75.0,2026-09-02,2026-08-20,,5,Forecast,2026-06-SOP,Planned
PLAN-004793,2026-06-SOP,Production,SYS-0028,300,40.0,2026-09-02,2026-07-28,Decrease,4,Forecast,2026-06-SOP,Planned
PLAN-004977,2026-06-SOP,Purchase,AFT-0024,300,20.0,2026-09-02,2026-08-09,Increase,3,Sales Order,SO-004978,Planned
PLAN-000088,2026-06-SOP,Production,ACT-0053,100,40.0,2026-09-03,2026-07-09,Decrease,4,Forecast,2026-06-SOP,Planned
PLAN-000272,2026-06-SOP,Production,CTL-0019,300,20.0,2026-09-03,2026-08-25,Increase,3,Forecast,2026-06-SOP,Planned
PLAN-000456,2026-06-SOP,Production,SYS-0005,100,10.0,2026-09-03,2026-08-12,Defer,2,Sales Order,SO-000457,Planned
PLAN-000640,2026-06-SOP,Purchase,AFT-0001,100,5.0,2026-09-03,2026-08-16,Expedite,1,Forecast,2026-06-SOP,Planned
PLAN-000824,2026-06-SOP,Production,CTL-0027,300,75.0,2026-09-03,2026-08-01,,5,Forecast,2026-06-SOP,Planned
PLAN-001008,2026-06-SOP,Production,SYS-0013,100,40.0,2026-09-03,2026-07-19,Decrease,4,Sales Order,SO-001009,Planned
PLAN-001192,2026-06-SOP,Purchase,AFT-0009,300,20.0,2026-09-03,2026-07-31,Increase,3,Forecast,2026-06-SOP,Planned
PLAN-001376,2026-06-SOP,Production,CTL-0035,300,10.0,2026-09-03,2026-07-08,Defer,2,Forecast,2026-06-SOP,Planned
PLAN-001560,2026-06-SOP,Production,SYS-0021,100,5.0,2026-09-03,2026-08-19,Expedite,1,Sales Order,SO-001561,Planned
PLAN-001744,2026-06-SOP,Purchase,AFT-0017,100,75.0,2026-09-03,2026-07-07,,5,Forecast,2026-06-SOP,Planned
PLAN-001928,2026-06-SOP,Production,DRV-0003,100,40.0,2026-09-03,2026-08-18,Decrease,4,Forecast,2026-06-SOP,Planned
PLAN-002112,2026-06-SOP,Production,SYS-0029,100,20.0,2026-09-03,2026-07-26,Increase,3,Sales Order,SO-002113,Planned
PLAN-002296,2026-06-SOP,Purchase,AFT-0025,100,10.0,2026-09-03,2026-08-16,Defer,2,Forecast,2026-06-SOP,Planned
PLAN-002480,2026-06-SOP,Production,DRV-0011,100,5.0,2026-09-03,2026-07-25,Expedite,1,Forecast,2026-06-SOP,Planned
PLAN-002664,2026-06-SOP,Production,ACT-0007,100,75.0,2026-09-03,2026-08-06,,5,Sales Order,SO-002665,Planned
PLAN-002848,2026-06-SOP,Purchase,AFT-0033,300,40.0,2026-09-03,2026-07-14,Decrease,4,Forecast,2026-06-SOP,Planned
PLAN-003032,2026-06-SOP,Production,DRV-0019,100,20.0,2026-09-03,2026-08-25,Increase,3,Forecast,2026-06-SOP,Planned
PLAN-003216,2026-06-SOP,Production,ACT-0015,100,10.0,2026-09-03,2026-07-13,Defer,2,Sales Order,SO-003217,Planned
PLAN-003400,2026-06-SOP,Purchase,AFT-0041,100,5.0,2026-09-03,2026-08-14,Expedite,1,Forecast,2026-06-SOP,Planned
PLAN-003584,2026-06-SOP,Production,DRV-0027,100,75.0,2026-09-03,2026-08-01,,5,Forecast,2026-06-SOP,Planned
PLAN-003768,2026-06-SOP,Production,ACT-0023,100,40.0,2026-09-03,2026-08-13,Decrease,4,Sales Order,SO-003769,Planned
PLAN-003952,2026-06-SOP,Purchase,AFT-0049,100,20.0,2026-09-03,2026-08-16,Increase,3,Forecast,2026-06-SOP,Planned
PLAN-004136,2026-06-SOP,Production,DRV-0035,100,10.0,2026-09-03,2026-07-08,Defer,2,Forecast,2026-06-SOP,Planned
PLAN-004320,2026-06-SOP,Production,ACT-0031,100,5.0,2026-09-03,2026-07-20,Expedite,1,Sales Order,SO-004321,Planned
PLAN-004504,2026-06-SOP,Purchase,AFT-0057,300,75.0,2026-09-03,2026-08-21,,5,Forecast,2026-06-SOP,Planned
PLAN-004688,2026-06-SOP,Production,DRV-0043,100,40.0,2026-09-03,2026-08-08,Decrease,4,Forecast,2026-06-SOP,Planned
PLAN-004872,2026-06-SOP,Production,ACT-0039,100,20.0,2026-09-03,2026-08-20,Increase,3,Sales Order,SO-004873,Planned
PLAN-000167,2026-06-SOP,Purchase,AFT-0034,100,20.0,2026-09-04,2026-08-17,Increase,3,Forecast,2026-06-SOP,Planned
PLAN-000351,2026-06-SOP,Production,DRV-0020,200,10.0,2026-09-04,2026-08-23,Defer,2,Sales Order,SO-000352,Planned
PLAN-000535,2026-06-SOP,Production,ACT-0016,200,5.0,2026-09-04,2026-07-11,Expedite,1,Forecast,2026-06-SOP,Planned
PLAN-000719,2026-06-SOP,Purchase,AFT-0042,300,75.0,2026-09-04,2026-08-12,,5,Forecast,2026-06-SOP,Planned
PLAN-000903,2026-06-SOP,Production,DRV-0028,200,40.0,2026-09-04,2026-07-30,Decrease,4,Sales Order,SO-000904,Planned
PLAN-001087,2026-06-SOP,Production,ACT-0024,200,20.0,2026-09-04,2026-08-11,Increase,3,Forecast,2026-06-SOP,Planned
PLAN-001271,2026-06-SOP,Purchase,AFT-0050,100,10.0,2026-09-04,2026-07-19,Defer,2,Forecast,2026-06-SOP,Planned
PLAN-001455,2026-06-SOP,Production,DRV-0036,200,5.0,2026-09-04,2026-07-06,Expedite,1,Sales Order,SO-001456,Planned
PLAN-001639,2026-06-SOP,Production,ACT-0032,200,75.0,2026-09-04,2026-07-18,,5,Forecast,2026-06-SOP,Planned
PLAN-001823,2026-06-SOP,Purchase,AFT-0058,100,40.0,2026-09-04,2026-08-17,Decrease,4,Forecast,2026-06-SOP,Planned
PLAN-002007,2026-06-SOP,Production,DRV-0044,200,20.0,2026-09-04,2026-08-06,Increase,3,Sales Order,SO-002008,Planned
PLAN-002191,2026-06-SOP,Production,ACT-0040,200,10.0,2026-09-04,2026-08-18,Defer,2,Forecast,2026-06-SOP,Planned
PLAN-002375,2026-06-SOP,Production,CTL-0006,300,5.0,2026-09-04,2026-08-10,Expedite,1,Forecast,2026-06-SOP,Planned
PLAN-002559,2026-06-SOP,Production,DRV-0052,200,75.0,2026-09-04,2026-07-13,,5,Sales Order,SO-002560,Planned
PLAN-002743,2026-06-SOP,Production,ACT-0048,200,40.0,2026-09-04,2026-07-25,Decrease,4,Forecast,2026-06-SOP,Planned
PLAN-002927,2026-06-SOP,Production,CTL-0014,300,20.0,2026-09-04,2026-07-17,Increase,3,Forecast,2026-06-SOP,Planned
PLAN-003111,2026-06-SOP,Production,DRV-0060,200,10.0,2026-09-04,2026-08-13,Defer,2,Sales Order,SO-003112,Planned
PLAN-003295,2026-06-SOP,Production,ACT-0056,200,5.0,2026-09-04,2026-08-25,Expedite,1,Forecast,2026-06-SOP,Planned
PLAN-003479,2026-06-SOP,Production,CTL-0022,300,75.0,2026-09-04,2026-08-17,,5,Forecast,2026-06-SOP,Planned
PLAN-003663,2026-06-SOP,Production,SYS-0008,300,40.0,2026-09-04,2026-08-04,Decrease,4,Sales Order,SO-003664,Planned
PLAN-003847,2026-06-SOP,Purchase,AFT-0004,100,20.0,2026-09-04,2026-08-17,Increase,3,Forecast,2026-06-SOP,Planned
PLAN-004031,2026-06-SOP,Production,CTL-0030,300,10.0,2026-09-04,2026-07-24,Defer,2,Forecast,2026-06-SOP,Planned
PLAN-004215,2026-06-SOP,Production,SYS-0016,300,5.0,2026-09-04,2026-07-11,Expedite,1,Sales Order,SO-004216,Planned
PLAN-004399,2026-06-SOP,Purchase,AFT-0012,300,75.0,2026-09-04,2026-07-23,,5,Forecast,2026-06-SOP,Planned
PLAN-004583,2026-06-SOP,Production,CTL-0038,300,40.0,2026-09-04,2026-08-24,Decrease,4,Forecast,2026-06-SOP,Planned
PLAN-004767,2026-06-SOP,Production,SYS-0024,300,20.0,2026-09-04,2026-08-11,Increase,3,Sales Order,SO-004768,Planned
PLAN-004951,2026-06-SOP,Purchase,AFT-0020,100,10.0,2026-09-04,2026-08-23,Defer,2,Forecast,2026-06-SOP,Planned
PLAN-000062,2026-06-SOP,Production,ACT-0049,100,20.0,2026-09-05,2026-07-23,Increase,3,Forecast,2026-06-SOP,Planned
PLAN-000246,2026-06-SOP,Production,CTL-0015,300,10.0,2026-09-05,2026-07-15,Defer,2,Sales Order,SO-000247,Planned
PLAN-000430,2026-06-SOP,Production,SYS-0001,100,5.0,2026-09-05,2026-08-26,Expedite,1,Forecast,2026-06-SOP,Planned
PLAN-000614,2026-06-SOP,Production,ACT-0057,100,75.0,2026-09-05,2026-08-23,,5,Forecast,2026-06-SOP,Planned
PLAN-000798,2026-06-SOP,Production,CTL-0023,300,40.0,2026-09-05,2026-08-15,Decrease,4,Sales Order,SO-000799,Planned
PLAN-000982,2026-06-SOP,Production,SYS-0009,100,20.0,2026-09-05,2026-08-02,Increase,3,Forecast,2026-06-SOP,Planned
PLAN-001166,2026-06-SOP,Purchase,AFT-0005,100,10.0,2026-09-05,2026-08-14,Defer,2,Forecast,2026-06-SOP,Planned
PLAN-001350,2026-06-SOP,Production,CTL-0031,300,5.0,2026-09-05,2026-07-22,Expedite,1,Sales Order,SO-001351,Planned
PLAN-001534,2026-06-SOP,Production,SYS-0017,100,75.0,2026-09-05,2026-07-09,,5,Forecast,2026-06-SOP,Planned
PLAN-001718,2026-06-SOP,Purchase,AFT-0013,100,40.0,2026-09-05,2026-08-18,Decrease,4,Forecast,2026-06-SOP,Planned
PLAN-001902,2026-06-SOP,Production,CTL-0039,300,20.0,2026-09-05,2026-08-22,Increase,3,Sales Order,SO-001903,Planned
PLAN-002086,2026-06-SOP,Production,SYS-0025,100,10.0,2026-09-05,2026-08-09,Defer,2,Forecast,2026-06-SOP,Planned
PLAN-002270,2026-06-SOP,Purchase,AFT-0021,300,5.0,2026-09-05,2026-08-21,Expedite,1,Forecast,2026-06-SOP,Planned
PLAN-002454,2026-06-SOP,Production,DRV-0007,100,75.0,2026-09-05,2026-08-08,,5,Sales Order,SO-002455,Planned
PLAN-002638,2026-06-SOP,Production,ACT-0003,100,40.0,2026-09-05,2026-08-20,Decrease,4,Forecast,2026-06-SOP,Planned
PLAN-002822,2026-06-SOP,Purchase,AFT-0029,100,20.0,2026-09-05,2026-07-28,Increase,3,Forecast,2026-06-SOP,Planned
PLAN-003006,2026-06-SOP,Production,DRV-0015,100,10.0,2026-09-05,2026-07-15,Defer,2,Sales Order,SO-003007,Planned
PLAN-003190,2026-06-SOP,Production,ACT-0011,100,5.0,2026-09-05,2026-07-27,Expedite,1,Forecast,2026-06-SOP,Planned
PLAN-003374,2026-06-SOP,Purchase,AFT-0037,100,75.0,2026-09-05,2026-08-18,,5,Forecast,2026-06-SOP,Planned
PLAN-003558,2026-06-SOP,Production,DRV-0023,100,40.0,2026-09-05,2026-08-15,Decrease,4,Sales Order,SO-003559,Planned
PLAN-003742,2026-06-SOP,Production,ACT-0019,100,20.0,2026-09-05,2026-08-27,Increase,3,Forecast,2026-06-SOP,Planned
PLAN-003926,2026-06-SOP,Purchase,AFT-0045,300,10.0,2026-09-05,2026-08-04,Defer,2,Forecast,2026-06-SOP,Planned
PLAN-004110,2026-06-SOP,Production,DRV-0031,100,5.0,2026-09-05,2026-07-22,Expedite,1,Sales Order,SO-004111,Planned
PLAN-004294,2026-06-SOP,Production,ACT-0027,100,75.0,2026-09-05,2026-08-03,,5,Forecast,2026-06-SOP,Planned
PLAN-004478,2026-06-SOP,Purchase,AFT-0053,100,40.0,2026-09-05,2026-07-11,Decrease,4,Forecast,2026-06-SOP,Planned
PLAN-004662,2026-06-SOP,Production,DRV-0039,100,20.0,2026-09-05,2026-08-22,Increase,3,Sales Order,SO-004663,Planned
PLAN-004846,2026-06-SOP,Production,ACT-0035,100,10.0,2026-09-05,2026-07-10,Defer,2,Forecast,2026-06-SOP,Planned
PLAN-000141,2026-06-SOP,Purchase,AFT-0030,300,10.0,2026-09-06,2026-07-26,Defer,2,Sales Order,SO-000142,Planned
PLAN-000325,2026-06-SOP,Production,DRV-0016,200,5.0,2026-09-06,2026-07-13,Expedite,1,Forecast,2026-06-SOP,Planned
PLAN-000509,2026-06-SOP,Production,ACT-0012,200,75.0,2026-09-06,2026-07-25,,5,Forecast,2026-06-SOP,Planned
PLAN-000693,2026-06-SOP,Purchase,AFT-0038,100,40.0,2026-09-06,2026-08-26,Decrease,4,Sales Order,SO-000694,Planned
PLAN-000877,2026-06-SOP,Production,DRV-0024,200,20.0,2026-09-06,2026-08-13,Increase,3,Forecast,2026-06-SOP,Planned
PLAN-001061,2026-06-SOP,Production,ACT-0020,200,10.0,2026-09-06,2026-08-25,Defer,2,Forecast,2026-06-SOP,Planned
PLAN-001245,2026-06-SOP,Purchase,AFT-0046,100,5.0,2026-09-06,2026-08-19,Expedite,1,Sales Order,SO-001246,Planned
PLAN-001429,2026-06-SOP,Production,DRV-0032,200,75.0,2026-09-06,2026-07-20,,5,Forecast,2026-06-SOP,Planned
PLAN-001613,2026-06-SOP,Production,ACT-0028,200,40.0,2026-09-06,2026-08-01,Decrease,4,Forecast,2026-06-SOP,Planned
PLAN-001797,2026-06-SOP,Purchase,AFT-0054,300,20.0,2026-09-06,2026-07-09,Increase,3,Sales Order,SO-001798,Planned
PLAN-001981,2026-06-SOP,Production,DRV-0040,200,10.0,2026-09-06,2026-08-20,Defer,2,Forecast,2026-06-SOP,Planned
PLAN-002165,2026-06-SOP,Production,ACT-0036,200,5.0,2026-09-06,2026-07-08,Expedite,1,Forecast,2026-06-SOP,Planned
PLAN-002349,2026-06-SOP,Production,CTL-0002,300,75.0,2026-09-06,2026-08-24,,5,Sales Order,SO-002350,Planned
PLAN-002533,2026-06-SOP,Production,DRV-0048,200,40.0,2026-09-06,2026-07-27,Decrease,4,Forecast,2026-06-SOP,Planned
PLAN-002717,2026-06-SOP,Production,ACT-0044,200,20.0,2026-09-06,2026-08-08,Increase,3,Forecast,2026-06-SOP,Planned
PLAN-002901,2026-06-SOP,Production,CTL-0010,300,10.0,2026-09-06,2026-07-31,Defer,2,Sales Order,SO-002902,Planned
PLAN-003085,2026-06-SOP,Production,DRV-0056,200,5.0,2026-09-06,2026-08-27,Expedite,1,Forecast,2026-06-SOP,Planned
PLAN-003269,2026-06-SOP,Production,ACT-0052,200,75.0,2026-09-06,2026-07-15,,5,Forecast,2026-06-SOP,Planned
PLAN-003453,2026-06-SOP,Production,CTL-0018,300,40.0,2026-09-06,2026-07-07,Decrease,4,Sales Order,SO-003454,Planned
PLAN-003637,2026-06-SOP,Production,SYS-0004,300,20.0,2026-09-06,2026-08-18,Increase,3,Forecast,2026-06-SOP,Planned
PLAN-003821,2026-06-SOP,Production,ACT-0060,200,10.0,2026-09-06,2026-08-15,Defer,2,Forecast,2026-06-SOP,Planned
PLAN-004005,2026-06-SOP,Production,CTL-0026,300,5.0,2026-09-06,2026-08-07,Expedite,1,Sales Order,SO-004006,Planned
PLAN-004189,2026-06-SOP,Production,SYS-0012,300,75.0,2026-09-06,2026-07-25,,5,Forecast,2026-06-SOP,Planned
PLAN-004373,2026-06-SOP,Purchase,AFT-0008,100,40.0,2026-09-06,2026-08-06,Decrease,4,Forecast,2026-06-SOP,Planned
PLAN-004557,2026-06-SOP,Production,CTL-0034,300,20.0,2026-09-06,2026-07-14,Increase,3,Sales Order,SO-004558,Planned
PLAN-004741,2026-06-SOP,Production,SYS-0020,300,10.0,2026-09-06,2026-08-25,Defer,2,Forecast,2026-06-SOP,Planned
PLAN-004925,2026-06-SOP,Purchase,AFT-0016,100,5.0,2026-09-06,2026-08-19,Expedite,1,Forecast,2026-06-SOP,Planned
PLAN-000036,2026-06-SOP,Production,ACT-0045,100,10.0,2026-09-07,2026-08-06,Defer,2,Sales Order,SO-000037,Planned
PLAN-000220,2026-06-SOP,Production,CTL-0011,300,5.0,2026-09-07,2026-07-29,Expedite,1,Forecast,2026-06-SOP,Planned
PLAN-000404,2026-06-SOP,Production,DRV-0057,100,75.0,2026-09-07,2026-08-25,,5,Forecast,2026-06-SOP,Planned
PLAN-000588,2026-06-SOP,Production,ACT-0053,100,40.0,2026-09-07,2026-07-13,Decrease,4,Sales Order,SO-000589,Planned
PLAN-000772,2026-06-SOP,Production,CTL-0019,300,20.0,2026-09-07,2026-08-29,Increase,3,Forecast,2026-06-SOP,Planned
PLAN-000956,2026-06-SOP,Production,SYS-0005,100,10.0,2026-09-07,2026-08-16,Defer,2,Forecast,2026-06-SOP,Planned
PLAN-001140,2026-06-SOP,Purchase,AFT-0001,100,5.0,2026-09-07,2026-08-20,Expedite,1,Sales Order,SO-001141,Planned
PLAN-001324,2026-06-SOP,Production,CTL-0027,300,75.0,2026-09-07,2026-08-05,,5,Forecast,2026-06-SOP,Planned
PLAN-001508,2026-06-SOP,Production,SYS-0013,100,40.0,2026-09-07,2026-07-23,Decrease,4,Forecast,2026-06-SOP,Planned
PLAN-001692,2026-06-SOP,Purchase,AFT-0009,300,20.0,2026-09-07,2026-08-04,Increase,3,Sales Order,SO-001693,Planned
PLAN-001876,2026-06-SOP,Production,CTL-0035,300,10.0,2026-09-07,2026-07-12,Defer,2,Forecast,2026-06-SOP,Planned
PLAN-002060,2026-06-SOP,Production,SYS-0021,100,5.0,2026-09-07,2026-08-23,Expedite,1,Forecast,2026-06-SOP,Planned
PLAN-002244,2026-06-SOP,Purchase,AFT-0017,100,75.0,2026-09-07,2026-07-11,,5,Sales Order,SO-002245,Planned
PLAN-002428,2026-06-SOP,Production,DRV-0003,100,40.0,2026-09-07,2026-08-22,Decrease,4,Forecast,2026-06-SOP,Planned
PLAN-002612,2026-06-SOP,Production,SYS-0029,100,20.0,2026-09-07,2026-07-30,Increase,3,Forecast,2026-06-SOP,Planned
PLAN-002796,2026-06-SOP,Purchase,AFT-0025,100,10.0,2026-09-07,2026-08-20,Defer,2,Sales Order,SO-002797,Planned
PLAN-002980,2026-06-SOP,Production,DRV-0011,100,5.0,2026-09-07,2026-07-29,Expedite,1,Forecast,2026-06-SOP,Planned
PLAN-003164,2026-06-SOP,Production,ACT-0007,100,75.0,2026-09-07,2026-08-10,,5,Forecast,2026-06-SOP,Planned
PLAN-003348,2026-06-SOP,Purchase,AFT-0033,300,40.0,2026-09-07,2026-07-18,Decrease,4,Sales Order,SO-003349,Planned
PLAN-003532,2026-06-SOP,Production,DRV-0019,100,20.0,2026-09-07,2026-08-29,Increase,3,Forecast,2026-06-SOP,Planned
PLAN-003716,2026-06-SOP,Production,ACT-0015,100,10.0,2026-09-07,2026-07-17,Defer,2,Forecast,2026-06-SOP,Planned
PLAN-003900,2026-06-SOP,Purchase,AFT-0041,100,5.0,2026-09-07,2026-08-18,Expedite,1,Sales Order,SO-003901,Planned
PLAN-004084,2026-06-SOP,Production,DRV-0027,100,75.0,2026-09-07,2026-08-05,,5,Forecast,2026-06-SOP,Planned
PLAN-004268,2026-06-SOP,Production,ACT-0023,100,40.0,2026-09-07,2026-08-17,Decrease,4,Forecast,2026-06-SOP,Planned
PLAN-004452,2026-06-SOP,Purchase,AFT-0049,100,20.0,2026-09-07,2026-08-20,Increase,3,Sales Order,SO-004453,Planned
PLAN-004636,2026-06-SOP,Production,DRV-0035,100,10.0,2026-09-07,2026-07-12,Defer,2,Forecast,2026-06-SOP,Planned
PLAN-004820,2026-06-SOP,Production,ACT-0031,100,5.0,2026-09-07,2026-07-24,Expedite,1,Forecast,2026-06-SOP,Planned
PLAN-000115,2026-06-SOP,Purchase,AFT-0026,100,5.0,2026-09-08,2026-08-09,Expedite,1,Forecast,2026-06-SOP,Planned
PLAN-000299,2026-06-SOP,Production,DRV-0012,200,75.0,2026-09-08,2026-07-27,,5,Forecast,2026-06-SOP,Planned
PLAN-000483,2026-06-SOP,Production,ACT-0008,200,40.0,2026-09-08,2026-08-08,Decrease,4,Sales Order,SO-000484,Planned
PLAN-000667,2026-06-SOP,Purchase,AFT-0034,100,20.0,2026-09-08,2026-08-21,Increase,3,Forecast,2026-06-SOP,Planned
PLAN-000851,2026-06-SOP,Production,DRV-0020,200,10.0,2026-09-08,2026-08-27,Defer,2,Forecast,2026-06-SOP,Planned
PLAN-001035,2026-06-SOP,Production,ACT-0016,200,5.0,2026-09-08,2026-07-15,Expedite,1,Sales Order,SO-001036,Planned
PLAN-001219,2026-06-SOP,Purchase,AFT-0042,300,75.0,2026-09-08,2026-08-16,,5,Forecast,2026-06-SOP,Planned
PLAN-001403,2026-06-SOP,Production,DRV-0028,200,40.0,2026-09-08,2026-08-03,Decrease,4,Forecast,2026-06-SOP,Planned
PLAN-001587,2026-06-SOP,Production,ACT-0024,200,20.0,2026-09-08,2026-08-15,Increase,3,Sales Order,SO-001588,Planned
PLAN-001771,2026-06-SOP,Purchase,AFT-0050,100,10.0,2026-09-08,2026-07-23,Defer,2,Forecast,2026-06-SOP,Planned
PLAN-001955,2026-06-SOP,Production,DRV-0036,200,5.0,2026-09-08,2026-07-10,Expedite,1,Forecast,2026-06-SOP,Planned
PLAN-002139,2026-06-SOP,Production,ACT-0032,200,75.0,2026-09-08,2026-07-22,,5,Sales Order,SO-002140,Planned
PLAN-002323,2026-06-SOP,Purchase,AFT-0058,100,40.0,2026-09-08,2026-08-21,Decrease,4,Forecast,2026-06-SOP,Planned
PLAN-002507,2026-06-SOP,Production,DRV-0044,200,20.0,2026-09-08,2026-08-10,Increase,3,Forecast,2026-06-SOP,Planned
PLAN-002691,2026-06-SOP,Production,ACT-0040,200,10.0,2026-09-08,2026-08-22,Defer,2,Sales Order,SO-002692,Planned
PLAN-002875,2026-06-SOP,Production,CTL-0006,300,5.0,2026-09-08,2026-08-14,Expedite,1,Forecast,2026-06-SOP,Planned
PLAN-003059,2026-06-SOP,Production,DRV-0052,200,75.0,2026-09-08,2026-07-17,,5,Forecast,2026-06-SOP,Planned
PLAN-003243,2026-06-SOP,Production,ACT-0048,200,40.0,2026-09-08,2026-07-29,Decrease,4,Sales Order,SO-003244,Planned
PLAN-003427,2026-06-SOP,Production,CTL-0014,300,20.0,2026-09-08,2026-07-21,Increase,3,Forecast,2026-06-SOP,Planned
PLAN-003611,2026-06-SOP,Production,DRV-0060,200,10.0,2026-09-08,2026-08-17,Defer,2,Forecast,2026-06-SOP,Planned
PLAN-003795,2026-06-SOP,Production,ACT-0056,200,5.0,2026-09-08,2026-08-29,Expedite,1,Sales Order,SO-003796,Planned
PLAN-003979,2026-06-SOP,Production,CTL-0022,300,75.0,2026-09-08,2026-08-21,,5,Forecast,2026-06-SOP,Planned
PLAN-004163,2026-06-SOP,Production,SYS-0008,300,40.0,2026-09-08,2026-08-08,Decrease,4,Forecast,2026-06-SOP,Planned
PLAN-004347,2026-06-SOP,Purchase,AFT-0004,100,20.0,2026-09-08,2026-08-21,Increase,3,Sales Order,SO-004348,Planned
PLAN-004531,2026-06-SOP,Production,CTL-0030,300,10.0,2026-09-08,2026-07-28,Defer,2,Forecast,2026-06-SOP,Planned
PLAN-004715,2026-06-SOP,Production,SYS-0016,300,5.0,2026-09-08,2026-07-15,Expedite,1,Forecast,2026-06-SOP,Planned
PLAN-004899,2026-06-SOP,Purchase,AFT-0012,300,75.0,2026-09-08,2026-07-27,,5,Sales Order,SO-004900,Planned
PLAN-000010,2026-06-SOP,Production,ACT-0041,100,5.0,2026-09-09,2026-08-20,Expedite,1,Forecast,2026-06-SOP,Planned
PLAN-000194,2026-06-SOP,Production,CTL-0007,300,75.0,2026-09-09,2026-08-12,,5,Forecast,2026-06-SOP,Planned
PLAN-000378,2026-06-SOP,Production,DRV-0053,100,40.0,2026-09-09,2026-07-15,Decrease,4,Sales Order,SO-000379,Planned
PLAN-000562,2026-06-SOP,Production,ACT-0049,100,20.0,2026-09-09,2026-07-27,Increase,3,Forecast,2026-06-SOP,Planned
PLAN-000746,2026-06-SOP,Production,CTL-0015,300,10.0,2026-09-09,2026-07-19,Defer,2,Forecast,2026-06-SOP,Planned
PLAN-000930,2026-06-SOP,Production,SYS-0001,100,5.0,2026-09-09,2026-08-30,Expedite,1,Sales Order,SO-000931,Planned
PLAN-001114,2026-06-SOP,Production,ACT-0057,100,75.0,2026-09-09,2026-08-27,,5,Forecast,2026-06-SOP,Planned
PLAN-001298,2026-06-SOP,Production,CTL-0023,300,40.0,2026-09-09,2026-08-19,Decrease,4,Forecast,2026-06-SOP,Planned
PLAN-001482,2026-06-SOP,Production,SYS-0009,100,20.0,2026-09-09,2026-08-06,Increase,3,Sales Order,SO-001483,Planned
PLAN-001666,2026-06-SOP,Purchase,AFT-0005,100,10.0,2026-09-09,2026-08-18,Defer,2,Forecast,2026-06-SOP,Planned
PLAN-001850,2026-06-SOP,Production,CTL-0031,300,5.0,2026-09-09,2026-07-26,Expedite,1,Forecast,2026-06-SOP,Planned
PLAN-002034,2026-06-SOP,Production,SYS-0017,100,75.0,2026-09-09,2026-07-13,,5,Sales Order,SO-002035,Planned
PLAN-002218,2026-06-SOP,Purchase,AFT-0013,100,40.0,2026-09-09,2026-08-22,Decrease,4,Forecast,2026-06-SOP,Planned
PLAN-002402,2026-06-SOP,Production,CTL-0039,300,20.0,2026-09-09,2026-08-26,Increase,3,Forecast,2026-06-SOP,Planned
PLAN-002586,2026-06-SOP,Production,SYS-0025,100,10.0,2026-09-09,2026-08-13,Defer,2,Sales Order,SO-002587,Planned
PLAN-002770,2026-06-SOP,Purchase,AFT-0021,300,5.0,2026-09-09,2026-08-25,Expedite,1,Forecast,2026-06-SOP,Planned
PLAN-002954,2026-06-SOP,Production,DRV-0007,100,75.0,2026-09-09,2026-08-12,,5,Forecast,2026-06-SOP,Planned
PLAN-003138,2026-06-SOP,Production,ACT-0003,100,40.0,2026-09-09,2026-08-24,Decrease,4,Sales Order,SO-003139,Planned
PLAN-003322,2026-06-SOP,Purchase,AFT-0029,100,20.0,2026-09-09,2026-08-01,Increase,3,Forecast,2026-06-SOP,Planned
PLAN-003506,2026-06-SOP,Production,DRV-0015,100,10.0,2026-09-09,2026-07-19,Defer,2,Forecast,2026-06-SOP,Planned
PLAN-003690,2026-06-SOP,Production,ACT-0011,100,5.0,2026-09-09,2026-07-31,Expedite,1,Sales Order,SO-003691,Planned
PLAN-003874,2026-06-SOP,Purchase,AFT-0037,100,75.0,2026-09-09,2026-08-22,,5,Forecast,2026-06-SOP,Planned
PLAN-004058,2026-06-SOP,Production,DRV-0023,100,40.0,2026-09-09,2026-08-19,Decrease,4,Forecast,2026-06-SOP,Planned
PLAN-004242,2026-06-SOP,Production,ACT-0019,100,20.0,2026-09-09,2026-08-31,Increase,3,Sales Order,SO-004243,Planned
PLAN-004426,2026-06-SOP,Purchase,AFT-0045,300,10.0,2026-09-09,2026-08-08,Defer,2,Forecast,2026-06-SOP,Planned
PLAN-004610,2026-06-SOP,Production,DRV-0031,100,5.0,2026-09-09,2026-07-26,Expedite,1,Forecast,2026-06-SOP,Planned
PLAN-004794,2026-06-SOP,Production,ACT-0027,100,75.0,2026-09-09,2026-08-07,,5,Sales Order,SO-004795,Planned
PLAN-004978,2026-06-SOP,Purchase,AFT-0053,100,40.0,2026-09-09,2026-07-15,Decrease,4,Forecast,2026-06-SOP,Planned
PLAN-000089,2026-06-SOP,Purchase,AFT-0022,100,75.0,2026-09-10,2026-08-23,,5,Forecast,2026-06-SOP,Planned
PLAN-000273,2026-06-SOP,Production,DRV-0008,200,40.0,2026-09-10,2026-08-10,Decrease,4,Sales Order,SO-000274,Planned
PLAN-000457,2026-06-SOP,Production,ACT-0004,200,20.0,2026-09-10,2026-08-22,Increase,3,Forecast,2026-06-SOP,Planned
PLAN-000641,2026-06-SOP,Purchase,AFT-0030,300,10.0,2026-09-10,2026-07-30,Defer,2,Forecast,2026-06-SOP,Planned
PLAN-000825,2026-06-SOP,Production,DRV-0016,200,5.0,2026-09-10,2026-07-17,Expedite,1,Sales Order,SO-000826,Planned
PLAN-001009,2026-06-SOP,Production,ACT-0012,200,75.0,2026-09-10,2026-07-29,,5,Forecast,2026-06-SOP,Planned
PLAN-001193,2026-06-SOP,Purchase,AFT-0038,100,40.0,2026-09-10,2026-08-30,Decrease,4,Forecast,2026-06-SOP,Planned
PLAN-001377,2026-06-SOP,Production,DRV-0024,200,20.0,2026-09-10,2026-08-17,Increase,3,Sales Order,SO-001378,Planned
PLAN-001561,2026-06-SOP,Production,ACT-0020,200,10.0,2026-09-10,2026-08-29,Defer,2,Forecast,2026-06-SOP,Planned
PLAN-001745,2026-06-SOP,Purchase,AFT-0046,100,5.0,2026-09-10,2026-08-23,Expedite,1,Forecast,2026-06-SOP,Planned
PLAN-001929,2026-06-SOP,Production,DRV-0032,200,75.0,2026-09-10,2026-07-24,,5,Sales Order,SO-001930,Planned
PLAN-002113,2026-06-SOP,Production,ACT-0028,200,40.0,2026-09-10,2026-08-05,Decrease,4,Forecast,2026-06-SOP,Planned
PLAN-002297,2026-06-SOP,Purchase,AFT-0054,300,20.0,2026-09-10,2026-07-13,Increase,3,Forecast,2026-06-SOP,Planned
PLAN-002481,2026-06-SOP,Production,DRV-0040,200,10.0,2026-09-10,2026-08-24,Defer,2,Sales Order,SO-002482,Planned
PLAN-002665,2026-06-SOP,Production,ACT-0036,200,5.0,2026-09-10,2026-07-12,Expedite,1,Forecast,2026-06-SOP,Planned
PLAN-002849,2026-06-SOP,Production,CTL-0002,300,75.0,2026-09-10,2026-08-28,,5,Forecast,2026-06-SOP,Planned
PLAN-003033,2026-06-SOP,Production,DRV-0048,200,40.0,2026-09-10,2026-07-31,Decrease,4,Sales Order,SO-003034,Planned
PLAN-003217,2026-06-SOP,Production,ACT-0044,200,20.0,2026-09-10,2026-08-12,Increase,3,Forecast,2026-06-SOP,Planned
PLAN-003401,2026-06-SOP,Production,CTL-0010,300,10.0,2026-09-10,2026-08-04,Defer,2,Forecast,2026-06-SOP,Planned
PLAN-003585,2026-06-SOP,Production,DRV-0056,200,5.0,2026-09-10,2026-08-31,Expedite,1,Sales Order,SO-003586,Planned
PLAN-003769,2026-06-SOP,Production,ACT-0052,200,75.0,2026-09-10,2026-07-19,,5,Forecast,2026-06-SOP,Planned
PLAN-003953,2026-06-SOP,Production,CTL-0018,300,40.0,2026-09-10,2026-07-11,Decrease,4,Forecast,2026-06-SOP,Planned
PLAN-004137,2026-06-SOP,Production,SYS-0004,300,20.0,2026-09-10,2026-08-22,Increase,3,Sales Order,SO-004138,Planned
PLAN-004321,2026-06-SOP,Production,ACT-0060,200,10.0,2026-09-10,2026-08-19,Defer,2,Forecast,2026-06-SOP,Planned
PLAN-004505,2026-06-SOP,Production,CTL-0026,300,5.0,2026-09-10,2026-08-11,Expedite,1,Forecast,2026-06-SOP,Planned
PLAN-004689,2026-06-SOP,Production,SYS-0012,300,75.0,2026-09-10,2026-07-29,,5,Sales Order,SO-004690,Planned
PLAN-004873,2026-06-SOP,Purchase,AFT-0008,100,40.0,2026-09-10,2026-08-10,Decrease,4,Forecast,2026-06-SOP,Planned
PLAN-000168,2026-06-SOP,Production,CTL-0003,300,40.0,2026-09-11,2026-08-26,Decrease,4,Sales Order,SO-000169,Planned
PLAN-000352,2026-06-SOP,Production,DRV-0049,100,20.0,2026-09-11,2026-07-29,Increase,3,Forecast,2026-06-SOP,Planned
PLAN-000536,2026-06-SOP,Production,ACT-0045,100,10.0,2026-09-11,2026-08-10,Defer,2,Forecast,2026-06-SOP,Planned
PLAN-000720,2026-06-SOP,Production,CTL-0011,300,5.0,2026-09-11,2026-08-02,Expedite,1,Sales Order,SO-000721,Planned
PLAN-000904,2026-06-SOP,Production,DRV-0057,100,75.0,2026-09-11,2026-08-29,,5,Forecast,2026-06-SOP,Planned
PLAN-001088,2026-06-SOP,Production,ACT-0053,100,40.0,2026-09-11,2026-07-17,Decrease,4,Forecast,2026-06-SOP,Planned
PLAN-001272,2026-06-SOP,Production,CTL-0019,300,20.0,2026-09-11,2026-09-02,Increase,3,Sales Order,SO-001273,Planned
PLAN-001456,2026-06-SOP,Production,SYS-0005,100,10.0,2026-09-11,2026-08-20,Defer,2,Forecast,2026-06-SOP,Planned
PLAN-001640,2026-06-SOP,Purchase,AFT-0001,100,5.0,2026-09-11,2026-08-24,Expedite,1,Forecast,2026-06-SOP,Planned
PLAN-001824,2026-06-SOP,Production,CTL-0027,300,75.0,2026-09-11,2026-08-09,,5,Sales Order,SO-001825,Planned
PLAN-002008,2026-06-SOP,Production,SYS-0013,100,40.0,2026-09-11,2026-07-27,Decrease,4,Forecast,2026-06-SOP,Planned
PLAN-002192,2026-06-SOP,Purchase,AFT-0009,300,20.0,2026-09-11,2026-08-08,Increase,3,Forecast,2026-06-SOP,Planned
PLAN-002376,2026-06-SOP,Production,CTL-0035,300,10.0,2026-09-11,2026-07-16,Defer,2,Sales Order,SO-002377,Planned
PLAN-002560,2026-06-SOP,Production,SYS-0021,100,5.0,2026-09-11,2026-08-27,Expedite,1,Forecast,2026-06-SOP,Planned
PLAN-002744,2026-06-SOP,Purchase,AFT-0017,100,75.0,2026-09-11,2026-07-15,,5,Forecast,2026-06-SOP,Planned
PLAN-002928,2026-06-SOP,Production,DRV-0003,100,40.0,2026-09-11,2026-08-26,Decrease,4,Sales Order,SO-002929,Planned
PLAN-003112,2026-06-SOP,Production,SYS-0029,100,20.0,2026-09-11,2026-08-03,Increase,3,Forecast,2026-06-SOP,Planned
PLAN-003296,2026-06-SOP,Purchase,AFT-0025,100,10.0,2026-09-11,2026-08-24,Defer,2,Forecast,2026-06-SOP,Planned
PLAN-003480,2026-06-SOP,Production,DRV-0011,100,5.0,2026-09-11,2026-08-02,Expedite,1,Sales Order,SO-003481,Planned
PLAN-003664,2026-06-SOP,Production,ACT-0007,100,75.0,2026-09-11,2026-08-14,,5,Forecast,2026-06-SOP,Planned
PLAN-003848,2026-06-SOP,Purchase,AFT-0033,300,40.0,2026-09-11,2026-07-22,Decrease,4,Forecast,2026-06-SOP,Planned
PLAN-004032,2026-06-SOP,Production,DRV-0019,100,20.0,2026-09-11,2026-09-02,Increase,3,Sales Order,SO-004033,Planned
PLAN-004216,2026-06-SOP,Production,ACT-0015,100,10.0,2026-09-11,2026-07-21,Defer,2,Forecast,2026-06-SOP,Planned
PLAN-004400,2026-06-SOP,Purchase,AFT-0041,100,5.0,2026-09-11,2026-08-22,Expedite,1,Forecast,2026-06-SOP,Planned
PLAN-004584,2026-06-SOP,Production,DRV-0027,100,75.0,2026-09-11,2026-08-09,,5,Sales Order,SO-004585,Planned
PLAN-004768,2026-06-SOP,Production,ACT-0023,100,40.0,2026-09-11,2026-08-21,Decrease,4,Forecast,2026-06-SOP,Planned
PLAN-004952,2026-06-SOP,Purchase,AFT-0049,100,20.0,2026-09-11,2026-08-24,Increase,3,Forecast,2026-06-SOP,Planned
PLAN-000063,2026-06-SOP,Purchase,AFT-0018,300,40.0,2026-09-12,2026-07-13,Decrease,4,Sales Order,SO-000064,Planned
PLAN-000247,2026-06-SOP,Production,DRV-0004,200,20.0,2026-09-12,2026-08-24,Increase,3,Forecast,2026-06-SOP,Planned
PLAN-000431,2026-06-SOP,Production,SYS-0030,300,10.0,2026-09-12,2026-08-01,Defer,2,Forecast,2026-06-SOP,Planned
PLAN-000615,2026-06-SOP,Purchase,AFT-0026,100,5.0,2026-09-12,2026-08-13,Expedite,1,Sales Order,SO-000616,Planned
PLAN-000799,2026-06-SOP,Production,DRV-0012,200,75.0,2026-09-12,2026-07-31,,5,Forecast,2026-06-SOP,Planned
PLAN-000983,2026-06-SOP,Production,ACT-0008,200,40.0,2026-09-12,2026-08-12,Decrease,4,Forecast,2026-06-SOP,Planned
PLAN-001167,2026-06-SOP,Purchase,AFT-0034,100,20.0,2026-09-12,2026-08-25,Increase,3,Sales Order,SO-001168,Planned
PLAN-001351,2026-06-SOP,Production,DRV-0020,200,10.0,2026-09-12,2026-08-31,Defer,2,Forecast,2026-06-SOP,Planned
PLAN-001535,2026-06-SOP,Production,ACT-0016,200,5.0,2026-09-12,2026-07-19,Expedite,1,Forecast,2026-06-SOP,Planned
PLAN-001719,2026-06-SOP,Purchase,AFT-0042,300,75.0,2026-09-12,2026-08-20,,5,Sales Order,SO-001720,Planned
PLAN-001903,2026-06-SOP,Production,DRV-0028,200,40.0,2026-09-12,2026-08-07,Decrease,4,Forecast,2026-06-SOP,Planned
PLAN-002087,2026-06-SOP,Production,ACT-0024,200,20.0,2026-09-12,2026-08-19,Increase,3,Forecast,2026-06-SOP,Planned
PLAN-002271,2026-06-SOP,Purchase,AFT-0050,100,10.0,2026-09-12,2026-07-27,Defer,2,Sales Order,SO-002272,Planned
PLAN-002455,2026-06-SOP,Production,DRV-0036,200,5.0,2026-09-12,2026-07-14,Expedite,1,Forecast,2026-06-SOP,Planned
PLAN-002639,2026-06-SOP,Production,ACT-0032,200,75.0,2026-09-12,2026-07-26,,5,Forecast,2026-06-SOP,Planned
PLAN-002823,2026-06-SOP,Purchase,AFT-0058,100,40.0,2026-09-12,2026-08-25,Decrease,4,Sales Order,SO-002824,Planned
PLAN-003007,2026-06-SOP,Production,DRV-0044,200,20.0,2026-09-12,2026-08-14,Increase,3,Forecast,2026-06-SOP,Planned
PLAN-003191,2026-06-SOP,Production,ACT-0040,200,10.0,2026-09-12,2026-08-26,Defer,2,Forecast,2026-06-SOP,Planned
PLAN-003375,2026-06-SOP,Production,CTL-0006,300,5.0,2026-09-12,2026-08-18,Expedite,1,Sales Order,SO-003376,Planned
PLAN-003559,2026-06-SOP,Production,DRV-0052,200,75.0,2026-09-12,2026-07-21,,5,Forecast,2026-06-SOP,Planned
PLAN-003743,2026-06-SOP,Production,ACT-0048,200,40.0,2026-09-12,2026-08-02,Decrease,4,Forecast,2026-06-SOP,Planned
PLAN-003927,2026-06-SOP,Production,CTL-0014,300,20.0,2026-09-12,2026-07-25,Increase,3,Sales Order,SO-003928,Planned
PLAN-004111,2026-06-SOP,Production,DRV-0060,200,10.0,2026-09-12,2026-08-21,Defer,2,Forecast,2026-06-SOP,Planned
PLAN-004295,2026-06-SOP,Production,ACT-0056,200,5.0,2026-09-12,2026-09-02,Expedite,1,Forecast,2026-06-SOP,Planned
PLAN-004479,2026-06-SOP,Production,CTL-0022,300,75.0,2026-09-12,2026-08-25,,5,Sales Order,SO-004480,Planned
PLAN-004663,2026-06-SOP,Production,SYS-0008,300,40.0,2026-09-12,2026-08-12,Decrease,4,Forecast,2026-06-SOP,Planned
PLAN-004847,2026-06-SOP,Purchase,AFT-0004,100,20.0,2026-09-12,2026-08-25,Increase,3,Forecast,2026-06-SOP,Planned
PLAN-000142,2026-06-SOP,Purchase,AFT-0059,100,20.0,2026-09-13,2026-08-25,Increase,3,Forecast,2026-06-SOP,Planned
PLAN-000326,2026-06-SOP,Production,DRV-0045,100,10.0,2026-09-13,2026-08-12,Defer,2,Forecast,2026-06-SOP,Planned
PLAN-000510,2026-06-SOP,Production,ACT-0041,100,5.0,2026-09-13,2026-08-24,Expedite,1,Sales Order,SO-000511,Planned
PLAN-000694,2026-06-SOP,Production,CTL-0007,300,75.0,2026-09-13,2026-08-16,,5,Forecast,2026-06-SOP,Planned
PLAN-000878,2026-06-SOP,Production,DRV-0053,100,40.0,2026-09-13,2026-07-19,Decrease,4,Forecast,2026-06-SOP,Planned
PLAN-001062,2026-06-SOP,Production,ACT-0049,100,20.0,2026-09-13,2026-07-31,Increase,3,Sales Order,SO-001063,Planned
PLAN-001246,2026-06-SOP,Production,CTL-0015,300,10.0,2026-09-13,2026-07-23,Defer,2,Forecast,2026-06-SOP,Planned
PLAN-001430,2026-06-SOP,Production,SYS-0001,100,5.0,2026-09-13,2026-09-03,Expedite,1,Forecast,2026-06-SOP,Planned
PLAN-001614,2026-06-SOP,Production,ACT-0057,100,75.0,2026-09-13,2026-08-31,,5,Sales Order,SO-001615,Planned
PLAN-001798,2026-06-SOP,Production,CTL-0023,300,40.0,2026-09-13,2026-08-23,Decrease,4,Forecast,2026-06-SOP,Planned
PLAN-001982,2026-06-SOP,Production,SYS-0009,100,20.0,2026-09-13,2026-08-10,Increase,3,Forecast,2026-06-SOP,Planned
PLAN-002166,2026-06-SOP,Purchase,AFT-0005,100,10.0,2026-09-13,2026-08-22,Defer,2,Sales Order,SO-002167,Planned
PLAN-002350,2026-06-SOP,Production,CTL-0031,300,5.0,2026-09-13,2026-07-30,Expedite,1,Forecast,2026-06-SOP,Planned
PLAN-002534,2026-06-SOP,Production,SYS-0017,100,75.0,2026-09-13,2026-07-17,,5,Forecast,2026-06-SOP,Planned
PLAN-002718,2026-06-SOP,Purchase,AFT-0013,100,40.0,2026-09-13,2026-08-26,Decrease,4,Sales Order,SO-002719,Planned
PLAN-002902,2026-06-SOP,Production,CTL-0039,300,20.0,2026-09-13,2026-08-30,Increase,3,Forecast,2026-06-SOP,Planned
PLAN-003086,2026-06-SOP,Production,SYS-0025,100,10.0,2026-09-13,2026-08-17,Defer,2,Forecast,2026-06-SOP,Planned
PLAN-003270,2026-06-SOP,Purchase,AFT-0021,300,5.0,2026-09-13,2026-08-29,Expedite,1,Sales Order,SO-003271,Planned
PLAN-003454,2026-06-SOP,Production,DRV-0007,100,75.0,2026-09-13,2026-08-16,,5,Forecast,2026-06-SOP,Planned
PLAN-003638,2026-06-SOP,Production,ACT-0003,100,40.0,2026-09-13,2026-08-28,Decrease,4,Forecast,2026-06-SOP,Planned
PLAN-003822,2026-06-SOP,Purchase,AFT-0029,100,20.0,2026-09-13,2026-08-05,Increase,3,Sales Order,SO-003823,Planned
PLAN-004006,2026-06-SOP,Production,DRV-0015,100,10.0,2026-09-13,2026-07-23,Defer,2,Forecast,2026-06-SOP,Planned
PLAN-004190,2026-06-SOP,Production,ACT-0011,100,5.0,2026-09-13,2026-08-04,Expedite,1,Forecast,2026-06-SOP,Planned
PLAN-004374,2026-06-SOP,Purchase,AFT-0037,100,75.0,2026-09-13,2026-08-26,,5,Sales Order,SO-004375,Planned
PLAN-004558,2026-06-SOP,Production,DRV-0023,100,40.0,2026-09-13,2026-08-23,Decrease,4,Forecast,2026-06-SOP,Planned
PLAN-004742,2026-06-SOP,Production,ACT-0019,100,20.0,2026-09-13,2026-09-04,Increase,3,Forecast,2026-06-SOP,Planned
PLAN-004926,2026-06-SOP,Purchase,AFT-0045,300,10.0,2026-09-13,2026-08-12,Defer,2,Sales Order,SO-004927,Planned
PLAN-000037,2026-06-SOP,Purchase,AFT-0014,100,20.0,2026-09-14,2026-07-27,Increase,3,Forecast,2026-06-SOP,Planned
PLAN-000221,2026-06-SOP,Production,CTL-0040,300,10.0,2026-09-14,2026-08-28,Defer,2,Forecast,2026-06-SOP,Planned
PLAN-000405,2026-06-SOP,Production,SYS-0026,300,5.0,2026-09-14,2026-08-15,Expedite,1,Sales Order,SO-000406,Planned
PLAN-000589,2026-06-SOP,Purchase,AFT-0022,100,75.0,2026-09-14,2026-08-27,,5,Forecast,2026-06-SOP,Planned
PLAN-000773,2026-06-SOP,Production,DRV-0008,200,40.0,2026-09-14,2026-08-14,Decrease,4,Forecast,2026-06-SOP,Planned
PLAN-000957,2026-06-SOP,Production,ACT-0004,200,20.0,2026-09-14,2026-08-26,Increase,3,Sales Order,SO-000958,Planned
PLAN-001141,2026-06-SOP,Purchase,AFT-0030,300,10.0,2026-09-14,2026-08-03,Defer,2,Forecast,2026-06-SOP,Planned
PLAN-001325,2026-06-SOP,Production,DRV-0016,200,5.0,2026-09-14,2026-07-21,Expedite,1,Forecast,2026-06-SOP,Planned
PLAN-001509,2026-06-SOP,Production,ACT-0012,200,75.0,2026-09-14,2026-08-02,,5,Sales Order,SO-001510,Planned
PLAN-001693,2026-06-SOP,Purchase,AFT-0038,100,40.0,2026-09-14,2026-09-03,Decrease,4,Forecast,2026-06-SOP,Planned
PLAN-001877,2026-06-SOP,Production,DRV-0024,200,20.0,2026-09-14,2026-08-21,Increase,3,Forecast,2026-06-SOP,Planned
PLAN-002061,2026-06-SOP,Production,ACT-0020,200,10.0,2026-09-14,2026-09-02,Defer,2,Sales Order,SO-002062,Planned
PLAN-002245,2026-06-SOP,Purchase,AFT-0046,100,5.0,2026-09-14,2026-08-27,Expedite,1,Forecast,2026-06-SOP,Planned
PLAN-002429,2026-06-SOP,Production,DRV-0032,200,75.0,2026-09-14,2026-07-28,,5,Forecast,2026-06-SOP,Planned
PLAN-002613,2026-06-SOP,Production,ACT-0028,200,40.0,2026-09-14,2026-08-09,Decrease,4,Sales Order,SO-002614,Planned
PLAN-002797,2026-06-SOP,Purchase,AFT-0054,300,20.0,2026-09-14,2026-07-17,Increase,3,Forecast,2026-06-SOP,Planned
PLAN-002981,2026-06-SOP,Production,DRV-0040,200,10.0,2026-09-14,2026-08-28,Defer,2,Forecast,2026-06-SOP,Planned
PLAN-003165,2026-06-SOP,Production,ACT-0036,200,5.0,2026-09-14,2026-07-16,Expedite,1,Sales Order,SO-003166,Planned
PLAN-003349,2026-06-SOP,Production,CTL-0002,300,75.0,2026-09-14,2026-09-01,,5,Forecast,2026-06-SOP,Planned
PLAN-003533,2026-06-SOP,Production,DRV-0048,200,40.0,2026-09-14,2026-08-04,Decrease,4,Forecast,2026-06-SOP,Planned
PLAN-003717,2026-06-SOP,Production,ACT-0044,200,20.0,2026-09-14,2026-08-16,Increase,3,Sales Order,SO-003718,Planned
PLAN-003901,2026-06-SOP,Production,CTL-0010,300,10.0,2026-09-14,2026-08-08,Defer,2,Forecast,2026-06-SOP,Planned
PLAN-004085,2026-06-SOP,Production,DRV-0056,200,5.0,2026-09-14,2026-09-04,Expedite,1,Forecast,2026-06-SOP,Planned
PLAN-004269,2026-06-SOP,Production,ACT-0052,200,75.0,2026-09-14,2026-07-23,,5,Sales Order,SO-004270,Planned
PLAN-004453,2026-06-SOP,Production,CTL-0018,300,40.0,2026-09-14,2026-07-15,Decrease,4,Forecast,2026-06-SOP,Planned
PLAN-004637,2026-06-SOP,Production,SYS-0004,300,20.0,2026-09-14,2026-08-26,Increase,3,Forecast,2026-06-SOP,Planned
PLAN-004821,2026-06-SOP,Production,ACT-0060,200,10.0,2026-09-14,2026-08-23,Defer,2,Sales Order,SO-004822,Planned
PLAN-000116,2026-06-SOP,Purchase,AFT-0055,100,10.0,2026-09-15,2026-08-28,Defer,2,Forecast,2026-06-SOP,Planned
PLAN-000300,2026-06-SOP,Production,DRV-0041,100,5.0,2026-09-15,2026-08-26,Expedite,1,Sales Order,SO-000301,Planned
PLAN-000484,2026-06-SOP,Production,ACT-0037,100,75.0,2026-09-15,2026-09-07,,5,Forecast,2026-06-SOP,Planned
PLAN-000668,2026-06-SOP,Production,CTL-0003,300,40.0,2026-09-15,2026-08-30,Decrease,4,Forecast,2026-06-SOP,Planned
PLAN-000852,2026-06-SOP,Production,DRV-0049,100,20.0,2026-09-15,2026-08-02,Increase,3,Sales Order,SO-000853,Planned
PLAN-001036,2026-06-SOP,Production,ACT-0045,100,10.0,2026-09-15,2026-08-14,Defer,2,Forecast,2026-06-SOP,Planned
PLAN-001220,2026-06-SOP,Production,CTL-0011,300,5.0,2026-09-15,2026-08-06,Expedite,1,Forecast,2026-06-SOP,Planned
PLAN-001404,2026-06-SOP,Production,DRV-0057,100,75.0,2026-09-15,2026-09-02,,5,Sales Order,SO-001405,Planned
PLAN-001588,2026-06-SOP,Production,ACT-0053,100,40.0,2026-09-15,2026-07-21,Decrease,4,Forecast,2026-06-SOP,Planned
PLAN-001772,2026-06-SOP,Production,CTL-0019,300,20.0,2026-09-15,2026-09-06,Increase,3,Forecast,2026-06-SOP,Planned
PLAN-001956,2026-06-SOP,Production,SYS-0005,100,10.0,2026-09-15,2026-08-24,Defer,2,Sales Order,SO-001957,Planned
PLAN-002140,2026-06-SOP,Purchase,AFT-0001,100,5.0,2026-09-15,2026-08-28,Expedite,1,Forecast,2026-06-SOP,Planned
PLAN-002324,2026-06-SOP,Production,CTL-0027,300,75.0,2026-09-15,2026-08-13,,5,Forecast,2026-06-SOP,Planned
PLAN-002508,2026-06-SOP,Production,SYS-0013,100,40.0,2026-09-15,2026-07-31,Decrease,4,Sales Order,SO-002509,Planned
PLAN-002692,2026-06-SOP,Purchase,AFT-0009,300,20.0,2026-09-15,2026-08-12,Increase,3,Forecast,2026-06-SOP,Planned
PLAN-002876,2026-06-SOP,Production,CTL-0035,300,10.0,2026-09-15,2026-07-20,Defer,2,Forecast,2026-06-SOP,Planned
PLAN-003060,2026-06-SOP,Production,SYS-0021,100,5.0,2026-09-15,2026-08-31,Expedite,1,Sales Order,SO-003061,Planned
PLAN-003244,2026-06-SOP,Purchase,AFT-0017,100,75.0,2026-09-15,2026-07-19,,5,Forecast,2026-06-SOP,Planned
PLAN-003428,2026-06-SOP,Production,DRV-0003,100,40.0,2026-09-15,2026-08-30,Decrease,4,Forecast,2026-06-SOP,Planned
PLAN-003612,2026-06-SOP,Production,SYS-0029,100,20.0,2026-09-15,2026-08-07,Increase,3,Sales Order,SO-003613,Planned
PLAN-003796,2026-06-SOP,Purchase,AFT-0025,100,10.0,2026-09-15,2026-08-28,Defer,2,Forecast,2026-06-SOP,Planned
PLAN-003980,2026-06-SOP,Production,DRV-0011,100,5.0,2026-09-15,2026-08-06,Expedite,1,Forecast,2026-06-SOP,Planned
PLAN-004164,2026-06-SOP,Production,ACT-0007,100,75.0,2026-09-15,2026-08-18,,5,Sales Order,SO-004165,Planned
PLAN-004348,2026-06-SOP,Purchase,AFT-0033,300,40.0,2026-09-15,2026-07-26,Decrease,4,Forecast,2026-06-SOP,Planned
PLAN-004532,2026-06-SOP,Production,DRV-0019,100,20.0,2026-09-15,2026-09-06,Increase,3,Forecast,2026-06-SOP,Planned
PLAN-004716,2026-06-SOP,Production,ACT-0015,100,10.0,2026-09-15,2026-07-25,Defer,2,Sales Order,SO-004717,Planned
PLAN-004900,2026-06-SOP,Purchase,AFT-0041,100,5.0,2026-09-15,2026-08-26,Expedite,1,Forecast,2026-06-SOP,Planned
PLAN-000011,2026-06-SOP,Purchase,AFT-0010,100,10.0,2026-09-16,2026-08-29,Defer,2,Forecast,2026-06-SOP,Planned
PLAN-000195,2026-06-SOP,Production,CTL-0036,300,5.0,2026-09-16,2026-07-18,Expedite,1,Sales Order,SO-000196,Planned
PLAN-000379,2026-06-SOP,Production,SYS-0022,300,75.0,2026-09-16,2026-08-29,,5,Forecast,2026-06-SOP,Planned
PLAN-000563,2026-06-SOP,Purchase,AFT-0018,300,40.0,2026-09-16,2026-07-17,Decrease,4,Forecast,2026-06-SOP,Planned
PLAN-000747,2026-06-SOP,Production,DRV-0004,200,20.0,2026-09-16,2026-08-28,Increase,3,Sales Order,SO-000748,Planned
PLAN-000931,2026-06-SOP,Production,SYS-0030,300,10.0,2026-09-16,2026-08-05,Defer,2,Forecast,2026-06-SOP,Planned
PLAN-001115,2026-06-SOP,Purchase,AFT-0026,100,5.0,2026-09-16,2026-08-17,Expedite,1,Forecast,2026-06-SOP,Planned
PLAN-001299,2026-06-SOP,Production,DRV-0012,200,75.0,2026-09-16,2026-08-04,,5,Sales Order,SO-001300,Planned
PLAN-001483,2026-06-SOP,Production,ACT-0008,200,40.0,2026-09-16,2026-08-16,Decrease,4,Forecast,2026-06-SOP,Planned
PLAN-001667,2026-06-SOP,Purchase,AFT-0034,100,20.0,2026-09-16,2026-08-29,Increase,3,Forecast,2026-06-SOP,Planned
PLAN-001851,2026-06-SOP,Production,DRV-0020,200,10.0,2026-09-16,2026-09-04,Defer,2,Sales Order,SO-001852,Planned
PLAN-002035,2026-06-SOP,Production,ACT-0016,200,5.0,2026-09-16,2026-07-23,Expedite,1,Forecast,2026-06-SOP,Planned
PLAN-002219,2026-06-SOP,Purchase,AFT-0042,300,75.0,2026-09-16,2026-08-24,,5,Forecast,2026-06-SOP,Planned
PLAN-002403,2026-06-SOP,Production,DRV-0028,200,40.0,2026-09-16,2026-08-11,Decrease,4,Sales Order,SO-002404,Planned
PLAN-002587,2026-06-SOP,Production,ACT-0024,200,20.0,2026-09-16,2026-08-23,Increase,3,Forecast,2026-06-SOP,Planned
PLAN-002771,2026-06-SOP,Purchase,AFT-0050,100,10.0,2026-09-16,2026-07-31,Defer,2,Forecast,2026-06-SOP,Planned
PLAN-002955,2026-06-SOP,Production,DRV-0036,200,5.0,2026-09-16,2026-07-18,Expedite,1,Sales Order,SO-002956,Planned
PLAN-003139,2026-06-SOP,Production,ACT-0032,200,75.0,2026-09-16,2026-07-30,,5,Forecast,2026-06-SOP,Planned
PLAN-003323,2026-06-SOP,Purchase,AFT-0058,100,40.0,2026-09-16,2026-08-29,Decrease,4,Forecast,2026-06-SOP,Planned
PLAN-003507,2026-06-SOP,Production,DRV-0044,200,20.0,2026-09-16,2026-08-18,Increase,3,Sales Order,SO-003508,Planned
PLAN-003691,2026-06-SOP,Production,ACT-0040,200,10.0,2026-09-16,2026-08-30,Defer,2,Forecast,2026-06-SOP,Planned
PLAN-003875,2026-06-SOP,Production,CTL-0006,300,5.0,2026-09-16,2026-08-22,Expedite,1,Forecast,2026-06-SOP,Planned
PLAN-004059,2026-06-SOP,Production,DRV-0052,200,75.0,2026-09-16,2026-07-25,,5,Sales Order,SO-004060,Planned
PLAN-004243,2026-06-SOP,Production,ACT-0048,200,40.0,2026-09-16,2026-08-06,Decrease,4,Forecast,2026-06-SOP,Planned
PLAN-004427,2026-06-SOP,Production,CTL-0014,300,20.0,2026-09-16,2026-07-29,Increase,3,Forecast,2026-06-SOP,Planned
PLAN-004611,2026-06-SOP,Production,DRV-0060,200,10.0,2026-09-16,2026-08-25,Defer,2,Sales Order,SO-004612,Planned
PLAN-004795,2026-06-SOP,Production,ACT-0056,200,5.0,2026-09-16,2026-09-06,Expedite,1,Forecast,2026-06-SOP,Planned
PLAN-004979,2026-06-SOP,Production,CTL-0022,300,75.0,2026-09-16,2026-08-29,,5,Forecast,2026-06-SOP,Planned
PLAN-000090,2026-06-SOP,Purchase,AFT-0051,300,5.0,2026-09-17,2026-07-29,Expedite,1,Sales Order,SO-000091,Planned
PLAN-000274,2026-06-SOP,Production,DRV-0037,100,75.0,2026-09-17,2026-09-09,,5,Forecast,2026-06-SOP,Planned
PLAN-000458,2026-06-SOP,Production,ACT-0033,100,40.0,2026-09-17,2026-07-28,Decrease,4,Forecast,2026-06-SOP,Planned
PLAN-000642,2026-06-SOP,Purchase,AFT-0059,100,20.0,2026-09-17,2026-08-29,Increase,3,Sales Order,SO-000643,Planned
PLAN-000826,2026-06-SOP,Production,DRV-0045,100,10.0,2026-09-17,2026-08-16,Defer,2,Forecast,2026-06-SOP,Planned
PLAN-001010,2026-06-SOP,Production,ACT-0041,100,5.0,2026-09-17,2026-08-28,Expedite,1,Forecast,2026-06-SOP,Planned
PLAN-001194,2026-06-SOP,Production,CTL-0007,300,75.0,2026-09-17,2026-08-20,,5,Sales Order,SO-001195,Planned
PLAN-001378,2026-06-SOP,Production,DRV-0053,100,40.0,2026-09-17,2026-07-23,Decrease,4,Forecast,2026-06-SOP,Planned
PLAN-001562,2026-06-SOP,Production,ACT-0049,100,20.0,2026-09-17,2026-08-04,Increase,3,Forecast,2026-06-SOP,Planned
PLAN-001746,2026-06-SOP,Production,CTL-0015,300,10.0,2026-09-17,2026-07-27,Defer,2,Sales Order,SO-001747,Planned
PLAN-001930,2026-06-SOP,Production,SYS-0001,100,5.0,2026-09-17,2026-09-07,Expedite,1,Forecast,2026-06-SOP,Planned
PLAN-002114,2026-06-SOP,Production,ACT-0057,100,75.0,2026-09-17,2026-09-04,,5,Forecast,2026-06-SOP,Planned
PLAN-002298,2026-06-SOP,Production,CTL-0023,300,40.0,2026-09-17,2026-08-27,Decrease,4,Sales Order,SO-002299,Planned
PLAN-002482,2026-06-SOP,Production,SYS-0009,100,20.0,2026-09-17,2026-08-14,Increase,3,Forecast,2026-06-SOP,Planned
PLAN-002666,2026-06-SOP,Purchase,AFT-0005,100,10.0,2026-09-17,2026-08-26,Defer,2,Forecast,2026-06-SOP,Planned
PLAN-002850,2026-06-SOP,Production,CTL-0031,300,5.0,2026-09-17,2026-08-03,Expedite,1,Sales Order,SO-002851,Planned
PLAN-003034,2026-06-SOP,Production,SYS-0017,100,75.0,2026-09-17,2026-07-21,,5,Forecast,2026-06-SOP,Planned
PLAN-003218,2026-06-SOP,Purchase,AFT-0013,100,40.0,2026-09-17,2026-08-30,Decrease,4,Forecast,2026-06-SOP,Planned
PLAN-003402,2026-06-SOP,Production,CTL-0039,300,20.0,2026-09-17,2026-09-03,Increase,3,Sales Order,SO-003403,Planned
PLAN-003586,2026-06-SOP,Production,SYS-0025,100,10.0,2026-09-17,2026-08-21,Defer,2,Forecast,2026-06-SOP,Planned
PLAN-003770,2026-06-SOP,Purchase,AFT-0021,300,5.0,2026-09-17,2026-09-02,Expedite,1,Forecast,2026-06-SOP,Planned
PLAN-003954,2026-06-SOP,Production,DRV-0007,100,75.0,2026-09-17,2026-08-20,,5,Sales Order,SO-003955,Planned
PLAN-004138,2026-06-SOP,Production,ACT-0003,100,40.0,2026-09-17,2026-09-01,Decrease,4,Forecast,2026-06-SOP,Planned
PLAN-004322,2026-06-SOP,Purchase,AFT-0029,100,20.0,2026-09-17,2026-08-09,Increase,3,Forecast,2026-06-SOP,Planned
PLAN-004506,2026-06-SOP,Production,DRV-0015,100,10.0,2026-09-17,2026-07-27,Defer,2,Sales Order,SO-004507,Planned
PLAN-004690,2026-06-SOP,Production,ACT-0011,100,5.0,2026-09-17,2026-08-08,Expedite,1,Forecast,2026-06-SOP,Planned
PLAN-004874,2026-06-SOP,Purchase,AFT-0037,100,75.0,2026-09-17,2026-08-30,,5,Forecast,2026-06-SOP,Planned
PLAN-000169,2026-06-SOP,Production,CTL-0032,300,75.0,2026-09-18,2026-08-01,,5,Forecast,2026-06-SOP,Planned
PLAN-000353,2026-06-SOP,Production,SYS-0018,300,40.0,2026-09-18,2026-07-19,Decrease,4,Forecast,2026-06-SOP,Planned
PLAN-000537,2026-06-SOP,Purchase,AFT-0014,100,20.0,2026-09-18,2026-07-31,Increase,3,Sales Order,SO-000538,Planned
PLAN-000721,2026-06-SOP,Production,CTL-0040,300,10.0,2026-09-18,2026-09-01,Defer,2,Forecast,2026-06-SOP,Planned
PLAN-000905,2026-06-SOP,Production,SYS-0026,300,5.0,2026-09-18,2026-08-19,Expedite,1,Forecast,2026-06-SOP,Planned
PLAN-001089,2026-06-SOP,Purchase,AFT-0022,100,75.0,2026-09-18,2026-08-31,,5,Sales Order,SO-001090,Planned
PLAN-001273,2026-06-SOP,Production,DRV-0008,200,40.0,2026-09-18,2026-08-18,Decrease,4,Forecast,2026-06-SOP,Planned
PLAN-001457,2026-06-SOP,Production,ACT-0004,200,20.0,2026-09-18,2026-08-30,Increase,3,Forecast,2026-06-SOP,Planned
PLAN-001641,2026-06-SOP,Purchase,AFT-0030,300,10.0,2026-09-18,2026-08-07,Defer,2,Sales Order,SO-001642,Planned
PLAN-001825,2026-06-SOP,Production,DRV-0016,200,5.0,2026-09-18,2026-07-25,Expedite,1,Forecast,2026-06-SOP,Planned
PLAN-002009,2026-06-SOP,Production,ACT-0012,200,75.0,2026-09-18,2026-08-06,,5,Forecast,2026-06-SOP,Planned
PLAN-002193,2026-06-SOP,Purchase,AFT-0038,100,40.0,2026-09-18,2026-09-07,Decrease,4,Sales Order,SO-002194,Planned
PLAN-002377,2026-06-SOP,Production,DRV-0024,200,20.0,2026-09-18,2026-08-25,Increase,3,Forecast,2026-06-SOP,Planned
PLAN-002561,2026-06-SOP,Production,ACT-0020,200,10.0,2026-09-18,2026-09-06,Defer,2,Forecast,2026-06-SOP,Planned
PLAN-002745,2026-06-SOP,Purchase,AFT-0046,100,5.0,2026-09-18,2026-08-31,Expedite,1,Sales Order,SO-002746,Planned
PLAN-002929,2026-06-SOP,Production,DRV-0032,200,75.0,2026-09-18,2026-08-01,,5,Forecast,2026-06-SOP,Planned
PLAN-003113,2026-06-SOP,Production,ACT-0028,200,40.0,2026-09-18,2026-08-13,Decrease,4,Forecast,2026-06-SOP,Planned
PLAN-003297,2026-06-SOP,Purchase,AFT-0054,300,20.0,2026-09-18,2026-07-21,Increase,3,Sales Order,SO-003298,Planned
PLAN-003481,2026-06-SOP,Production,DRV-0040,200,10.0,2026-09-18,2026-09-01,Defer,2,Forecast,2026-06-SOP,Planned
PLAN-003665,2026-06-SOP,Production,ACT-0036,200,5.0,2026-09-18,2026-07-20,Expedite,1,Forecast,2026-06-SOP,Planned
PLAN-003849,2026-06-SOP,Production,CTL-0002,300,75.0,2026-09-18,2026-09-05,,5,Sales Order,SO-003850,Planned
PLAN-004033,2026-06-SOP,Production,DRV-0048,200,40.0,2026-09-18,2026-08-08,Decrease,4,Forecast,2026-06-SOP,Planned
PLAN-004217,2026-06-SOP,Production,ACT-0044,200,20.0,2026-09-18,2026-08-20,Increase,3,Forecast,2026-06-SOP,Planned
PLAN-004401,2026-06-SOP,Production,CTL-0010,300,10.0,2026-09-18,2026-08-12,Defer,2,Sales Order,SO-004402,Planned
PLAN-004585,2026-06-SOP,Production,DRV-0056,200,5.0,2026-09-18,2026-09-08,Expedite,1,Forecast,2026-06-SOP,Planned
PLAN-004769,2026-06-SOP,Production,ACT-0052,200,75.0,2026-09-18,2026-07-27,,5,Forecast,2026-06-SOP,Planned
PLAN-004953,2026-06-SOP,Production,CTL-0018,300,40.0,2026-09-18,2026-07-19,Decrease,4,Sales Order,SO-004954,Planned
PLAN-000064,2026-06-SOP,Purchase,AFT-0047,100,75.0,2026-09-19,2026-08-12,,5,Forecast,2026-06-SOP,Planned
PLAN-000248,2026-06-SOP,Production,DRV-0033,100,40.0,2026-09-19,2026-07-30,Decrease,4,Forecast,2026-06-SOP,Planned
PLAN-000432,2026-06-SOP,Production,ACT-0029,100,20.0,2026-09-19,2026-08-11,Increase,3,Sales Order,SO-000433,Planned
PLAN-000616,2026-06-SOP,Purchase,AFT-0055,100,10.0,2026-09-19,2026-09-01,Defer,2,Forecast,2026-06-SOP,Planned
PLAN-000800,2026-06-SOP,Production,DRV-0041,100,5.0,2026-09-19,2026-08-30,Expedite,1,Forecast,2026-06-SOP,Planned
PLAN-000984,2026-06-SOP,Production,ACT-0037,100,75.0,2026-09-19,2026-09-11,,5,Sales Order,SO-000985,Planned
PLAN-001168,2026-06-SOP,Production,CTL-0003,300,40.0,2026-09-19,2026-09-03,Decrease,4,Forecast,2026-06-SOP,Planned
PLAN-001352,2026-06-SOP,Production,DRV-0049,100,20.0,2026-09-19,2026-08-06,Increase,3,Forecast,2026-06-SOP,Planned
PLAN-001536,2026-06-SOP,Production,ACT-0045,100,10.0,2026-09-19,2026-08-18,Defer,2,Sales Order,SO-001537,Planned
PLAN-001720,2026-06-SOP,Production,CTL-0011,300,5.0,2026-09-19,2026-08-10,Expedite,1,Forecast,2026-06-SOP,Planned
PLAN-001904,2026-06-SOP,Production,DRV-0057,100,75.0,2026-09-19,2026-09-06,,5,Forecast,2026-06-SOP,Planned
PLAN-002088,2026-06-SOP,Production,ACT-0053,100,40.0,2026-09-19,2026-07-25,Decrease,4,Sales Order,SO-002089,Planned
PLAN-002272,2026-06-SOP,Production,CTL-0019,300,20.0,2026-09-19,2026-09-10,Increase,3,Forecast,2026-06-SOP,Planned
PLAN-002456,2026-06-SOP,Production,SYS-0005,100,10.0,2026-09-19,2026-08-28,Defer,2,Forecast,2026-06-SOP,Planned
PLAN-002640,2026-06-SOP,Purchase,AFT-0001,100,5.0,2026-09-19,2026-09-01,Expedite,1,Sales Order,SO-002641,Planned
PLAN-002824,2026-06-SOP,Production,CTL-0027,300,75.0,2026-09-19,2026-08-17,,5,Forecast,2026-06-SOP,Planned
PLAN-003008,2026-06-SOP,Production,SYS-0013,100,40.0,2026-09-19,2026-08-04,Decrease,4,Forecast,2026-06-SOP,Planned
PLAN-003192,2026-06-SOP,Purchase,AFT-0009,300,20.0,2026-09-19,2026-08-16,Increase,3,Sales Order,SO-003193,Planned
PLAN-003376,2026-06-SOP,Production,CTL-0035,300,10.0,2026-09-19,2026-07-24,Defer,2,Forecast,2026-06-SOP,Planned
PLAN-003560,2026-06-SOP,Production,SYS-0021,100,5.0,2026-09-19,2026-09-04,Expedite,1,Forecast,2026-06-SOP,Planned
PLAN-003744,2026-06-SOP,Purchase,AFT-0017,100,75.0,2026-09-19,2026-07-23,,5,Sales Order,SO-003745,Planned
PLAN-003928,2026-06-SOP,Production,DRV-0003,100,40.0,2026-09-19,2026-09-03,Decrease,4,Forecast,2026-06-SOP,Planned
PLAN-004112,2026-06-SOP,Production,SYS-0029,100,20.0,2026-09-19,2026-08-11,Increase,3,Forecast,2026-06-SOP,Planned
PLAN-004296,2026-06-SOP,Purchase,AFT-0025,100,10.0,2026-09-19,2026-09-01,Defer,2,Sales Order,SO-004297,Planned
PLAN-004480,2026-06-SOP,Production,DRV-0011,100,5.0,2026-09-19,2026-08-10,Expedite,1,Forecast,2026-06-SOP,Planned
PLAN-004664,2026-06-SOP,Production,ACT-0007,100,75.0,2026-09-19,2026-08-22,,5,Forecast,2026-06-SOP,Planned
PLAN-004848,2026-06-SOP,Purchase,AFT-0033,300,40.0,2026-09-19,2026-07-30,Decrease,4,Sales Order,SO-004849,Planned
PLAN-000143,2026-06-SOP,Production,CTL-0028,300,40.0,2026-09-20,2026-08-15,Decrease,4,Forecast,2026-06-SOP,Planned
PLAN-000327,2026-06-SOP,Production,SYS-0014,300,20.0,2026-09-20,2026-08-02,Increase,3,Sales Order,SO-000328,Planned
PLAN-000511,2026-06-SOP,Purchase,AFT-0010,100,10.0,2026-09-20,2026-09-02,Defer,2,Forecast,2026-06-SOP,Planned
PLAN-000695,2026-06-SOP,Production,CTL-0036,300,5.0,2026-09-20,2026-07-22,Expedite,1,Forecast,2026-06-SOP,Planned
PLAN-000879,2026-06-SOP,Production,SYS-0022,300,75.0,2026-09-20,2026-09-02,,5,Sales Order,SO-000880,Planned
PLAN-001063,2026-06-SOP,Purchase,AFT-0018,300,40.0,2026-09-20,2026-07-21,Decrease,4,Forecast,2026-06-SOP,Planned
PLAN-001247,2026-06-SOP,Production,DRV-0004,200,20.0,2026-09-20,2026-09-01,Increase,3,Forecast,2026-06-SOP,Planned
PLAN-001431,2026-06-SOP,Production,SYS-0030,300,10.0,2026-09-20,2026-08-09,Defer,2,Sales Order,SO-001432,Planned
PLAN-001615,2026-06-SOP,Purchase,AFT-0026,100,5.0,2026-09-20,2026-08-21,Expedite,1,Forecast,2026-06-SOP,Planned
PLAN-001799,2026-06-SOP,Production,DRV-0012,200,75.0,2026-09-20,2026-08-08,,5,Forecast,2026-06-SOP,Planned
PLAN-001983,2026-06-SOP,Production,ACT-0008,200,40.0,2026-09-20,2026-08-20,Decrease,4,Sales Order,SO-001984,Planned
PLAN-002167,2026-06-SOP,Purchase,AFT-0034,100,20.0,2026-09-20,2026-09-02,Increase,3,Forecast,2026-06-SOP,Planned
PLAN-002351,2026-06-SOP,Production,DRV-0020,200,10.0,2026-09-20,2026-09-08,Defer,2,Forecast,2026-06-SOP,Planned
PLAN-002535,2026-06-SOP,Production,ACT-0016,200,5.0,2026-09-20,2026-07-27,Expedite,1,Sales Order,SO-002536,Planned
PLAN-002719,2026-06-SOP,Purchase,AFT-0042,300,75.0,2026-09-20,2026-08-28,,5,Forecast,2026-06-SOP,Planned
PLAN-002903,2026-06-SOP,Production,DRV-0028,200,40.0,2026-09-20,2026-08-15,Decrease,4,Forecast,2026-06-SOP,Planned
PLAN-003087,2026-06-SOP,Production,ACT-0024,200,20.0,2026-09-20,2026-08-27,Increase,3,Sales Order,SO-003088,Planned
PLAN-003271,2026-06-SOP,Purchase,AFT-0050,100,10.0,2026-09-20,2026-08-04,Defer,2,Forecast,2026-06-SOP,Planned
PLAN-003455,2026-06-SOP,Production,DRV-0036,200,5.0,2026-09-20,2026-07-22,Expedite,1,Forecast,2026-06-SOP,Planned
PLAN-003639,2026-06-SOP,Production,ACT-0032,200,75.0,2026-09-20,2026-08-03,,5,Sales Order,SO-003640,Planned
PLAN-003823,2026-06-SOP,Purchase,AFT-0058,100,40.0,2026-09-20,2026-09-02,Decrease,4,Forecast,2026-06-SOP,Planned
PLAN-004007,2026-06-SOP,Production,DRV-0044,200,20.0,2026-09-20,2026-08-22,Increase,3,Forecast,2026-06-SOP,Planned
PLAN-004191,2026-06-SOP,Production,ACT-0040,200,10.0,2026-09-20,2026-09-03,Defer,2,Sales Order,SO-004192,Planned
PLAN-004375,2026-06-SOP,Production,CTL-0006,300,5.0,2026-09-20,2026-08-26,Expedite,1,Forecast,2026-06-SOP,Planned
PLAN-004559,2026-06-SOP,Production,DRV-0052,200,75.0,2026-09-20,2026-07-29,,5,Forecast,2026-06-SOP,Planned
PLAN-004743,2026-06-SOP,Production,ACT-0048,200,40.0,2026-09-20,2026-08-10,Decrease,4,Sales Order,SO-004744,Planned
PLAN-004927,2026-06-SOP,Production,CTL-0014,300,20.0,2026-09-20,2026-08-02,Increase,3,Forecast,2026-06-SOP,Planned
PLAN-000038,2026-06-SOP,Purchase,AFT-0043,100,40.0,2026-09-21,2026-09-03,Decrease,4,Forecast,2026-06-SOP,Planned
PLAN-000222,2026-06-SOP,Production,DRV-0029,100,20.0,2026-09-21,2026-08-13,Increase,3,Sales Order,SO-000223,Planned
PLAN-000406,2026-06-SOP,Production,ACT-0025,100,10.0,2026-09-21,2026-08-25,Defer,2,Forecast,2026-06-SOP,Planned
PLAN-000590,2026-06-SOP,Purchase,AFT-0051,300,5.0,2026-09-21,2026-08-02,Expedite,1,Forecast,2026-06-SOP,Planned
PLAN-000774,2026-06-SOP,Production,DRV-0037,100,75.0,2026-09-21,2026-09-13,,5,Sales Order,SO-000775,Planned
PLAN-000958,2026-06-SOP,Production,ACT-0033,100,40.0,2026-09-21,2026-08-01,Decrease,4,Forecast,2026-06-SOP,Planned
PLAN-001142,2026-06-SOP,Purchase,AFT-0059,100,20.0,2026-09-21,2026-09-02,Increase,3,Forecast,2026-06-SOP,Planned
PLAN-001326,2026-06-SOP,Production,DRV-0045,100,10.0,2026-09-21,2026-08-20,Defer,2,Sales Order,SO-001327,Planned
PLAN-001510,2026-06-SOP,Production,ACT-0041,100,5.0,2026-09-21,2026-09-01,Expedite,1,Forecast,2026-06-SOP,Planned
PLAN-001694,2026-06-SOP,Production,CTL-0007,300,75.0,2026-09-21,2026-08-24,,5,Forecast,2026-06-SOP,Planned
PLAN-001878,2026-06-SOP,Production,DRV-0053,100,40.0,2026-09-21,2026-07-27,Decrease,4,Sales Order,SO-001879,Planned
PLAN-002062,2026-06-SOP,Production,ACT-0049,100,20.0,2026-09-21,2026-08-08,Increase,3,Forecast,2026-06-SOP,Planned
PLAN-002246,2026-06-SOP,Production,CTL-0015,300,10.0,2026-09-21,2026-07-31,Defer,2,Forecast,2026-06-SOP,Planned
PLAN-002430,2026-06-SOP,Production,SYS-0001,100,5.0,2026-09-21,2026-09-11,Expedite,1,Sales Order,SO-002431,Planned
PLAN-002614,2026-06-SOP,Production,ACT-0057,100,75.0,2026-09-21,2026-09-08,,5,Forecast,2026-06-SOP,Planned
PLAN-002798,2026-06-SOP,Production,CTL-0023,300,40.0,2026-09-21,2026-08-31,Decrease,4,Forecast,2026-06-SOP,Planned
PLAN-002982,2026-06-SOP,Production,SYS-0009,100,20.0,2026-09-21,2026-08-18,Increase,3,Sales Order,SO-002983,Planned
PLAN-003166,2026-06-SOP,Purchase,AFT-0005,100,10.0,2026-09-21,2026-08-30,Defer,2,Forecast,2026-06-SOP,Planned
PLAN-003350,2026-06-SOP,Production,CTL-0031,300,5.0,2026-09-21,2026-08-07,Expedite,1,Forecast,2026-06-SOP,Planned
PLAN-003534,2026-06-SOP,Production,SYS-0017,100,75.0,2026-09-21,2026-07-25,,5,Sales Order,SO-003535,Planned
PLAN-003718,2026-06-SOP,Purchase,AFT-0013,100,40.0,2026-09-21,2026-09-03,Decrease,4,Forecast,2026-06-SOP,Planned
PLAN-003902,2026-06-SOP,Production,CTL-0039,300,20.0,2026-09-21,2026-09-07,Increase,3,Forecast,2026-06-SOP,Planned
PLAN-004086,2026-06-SOP,Production,SYS-0025,100,10.0,2026-09-21,2026-08-25,Defer,2,Sales Order,SO-004087,Planned
PLAN-004270,2026-06-SOP,Purchase,AFT-0021,300,5.0,2026-09-21,2026-09-06,Expedite,1,Forecast,2026-06-SOP,Planned
PLAN-004454,2026-06-SOP,Production,DRV-0007,100,75.0,2026-09-21,2026-08-24,,5,Forecast,2026-06-SOP,Planned
PLAN-004638,2026-06-SOP,Production,ACT-0003,100,40.0,2026-09-21,2026-09-05,Decrease,4,Sales Order,SO-004639,Planned
PLAN-004822,2026-06-SOP,Purchase,AFT-0029,100,20.0,2026-09-21,2026-08-13,Increase,3,Forecast,2026-06-SOP,Planned
PLAN-000117,2026-06-SOP,Production,CTL-0024,300,20.0,2026-09-22,2026-08-29,Increase,3,Sales Order,SO-000118,Planned
PLAN-000301,2026-06-SOP,Production,SYS-0010,300,10.0,2026-09-22,2026-08-16,Defer,2,Forecast,2026-06-SOP,Planned
PLAN-000485,2026-06-SOP,Purchase,AFT-0006,300,5.0,2026-09-22,2026-08-28,Expedite,1,Forecast,2026-06-SOP,Planned
PLAN-000669,2026-06-SOP,Production,CTL-0032,300,75.0,2026-09-22,2026-08-05,,5,Sales Order,SO-000670,Planned
PLAN-000853,2026-06-SOP,Production,SYS-0018,300,40.0,2026-09-22,2026-07-23,Decrease,4,Forecast,2026-06-SOP,Planned
PLAN-001037,2026-06-SOP,Purchase,AFT-0014,100,20.0,2026-09-22,2026-08-04,Increase,3,Forecast,2026-06-SOP,Planned
PLAN-001221,2026-06-SOP,Production,CTL-0040,300,10.0,2026-09-22,2026-09-05,Defer,2,Sales Order,SO-001222,Planned
PLAN-001405,2026-06-SOP,Production,SYS-0026,300,5.0,2026-09-22,2026-08-23,Expedite,1,Forecast,2026-06-SOP,Planned
PLAN-001589,2026-06-SOP,Purchase,AFT-0022,100,75.0,2026-09-22,2026-09-04,,5,Forecast,2026-06-SOP,Planned
PLAN-001773,2026-06-SOP,Production,DRV-0008,200,40.0,2026-09-22,2026-08-22,Decrease,4,Sales Order,SO-001774,Planned
PLAN-001957,2026-06-SOP,Production,ACT-0004,200,20.0,2026-09-22,2026-09-03,Increase,3,Forecast,2026-06-SOP,Planned
PLAN-002141,2026-06-SOP,Purchase,AFT-0030,300,10.0,2026-09-22,2026-08-11,Defer,2,Forecast,2026-06-SOP,Planned
PLAN-002325,2026-06-SOP,Production,DRV-0016,200,5.0,2026-09-22,2026-07-29,Expedite,1,Sales Order,SO-002326,Planned
PLAN-002509,2026-06-SOP,Production,ACT-0012,200,75.0,2026-09-22,2026-08-10,,5,Forecast,2026-06-SOP,Planned
PLAN-002693,2026-06-SOP,Purchase,AFT-0038,100,40.0,2026-09-22,2026-09-11,Decrease,4,Forecast,2026-06-SOP,Planned
PLAN-002877,2026-06-SOP,Production,DRV-0024,200,20.0,2026-09-22,2026-08-29,Increase,3,Sales Order,SO-002878,Planned
PLAN-003061,2026-06-SOP,Production,ACT-0020,200,10.0,2026-09-22,2026-09-10,Defer,2,Forecast,2026-06-SOP,Planned
PLAN-003245,2026-06-SOP,Purchase,AFT-0046,100,5.0,2026-09-22,2026-09-04,Expedite,1,Forecast,2026-06-SOP,Planned
PLAN-003429,2026-06-SOP,Production,DRV-0032,200,75.0,2026-09-22,2026-08-05,,5,Sales Order,SO-003430,Planned
PLAN-003613,2026-06-SOP,Production,ACT-0028,200,40.0,2026-09-22,2026-08-17,Decrease,4,Forecast,2026-06-SOP,Planned
PLAN-003797,2026-06-SOP,Purchase,AFT-0054,300,20.0,2026-09-22,2026-07-25,Increase,3,Forecast,2026-06-SOP,Planned
PLAN-003981,2026-06-SOP,Production,DRV-0040,200,10.0,2026-09-22,2026-09-05,Defer,2,Sales Order,SO-003982,Planned
PLAN-004165,2026-06-SOP,Production,ACT-0036,200,5.0,2026-09-22,2026-07-24,Expedite,1,Forecast,2026-06-SOP,Planned
PLAN-004349,2026-06-SOP,Production,CTL-0002,300,75.0,2026-09-22,2026-09-09,,5,Forecast,2026-06-SOP,Planned
PLAN-004533,2026-06-SOP,Production,DRV-0048,200,40.0,2026-09-22,2026-08-12,Decrease,4,Sales Order,SO-004534,Planned
PLAN-004717,2026-06-SOP,Production,ACT-0044,200,20.0,2026-09-22,2026-08-24,Increase,3,Forecast,2026-06-SOP,Planned
PLAN-004901,2026-06-SOP,Production,CTL-0010,300,10.0,2026-09-22,2026-08-16,Defer,2,Forecast,2026-06-SOP,Planned
PLAN-000012,2026-06-SOP,Purchase,AFT-0039,300,20.0,2026-09-23,2026-09-09,Increase,3,Sales Order,SO-000013,Planned
PLAN-000196,2026-06-SOP,Production,DRV-0025,100,10.0,2026-09-23,2026-08-27,Defer,2,Forecast,2026-06-SOP,Planned
PLAN-000380,2026-06-SOP,Production,ACT-0021,100,5.0,2026-09-23,2026-09-08,Expedite,1,Forecast,2026-06-SOP,Planned
PLAN-000564,2026-06-SOP,Purchase,AFT-0047,100,75.0,2026-09-23,2026-08-16,,5,Sales Order,SO-000565,Planned
PLAN-000748,2026-06-SOP,Production,DRV-0033,100,40.0,2026-09-23,2026-08-03,Decrease,4,Forecast,2026-06-SOP,Planned
PLAN-000932,2026-06-SOP,Production,ACT-0029,100,20.0,2026-09-23,2026-08-15,Increase,3,Forecast,2026-06-SOP,Planned
PLAN-001116,2026-06-SOP,Purchase,AFT-0055,100,10.0,2026-09-23,2026-09-05,Defer,2,Sales Order,SO-001117,Planned
PLAN-001300,2026-06-SOP,Production,DRV-0041,100,5.0,2026-09-23,2026-09-03,Expedite,1,Forecast,2026-06-SOP,Planned
PLAN-001484,2026-06-SOP,Production,ACT-0037,100,75.0,2026-09-23,2026-09-15,,5,Forecast,2026-06-SOP,Planned
PLAN-001668,2026-06-SOP,Production,CTL-0003,300,40.0,2026-09-23,2026-09-07,Decrease,4,Sales Order,SO-001669,Planned
PLAN-001852,2026-06-SOP,Production,DRV-0049,100,20.0,2026-09-23,2026-08-10,Increase,3,Forecast,2026-06-SOP,Planned
PLAN-002036,2026-06-SOP,Production,ACT-0045,100,10.0,2026-09-23,2026-08-22,Defer,2,Forecast,2026-06-SOP,Planned
PLAN-002220,2026-06-SOP,Production,CTL-0011,300,5.0,2026-09-23,2026-08-14,Expedite,1,Sales Order,SO-002221,Planned
PLAN-002404,2026-06-SOP,Production,DRV-0057,100,75.0,2026-09-23,2026-09-10,,5,Forecast,2026-06-SOP,Planned
PLAN-002588,2026-06-SOP,Production,ACT-0053,100,40.0,2026-09-23,2026-07-29,Decrease,4,Forecast,2026-06-SOP,Planned
PLAN-002772,2026-06-SOP,Production,CTL-0019,300,20.0,2026-09-23,2026-09-14,Increase,3,Sales Order,SO-002773,Planned
PLAN-002956,2026-06-SOP,Production,SYS-0005,100,10.0,2026-09-23,2026-09-01,Defer,2,Forecast,2026-06-SOP,Planned
PLAN-003140,2026-06-SOP,Purchase,AFT-0001,100,5.0,2026-09-23,2026-09-05,Expedite,1,Forecast,2026-06-SOP,Planned
PLAN-003324,2026-06-SOP,Production,CTL-0027,300,75.0,2026-09-23,2026-08-21,,5,Sales Order,SO-003325,Planned
PLAN-003508,2026-06-SOP,Production,SYS-0013,100,40.0,2026-09-23,2026-08-08,Decrease,4,Forecast,2026-06-SOP,Planned
PLAN-003692,2026-06-SOP,Purchase,AFT-0009,300,20.0,2026-09-23,2026-08-20,Increase,3,Forecast,2026-06-SOP,Planned
PLAN-003876,2026-06-SOP,Production,CTL-0035,300,10.0,2026-09-23,2026-07-28,Defer,2,Sales Order,SO-003877,Planned
PLAN-004060,2026-06-SOP,Production,SYS-0021,100,5.0,2026-09-23,2026-09-08,Expedite,1,Forecast,2026-06-SOP,Planned
PLAN-004244,2026-06-SOP,Purchase,AFT-0017,100,75.0,2026-09-23,2026-07-27,,5,Forecast,2026-06-SOP,Planned
PLAN-004428,2026-06-SOP,Production,DRV-0003,100,40.0,2026-09-23,2026-09-07,Decrease,4,Sales Order,SO-004429,Planned
PLAN-004612,2026-06-SOP,Production,SYS-0029,100,20.0,2026-09-23,2026-08-15,Increase,3,Forecast,2026-06-SOP,Planned
PLAN-004796,2026-06-SOP,Purchase,AFT-0025,100,10.0,2026-09-23,2026-09-05,Defer,2,Forecast,2026-06-SOP,Planned
PLAN-004980,2026-06-SOP,Production,DRV-0011,100,5.0,2026-09-23,2026-08-14,Expedite,1,Sales Order,SO-004981,Planned
PLAN-000091,2026-06-SOP,Production,CTL-0020,300,10.0,2026-09-24,2026-09-12,Defer,2,Forecast,2026-06-SOP,Planned
PLAN-000275,2026-06-SOP,Production,SYS-0006,300,5.0,2026-09-24,2026-08-30,Expedite,1,Forecast,2026-06-SOP,Planned
PLAN-000459,2026-06-SOP,Purchase,AFT-0002,100,75.0,2026-09-24,2026-09-11,,5,Sales Order,SO-000460,Planned
PLAN-000643,2026-06-SOP,Production,CTL-0028,300,40.0,2026-09-24,2026-08-19,Decrease,4,Forecast,2026-06-SOP,Planned
PLAN-000827,2026-06-SOP,Production,SYS-0014,300,20.0,2026-09-24,2026-08-06,Increase,3,Forecast,2026-06-SOP,Planned
PLAN-001011,2026-06-SOP,Purchase,AFT-0010,100,10.0,2026-09-24,2026-09-06,Defer,2,Sales Order,SO-001012,Planned
PLAN-001195,2026-06-SOP,Production,CTL-0036,300,5.0,2026-09-24,2026-07-26,Expedite,1,Forecast,2026-06-SOP,Planned
PLAN-001379,2026-06-SOP,Production,SYS-0022,300,75.0,2026-09-24,2026-09-06,,5,Forecast,2026-06-SOP,Planned
PLAN-001563,2026-06-SOP,Purchase,AFT-0018,300,40.0,2026-09-24,2026-07-25,Decrease,4,Sales Order,SO-001564,Planned
PLAN-001747,2026-06-SOP,Production,DRV-0004,200,20.0,2026-09-24,2026-09-05,Increase,3,Forecast,2026-06-SOP,Planned
PLAN-001931,2026-06-SOP,Production,SYS-0030,300,10.0,2026-09-24,2026-08-13,Defer,2,Forecast,2026-06-SOP,Planned
PLAN-002115,2026-06-SOP,Purchase,AFT-0026,100,5.0,2026-09-24,2026-08-25,Expedite,1,Sales Order,SO-002116,Planned
PLAN-002299,2026-06-SOP,Production,DRV-0012,200,75.0,2026-09-24,2026-08-12,,5,Forecast,2026-06-SOP,Planned
PLAN-002483,2026-06-SOP,Production,ACT-0008,200,40.0,2026-09-24,2026-08-24,Decrease,4,Forecast,2026-06-SOP,Planned
PLAN-002667,2026-06-SOP,Purchase,AFT-0034,100,20.0,2026-09-24,2026-09-06,Increase,3,Sales Order,SO-002668,Planned
PLAN-002851,2026-06-SOP,Production,DRV-0020,200,10.0,2026-09-24,2026-09-12,Defer,2,Forecast,2026-06-SOP,Planned
PLAN-003035,2026-06-SOP,Production,ACT-0016,200,5.0,2026-09-24,2026-07-31,Expedite,1,Forecast,2026-06-SOP,Planned
PLAN-003219,2026-06-SOP,Purchase,AFT-0042,300,75.0,2026-09-24,2026-09-01,,5,Sales Order,SO-003220,Planned
PLAN-003403,2026-06-SOP,Production,DRV-0028,200,40.0,2026-09-24,2026-08-19,Decrease,4,Forecast,2026-06-SOP,Planned
PLAN-003587,2026-06-SOP,Production,ACT-0024,200,20.0,2026-09-24,2026-08-31,Increase,3,Forecast,2026-06-SOP,Planned
PLAN-003771,2026-06-SOP,Purchase,AFT-0050,100,10.0,2026-09-24,2026-08-08,Defer,2,Sales Order,SO-003772,Planned
PLAN-003955,2026-06-SOP,Production,DRV-0036,200,5.0,2026-09-24,2026-07-26,Expedite,1,Forecast,2026-06-SOP,Planned
PLAN-004139,2026-06-SOP,Production,ACT-0032,200,75.0,2026-09-24,2026-08-07,,5,Forecast,2026-06-SOP,Planned
PLAN-004323,2026-06-SOP,Purchase,AFT-0058,100,40.0,2026-09-24,2026-09-06,Decrease,4,Sales Order,SO-004324,Planned
PLAN-004507,2026-06-SOP,Production,DRV-0044,200,20.0,2026-09-24,2026-08-26,Increase,3,Forecast,2026-06-SOP,Planned
PLAN-004691,2026-06-SOP,Production,ACT-0040,200,10.0,2026-09-24,2026-09-07,Defer,2,Forecast,2026-06-SOP,Planned
PLAN-004875,2026-06-SOP,Production,CTL-0006,300,5.0,2026-09-24,2026-08-30,Expedite,1,Sales Order,SO-004876,Planned
PLAN-000170,2026-06-SOP,Production,DRV-0021,100,5.0,2026-09-25,2026-09-10,Expedite,1,Forecast,2026-06-SOP,Planned
PLAN-000354,2026-06-SOP,Production,ACT-0017,100,75.0,2026-09-25,2026-07-29,,5,Sales Order,SO-000355,Planned
PLAN-000538,2026-06-SOP,Purchase,AFT-0043,100,40.0,2026-09-25,2026-09-07,Decrease,4,Forecast,2026-06-SOP,Planned
PLAN-000722,2026-06-SOP,Production,DRV-0029,100,20.0,2026-09-25,2026-08-17,Increase,3,Forecast,2026-06-SOP,Planned
PLAN-000906,2026-06-SOP,Production,ACT-0025,100,10.0,2026-09-25,2026-08-29,Defer,2,Sales Order,SO-000907,Planned
PLAN-001090,2026-06-SOP,Purchase,AFT-0051,300,5.0,2026-09-25,2026-08-06,Expedite,1,Forecast,2026-06-SOP,Planned
PLAN-001274,2026-06-SOP,Production,DRV-0037,100,75.0,2026-09-25,2026-09-17,,5,Forecast,2026-06-SOP,Planned
PLAN-001458,2026-06-SOP,Production,ACT-0033,100,40.0,2026-09-25,2026-08-05,Decrease,4,Sales Order,SO-001459,Planned
PLAN-001642,2026-06-SOP,Purchase,AFT-0059,100,20.0,2026-09-25,2026-09-06,Increase,3,Forecast,2026-06-SOP,Planned
PLAN-001826,2026-06-SOP,Production,DRV-0045,100,10.0,2026-09-25,2026-08-24,Defer,2,Forecast,2026-06-SOP,Planned
PLAN-002010,2026-06-SOP,Production,ACT-0041,100,5.0,2026-09-25,2026-09-05,Expedite,1,Sales Order,SO-002011,Planned
PLAN-002194,2026-06-SOP,Production,CTL-0007,300,75.0,2026-09-25,2026-08-28,,5,Forecast,2026-06-SOP,Planned
PLAN-002378,2026-06-SOP,Production,DRV-0053,100,40.0,2026-09-25,2026-07-31,Decrease,4,Forecast,2026-06-SOP,Planned
PLAN-002562,2026-06-SOP,Production,ACT-0049,100,20.0,2026-09-25,2026-08-12,Increase,3,Sales Order,SO-002563,Planned
PLAN-002746,2026-06-SOP,Production,CTL-0015,300,10.0,2026-09-25,2026-08-04,Defer,2,Forecast,2026-06-SOP,Planned
PLAN-002930,2026-06-SOP,Production,SYS-0001,100,5.0,2026-09-25,2026-09-15,Expedite,1,Forecast,2026-06-SOP,Planned
PLAN-003114,2026-06-SOP,Production,ACT-0057,100,75.0,2026-09-25,2026-09-12,,5,Sales Order,SO-003115,Planned
PLAN-003298,2026-06-SOP,Production,CTL-0023,300,40.0,2026-09-25,2026-09-04,Decrease,4,Forecast,2026-06-SOP,Planned
PLAN-003482,2026-06-SOP,Production,SYS-0009,100,20.0,2026-09-25,2026-08-22,Increase,3,Forecast,2026-06-SOP,Planned
PLAN-003666,2026-06-SOP,Purchase,AFT-0005,100,10.0,2026-09-25,2026-09-03,Defer,2,Sales Order,SO-003667,Planned
PLAN-003850,2026-06-SOP,Production,CTL-0031,300,5.0,2026-09-25,2026-08-11,Expedite,1,Forecast,2026-06-SOP,Planned
PLAN-004034,2026-06-SOP,Production,SYS-0017,100,75.0,2026-09-25,2026-07-29,,5,Forecast,2026-06-SOP,Planned
PLAN-004218,2026-06-SOP,Purchase,AFT-0013,100,40.0,2026-09-25,2026-09-07,Decrease,4,Sales Order,SO-004219,Planned
PLAN-004402,2026-06-SOP,Production,CTL-0039,300,20.0,2026-09-25,2026-09-11,Increase,3,Forecast,2026-06-SOP,Planned
PLAN-004586,2026-06-SOP,Production,SYS-0025,100,10.0,2026-09-25,2026-08-29,Defer,2,Forecast,2026-06-SOP,Planned
PLAN-004770,2026-06-SOP,Purchase,AFT-0021,300,5.0,2026-09-25,2026-09-10,Expedite,1,Sales Order,SO-004771,Planned
PLAN-004954,2026-06-SOP,Production,DRV-0007,100,75.0,2026-09-25,2026-08-28,,5,Forecast,2026-06-SOP,Planned
PLAN-000065,2026-06-SOP,Production,CTL-0016,300,5.0,2026-09-26,2026-08-02,Expedite,1,Forecast,2026-06-SOP,Planned
PLAN-000249,2026-06-SOP,Production,SYS-0002,300,75.0,2026-09-26,2026-09-13,,5,Sales Order,SO-000250,Planned
PLAN-000433,2026-06-SOP,Production,ACT-0058,200,40.0,2026-09-26,2026-09-10,Decrease,4,Forecast,2026-06-SOP,Planned
PLAN-000617,2026-06-SOP,Production,CTL-0024,300,20.0,2026-09-26,2026-09-02,Increase,3,Forecast,2026-06-SOP,Planned
PLAN-000801,2026-06-SOP,Production,SYS-0010,300,10.0,2026-09-26,2026-08-20,Defer,2,Sales Order,SO-000802,Planned
PLAN-000985,2026-06-SOP,Purchase,AFT-0006,300,5.0,2026-09-26,2026-09-01,Expedite,1,Forecast,2026-06-SOP,Planned
PLAN-001169,2026-06-SOP,Production,CTL-0032,300,75.0,2026-09-26,2026-08-09,,5,Forecast,2026-06-SOP,Planned
PLAN-001353,2026-06-SOP,Production,SYS-0018,300,40.0,2026-09-26,2026-07-27,Decrease,4,Sales Order,SO-001354,Planned
PLAN-001537,2026-06-SOP,Purchase,AFT-0014,100,20.0,2026-09-26,2026-08-08,Increase,3,Forecast,2026-06-SOP,Planned
PLAN-001721,2026-06-SOP,Production,CTL-0040,300,10.0,2026-09-26,2026-09-09,Defer,2,Forecast,2026-06-SOP,Planned
PLAN-001905,2026-06-SOP,Production,SYS-0026,300,5.0,2026-09-26,2026-08-27,Expedite,1,Sales Order,SO-001906,Planned
PLAN-002089,2026-06-SOP,Purchase,AFT-0022,100,75.0,2026-09-26,2026-09-08,,5,Forecast,2026-06-SOP,Planned
PLAN-002273,2026-06-SOP,Production,DRV-0008,200,40.0,2026-09-26,2026-08-26,Decrease,4,Forecast,2026-06-SOP,Planned
PLAN-002457,2026-06-SOP,Production,ACT-0004,200,20.0,2026-09-26,2026-09-07,Increase,3,Sales Order,SO-002458,Planned
PLAN-002641,2026-06-SOP,Purchase,AFT-0030,300,10.0,2026-09-26,2026-08-15,Defer,2,Forecast,2026-06-SOP,Planned
PLAN-002825,2026-06-SOP,Production,DRV-0016,200,5.0,2026-09-26,2026-08-02,Expedite,1,Forecast,2026-06-SOP,Planned
PLAN-003009,2026-06-SOP,Production,ACT-0012,200,75.0,2026-09-26,2026-08-14,,5,Sales Order,SO-003010,Planned
PLAN-003193,2026-06-SOP,Purchase,AFT-0038,100,40.0,2026-09-26,2026-09-15,Decrease,4,Forecast,2026-06-SOP,Planned
PLAN-003377,2026-06-SOP,Production,DRV-0024,200,20.0,2026-09-26,2026-09-02,Increase,3,Forecast,2026-06-SOP,Planned
PLAN-003561,2026-06-SOP,Production,ACT-0020,200,10.0,2026-09-26,2026-09-14,Defer,2,Sales Order,SO-003562,Planned
PLAN-003745,2026-06-SOP,Purchase,AFT-0046,100,5.0,2026-09-26,2026-09-08,Expedite,1,Forecast,2026-06-SOP,Planned
PLAN-003929,2026-06-SOP,Production,DRV-0032,200,75.0,2026-09-26,2026-08-09,,5,Forecast,2026-06-SOP,Planned
PLAN-004113,2026-06-SOP,Production,ACT-0028,200,40.0,2026-09-26,2026-08-21,Decrease,4,Sales Order,SO-004114,Planned
PLAN-004297,2026-06-SOP,Purchase,AFT-0054,300,20.0,2026-09-26,2026-07-29,Increase,3,Forecast,2026-06-SOP,Planned
PLAN-004481,2026-06-SOP,Production,DRV-0040,200,10.0,2026-09-26,2026-09-09,Defer,2,Forecast,2026-06-SOP,Planned
PLAN-004665,2026-06-SOP,Production,ACT-0036,200,5.0,2026-09-26,2026-07-28,Expedite,1,Sales Order,SO-004666,Planned
PLAN-004849,2026-06-SOP,Production,CTL-0002,300,75.0,2026-09-26,2026-09-13,,5,Forecast,2026-06-SOP,Planned
PLAN-000144,2026-06-SOP,Production,DRV-0017,100,75.0,2026-09-27,2026-07-31,,5,Sales Order,SO-000145,Planned
PLAN-000328,2026-06-SOP,Production,ACT-0013,100,40.0,2026-09-27,2026-08-12,Decrease,4,Forecast,2026-06-SOP,Planned
PLAN-000512,2026-06-SOP,Purchase,AFT-0039,300,20.0,2026-09-27,2026-09-13,Increase,3,Forecast,2026-06-SOP,Planned
PLAN-000696,2026-06-SOP,Production,DRV-0025,100,10.0,2026-09-27,2026-08-31,Defer,2,Sales Order,SO-000697,Planned
PLAN-000880,2026-06-SOP,Production,ACT-0021,100,5.0,2026-09-27,2026-09-12,Expedite,1,Forecast,2026-06-SOP,Planned
PLAN-001064,2026-06-SOP,Purchase,AFT-0047,100,75.0,2026-09-27,2026-08-20,,5,Forecast,2026-06-SOP,Planned
PLAN-001248,2026-06-SOP,Production,DRV-0033,100,40.0,2026-09-27,2026-08-07,Decrease,4,Sales Order,SO-001249,Planned
PLAN-001432,2026-06-SOP,Production,ACT-0029,100,20.0,2026-09-27,2026-08-19,Increase,3,Forecast,2026-06-SOP,Planned
PLAN-001616,2026-06-SOP,Purchase,AFT-0055,100,10.0,2026-09-27,2026-09-09,Defer,2,Forecast,2026-06-SOP,Planned
PLAN-001800,2026-06-SOP,Production,DRV-0041,100,5.0,2026-09-27,2026-09-07,Expedite,1,Sales Order,SO-001801,Planned
PLAN-001984,2026-06-SOP,Production,ACT-0037,100,75.0,2026-09-27,2026-09-19,,5,Forecast,2026-06-SOP,Planned
PLAN-002168,2026-06-SOP,Production,CTL-0003,300,40.0,2026-09-27,2026-09-11,Decrease,4,Forecast,2026-06-SOP,Planned
PLAN-002352,2026-06-SOP,Production,DRV-0049,100,20.0,2026-09-27,2026-08-14,Increase,3,Sales Order,SO-002353,Planned
PLAN-002536,2026-06-SOP,Production,ACT-0045,100,10.0,2026-09-27,2026-08-26,Defer,2,Forecast,2026-06-SOP,Planned
PLAN-002720,2026-06-SOP,Production,CTL-0011,300,5.0,2026-09-27,2026-08-18,Expedite,1,Forecast,2026-06-SOP,Planned
PLAN-002904,2026-06-SOP,Production,DRV-0057,100,75.0,2026-09-27,2026-09-14,,5,Sales Order,SO-002905,Planned
PLAN-003088,2026-06-SOP,Production,ACT-0053,100,40.0,2026-09-27,2026-08-02,Decrease,4,Forecast,2026-06-SOP,Planned
PLAN-003272,2026-06-SOP,Production,CTL-0019,300,20.0,2026-09-27,2026-09-18,Increase,3,Forecast,2026-06-SOP,Planned
PLAN-003456,2026-06-SOP,Production,SYS-0005,100,10.0,2026-09-27,2026-09-05,Defer,2,Sales Order,SO-003457,Planned
PLAN-003640,2026-06-SOP,Purchase,AFT-0001,100,5.0,2026-09-27,2026-09-09,Expedite,1,Forecast,2026-06-SOP,Planned
PLAN-003824,2026-06-SOP,Production,CTL-0027,300,75.0,2026-09-27,2026-08-25,,5,Forecast,2026-06-SOP,Planned
PLAN-004008,2026-06-SOP,Production,SYS-0013,100,40.0,2026-09-27,2026-08-12,Decrease,4,Sales Order,SO-004009,Planned
PLAN-004192,2026-06-SOP,Purchase,AFT-0009,300,20.0,2026-09-27,2026-08-24,Increase,3,Forecast,2026-06-SOP,Planned
PLAN-004376,2026-06-SOP,Production,CTL-0035,300,10.0,2026-09-27,2026-08-01,Defer,2,Forecast,2026-06-SOP,Planned
PLAN-004560,2026-06-SOP,Production,SYS-0021,100,5.0,2026-09-27,2026-09-12,Expedite,1,Sales Order,SO-004561,Planned
PLAN-004744,2026-06-SOP,Purchase,AFT-0017,100,75.0,2026-09-27,2026-07-31,,5,Forecast,2026-06-SOP,Planned
PLAN-004928,2026-06-SOP,Production,DRV-0003,100,40.0,2026-09-27,2026-09-11,Decrease,4,Forecast,2026-06-SOP,Planned
PLAN-000039,2026-06-SOP,Production,CTL-0012,300,75.0,2026-09-28,2026-08-16,,5,Sales Order,SO-000040,Planned
PLAN-000223,2026-06-SOP,Production,DRV-0058,200,40.0,2026-09-28,2026-09-12,Decrease,4,Forecast,2026-06-SOP,Planned
PLAN-000407,2026-06-SOP,Production,ACT-0054,200,20.0,2026-09-28,2026-07-31,Increase,3,Forecast,2026-06-SOP,Planned
PLAN-000591,2026-06-SOP,Production,CTL-0020,300,10.0,2026-09-28,2026-09-16,Defer,2,Sales Order,SO-000592,Planned
PLAN-000775,2026-06-SOP,Production,SYS-0006,300,5.0,2026-09-28,2026-09-03,Expedite,1,Forecast,2026-06-SOP,Planned
PLAN-000959,2026-06-SOP,Purchase,AFT-0002,100,75.0,2026-09-28,2026-09-15,,5,Forecast,2026-06-SOP,Planned
PLAN-001143,2026-06-SOP,Production,CTL-0028,300,40.0,2026-09-28,2026-08-23,Decrease,4,Sales Order,SO-001144,Planned
PLAN-001327,2026-06-SOP,Production,SYS-0014,300,20.0,2026-09-28,2026-08-10,Increase,3,Forecast,2026-06-SOP,Planned
PLAN-001511,2026-06-SOP,Purchase,AFT-0010,100,10.0,2026-09-28,2026-09-10,Defer,2,Forecast,2026-06-SOP,Planned
PLAN-001695,2026-06-SOP,Production,CTL-0036,300,5.0,2026-09-28,2026-07-30,Expedite,1,Sales Order,SO-001696,Planned
PLAN-001879,2026-06-SOP,Production,SYS-0022,300,75.0,2026-09-28,2026-09-10,,5,Forecast,2026-06-SOP,Planned
PLAN-002063,2026-06-SOP,Purchase,AFT-0018,300,40.0,2026-09-28,2026-07-29,Decrease,4,Forecast,2026-06-SOP,Planned
PLAN-002247,2026-06-SOP,Production,DRV-0004,200,20.0,2026-09-28,2026-09-09,Increase,3,Sales Order,SO-002248,Planned
PLAN-002431,2026-06-SOP,Production,SYS-0030,300,10.0,2026-09-28,2026-08-17,Defer,2,Forecast,2026-06-SOP,Planned
PLAN-002615,2026-06-SOP,Purchase,AFT-0026,100,5.0,2026-09-28,2026-08-29,Expedite,1,Forecast,2026-06-SOP,Planned
PLAN-002799,2026-06-SOP,Production,DRV-0012,200,75.0,2026-09-28,2026-08-16,,5,Sales Order,SO-002800,Planned
PLAN-002983,2026-06-SOP,Production,ACT-0008,200,40.0,2026-09-28,2026-08-28,Decrease,4,Forecast,2026-06-SOP,Planned
PLAN-003167,2026-06-SOP,Purchase,AFT-0034,100,20.0,2026-09-28,2026-09-10,Increase,3,Forecast,2026-06-SOP,Planned
PLAN-003351,2026-06-SOP,Production,DRV-0020,200,10.0,2026-09-28,2026-09-16,Defer,2,Sales Order,SO-003352,Planned
PLAN-003535,2026-06-SOP,Production,ACT-0016,200,5.0,2026-09-28,2026-08-04,Expedite,1,Forecast,2026-06-SOP,Planned
PLAN-003719,2026-06-SOP,Purchase,AFT-0042,300,75.0,2026-09-28,2026-09-05,,5,Forecast,2026-06-SOP,Planned
PLAN-003903,2026-06-SOP,Production,DRV-0028,200,40.0,2026-09-28,2026-08-23,Decrease,4,Sales Order,SO-003904,Planned
PLAN-004087,2026-06-SOP,Production,ACT-0024,200,20.0,2026-09-28,2026-09-04,Increase,3,Forecast,2026-06-SOP,Planned
PLAN-004271,2026-06-SOP,Purchase,AFT-0050,100,10.0,2026-09-28,2026-08-12,Defer,2,Forecast,2026-06-SOP,Planned
PLAN-004455,2026-06-SOP,Production,DRV-0036,200,5.0,2026-09-28,2026-07-30,Expedite,1,Sales Order,SO-004456,Planned
PLAN-004639,2026-06-SOP,Production,ACT-0032,200,75.0,2026-09-28,2026-08-11,,5,Forecast,2026-06-SOP,Planned
PLAN-004823,2026-06-SOP,Purchase,AFT-0058,100,40.0,2026-09-28,2026-09-10,Decrease,4,Forecast,2026-06-SOP,Planned
PLAN-000118,2026-06-SOP,Production,DRV-0013,100,40.0,2026-09-29,2026-08-14,Decrease,4,Forecast,2026-06-SOP,Planned
PLAN-000302,2026-06-SOP,Production,ACT-0009,100,20.0,2026-09-29,2026-08-26,Increase,3,Forecast,2026-06-SOP,Planned
PLAN-000486,2026-06-SOP,Purchase,AFT-0035,100,10.0,2026-09-29,2026-08-03,Defer,2,Sales Order,SO-000487,Planned
PLAN-000670,2026-06-SOP,Production,DRV-0021,100,5.0,2026-09-29,2026-09-14,Expedite,1,Forecast,2026-06-SOP,Planned
PLAN-000854,2026-06-SOP,Production,ACT-0017,100,75.0,2026-09-29,2026-08-02,,5,Forecast,2026-06-SOP,Planned
PLAN-001038,2026-06-SOP,Purchase,AFT-0043,100,40.0,2026-09-29,2026-09-11,Decrease,4,Sales Order,SO-001039,Planned
PLAN-001222,2026-06-SOP,Production,DRV-0029,100,20.0,2026-09-29,2026-08-21,Increase,3,Forecast,2026-06-SOP,Planned
PLAN-001406,2026-06-SOP,Production,ACT-0025,100,10.0,2026-09-29,2026-09-02,Defer,2,Forecast,2026-06-SOP,Planned
PLAN-001590,2026-06-SOP,Purchase,AFT-0051,300,5.0,2026-09-29,2026-08-10,Expedite,1,Sales Order,SO-001591,Planned
PLAN-001774,2026-06-SOP,Production,DRV-0037,100,75.0,2026-09-29,2026-09-21,,5,Forecast,2026-06-SOP,Planned
PLAN-001958,2026-06-SOP,Production,ACT-0033,100,40.0,2026-09-29,2026-08-09,Decrease,4,Forecast,2026-06-SOP,Planned
PLAN-002142,2026-06-SOP,Purchase,AFT-0059,100,20.0,2026-09-29,2026-09-10,Increase,3,Sales Order,SO-002143,Planned
PLAN-002326,2026-06-SOP,Production,DRV-0045,100,10.0,2026-09-29,2026-08-28,Defer,2,Forecast,2026-06-SOP,Planned
PLAN-002510,2026-06-SOP,Production,ACT-0041,100,5.0,2026-09-29,2026-09-09,Expedite,1,Forecast,2026-06-SOP,Planned
PLAN-002694,2026-06-SOP,Production,CTL-0007,300,75.0,2026-09-29,2026-09-01,,5,Sales Order,SO-002695,Planned
PLAN-002878,2026-06-SOP,Production,DRV-0053,100,40.0,2026-09-29,2026-08-04,Decrease,4,Forecast,2026-06-SOP,Planned
PLAN-003062,2026-06-SOP,Production,ACT-0049,100,20.0,2026-09-29,2026-08-16,Increase,3,Forecast,2026-06-SOP,Planned
PLAN-003246,2026-06-SOP,Production,CTL-0015,300,10.0,2026-09-29,2026-08-08,Defer,2,Sales Order,SO-003247,Planned
PLAN-003430,2026-06-SOP,Production,SYS-0001,100,5.0,2026-09-29,2026-09-19,Expedite,1,Forecast,2026-06-SOP,Planned
PLAN-003614,2026-06-SOP,Production,ACT-0057,100,75.0,2026-09-29,2026-09-16,,5,Forecast,2026-06-SOP,Planned
PLAN-003798,2026-06-SOP,Production,CTL-0023,300,40.0,2026-09-29,2026-09-08,Decrease,4,Sales Order,SO-003799,Planned
PLAN-003982,2026-06-SOP,Production,SYS-0009,100,20.0,2026-09-29,2026-08-26,Increase,3,Forecast,2026-06-SOP,Planned
PLAN-004166,2026-06-SOP,Purchase,AFT-0005,100,10.0,2026-09-29,2026-09-07,Defer,2,Forecast,2026-06-SOP,Planned
PLAN-004350,2026-06-SOP,Production,CTL-0031,300,5.0,2026-09-29,2026-08-15,Expedite,1,Sales Order,SO-004351,Planned
PLAN-004534,2026-06-SOP,Production,SYS-0017,100,75.0,2026-09-29,2026-08-02,,5,Forecast,2026-06-SOP,Planned
PLAN-004718,2026-06-SOP,Purchase,AFT-0013,100,40.0,2026-09-29,2026-09-11,Decrease,4,Forecast,2026-06-SOP,Planned
PLAN-004902,2026-06-SOP,Production,CTL-0039,300,20.0,2026-09-29,2026-09-15,Increase,3,Sales Order,SO-004903,Planned
PLAN-000013,2026-06-SOP,Production,CTL-0008,300,40.0,2026-09-30,2026-08-30,Decrease,4,Forecast,2026-06-SOP,Planned
PLAN-000197,2026-06-SOP,Production,DRV-0054,200,20.0,2026-09-30,2026-08-02,Increase,3,Forecast,2026-06-SOP,Planned
PLAN-000381,2026-06-SOP,Production,ACT-0050,200,10.0,2026-09-30,2026-08-14,Defer,2,Sales Order,SO-000382,Planned
PLAN-000565,2026-06-SOP,Production,CTL-0016,300,5.0,2026-09-30,2026-08-06,Expedite,1,Forecast,2026-06-SOP,Planned
PLAN-000749,2026-06-SOP,Production,SYS-0002,300,75.0,2026-09-30,2026-09-17,,5,Forecast,2026-06-SOP,Planned
PLAN-000933,2026-06-SOP,Production,ACT-0058,200,40.0,2026-09-30,2026-09-14,Decrease,4,Sales Order,SO-000934,Planned
PLAN-001117,2026-06-SOP,Production,CTL-0024,300,20.0,2026-09-30,2026-09-06,Increase,3,Forecast,2026-06-SOP,Planned
PLAN-001301,2026-06-SOP,Production,SYS-0010,300,10.0,2026-09-30,2026-08-24,Defer,2,Forecast,2026-06-SOP,Planned
PLAN-001485,2026-06-SOP,Purchase,AFT-0006,300,5.0,2026-09-30,2026-09-05,Expedite,1,Sales Order,SO-001486,Planned
PLAN-001669,2026-06-SOP,Production,CTL-0032,300,75.0,2026-09-30,2026-08-13,,5,Forecast,2026-06-SOP,Planned
PLAN-001853,2026-06-SOP,Production,SYS-0018,300,40.0,2026-09-30,2026-07-31,Decrease,4,Forecast,2026-06-SOP,Planned
PLAN-002037,2026-06-SOP,Purchase,AFT-0014,100,20.0,2026-09-30,2026-08-12,Increase,3,Sales Order,SO-002038,Planned
PLAN-002221,2026-06-SOP,Production,CTL-0040,300,10.0,2026-09-30,2026-09-13,Defer,2,Forecast,2026-06-SOP,Planned
PLAN-002405,2026-06-SOP,Production,SYS-0026,300,5.0,2026-09-30,2026-08-31,Expedite,1,Forecast,2026-06-SOP,Planned
PLAN-002589,2026-06-SOP,Purchase,AFT-0022,100,75.0,2026-09-30,2026-09-12,,5,Sales Order,SO-002590,Planned
PLAN-002773,2026-06-SOP,Production,DRV-0008,200,40.0,2026-09-30,2026-08-30,Decrease,4,Forecast,2026-06-SOP,Planned
PLAN-002957,2026-06-SOP,Production,ACT-0004,200,20.0,2026-09-30,2026-09-11,Increase,3,Forecast,2026-06-SOP,Planned
PLAN-003141,2026-06-SOP,Purchase,AFT-0030,300,10.0,2026-09-30,2026-08-19,Defer,2,Sales Order,SO-003142,Planned
PLAN-003325,2026-06-SOP,Production,DRV-0016,200,5.0,2026-09-30,2026-08-06,Expedite,1,Forecast,2026-06-SOP,Planned
PLAN-003509,2026-06-SOP,Production,ACT-0012,200,75.0,2026-09-30,2026-08-18,,5,Forecast,2026-06-SOP,Planned
PLAN-003693,2026-06-SOP,Purchase,AFT-0038,100,40.0,2026-09-30,2026-09-19,Decrease,4,Sales Order,SO-003694,Planned
PLAN-003877,2026-06-SOP,Production,DRV-0024,200,20.0,2026-09-30,2026-09-06,Increase,3,Forecast,2026-06-SOP,Planned
PLAN-004061,2026-06-SOP,Production,ACT-0020,200,10.0,2026-09-30,2026-09-18,Defer,2,Forecast,2026-06-SOP,Planned
PLAN-004245,2026-06-SOP,Purchase,AFT-0046,100,5.0,2026-09-30,2026-09-12,Expedite,1,Sales Order,SO-004246,Planned
PLAN-004429,2026-06-SOP,Production,DRV-0032,200,75.0,2026-09-30,2026-08-13,,5,Forecast,2026-06-SOP,Planned
PLAN-004613,2026-06-SOP,Production,ACT-0028,200,40.0,2026-09-30,2026-08-25,Decrease,4,Forecast,2026-06-SOP,Planned
PLAN-004797,2026-06-SOP,Purchase,AFT-0054,300,20.0,2026-09-30,2026-08-02,Increase,3,Sales Order,SO-004798,Planned
PLAN-004981,2026-06-SOP,Production,DRV-0040,200,10.0,2026-09-30,2026-09-13,Defer,2,Forecast,2026-06-SOP,Planned
PLAN-000092,2026-06-SOP,Production,DRV-0009,100,20.0,2026-10-01,2026-08-28,Increase,3,Forecast,2026-06-SOP,Planned
PLAN-000276,2026-06-SOP,Production,ACT-0005,100,10.0,2026-10-01,2026-09-09,Defer,2,Sales Order,SO-000277,Planned
PLAN-000460,2026-06-SOP,Purchase,AFT-0031,100,5.0,2026-10-01,2026-09-13,Expedite,1,Forecast,2026-06-SOP,Planned
PLAN-000644,2026-06-SOP,Production,DRV-0017,100,75.0,2026-10-01,2026-08-04,,5,Forecast,2026-06-SOP,Planned
PLAN-000828,2026-06-SOP,Production,ACT-0013,100,40.0,2026-10-01,2026-08-16,Decrease,4,Sales Order,SO-000829,Planned
PLAN-001012,2026-06-SOP,Purchase,AFT-0039,300,20.0,2026-10-01,2026-09-17,Increase,3,Forecast,2026-06-SOP,Planned
PLAN-001196,2026-06-SOP,Production,DRV-0025,100,10.0,2026-10-01,2026-09-04,Defer,2,Forecast,2026-06-SOP,Planned
PLAN-001380,2026-06-SOP,Production,ACT-0021,100,5.0,2026-10-01,2026-09-16,Expedite,1,Sales Order,SO-001381,Planned
PLAN-001564,2026-06-SOP,Purchase,AFT-0047,100,75.0,2026-10-01,2026-08-24,,5,Forecast,2026-06-SOP,Planned
PLAN-001748,2026-06-SOP,Production,DRV-0033,100,40.0,2026-10-01,2026-08-11,Decrease,4,Forecast,2026-06-SOP,Planned
PLAN-001932,2026-06-SOP,Production,ACT-0029,100,20.0,2026-10-01,2026-08-23,Increase,3,Sales Order,SO-001933,Planned
PLAN-002116,2026-06-SOP,Purchase,AFT-0055,100,10.0,2026-10-01,2026-09-13,Defer,2,Forecast,2026-06-SOP,Planned
PLAN-002300,2026-06-SOP,Production,DRV-0041,100,5.0,2026-10-01,2026-09-11,Expedite,1,Forecast,2026-06-SOP,Planned
PLAN-002484,2026-06-SOP,Production,ACT-0037,100,75.0,2026-10-01,2026-09-23,,5,Sales Order,SO-002485,Planned
PLAN-002668,2026-06-SOP,Production,CTL-0003,300,40.0,2026-10-01,2026-09-15,Decrease,4,Forecast,2026-06-SOP,Planned
PLAN-002852,2026-06-SOP,Production,DRV-0049,100,20.0,2026-10-01,2026-08-18,Increase,3,Forecast,2026-06-SOP,Planned
PLAN-003036,2026-06-SOP,Production,ACT-0045,100,10.0,2026-10-01,2026-08-30,Defer,2,Sales Order,SO-003037,Planned
PLAN-003220,2026-06-SOP,Production,CTL-0011,300,5.0,2026-10-01,2026-08-22,Expedite,1,Forecast,2026-06-SOP,Planned
PLAN-003404,2026-06-SOP,Production,DRV-0057,100,75.0,2026-10-01,2026-09-18,,5,Forecast,2026-06-SOP,Planned
PLAN-003588,2026-06-SOP,Production,ACT-0053,100,40.0,2026-10-01,2026-08-06,Decrease,4,Sales Order,SO-003589,Planned
PLAN-003772,2026-06-SOP,Production,CTL-0019,300,20.0,2026-10-01,2026-09-22,Increase,3,Forecast,2026-06-SOP,Planned
PLAN-003956,2026-06-SOP,Production,SYS-0005,100,10.0,2026-10-01,2026-09-09,Defer,2,Forecast,2026-06-SOP,Planned
PLAN-004140,2026-06-SOP,Purchase,AFT-0001,100,5.0,2026-10-01,2026-09-13,Expedite,1,Sales Order,SO-004141,Planned
PLAN-004324,2026-06-SOP,Production,CTL-0027,300,75.0,2026-10-01,2026-08-29,,5,Forecast,2026-06-SOP,Planned
PLAN-004508,2026-06-SOP,Production,SYS-0013,100,40.0,2026-10-01,2026-08-16,Decrease,4,Forecast,2026-06-SOP,Planned
PLAN-004692,2026-06-SOP,Purchase,AFT-0009,300,20.0,2026-10-01,2026-08-28,Increase,3,Sales Order,SO-004693,Planned
PLAN-004876,2026-06-SOP,Production,CTL-0035,300,10.0,2026-10-01,2026-08-05,Defer,2,Forecast,2026-06-SOP,Planned
PLAN-000171,2026-06-SOP,Production,DRV-0050,200,10.0,2026-10-02,2026-08-16,Defer,2,Sales Order,SO-000172,Planned
PLAN-000355,2026-06-SOP,Production,ACT-0046,200,5.0,2026-10-02,2026-08-28,Expedite,1,Forecast,2026-06-SOP,Planned
PLAN-000539,2026-06-SOP,Production,CTL-0012,300,75.0,2026-10-02,2026-08-20,,5,Forecast,2026-06-SOP,Planned
PLAN-000723,2026-06-SOP,Production,DRV-0058,200,40.0,2026-10-02,2026-09-16,Decrease,4,Sales Order,SO-000724,Planned
PLAN-000907,2026-06-SOP,Production,ACT-0054,200,20.0,2026-10-02,2026-08-04,Increase,3,Forecast,2026-06-SOP,Planned
PLAN-001091,2026-06-SOP,Production,CTL-0020,300,10.0,2026-10-02,2026-09-20,Defer,2,Forecast,2026-06-SOP,Planned
PLAN-001275,2026-06-SOP,Production,SYS-0006,300,5.0,2026-10-02,2026-09-07,Expedite,1,Sales Order,SO-001276,Planned
PLAN-001459,2026-06-SOP,Purchase,AFT-0002,100,75.0,2026-10-02,2026-09-19,,5,Forecast,2026-06-SOP,Planned
PLAN-001643,2026-06-SOP,Production,CTL-0028,300,40.0,2026-10-02,2026-08-27,Decrease,4,Forecast,2026-06-SOP,Planned
PLAN-001827,2026-06-SOP,Production,SYS-0014,300,20.0,2026-10-02,2026-08-14,Increase,3,Sales Order,SO-001828,Planned
PLAN-002011,2026-06-SOP,Purchase,AFT-0010,100,10.0,2026-10-02,2026-09-14,Defer,2,Forecast,2026-06-SOP,Planned
PLAN-002195,2026-06-SOP,Production,CTL-0036,300,5.0,2026-10-02,2026-08-03,Expedite,1,Forecast,2026-06-SOP,Planned
PLAN-002379,2026-06-SOP,Production,SYS-0022,300,75.0,2026-10-02,2026-09-14,,5,Sales Order,SO-002380,Planned
PLAN-002563,2026-06-SOP,Purchase,AFT-0018,300,40.0,2026-10-02,2026-08-02,Decrease,4,Forecast,2026-06-SOP,Planned
PLAN-002747,2026-06-SOP,Production,DRV-0004,200,20.0,2026-10-02,2026-09-13,Increase,3,Forecast,2026-06-SOP,Planned
PLAN-002931,2026-06-SOP,Production,SYS-0030,300,10.0,2026-10-02,2026-08-21,Defer,2,Sales Order,SO-002932,Planned
PLAN-003115,2026-06-SOP,Purchase,AFT-0026,100,5.0,2026-10-02,2026-09-02,Expedite,1,Forecast,2026-06-SOP,Planned
PLAN-003299,2026-06-SOP,Production,DRV-0012,200,75.0,2026-10-02,2026-08-20,,5,Forecast,2026-06-SOP,Planned
PLAN-003483,2026-06-SOP,Production,ACT-0008,200,40.0,2026-10-02,2026-09-01,Decrease,4,Sales Order,SO-003484,Planned
PLAN-003667,2026-06-SOP,Purchase,AFT-0034,100,20.0,2026-10-02,2026-09-14,Increase,3,Forecast,2026-06-SOP,Planned
PLAN-003851,2026-06-SOP,Production,DRV-0020,200,10.0,2026-10-02,2026-09-20,Defer,2,Forecast,2026-06-SOP,Planned
PLAN-004035,2026-06-SOP,Production,ACT-0016,200,5.0,2026-10-02,2026-08-08,Expedite,1,Sales Order,SO-004036,Planned
PLAN-004219,2026-06-SOP,Purchase,AFT-0042,300,75.0,2026-10-02,2026-09-09,,5,Forecast,2026-06-SOP,Planned
PLAN-004403,2026-06-SOP,Production,DRV-0028,200,40.0,2026-10-02,2026-08-27,Decrease,4,Forecast,2026-06-SOP,Planned
PLAN-004587,2026-06-SOP,Production,ACT-0024,200,20.0,2026-10-02,2026-09-08,Increase,3,Sales Order,SO-004588,Planned
PLAN-004771,2026-06-SOP,Purchase,AFT-0050,100,10.0,2026-10-02,2026-08-16,Defer,2,Forecast,2026-06-SOP,Planned
PLAN-004955,2026-06-SOP,Production,DRV-0036,200,5.0,2026-10-02,2026-08-03,Expedite,1,Forecast,2026-06-SOP,Planned
PLAN-000066,2026-06-SOP,Production,DRV-0005,100,10.0,2026-10-03,2026-09-11,Defer,2,Sales Order,SO-000067,Planned
PLAN-000250,2026-06-SOP,Production,ACT-0001,100,5.0,2026-10-03,2026-09-23,Expedite,1,Forecast,2026-06-SOP,Planned
PLAN-000434,2026-06-SOP,Purchase,AFT-0027,300,75.0,2026-10-03,2026-08-31,,5,Forecast,2026-06-SOP,Planned
PLAN-000618,2026-06-SOP,Production,DRV-0013,100,40.0,2026-10-03,2026-08-18,Decrease,4,Sales Order,SO-000619,Planned
PLAN-000802,2026-06-SOP,Production,ACT-0009,100,20.0,2026-10-03,2026-08-30,Increase,3,Forecast,2026-06-SOP,Planned
PLAN-000986,2026-06-SOP,Purchase,AFT-0035,100,10.0,2026-10-03,2026-08-07,Defer,2,Forecast,2026-06-SOP,Planned
PLAN-001170,2026-06-SOP,Production,DRV-0021,100,5.0,2026-10-03,2026-09-18,Expedite,1,Sales Order,SO-001171,Planned
PLAN-001354,2026-06-SOP,Production,ACT-0017,100,75.0,2026-10-03,2026-08-06,,5,Forecast,2026-06-SOP,Planned
PLAN-001538,2026-06-SOP,Purchase,AFT-0043,100,40.0,2026-10-03,2026-09-15,Decrease,4,Forecast,2026-06-SOP,Planned
PLAN-001722,2026-06-SOP,Production,DRV-0029,100,20.0,2026-10-03,2026-08-25,Increase,3,Sales Order,SO-001723,Planned
PLAN-001906,2026-06-SOP,Production,ACT-0025,100,10.0,2026-10-03,2026-09-06,Defer,2,Forecast,2026-06-SOP,Planned
PLAN-002090,2026-06-SOP,Purchase,AFT-0051,300,5.0,2026-10-03,2026-08-14,Expedite,1,Forecast,2026-06-SOP,Planned
PLAN-002274,2026-06-SOP,Production,DRV-0037,100,75.0,2026-10-03,2026-09-25,,5,Sales Order,SO-002275,Planned
PLAN-002458,2026-06-SOP,Production,ACT-0033,100,40.0,2026-10-03,2026-08-13,Decrease,4,Forecast,2026-06-SOP,Planned
PLAN-002642,2026-06-SOP,Purchase,AFT-0059,100,20.0,2026-10-03,2026-09-14,Increase,3,Forecast,2026-06-SOP,Planned
PLAN-002826,2026-06-SOP,Production,DRV-0045,100,10.0,2026-10-03,2026-09-01,Defer,2,Sales Order,SO-002827,Planned
PLAN-003010,2026-06-SOP,Production,ACT-0041,100,5.0,2026-10-03,2026-09-13,Expedite,1,Forecast,2026-06-SOP,Planned
PLAN-003194,2026-06-SOP,Production,CTL-0007,300,75.0,2026-10-03,2026-09-05,,5,Forecast,2026-06-SOP,Planned
PLAN-003378,2026-06-SOP,Production,DRV-0053,100,40.0,2026-10-03,2026-08-08,Decrease,4,Sales Order,SO-003379,Planned
PLAN-003562,2026-06-SOP,Production,ACT-0049,100,20.0,2026-10-03,2026-08-20,Increase,3,Forecast,2026-06-SOP,Planned
PLAN-003746,2026-06-SOP,Production,CTL-0015,300,10.0,2026-10-03,2026-08-12,Defer,2,Forecast,2026-06-SOP,Planned
PLAN-003930,2026-06-SOP,Production,SYS-0001,100,5.0,2026-10-03,2026-09-23,Expedite,1,Sales Order,SO-003931,Planned
PLAN-004114,2026-06-SOP,Production,ACT-0057,100,75.0,2026-10-03,2026-09-20,,5,Forecast,2026-06-SOP,Planned
PLAN-004298,2026-06-SOP,Production,CTL-0023,300,40.0,2026-10-03,2026-09-12,Decrease,4,Forecast,2026-06-SOP,Planned
PLAN-004482,2026-06-SOP,Production,SYS-0009,100,20.0,2026-10-03,2026-08-30,Increase,3,Sales Order,SO-004483,Planned
PLAN-004666,2026-06-SOP,Purchase,AFT-0005,100,10.0,2026-10-03,2026-09-11,Defer,2,Forecast,2026-06-SOP,Planned
PLAN-004850,2026-06-SOP,Production,CTL-0031,300,5.0,2026-10-03,2026-08-19,Expedite,1,Forecast,2026-06-SOP,Planned
PLAN-000145,2026-06-SOP,Production,DRV-0046,200,5.0,2026-10-04,2026-08-30,Expedite,1,Forecast,2026-06-SOP,Planned
PLAN-000329,2026-06-SOP,Production,ACT-0042,200,75.0,2026-10-04,2026-09-11,,5,Forecast,2026-06-SOP,Planned
PLAN-000513,2026-06-SOP,Production,CTL-0008,300,40.0,2026-10-04,2026-09-03,Decrease,4,Sales Order,SO-000514,Planned
PLAN-000697,2026-06-SOP,Production,DRV-0054,200,20.0,2026-10-04,2026-08-06,Increase,3,Forecast,2026-06-SOP,Planned
PLAN-000881,2026-06-SOP,Production,ACT-0050,200,10.0,2026-10-04,2026-08-18,Defer,2,Forecast,2026-06-SOP,Planned
PLAN-001065,2026-06-SOP,Production,CTL-0016,300,5.0,2026-10-04,2026-08-10,Expedite,1,Sales Order,SO-001066,Planned
PLAN-001249,2026-06-SOP,Production,SYS-0002,300,75.0,2026-10-04,2026-09-21,,5,Forecast,2026-06-SOP,Planned
PLAN-001433,2026-06-SOP,Production,ACT-0058,200,40.0,2026-10-04,2026-09-18,Decrease,4,Forecast,2026-06-SOP,Planned
PLAN-001617,2026-06-SOP,Production,CTL-0024,300,20.0,2026-10-04,2026-09-10,Increase,3,Sales Order,SO-001618,Planned
PLAN-001801,2026-06-SOP,Production,SYS-0010,300,10.0,2026-10-04,2026-08-28,Defer,2,Forecast,2026-06-SOP,Planned
PLAN-001985,2026-06-SOP,Purchase,AFT-0006,300,5.0,2026-10-04,2026-09-09,Expedite,1,Forecast,2026-06-SOP,Planned
PLAN-002169,2026-06-SOP,Production,CTL-0032,300,75.0,2026-10-04,2026-08-17,,5,Sales Order,SO-002170,Planned
PLAN-002353,2026-06-SOP,Production,SYS-0018,300,40.0,2026-10-04,2026-08-04,Decrease,4,Forecast,2026-06-SOP,Planned
PLAN-002537,2026-06-SOP,Purchase,AFT-0014,100,20.0,2026-10-04,2026-08-16,Increase,3,Forecast,2026-06-SOP,Planned
PLAN-002721,2026-06-SOP,Production,CTL-0040,300,10.0,2026-10-04,2026-09-17,Defer,2,Sales Order,SO-002722,Planned
PLAN-002905,2026-06-SOP,Production,SYS-0026,300,5.0,2026-10-04,2026-09-04,Expedite,1,Forecast,2026-06-SOP,Planned
PLAN-003089,2026-06-SOP,Purchase,AFT-0022,100,75.0,2026-10-04,2026-09-16,,5,Forecast,2026-06-SOP,Planned
PLAN-003273,2026-06-SOP,Production,DRV-0008,200,40.0,2026-10-04,2026-09-03,Decrease,4,Sales Order,SO-003274,Planned
PLAN-003457,2026-06-SOP,Production,ACT-0004,200,20.0,2026-10-04,2026-09-15,Increase,3,Forecast,2026-06-SOP,Planned
PLAN-003641,2026-06-SOP,Purchase,AFT-0030,300,10.0,2026-10-04,2026-08-23,Defer,2,Forecast,2026-06-SOP,Planned
PLAN-003825,2026-06-SOP,Production,DRV-0016,200,5.0,2026-10-04,2026-08-10,Expedite,1,Sales Order,SO-003826,Planned
PLAN-004009,2026-06-SOP,Production,ACT-0012,200,75.0,2026-10-04,2026-08-22,,5,Forecast,2026-06-SOP,Planned
PLAN-004193,2026-06-SOP,Purchase,AFT-0038,100,40.0,2026-10-04,2026-09-23,Decrease,4,Forecast,2026-06-SOP,Planned
PLAN-004377,2026-06-SOP,Production,DRV-0024,200,20.0,2026-10-04,2026-09-10,Increase,3,Sales Order,SO-004378,Planned
PLAN-004561,2026-06-SOP,Production,ACT-0020,200,10.0,2026-10-04,2026-09-22,Defer,2,Forecast,2026-06-SOP,Planned
PLAN-004745,2026-06-SOP,Purchase,AFT-0046,100,5.0,2026-10-04,2026-09-16,Expedite,1,Forecast,2026-06-SOP,Planned
PLAN-004929,2026-06-SOP,Production,DRV-0032,200,75.0,2026-10-04,2026-08-17,,5,Sales Order,SO-004930,Planned
PLAN-000040,2026-06-SOP,Production,DRV-0001,100,5.0,2026-10-05,2026-09-25,Expedite,1,Forecast,2026-06-SOP,Planned
PLAN-000224,2026-06-SOP,Production,SYS-0027,100,75.0,2026-10-05,2026-09-02,,5,Forecast,2026-06-SOP,Planned
PLAN-000408,2026-06-SOP,Purchase,AFT-0023,100,40.0,2026-10-05,2026-09-14,Decrease,4,Sales Order,SO-000409,Planned
PLAN-000592,2026-06-SOP,Production,DRV-0009,100,20.0,2026-10-05,2026-09-01,Increase,3,Forecast,2026-06-SOP,Planned
PLAN-000776,2026-06-SOP,Production,ACT-0005,100,10.0,2026-10-05,2026-09-13,Defer,2,Forecast,2026-06-SOP,Planned
PLAN-000960,2026-06-SOP,Purchase,AFT-0031,100,5.0,2026-10-05,2026-09-17,Expedite,1,Sales Order,SO-000961,Planned
PLAN-001144,2026-06-SOP,Production,DRV-0017,100,75.0,2026-10-05,2026-08-08,,5,Forecast,2026-06-SOP,Planned
PLAN-001328,2026-06-SOP,Production,ACT-0013,100,40.0,2026-10-05,2026-08-20,Decrease,4,Forecast,2026-06-SOP,Planned
PLAN-001512,2026-06-SOP,Purchase,AFT-0039,300,20.0,2026-10-05,2026-09-21,Increase,3,Sales Order,SO-001513,Planned
PLAN-001696,2026-06-SOP,Production,DRV-0025,100,10.0,2026-10-05,2026-09-08,Defer,2,Forecast,2026-06-SOP,Planned
PLAN-001880,2026-06-SOP,Production,ACT-0021,100,5.0,2026-10-05,2026-09-20,Expedite,1,Forecast,2026-06-SOP,Planned
PLAN-002064,2026-06-SOP,Purchase,AFT-0047,100,75.0,2026-10-05,2026-08-28,,5,Sales Order,SO-002065,Planned
PLAN-002248,2026-06-SOP,Production,DRV-0033,100,40.0,2026-10-05,2026-08-15,Decrease,4,Forecast,2026-06-SOP,Planned
PLAN-002432,2026-06-SOP,Production,ACT-0029,100,20.0,2026-10-05,2026-08-27,Increase,3,Forecast,2026-06-SOP,Planned
PLAN-002616,2026-06-SOP,Purchase,AFT-0055,100,10.0,2026-10-05,2026-09-17,Defer,2,Sales Order,SO-002617,Planned
PLAN-002800,2026-06-SOP,Production,DRV-0041,100,5.0,2026-10-05,2026-09-15,Expedite,1,Forecast,2026-06-SOP,Planned
PLAN-002984,2026-06-SOP,Production,ACT-0037,100,75.0,2026-10-05,2026-09-27,,5,Forecast,2026-06-SOP,Planned
PLAN-003168,2026-06-SOP,Production,CTL-0003,300,40.0,2026-10-05,2026-09-19,Decrease,4,Sales Order,SO-003169,Planned
PLAN-003352,2026-06-SOP,Production,DRV-0049,100,20.0,2026-10-05,2026-08-22,Increase,3,Forecast,2026-06-SOP,Planned
PLAN-003536,2026-06-SOP,Production,ACT-0045,100,10.0,2026-10-05,2026-09-03,Defer,2,Forecast,2026-06-SOP,Planned
PLAN-003720,2026-06-SOP,Production,CTL-0011,300,5.0,2026-10-05,2026-08-26,Expedite,1,Sales Order,SO-003721,Planned
PLAN-003904,2026-06-SOP,Production,DRV-0057,100,75.0,2026-10-05,2026-09-22,,5,Forecast,2026-06-SOP,Planned
PLAN-004088,2026-06-SOP,Production,ACT-0053,100,40.0,2026-10-05,2026-08-10,Decrease,4,Forecast,2026-06-SOP,Planned
PLAN-004272,2026-06-SOP,Production,CTL-0019,300,20.0,2026-10-05,2026-09-26,Increase,3,Sales Order,SO-004273,Planned
PLAN-004456,2026-06-SOP,Production,SYS-0005,100,10.0,2026-10-05,2026-09-13,Defer,2,Forecast,2026-06-SOP,Planned
PLAN-004640,2026-06-SOP,Purchase,AFT-0001,100,5.0,2026-10-05,2026-09-17,Expedite,1,Forecast,2026-06-SOP,Planned
PLAN-004824,2026-06-SOP,Production,CTL-0027,300,75.0,2026-10-05,2026-09-02,,5,Sales Order,SO-004825,Planned
PLAN-000119,2026-06-SOP,Production,DRV-0042,200,75.0,2026-10-06,2026-09-13,,5,Forecast,2026-06-SOP,Planned
PLAN-000303,2026-06-SOP,Production,ACT-0038,200,40.0,2026-10-06,2026-09-25,Decrease,4,Sales Order,SO-000304,Planned
PLAN-000487,2026-06-SOP,Production,CTL-0004,300,20.0,2026-10-06,2026-09-17,Increase,3,Forecast,2026-06-SOP,Planned
PLAN-000671,2026-06-SOP,Production,DRV-0050,200,10.0,2026-10-06,2026-08-20,Defer,2,Forecast,2026-06-SOP,Planned
PLAN-000855,2026-06-SOP,Production,ACT-0046,200,5.0,2026-10-06,2026-09-01,Expedite,1,Sales Order,SO-000856,Planned
PLAN-001039,2026-06-SOP,Production,CTL-0012,300,75.0,2026-10-06,2026-08-24,,5,Forecast,2026-06-SOP,Planned
PLAN-001223,2026-06-SOP,Production,DRV-0058,200,40.0,2026-10-06,2026-09-20,Decrease,4,Forecast,2026-06-SOP,Planned
PLAN-001407,2026-06-SOP,Production,ACT-0054,200,20.0,2026-10-06,2026-08-08,Increase,3,Sales Order,SO-001408,Planned
PLAN-001591,2026-06-SOP,Production,CTL-0020,300,10.0,2026-10-06,2026-09-24,Defer,2,Forecast,2026-06-SOP,Planned
PLAN-001775,2026-06-SOP,Production,SYS-0006,300,5.0,2026-10-06,2026-09-11,Expedite,1,Forecast,2026-06-SOP,Planned
PLAN-001959,2026-06-SOP,Purchase,AFT-0002,100,75.0,2026-10-06,2026-09-23,,5,Sales Order,SO-001960,Planned
PLAN-002143,2026-06-SOP,Production,CTL-0028,300,40.0,2026-10-06,2026-08-31,Decrease,4,Forecast,2026-06-SOP,Planned
PLAN-002327,2026-06-SOP,Production,SYS-0014,300,20.0,2026-10-06,2026-08-18,Increase,3,Forecast,2026-06-SOP,Planned
PLAN-002511,2026-06-SOP,Purchase,AFT-0010,100,10.0,2026-10-06,2026-09-18,Defer,2,Sales Order,SO-002512,Planned
PLAN-002695,2026-06-SOP,Production,CTL-0036,300,5.0,2026-10-06,2026-08-07,Expedite,1,Forecast,2026-06-SOP,Planned
PLAN-002879,2026-06-SOP,Production,SYS-0022,300,75.0,2026-10-06,2026-09-18,,5,Forecast,2026-06-SOP,Planned
PLAN-003063,2026-06-SOP,Purchase,AFT-0018,300,40.0,2026-10-06,2026-08-06,Decrease,4,Sales Order,SO-003064,Planned
PLAN-003247,2026-06-SOP,Production,DRV-0004,200,20.0,2026-10-06,2026-09-17,Increase,3,Forecast,2026-06-SOP,Planned
PLAN-003431,2026-06-SOP,Production,SYS-0030,300,10.0,2026-10-06,2026-08-25,Defer,2,Forecast,2026-06-SOP,Planned
PLAN-003615,2026-06-SOP,Purchase,AFT-0026,100,5.0,2026-10-06,2026-09-06,Expedite,1,Sales Order,SO-003616,Planned
PLAN-003799,2026-06-SOP,Production,DRV-0012,200,75.0,2026-10-06,2026-08-24,,5,Forecast,2026-06-SOP,Planned
PLAN-003983,2026-06-SOP,Production,ACT-0008,200,40.0,2026-10-06,2026-09-05,Decrease,4,Forecast,2026-06-SOP,Planned
PLAN-004167,2026-06-SOP,Purchase,AFT-0034,100,20.0,2026-10-06,2026-09-18,Increase,3,Sales Order,SO-004168,Planned
PLAN-004351,2026-06-SOP,Production,DRV-0020,200,10.0,2026-10-06,2026-09-24,Defer,2,Forecast,2026-06-SOP,Planned
PLAN-004535,2026-06-SOP,Production,ACT-0016,200,5.0,2026-10-06,2026-08-12,Expedite,1,Forecast,2026-06-SOP,Planned
PLAN-004719,2026-06-SOP,Purchase,AFT-0042,300,75.0,2026-10-06,2026-09-13,,5,Sales Order,SO-004720,Planned
PLAN-004903,2026-06-SOP,Production,DRV-0028,200,40.0,2026-10-06,2026-08-31,Decrease,4,Forecast,2026-06-SOP,Planned
PLAN-000014,2026-06-SOP,Production,CTL-0037,300,75.0,2026-10-07,2026-09-29,,5,Forecast,2026-06-SOP,Planned
PLAN-000198,2026-06-SOP,Production,SYS-0023,100,40.0,2026-10-07,2026-09-16,Decrease,4,Sales Order,SO-000199,Planned
PLAN-000382,2026-06-SOP,Purchase,AFT-0019,100,20.0,2026-10-07,2026-09-19,Increase,3,Forecast,2026-06-SOP,Planned
PLAN-000566,2026-06-SOP,Production,DRV-0005,100,10.0,2026-10-07,2026-09-15,Defer,2,Forecast,2026-06-SOP,Planned
PLAN-000750,2026-06-SOP,Production,ACT-0001,100,5.0,2026-10-07,2026-09-27,Expedite,1,Sales Order,SO-000751,Planned
PLAN-000934,2026-06-SOP,Purchase,AFT-0027,300,75.0,2026-10-07,2026-09-04,,5,Forecast,2026-06-SOP,Planned
PLAN-001118,2026-06-SOP,Production,DRV-0013,100,40.0,2026-10-07,2026-08-22,Decrease,4,Forecast,2026-06-SOP,Planned
PLAN-001302,2026-06-SOP,Production,ACT-0009,100,20.0,2026-10-07,2026-09-03,Increase,3,Sales Order,SO-001303,Planned
PLAN-001486,2026-06-SOP,Purchase,AFT-0035,100,10.0,2026-10-07,2026-08-11,Defer,2,Forecast,2026-06-SOP,Planned
PLAN-001670,2026-06-SOP,Production,DRV-0021,100,5.0,2026-10-07,2026-09-22,Expedite,1,Forecast,2026-06-SOP,Planned
PLAN-001854,2026-06-SOP,Production,ACT-0017,100,75.0,2026-10-07,2026-08-10,,5,Sales Order,SO-001855,Planned
PLAN-002038,2026-06-SOP,Purchase,AFT-0043,100,40.0,2026-10-07,2026-09-19,Decrease,4,Forecast,2026-06-SOP,Planned
PLAN-002222,2026-06-SOP,Production,DRV-0029,100,20.0,2026-10-07,2026-08-29,Increase,3,Forecast,2026-06-SOP,Planned
PLAN-002406,2026-06-SOP,Production,ACT-0025,100,10.0,2026-10-07,2026-09-10,Defer,2,Sales Order,SO-002407,Planned
PLAN-002590,2026-06-SOP,Purchase,AFT-0051,300,5.0,2026-10-07,2026-08-18,Expedite,1,Forecast,2026-06-SOP,Planned
PLAN-002774,2026-06-SOP,Production,DRV-0037,100,75.0,2026-10-07,2026-09-29,,5,Forecast,2026-06-SOP,Planned
PLAN-002958,2026-06-SOP,Production,ACT-0033,100,40.0,2026-10-07,2026-08-17,Decrease,4,Sales Order,SO-002959,Planned
PLAN-003142,2026-06-SOP,Purchase,AFT-0059,100,20.0,2026-10-07,2026-09-18,Increase,3,Forecast,2026-06-SOP,Planned
PLAN-003326,2026-06-SOP,Production,DRV-0045,100,10.0,2026-10-07,2026-09-05,Defer,2,Forecast,2026-06-SOP,Planned
PLAN-003510,2026-06-SOP,Production,ACT-0041,100,5.0,2026-10-07,2026-09-17,Expedite,1,Sales Order,SO-003511,Planned
PLAN-003694,2026-06-SOP,Production,CTL-0007,300,75.0,2026-10-07,2026-09-09,,5,Forecast,2026-06-SOP,Planned
PLAN-003878,2026-06-SOP,Production,DRV-0053,100,40.0,2026-10-07,2026-08-12,Decrease,4,Forecast,2026-06-SOP,Planned
PLAN-004062,2026-06-SOP,Production,ACT-0049,100,20.0,2026-10-07,2026-08-24,Increase,3,Sales Order,SO-004063,Planned
PLAN-004246,2026-06-SOP,Production,CTL-0015,300,10.0,2026-10-07,2026-08-16,Defer,2,Forecast,2026-06-SOP,Planned
PLAN-004430,2026-06-SOP,Production,SYS-0001,100,5.0,2026-10-07,2026-09-27,Expedite,1,Forecast,2026-06-SOP,Planned
PLAN-004614,2026-06-SOP,Production,ACT-0057,100,75.0,2026-10-07,2026-09-24,,5,Sales Order,SO-004615,Planned
PLAN-004798,2026-06-SOP,Production,CTL-0023,300,40.0,2026-10-07,2026-09-16,Decrease,4,Forecast,2026-06-SOP,Planned
PLAN-004982,2026-06-SOP,Production,SYS-0009,100,20.0,2026-10-07,2026-09-03,Increase,3,Forecast,2026-06-SOP,Planned
PLAN-000093,2026-06-SOP,Production,DRV-0038,200,40.0,2026-10-08,2026-09-27,Decrease,4,Sales Order,SO-000094,Planned
PLAN-000277,2026-06-SOP,Production,ACT-0034,200,20.0,2026-10-08,2026-08-15,Increase,3,Forecast,2026-06-SOP,Planned
PLAN-000461,2026-06-SOP,Purchase,AFT-0060,300,10.0,2026-10-08,2026-09-16,Defer,2,Forecast,2026-06-SOP,Planned
PLAN-000645,2026-06-SOP,Production,DRV-0046,200,5.0,2026-10-08,2026-09-03,Expedite,1,Sales Order,SO-000646,Planned
PLAN-000829,2026-06-SOP,Production,ACT-0042,200,75.0,2026-10-08,2026-09-15,,5,Forecast,2026-06-SOP,Planned
PLAN-001013,2026-06-SOP,Production,CTL-0008,300,40.0,2026-10-08,2026-09-07,Decrease,4,Forecast,2026-06-SOP,Planned
PLAN-001197,2026-06-SOP,Production,DRV-0054,200,20.0,2026-10-08,2026-08-10,Increase,3,Sales Order,SO-001198,Planned
PLAN-001381,2026-06-SOP,Production,ACT-0050,200,10.0,2026-10-08,2026-08-22,Defer,2,Forecast,2026-06-SOP,Planned
PLAN-001565,2026-06-SOP,Production,CTL-0016,300,5.0,2026-10-08,2026-08-14,Expedite,1,Forecast,2026-06-SOP,Planned
PLAN-001749,2026-06-SOP,Production,SYS-0002,300,75.0,2026-10-08,2026-09-25,,5,Sales Order,SO-001750,Planned
PLAN-001933,2026-06-SOP,Production,ACT-0058,200,40.0,2026-10-08,2026-09-22,Decrease,4,Forecast,2026-06-SOP,Planned
PLAN-002117,2026-06-SOP,Production,CTL-0024,300,20.0,2026-10-08,2026-09-14,Increase,3,Forecast,2026-06-SOP,Planned
PLAN-002301,2026-06-SOP,Production,SYS-0010,300,10.0,2026-10-08,2026-09-01,Defer,2,Sales Order,SO-002302,Planned
PLAN-002485,2026-06-SOP,Purchase,AFT-0006,300,5.0,2026-10-08,2026-09-13,Expedite,1,Forecast,2026-06-SOP,Planned
PLAN-002669,2026-06-SOP,Production,CTL-0032,300,75.0,2026-10-08,2026-08-21,,5,Forecast,2026-06-SOP,Planned
PLAN-002853,2026-06-SOP,Production,SYS-0018,300,40.0,2026-10-08,2026-08-08,Decrease,4,Sales Order,SO-002854,Planned
PLAN-003037,2026-06-SOP,Purchase,AFT-0014,100,20.0,2026-10-08,2026-08-20,Increase,3,Forecast,2026-06-SOP,Planned
PLAN-003221,2026-06-SOP,Production,CTL-0040,300,10.0,2026-10-08,2026-09-21,Defer,2,Forecast,2026-06-SOP,Planned
PLAN-003405,2026-06-SOP,Production,SYS-0026,300,5.0,2026-10-08,2026-09-08,Expedite,1,Sales Order,SO-003406,Planned
PLAN-003589,2026-06-SOP,Purchase,AFT-0022,100,75.0,2026-10-08,2026-09-20,,5,Forecast,2026-06-SOP,Planned
PLAN-003773,2026-06-SOP,Production,DRV-0008,200,40.0,2026-10-08,2026-09-07,Decrease,4,Forecast,2026-06-SOP,Planned
PLAN-003957,2026-06-SOP,Production,ACT-0004,200,20.0,2026-10-08,2026-09-19,Increase,3,Sales Order,SO-003958,Planned
PLAN-004141,2026-06-SOP,Purchase,AFT-0030,300,10.0,2026-10-08,2026-08-27,Defer,2,Forecast,2026-06-SOP,Planned
PLAN-004325,2026-06-SOP,Production,DRV-0016,200,5.0,2026-10-08,2026-08-14,Expedite,1,Forecast,2026-06-SOP,Planned
PLAN-004509,2026-06-SOP,Production,ACT-0012,200,75.0,2026-10-08,2026-08-26,,5,Sales Order,SO-004510,Planned
PLAN-004693,2026-06-SOP,Purchase,AFT-0038,100,40.0,2026-10-08,2026-09-27,Decrease,4,Forecast,2026-06-SOP,Planned
PLAN-004877,2026-06-SOP,Production,DRV-0024,200,20.0,2026-10-08,2026-09-14,Increase,3,Forecast,2026-06-SOP,Planned
PLAN-000172,2026-06-SOP,Production,SYS-0019,100,20.0,2026-10-09,2026-09-30,Increase,3,Forecast,2026-06-SOP,Planned
PLAN-000356,2026-06-SOP,Purchase,AFT-0015,300,10.0,2026-10-09,2026-08-18,Defer,2,Forecast,2026-06-SOP,Planned
PLAN-000540,2026-06-SOP,Production,DRV-0001,100,5.0,2026-10-09,2026-09-29,Expedite,1,Sales Order,SO-000541,Planned
PLAN-000724,2026-06-SOP,Production,SYS-0027,100,75.0,2026-10-09,2026-09-06,,5,Forecast,2026-06-SOP,Planned
PLAN-000908,2026-06-SOP,Purchase,AFT-0023,100,40.0,2026-10-09,2026-09-18,Decrease,4,Forecast,2026-06-SOP,Planned
PLAN-001092,2026-06-SOP,Production,DRV-0009,100,20.0,2026-10-09,2026-09-05,Increase,3,Sales Order,SO-001093,Planned
PLAN-001276,2026-06-SOP,Production,ACT-0005,100,10.0,2026-10-09,2026-09-17,Defer,2,Forecast,2026-06-SOP,Planned
PLAN-001460,2026-06-SOP,Purchase,AFT-0031,100,5.0,2026-10-09,2026-09-21,Expedite,1,Forecast,2026-06-SOP,Planned
PLAN-001644,2026-06-SOP,Production,DRV-0017,100,75.0,2026-10-09,2026-08-12,,5,Sales Order,SO-001645,Planned
PLAN-001828,2026-06-SOP,Production,ACT-0013,100,40.0,2026-10-09,2026-08-24,Decrease,4,Forecast,2026-06-SOP,Planned
PLAN-002012,2026-06-SOP,Purchase,AFT-0039,300,20.0,2026-10-09,2026-09-25,Increase,3,Forecast,2026-06-SOP,Planned
PLAN-002196,2026-06-SOP,Production,DRV-0025,100,10.0,2026-10-09,2026-09-12,Defer,2,Sales Order,SO-002197,Planned
PLAN-002380,2026-06-SOP,Production,ACT-0021,100,5.0,2026-10-09,2026-09-24,Expedite,1,Forecast,2026-06-SOP,Planned
PLAN-002564,2026-06-SOP,Purchase,AFT-0047,100,75.0,2026-10-09,2026-09-01,,5,Forecast,2026-06-SOP,Planned
PLAN-002748,2026-06-SOP,Production,DRV-0033,100,40.0,2026-10-09,2026-08-19,Decrease,4,Sales Order,SO-002749,Planned
PLAN-002932,2026-06-SOP,Production,ACT-0029,100,20.0,2026-10-09,2026-08-31,Increase,3,Forecast,2026-06-SOP,Planned
PLAN-003116,2026-06-SOP,Purchase,AFT-0055,100,10.0,2026-10-09,2026-09-21,Defer,2,Forecast,2026-06-SOP,Planned
PLAN-003300,2026-06-SOP,Production,DRV-0041,100,5.0,2026-10-09,2026-09-19,Expedite,1,Sales Order,SO-003301,Planned
PLAN-003484,2026-06-SOP,Production,ACT-0037,100,75.0,2026-10-09,2026-10-01,,5,Forecast,2026-06-SOP,Planned
PLAN-003668,2026-06-SOP,Production,CTL-0003,300,40.0,2026-10-09,2026-09-23,Decrease,4,Forecast,2026-06-SOP,Planned
PLAN-003852,2026-06-SOP,Production,DRV-0049,100,20.0,2026-10-09,2026-08-26,Increase,3,Sales Order,SO-003853,Planned
PLAN-004036,2026-06-SOP,Production,ACT-0045,100,10.0,2026-10-09,2026-09-07,Defer,2,Forecast,2026-06-SOP,Planned
PLAN-004220,2026-06-SOP,Production,CTL-0011,300,5.0,2026-10-09,2026-08-30,Expedite,1,Forecast,2026-06-SOP,Planned
PLAN-004404,2026-06-SOP,Production,DRV-0057,100,75.0,2026-10-09,2026-09-26,,5,Sales Order,SO-004405,Planned
PLAN-004588,2026-06-SOP,Production,ACT-0053,100,40.0,2026-10-09,2026-08-14,Decrease,4,Forecast,2026-06-SOP,Planned
PLAN-004772,2026-06-SOP,Production,CTL-0019,300,20.0,2026-10-09,2026-09-30,Increase,3,Forecast,2026-06-SOP,Planned
PLAN-004956,2026-06-SOP,Production,SYS-0005,100,10.0,2026-10-09,2026-09-17,Defer,2,Sales Order,SO-004957,Planned
PLAN-000067,2026-06-SOP,Production,DRV-0034,200,20.0,2026-10-10,2026-08-17,Increase,3,Forecast,2026-06-SOP,Planned
PLAN-000251,2026-06-SOP,Production,ACT-0030,200,10.0,2026-10-10,2026-08-29,Defer,2,Forecast,2026-06-SOP,Planned
PLAN-000435,2026-06-SOP,Purchase,AFT-0056,100,5.0,2026-10-10,2026-09-30,Expedite,1,Sales Order,SO-000436,Planned
PLAN-000619,2026-06-SOP,Production,DRV-0042,200,75.0,2026-10-10,2026-09-17,,5,Forecast,2026-06-SOP,Planned
PLAN-000803,2026-06-SOP,Production,ACT-0038,200,40.0,2026-10-10,2026-09-29,Decrease,4,Forecast,2026-06-SOP,Planned
PLAN-000987,2026-06-SOP,Production,CTL-0004,300,20.0,2026-10-10,2026-09-21,Increase,3,Sales Order,SO-000988,Planned
PLAN-001171,2026-06-SOP,Production,DRV-0050,200,10.0,2026-10-10,2026-08-24,Defer,2,Forecast,2026-06-SOP,Planned
PLAN-001355,2026-06-SOP,Production,ACT-0046,200,5.0,2026-10-10,2026-09-05,Expedite,1,Forecast,2026-06-SOP,Planned
PLAN-001539,2026-06-SOP,Production,CTL-0012,300,75.0,2026-10-10,2026-08-28,,5,Sales Order,SO-001540,Planned
PLAN-001723,2026-06-SOP,Production,DRV-0058,200,40.0,2026-10-10,2026-09-24,Decrease,4,Forecast,2026-06-SOP,Planned
PLAN-001907,2026-06-SOP,Production,ACT-0054,200,20.0,2026-10-10,2026-08-12,Increase,3,Forecast,2026-06-SOP,Planned
PLAN-002091,2026-06-SOP,Production,CTL-0020,300,10.0,2026-10-10,2026-09-28,Defer,2,Sales Order,SO-002092,Planned
PLAN-002275,2026-06-SOP,Production,SYS-0006,300,5.0,2026-10-10,2026-09-15,Expedite,1,Forecast,2026-06-SOP,Planned
PLAN-002459,2026-06-SOP,Purchase,AFT-0002,100,75.0,2026-10-10,2026-09-27,,5,Forecast,2026-06-SOP,Planned
PLAN-002643,2026-06-SOP,Production,CTL-0028,300,40.0,2026-10-10,2026-09-04,Decrease,4,Sales Order,SO-002644,Planned
PLAN-002827,2026-06-SOP,Production,SYS-0014,300,20.0,2026-10-10,2026-08-22,Increase,3,Forecast,2026-06-SOP,Planned
PLAN-003011,2026-06-SOP,Purchase,AFT-0010,100,10.0,2026-10-10,2026-09-22,Defer,2,Forecast,2026-06-SOP,Planned
PLAN-003195,2026-06-SOP,Production,CTL-0036,300,5.0,2026-10-10,2026-08-11,Expedite,1,Sales Order,SO-003196,Planned
PLAN-003379,2026-06-SOP,Production,SYS-0022,300,75.0,2026-10-10,2026-09-22,,5,Forecast,2026-06-SOP,Planned
PLAN-003563,2026-06-SOP,Purchase,AFT-0018,300,40.0,2026-10-10,2026-08-10,Decrease,4,Forecast,2026-06-SOP,Planned
PLAN-003747,2026-06-SOP,Production,DRV-0004,200,20.0,2026-10-10,2026-09-21,Increase,3,Sales Order,SO-003748,Planned
PLAN-003931,2026-06-SOP,Production,SYS-0030,300,10.0,2026-10-10,2026-08-29,Defer,2,Forecast,2026-06-SOP,Planned
PLAN-004115,2026-06-SOP,Purchase,AFT-0026,100,5.0,2026-10-10,2026-09-10,Expedite,1,Forecast,2026-06-SOP,Planned
PLAN-004299,2026-06-SOP,Production,DRV-0012,200,75.0,2026-10-10,2026-08-28,,5,Sales Order,SO-004300,Planned
PLAN-004483,2026-06-SOP,Production,ACT-0008,200,40.0,2026-10-10,2026-09-09,Decrease,4,Forecast,2026-06-SOP,Planned
PLAN-004667,2026-06-SOP,Purchase,AFT-0034,100,20.0,2026-10-10,2026-09-22,Increase,3,Forecast,2026-06-SOP,Planned
PLAN-004851,2026-06-SOP,Production,DRV-0020,200,10.0,2026-10-10,2026-09-28,Defer,2,Sales Order,SO-004852,Planned
PLAN-000146,2026-06-SOP,Production,SYS-0015,100,10.0,2026-10-11,2026-08-20,Defer,2,Forecast,2026-06-SOP,Planned
PLAN-000330,2026-06-SOP,Purchase,AFT-0011,100,5.0,2026-10-11,2026-09-01,Expedite,1,Sales Order,SO-000331,Planned
PLAN-000514,2026-06-SOP,Production,CTL-0037,300,75.0,2026-10-11,2026-10-03,,5,Forecast,2026-06-SOP,Planned
PLAN-000698,2026-06-SOP,Production,SYS-0023,100,40.0,2026-10-11,2026-09-20,Decrease,4,Forecast,2026-06-SOP,Planned
PLAN-000882,2026-06-SOP,Purchase,AFT-0019,100,20.0,2026-10-11,2026-09-23,Increase,3,Sales Order,SO-000883,Planned
PLAN-001066,2026-06-SOP,Production,DRV-0005,100,10.0,2026-10-11,2026-09-19,Defer,2,Forecast,2026-06-SOP,Planned
PLAN-001250,2026-06-SOP,Production,ACT-0001,100,5.0,2026-10-11,2026-10-01,Expedite,1,Forecast,2026-06-SOP,Planned
PLAN-001434,2026-06-SOP,Purchase,AFT-0027,300,75.0,2026-10-11,2026-09-08,,5,Sales Order,SO-001435,Planned
PLAN-001618,2026-06-SOP,Production,DRV-0013,100,40.0,2026-10-11,2026-08-26,Decrease,4,Forecast,2026-06-SOP,Planned
PLAN-001802,2026-06-SOP,Production,ACT-0009,100,20.0,2026-10-11,2026-09-07,Increase,3,Forecast,2026-06-SOP,Planned
PLAN-001986,2026-06-SOP,Purchase,AFT-0035,100,10.0,2026-10-11,2026-08-15,Defer,2,Sales Order,SO-001987,Planned
PLAN-002170,2026-06-SOP,Production,DRV-0021,100,5.0,2026-10-11,2026-09-26,Expedite,1,Forecast,2026-06-SOP,Planned
PLAN-002354,2026-06-SOP,Production,ACT-0017,100,75.0,2026-10-11,2026-08-14,,5,Forecast,2026-06-SOP,Planned
PLAN-002538,2026-06-SOP,Purchase,AFT-0043,100,40.0,2026-10-11,2026-09-23,Decrease,4,Sales Order,SO-002539,Planned
PLAN-002722,2026-06-SOP,Production,DRV-0029,100,20.0,2026-10-11,2026-09-02,Increase,3,Forecast,2026-06-SOP,Planned
PLAN-002906,2026-06-SOP,Production,ACT-0025,100,10.0,2026-10-11,2026-09-14,Defer,2,Forecast,2026-06-SOP,Planned
PLAN-003090,2026-06-SOP,Purchase,AFT-0051,300,5.0,2026-10-11,2026-08-22,Expedite,1,Sales Order,SO-003091,Planned
PLAN-003274,2026-06-SOP,Production,DRV-0037,100,75.0,2026-10-11,2026-10-03,,5,Forecast,2026-06-SOP,Planned
PLAN-003458,2026-06-SOP,Production,ACT-0033,100,40.0,2026-10-11,2026-08-21,Decrease,4,Forecast,2026-06-SOP,Planned
PLAN-003642,2026-06-SOP,Purchase,AFT-0059,100,20.0,2026-10-11,2026-09-22,Increase,3,Sales Order,SO-003643,Planned
PLAN-003826,2026-06-SOP,Production,DRV-0045,100,10.0,2026-10-11,2026-09-09,Defer,2,Forecast,2026-06-SOP,Planned
PLAN-004010,2026-06-SOP,Production,ACT-0041,100,5.0,2026-10-11,2026-09-21,Expedite,1,Forecast,2026-06-SOP,Planned
PLAN-004194,2026-06-SOP,Production,CTL-0007,300,75.0,2026-10-11,2026-09-13,,5,Sales Order,SO-004195,Planned
PLAN-004378,2026-06-SOP,Production,DRV-0053,100,40.0,2026-10-11,2026-08-16,Decrease,4,Forecast,2026-06-SOP,Planned
PLAN-004562,2026-06-SOP,Production,ACT-0049,100,20.0,2026-10-11,2026-08-28,Increase,3,Forecast,2026-06-SOP,Planned
PLAN-004746,2026-06-SOP,Production,CTL-0015,300,10.0,2026-10-11,2026-08-20,Defer,2,Sales Order,SO-004747,Planned
PLAN-004930,2026-06-SOP,Production,SYS-0001,100,5.0,2026-10-11,2026-10-01,Expedite,1,Forecast,2026-06-SOP,Planned
PLAN-000041,2026-06-SOP,Production,DRV-0030,200,10.0,2026-10-12,2026-08-31,Defer,2,Forecast,2026-06-SOP,Planned
PLAN-000225,2026-06-SOP,Production,ACT-0026,200,5.0,2026-10-12,2026-09-12,Expedite,1,Sales Order,SO-000226,Planned
PLAN-000409,2026-06-SOP,Purchase,AFT-0052,100,75.0,2026-10-12,2026-09-24,,5,Forecast,2026-06-SOP,Planned
PLAN-000593,2026-06-SOP,Production,DRV-0038,200,40.0,2026-10-12,2026-10-01,Decrease,4,Forecast,2026-06-SOP,Planned
PLAN-000777,2026-06-SOP,Production,ACT-0034,200,20.0,2026-10-12,2026-08-19,Increase,3,Sales Order,SO-000778,Planned
PLAN-000961,2026-06-SOP,Purchase,AFT-0060,300,10.0,2026-10-12,2026-09-20,Defer,2,Forecast,2026-06-SOP,Planned
PLAN-001145,2026-06-SOP,Production,DRV-0046,200,5.0,2026-10-12,2026-09-07,Expedite,1,Forecast,2026-06-SOP,Planned
PLAN-001329,2026-06-SOP,Production,ACT-0042,200,75.0,2026-10-12,2026-09-19,,5,Sales Order,SO-001330,Planned
PLAN-001513,2026-06-SOP,Production,CTL-0008,300,40.0,2026-10-12,2026-09-11,Decrease,4,Forecast,2026-06-SOP,Planned
PLAN-001697,2026-06-SOP,Production,DRV-0054,200,20.0,2026-10-12,2026-08-14,Increase,3,Forecast,2026-06-SOP,Planned
PLAN-001881,2026-06-SOP,Production,ACT-0050,200,10.0,2026-10-12,2026-08-26,Defer,2,Sales Order,SO-001882,Planned
PLAN-002065,2026-06-SOP,Production,CTL-0016,300,5.0,2026-10-12,2026-08-18,Expedite,1,Forecast,2026-06-SOP,Planned
PLAN-002249,2026-06-SOP,Production,SYS-0002,300,75.0,2026-10-12,2026-09-29,,5,Forecast,2026-06-SOP,Planned
PLAN-002433,2026-06-SOP,Production,ACT-0058,200,40.0,2026-10-12,2026-09-26,Decrease,4,Sales Order,SO-002434,Planned
PLAN-002617,2026-06-SOP,Production,CTL-0024,300,20.0,2026-10-12,2026-09-18,Increase,3,Forecast,2026-06-SOP,Planned
PLAN-002801,2026-06-SOP,Production,SYS-0010,300,10.0,2026-10-12,2026-09-05,Defer,2,Forecast,2026-06-SOP,Planned
PLAN-002985,2026-06-SOP,Purchase,AFT-0006,300,5.0,2026-10-12,2026-09-17,Expedite,1,Sales Order,SO-002986,Planned
PLAN-003169,2026-06-SOP,Production,CTL-0032,300,75.0,2026-10-12,2026-08-25,,5,Forecast,2026-06-SOP,Planned
PLAN-003353,2026-06-SOP,Production,SYS-0018,300,40.0,2026-10-12,2026-08-12,Decrease,4,Forecast,2026-06-SOP,Planned
PLAN-003537,2026-06-SOP,Purchase,AFT-0014,100,20.0,2026-10-12,2026-08-24,Increase,3,Sales Order,SO-003538,Planned
PLAN-003721,2026-06-SOP,Production,CTL-0040,300,10.0,2026-10-12,2026-09-25,Defer,2,Forecast,2026-06-SOP,Planned
PLAN-003905,2026-06-SOP,Production,SYS-0026,300,5.0,2026-10-12,2026-09-12,Expedite,1,Forecast,2026-06-SOP,Planned
PLAN-004089,2026-06-SOP,Purchase,AFT-0022,100,75.0,2026-10-12,2026-09-24,,5,Sales Order,SO-004090,Planned
PLAN-004273,2026-06-SOP,Production,DRV-0008,200,40.0,2026-10-12,2026-09-11,Decrease,4,Forecast,2026-06-SOP,Planned
PLAN-004457,2026-06-SOP,Production,ACT-0004,200,20.0,2026-10-12,2026-09-23,Increase,3,Forecast,2026-06-SOP,Planned
PLAN-004641,2026-06-SOP,Purchase,AFT-0030,300,10.0,2026-10-12,2026-08-31,Defer,2,Sales Order,SO-004642,Planned
PLAN-004825,2026-06-SOP,Production,DRV-0016,200,5.0,2026-10-12,2026-08-18,Expedite,1,Forecast,2026-06-SOP,Planned
PLAN-000120,2026-06-SOP,Production,SYS-0011,100,5.0,2026-10-13,2026-09-03,Expedite,1,Sales Order,SO-000121,Planned
PLAN-000304,2026-06-SOP,Purchase,AFT-0007,100,75.0,2026-10-13,2026-09-25,,5,Forecast,2026-06-SOP,Planned
PLAN-000488,2026-06-SOP,Production,CTL-0033,300,40.0,2026-10-13,2026-08-23,Decrease,4,Forecast,2026-06-SOP,Planned
PLAN-000672,2026-06-SOP,Production,SYS-0019,100,20.0,2026-10-13,2026-10-04,Increase,3,Sales Order,SO-000673,Planned
PLAN-000856,2026-06-SOP,Purchase,AFT-0015,300,10.0,2026-10-13,2026-08-22,Defer,2,Forecast,2026-06-SOP,Planned
PLAN-001040,2026-06-SOP,Production,DRV-0001,100,5.0,2026-10-13,2026-10-03,Expedite,1,Forecast,2026-06-SOP,Planned
PLAN-001224,2026-06-SOP,Production,SYS-0027,100,75.0,2026-10-13,2026-09-10,,5,Sales Order,SO-001225,Planned
PLAN-001408,2026-06-SOP,Purchase,AFT-0023,100,40.0,2026-10-13,2026-09-22,Decrease,4,Forecast,2026-06-SOP,Planned
PLAN-001592,2026-06-SOP,Production,DRV-0009,100,20.0,2026-10-13,2026-09-09,Increase,3,Forecast,2026-06-SOP,Planned
PLAN-001776,2026-06-SOP,Production,ACT-0005,100,10.0,2026-10-13,2026-09-21,Defer,2,Sales Order,SO-001777,Planned
PLAN-001960,2026-06-SOP,Purchase,AFT-0031,100,5.0,2026-10-13,2026-09-25,Expedite,1,Forecast,2026-06-SOP,Planned
PLAN-002144,2026-06-SOP,Production,DRV-0017,100,75.0,2026-10-13,2026-08-16,,5,Forecast,2026-06-SOP,Planned
PLAN-002328,2026-06-SOP,Production,ACT-0013,100,40.0,2026-10-13,2026-08-28,Decrease,4,Sales Order,SO-002329,Planned
PLAN-002512,2026-06-SOP,Purchase,AFT-0039,300,20.0,2026-10-13,2026-09-29,Increase,3,Forecast,2026-06-SOP,Planned
PLAN-002696,2026-06-SOP,Production,DRV-0025,100,10.0,2026-10-13,2026-09-16,Defer,2,Forecast,2026-06-SOP,Planned
PLAN-002880,2026-06-SOP,Production,ACT-0021,100,5.0,2026-10-13,2026-09-28,Expedite,1,Sales Order,SO-002881,Planned
PLAN-003064,2026-06-SOP,Purchase,AFT-0047,100,75.0,2026-10-13,2026-09-05,,5,Forecast,2026-06-SOP,Planned
PLAN-003248,2026-06-SOP,Production,DRV-0033,100,40.0,2026-10-13,2026-08-23,Decrease,4,Forecast,2026-06-SOP,Planned
PLAN-003432,2026-06-SOP,Production,ACT-0029,100,20.0,2026-10-13,2026-09-04,Increase,3,Sales Order,SO-003433,Planned
PLAN-003616,2026-06-SOP,Purchase,AFT-0055,100,10.0,2026-10-13,2026-09-25,Defer,2,Forecast,2026-06-SOP,Planned
PLAN-003800,2026-06-SOP,Production,DRV-0041,100,5.0,2026-10-13,2026-09-23,Expedite,1,Forecast,2026-06-SOP,Planned
PLAN-003984,2026-06-SOP,Production,ACT-0037,100,75.0,2026-10-13,2026-10-05,,5,Sales Order,SO-003985,Planned
PLAN-004168,2026-06-SOP,Production,CTL-0003,300,40.0,2026-10-13,2026-09-27,Decrease,4,Forecast,2026-06-SOP,Planned
PLAN-004352,2026-06-SOP,Production,DRV-0049,100,20.0,2026-10-13,2026-08-30,Increase,3,Forecast,2026-06-SOP,Planned
PLAN-004536,2026-06-SOP,Production,ACT-0045,100,10.0,2026-10-13,2026-09-11,Defer,2,Sales Order,SO-004537,Planned
PLAN-004720,2026-06-SOP,Production,CTL-0011,300,5.0,2026-10-13,2026-09-03,Expedite,1,Forecast,2026-06-SOP,Planned
PLAN-004904,2026-06-SOP,Production,DRV-0057,100,75.0,2026-10-13,2026-09-30,,5,Forecast,2026-06-SOP,Planned
PLAN-000015,2026-06-SOP,Production,DRV-0026,200,5.0,2026-10-14,2026-09-14,Expedite,1,Sales Order,SO-000016,Planned
PLAN-000199,2026-06-SOP,Production,ACT-0022,200,75.0,2026-10-14,2026-09-26,,5,Forecast,2026-06-SOP,Planned
PLAN-000383,2026-06-SOP,Purchase,AFT-0048,300,40.0,2026-10-14,2026-09-03,Decrease,4,Forecast,2026-06-SOP,Planned
PLAN-000567,2026-06-SOP,Production,DRV-0034,200,20.0,2026-10-14,2026-08-21,Increase,3,Sales Order,SO-000568,Planned
PLAN-000751,2026-06-SOP,Production,ACT-0030,200,10.0,2026-10-14,2026-09-02,Defer,2,Forecast,2026-06-SOP,Planned
PLAN-000935,2026-06-SOP,Purchase,AFT-0056,100,5.0,2026-10-14,2026-10-04,Expedite,1,Forecast,2026-06-SOP,Planned
PLAN-001119,2026-06-SOP,Production,DRV-0042,200,75.0,2026-10-14,2026-09-21,,5,Sales Order,SO-001120,Planned
PLAN-001303,2026-06-SOP,Production,ACT-0038,200,40.0,2026-10-14,2026-10-03,Decrease,4,Forecast,2026-06-SOP,Planned
PLAN-001487,2026-06-SOP,Production,CTL-0004,300,20.0,2026-10-14,2026-09-25,Increase,3,Forecast,2026-06-SOP,Planned
PLAN-001671,2026-06-SOP,Production,DRV-0050,200,10.0,2026-10-14,2026-08-28,Defer,2,Sales Order,SO-001672,Planned
PLAN-001855,2026-06-SOP,Production,ACT-0046,200,5.0,2026-10-14,2026-09-09,Expedite,1,Forecast,2026-06-SOP,Planned
PLAN-002039,2026-06-SOP,Production,CTL-0012,300,75.0,2026-10-14,2026-09-01,,5,Forecast,2026-06-SOP,Planned
PLAN-002223,2026-06-SOP,Production,DRV-0058,200,40.0,2026-10-14,2026-09-28,Decrease,4,Sales Order,SO-002224,Planned
PLAN-002407,2026-06-SOP,Production,ACT-0054,200,20.0,2026-10-14,2026-08-16,Increase,3,Forecast,2026-06-SOP,Planned
PLAN-002591,2026-06-SOP,Production,CTL-0020,300,10.0,2026-10-14,2026-10-02,Defer,2,Forecast,2026-06-SOP,Planned
PLAN-002775,2026-06-SOP,Production,SYS-0006,300,5.0,2026-10-14,2026-09-19,Expedite,1,Sales Order,SO-002776,Planned
PLAN-002959,2026-06-SOP,Purchase,AFT-0002,100,75.0,2026-10-14,2026-10-01,,5,Forecast,2026-06-SOP,Planned
PLAN-003143,2026-06-SOP,Production,CTL-0028,300,40.0,2026-10-14,2026-09-08,Decrease,4,Forecast,2026-06-SOP,Planned
PLAN-003327,2026-06-SOP,Production,SYS-0014,300,20.0,2026-10-14,2026-08-26,Increase,3,Sales Order,SO-003328,Planned
PLAN-003511,2026-06-SOP,Purchase,AFT-0010,100,10.0,2026-10-14,2026-09-26,Defer,2,Forecast,2026-06-SOP,Planned
PLAN-003695,2026-06-SOP,Production,CTL-0036,300,5.0,2026-10-14,2026-08-15,Expedite,1,Forecast,2026-06-SOP,Planned
PLAN-003879,2026-06-SOP,Production,SYS-0022,300,75.0,2026-10-14,2026-09-26,,5,Sales Order,SO-003880,Planned
PLAN-004063,2026-06-SOP,Purchase,AFT-0018,300,40.0,2026-10-14,2026-08-14,Decrease,4,Forecast,2026-06-SOP,Planned
PLAN-004247,2026-06-SOP,Production,DRV-0004,200,20.0,2026-10-14,2026-09-25,Increase,3,Forecast,2026-06-SOP,Planned
PLAN-004431,2026-06-SOP,Production,SYS-0030,300,10.0,2026-10-14,2026-09-02,Defer,2,Sales Order,SO-004432,Planned
PLAN-004615,2026-06-SOP,Purchase,AFT-0026,100,5.0,2026-10-14,2026-09-14,Expedite,1,Forecast,2026-06-SOP,Planned
PLAN-004799,2026-06-SOP,Production,DRV-0012,200,75.0,2026-10-14,2026-09-01,,5,Forecast,2026-06-SOP,Planned
PLAN-004983,2026-06-SOP,Production,ACT-0008,200,40.0,2026-10-14,2026-09-13,Decrease,4,Sales Order,SO-004984,Planned
PLAN-000094,2026-06-SOP,Production,SYS-0007,100,75.0,2026-10-15,2026-09-17,,5,Forecast,2026-06-SOP,Planned
PLAN-000278,2026-06-SOP,Purchase,AFT-0003,300,40.0,2026-10-15,2026-09-29,Decrease,4,Forecast,2026-06-SOP,Planned
PLAN-000462,2026-06-SOP,Production,CTL-0029,300,20.0,2026-10-15,2026-09-06,Increase,3,Sales Order,SO-000463,Planned
PLAN-000646,2026-06-SOP,Production,SYS-0015,100,10.0,2026-10-15,2026-08-24,Defer,2,Forecast,2026-06-SOP,Planned
PLAN-000830,2026-06-SOP,Purchase,AFT-0011,100,5.0,2026-10-15,2026-09-05,Expedite,1,Forecast,2026-06-SOP,Planned
PLAN-001014,2026-06-SOP,Production,CTL-0037,300,75.0,2026-10-15,2026-10-07,,5,Sales Order,SO-001015,Planned
PLAN-001198,2026-06-SOP,Production,SYS-0023,100,40.0,2026-10-15,2026-09-24,Decrease,4,Forecast,2026-06-SOP,Planned
PLAN-001382,2026-06-SOP,Purchase,AFT-0019,100,20.0,2026-10-15,2026-09-27,Increase,3,Forecast,2026-06-SOP,Planned
PLAN-001566,2026-06-SOP,Production,DRV-0005,100,10.0,2026-10-15,2026-09-23,Defer,2,Sales Order,SO-001567,Planned
PLAN-001750,2026-06-SOP,Production,ACT-0001,100,5.0,2026-10-15,2026-10-05,Expedite,1,Forecast,2026-06-SOP,Planned
PLAN-001934,2026-06-SOP,Purchase,AFT-0027,300,75.0,2026-10-15,2026-09-12,,5,Forecast,2026-06-SOP,Planned
PLAN-002118,2026-06-SOP,Production,DRV-0013,100,40.0,2026-10-15,2026-08-30,Decrease,4,Sales Order,SO-002119,Planned
PLAN-002302,2026-06-SOP,Production,ACT-0009,100,20.0,2026-10-15,2026-09-11,Increase,3,Forecast,2026-06-SOP,Planned
PLAN-002486,2026-06-SOP,Purchase,AFT-0035,100,10.0,2026-10-15,2026-08-19,Defer,2,Forecast,2026-06-SOP,Planned
PLAN-002670,2026-06-SOP,Production,DRV-0021,100,5.0,2026-10-15,2026-09-30,Expedite,1,Sales Order,SO-002671,Planned
PLAN-002854,2026-06-SOP,Production,ACT-0017,100,75.0,2026-10-15,2026-08-18,,5,Forecast,2026-06-SOP,Planned
PLAN-003038,2026-06-SOP,Purchase,AFT-0043,100,40.0,2026-10-15,2026-09-27,Decrease,4,Forecast,2026-06-SOP,Planned
PLAN-003222,2026-06-SOP,Production,DRV-0029,100,20.0,2026-10-15,2026-09-06,Increase,3,Sales Order,SO-003223,Planned
PLAN-003406,2026-06-SOP,Production,ACT-0025,100,10.0,2026-10-15,2026-09-18,Defer,2,Forecast,2026-06-SOP,Planned
PLAN-003590,2026-06-SOP,Purchase,AFT-0051,300,5.0,2026-10-15,2026-08-26,Expedite,1,Forecast,2026-06-SOP,Planned
PLAN-003774,2026-06-SOP,Production,DRV-0037,100,75.0,2026-10-15,2026-10-07,,5,Sales Order,SO-003775,Planned
PLAN-003958,2026-06-SOP,Production,ACT-0033,100,40.0,2026-10-15,2026-08-25,Decrease,4,Forecast,2026-06-SOP,Planned
PLAN-004142,2026-06-SOP,Purchase,AFT-0059,100,20.0,2026-10-15,2026-09-26,Increase,3,Forecast,2026-06-SOP,Planned
PLAN-004326,2026-06-SOP,Production,DRV-0045,100,10.0,2026-10-15,2026-09-13,Defer,2,Sales Order,SO-004327,Planned
PLAN-004510,2026-06-SOP,Production,ACT-0041,100,5.0,2026-10-15,2026-09-25,Expedite,1,Forecast,2026-06-SOP,Planned
PLAN-004694,2026-06-SOP,Production,CTL-0007,300,75.0,2026-10-15,2026-09-17,,5,Forecast,2026-06-SOP,Planned
PLAN-004878,2026-06-SOP,Production,DRV-0053,100,40.0,2026-10-15,2026-08-20,Decrease,4,Sales Order,SO-004879,Planned
PLAN-000173,2026-06-SOP,Production,ACT-0018,200,40.0,2026-10-16,2026-08-16,Decrease,4,Forecast,2026-06-SOP,Planned
PLAN-000357,2026-06-SOP,Purchase,AFT-0044,100,20.0,2026-10-16,2026-09-17,Increase,3,Sales Order,SO-000358,Planned
PLAN-000541,2026-06-SOP,Production,DRV-0030,200,10.0,2026-10-16,2026-09-04,Defer,2,Forecast,2026-06-SOP,Planned
PLAN-000725,2026-06-SOP,Production,ACT-0026,200,5.0,2026-10-16,2026-09-16,Expedite,1,Forecast,2026-06-SOP,Planned
PLAN-000909,2026-06-SOP,Purchase,AFT-0052,100,75.0,2026-10-16,2026-09-28,,5,Sales Order,SO-000910,Planned
PLAN-001093,2026-06-SOP,Production,DRV-0038,200,40.0,2026-10-16,2026-10-05,Decrease,4,Forecast,2026-06-SOP,Planned
PLAN-001277,2026-06-SOP,Production,ACT-0034,200,20.0,2026-10-16,2026-08-23,Increase,3,Forecast,2026-06-SOP,Planned
PLAN-001461,2026-06-SOP,Purchase,AFT-0060,300,10.0,2026-10-16,2026-09-24,Defer,2,Sales Order,SO-001462,Planned
PLAN-001645,2026-06-SOP,Production,DRV-0046,200,5.0,2026-10-16,2026-09-11,Expedite,1,Forecast,2026-06-SOP,Planned
PLAN-001829,2026-06-SOP,Production,ACT-0042,200,75.0,2026-10-16,2026-09-23,,5,Forecast,2026-06-SOP,Planned
PLAN-002013,2026-06-SOP,Production,CTL-0008,300,40.0,2026-10-16,2026-09-15,Decrease,4,Sales Order,SO-002014,Planned
PLAN-002197,2026-06-SOP,Production,DRV-0054,200,20.0,2026-10-16,2026-08-18,Increase,3,Forecast,2026-06-SOP,Planned
PLAN-002381,2026-06-SOP,Production,ACT-0050,200,10.0,2026-10-16,2026-08-30,Defer,2,Forecast,2026-06-SOP,Planned
PLAN-002565,2026-06-SOP,Production,CTL-0016,300,5.0,2026-10-16,2026-08-22,Expedite,1,Sales Order,SO-002566,Planned
PLAN-002749,2026-06-SOP,Production,SYS-0002,300,75.0,2026-10-16,2026-10-03,,5,Forecast,2026-06-SOP,Planned
PLAN-002933,2026-06-SOP,Production,ACT-0058,200,40.0,2026-10-16,2026-09-30,Decrease,4,Forecast,2026-06-SOP,Planned
PLAN-003117,2026-06-SOP,Production,CTL-0024,300,20.0,2026-10-16,2026-09-22,Increase,3,Sales Order,SO-003118,Planned
PLAN-003301,2026-06-SOP,Production,SYS-0010,300,10.0,2026-10-16,2026-09-09,Defer,2,Forecast,2026-06-SOP,Planned
PLAN-003485,2026-06-SOP,Purchase,AFT-0006,300,5.0,2026-10-16,2026-09-21,Expedite,1,Forecast,2026-06-SOP,Planned
PLAN-003669,2026-06-SOP,Production,CTL-0032,300,75.0,2026-10-16,2026-08-29,,5,Sales Order,SO-003670,Planned
PLAN-003853,2026-06-SOP,Production,SYS-0018,300,40.0,2026-10-16,2026-08-16,Decrease,4,Forecast,2026-06-SOP,Planned
PLAN-004037,2026-06-SOP,Purchase,AFT-0014,100,20.0,2026-10-16,2026-08-28,Increase,3,Forecast,2026-06-SOP,Planned
PLAN-004221,2026-06-SOP,Production,CTL-0040,300,10.0,2026-10-16,2026-09-29,Defer,2,Sales Order,SO-004222,Planned
PLAN-004405,2026-06-SOP,Production,SYS-0026,300,5.0,2026-10-16,2026-09-16,Expedite,1,Forecast,2026-06-SOP,Planned
PLAN-004589,2026-06-SOP,Purchase,AFT-0022,100,75.0,2026-10-16,2026-09-28,,5,Forecast,2026-06-SOP,Planned
PLAN-004773,2026-06-SOP,Production,DRV-0008,200,40.0,2026-10-16,2026-09-15,Decrease,4,Sales Order,SO-004774,Planned
PLAN-004957,2026-06-SOP,Production,ACT-0004,200,20.0,2026-10-16,2026-09-27,Increase,3,Forecast,2026-06-SOP,Planned
PLAN-000068,2026-06-SOP,Production,SYS-0003,100,40.0,2026-10-17,2026-10-01,Decrease,4,Forecast,2026-06-SOP,Planned
PLAN-000252,2026-06-SOP,Production,ACT-0059,100,20.0,2026-10-17,2026-09-28,Increase,3,Sales Order,SO-000253,Planned
PLAN-000436,2026-06-SOP,Production,CTL-0025,300,10.0,2026-10-17,2026-09-20,Defer,2,Forecast,2026-06-SOP,Planned
PLAN-000620,2026-06-SOP,Production,SYS-0011,100,5.0,2026-10-17,2026-09-07,Expedite,1,Forecast,2026-06-SOP,Planned
PLAN-000804,2026-06-SOP,Purchase,AFT-0007,100,75.0,2026-10-17,2026-09-29,,5,Sales Order,SO-000805,Planned
PLAN-000988,2026-06-SOP,Production,CTL-0033,300,40.0,2026-10-17,2026-08-27,Decrease,4,Forecast,2026-06-SOP,Planned
PLAN-001172,2026-06-SOP,Production,SYS-0019,100,20.0,2026-10-17,2026-10-08,Increase,3,Forecast,2026-06-SOP,Planned
PLAN-001356,2026-06-SOP,Purchase,AFT-0015,300,10.0,2026-10-17,2026-08-26,Defer,2,Sales Order,SO-001357,Planned
PLAN-001540,2026-06-SOP,Production,DRV-0001,100,5.0,2026-10-17,2026-10-07,Expedite,1,Forecast,2026-06-SOP,Planned
PLAN-001724,2026-06-SOP,Production,SYS-0027,100,75.0,2026-10-17,2026-09-14,,5,Forecast,2026-06-SOP,Planned
PLAN-001908,2026-06-SOP,Purchase,AFT-0023,100,40.0,2026-10-17,2026-09-26,Decrease,4,Sales Order,SO-001909,Planned
PLAN-002092,2026-06-SOP,Production,DRV-0009,100,20.0,2026-10-17,2026-09-13,Increase,3,Forecast,2026-06-SOP,Planned
PLAN-002276,2026-06-SOP,Production,ACT-0005,100,10.0,2026-10-17,2026-09-25,Defer,2,Forecast,2026-06-SOP,Planned
PLAN-002460,2026-06-SOP,Purchase,AFT-0031,100,5.0,2026-10-17,2026-09-29,Expedite,1,Sales Order,SO-002461,Planned
PLAN-002644,2026-06-SOP,Production,DRV-0017,100,75.0,2026-10-17,2026-08-20,,5,Forecast,2026-06-SOP,Planned
PLAN-002828,2026-06-SOP,Production,ACT-0013,100,40.0,2026-10-17,2026-09-01,Decrease,4,Forecast,2026-06-SOP,Planned
PLAN-003012,2026-06-SOP,Purchase,AFT-0039,300,20.0,2026-10-17,2026-10-03,Increase,3,Sales Order,SO-003013,Planned
PLAN-003196,2026-06-SOP,Production,DRV-0025,100,10.0,2026-10-17,2026-09-20,Defer,2,Forecast,2026-06-SOP,Planned
PLAN-003380,2026-06-SOP,Production,ACT-0021,100,5.0,2026-10-17,2026-10-02,Expedite,1,Forecast,2026-06-SOP,Planned
PLAN-003564,2026-06-SOP,Purchase,AFT-0047,100,75.0,2026-10-17,2026-09-09,,5,Sales Order,SO-003565,Planned
PLAN-003748,2026-06-SOP,Production,DRV-0033,100,40.0,2026-10-17,2026-08-27,Decrease,4,Forecast,2026-06-SOP,Planned
PLAN-003932,2026-06-SOP,Production,ACT-0029,100,20.0,2026-10-17,2026-09-08,Increase,3,Forecast,2026-06-SOP,Planned
PLAN-004116,2026-06-SOP,Purchase,AFT-0055,100,10.0,2026-10-17,2026-09-29,Defer,2,Sales Order,SO-004117,Planned
PLAN-004300,2026-06-SOP,Production,DRV-0041,100,5.0,2026-10-17,2026-09-27,Expedite,1,Forecast,2026-06-SOP,Planned
PLAN-004484,2026-06-SOP,Production,ACT-0037,100,75.0,2026-10-17,2026-10-09,,5,Forecast,2026-06-SOP,Planned
PLAN-004668,2026-06-SOP,Production,CTL-0003,300,40.0,2026-10-17,2026-10-01,Decrease,4,Sales Order,SO-004669,Planned
PLAN-004852,2026-06-SOP,Production,DRV-0049,100,20.0,2026-10-17,2026-09-03,Increase,3,Forecast,2026-06-SOP,Planned
PLAN-000147,2026-06-SOP,Production,ACT-0014,200,20.0,2026-10-18,2026-08-30,Increase,3,Sales Order,SO-000148,Planned
PLAN-000331,2026-06-SOP,Purchase,AFT-0040,100,10.0,2026-10-18,2026-09-30,Defer,2,Forecast,2026-06-SOP,Planned
PLAN-000515,2026-06-SOP,Production,DRV-0026,200,5.0,2026-10-18,2026-09-18,Expedite,1,Forecast,2026-06-SOP,Planned
PLAN-000699,2026-06-SOP,Production,ACT-0022,200,75.0,2026-10-18,2026-09-30,,5,Sales Order,SO-000700,Planned
PLAN-000883,2026-06-SOP,Purchase,AFT-0048,300,40.0,2026-10-18,2026-09-07,Decrease,4,Forecast,2026-06-SOP,Planned
PLAN-001067,2026-06-SOP,Production,DRV-0034,200,20.0,2026-10-18,2026-08-25,Increase,3,Forecast,2026-06-SOP,Planned
PLAN-001251,2026-06-SOP,Production,ACT-0030,200,10.0,2026-10-18,2026-09-06,Defer,2,Sales Order,SO-001252,Planned
PLAN-001435,2026-06-SOP,Purchase,AFT-0056,100,5.0,2026-10-18,2026-10-08,Expedite,1,Forecast,2026-06-SOP,Planned
PLAN-001619,2026-06-SOP,Production,DRV-0042,200,75.0,2026-10-18,2026-09-25,,5,Forecast,2026-06-SOP,Planned
PLAN-001803,2026-06-SOP,Production,ACT-0038,200,40.0,2026-10-18,2026-10-07,Decrease,4,Sales Order,SO-001804,Planned
PLAN-001987,2026-06-SOP,Production,CTL-0004,300,20.0,2026-10-18,2026-09-29,Increase,3,Forecast,2026-06-SOP,Planned
PLAN-002171,2026-06-SOP,Production,DRV-0050,200,10.0,2026-10-18,2026-09-01,Defer,2,Forecast,2026-06-SOP,Planned
PLAN-002355,2026-06-SOP,Production,ACT-0046,200,5.0,2026-10-18,2026-09-13,Expedite,1,Sales Order,SO-002356,Planned
PLAN-002539,2026-06-SOP,Production,CTL-0012,300,75.0,2026-10-18,2026-09-05,,5,Forecast,2026-06-SOP,Planned
PLAN-002723,2026-06-SOP,Production,DRV-0058,200,40.0,2026-10-18,2026-10-02,Decrease,4,Forecast,2026-06-SOP,Planned
PLAN-002907,2026-06-SOP,Production,ACT-0054,200,20.0,2026-10-18,2026-08-20,Increase,3,Sales Order,SO-002908,Planned
PLAN-003091,2026-06-SOP,Production,CTL-0020,300,10.0,2026-10-18,2026-10-06,Defer,2,Forecast,2026-06-SOP,Planned
PLAN-003275,2026-06-SOP,Production,SYS-0006,300,5.0,2026-10-18,2026-09-23,Expedite,1,Forecast,2026-06-SOP,Planned
PLAN-003459,2026-06-SOP,Purchase,AFT-0002,100,75.0,2026-10-18,2026-10-05,,5,Sales Order,SO-003460,Planned
PLAN-003643,2026-06-SOP,Production,CTL-0028,300,40.0,2026-10-18,2026-09-12,Decrease,4,Forecast,2026-06-SOP,Planned
PLAN-003827,2026-06-SOP,Production,SYS-0014,300,20.0,2026-10-18,2026-08-30,Increase,3,Forecast,2026-06-SOP,Planned
PLAN-004011,2026-06-SOP,Purchase,AFT-0010,100,10.0,2026-10-18,2026-09-30,Defer,2,Sales Order,SO-004012,Planned
PLAN-004195,2026-06-SOP,Production,CTL-0036,300,5.0,2026-10-18,2026-08-19,Expedite,1,Forecast,2026-06-SOP,Planned
PLAN-004379,2026-06-SOP,Production,SYS-0022,300,75.0,2026-10-18,2026-09-30,,5,Forecast,2026-06-SOP,Planned
PLAN-004563,2026-06-SOP,Purchase,AFT-0018,300,40.0,2026-10-18,2026-08-18,Decrease,4,Sales Order,SO-004564,Planned
PLAN-004747,2026-06-SOP,Production,DRV-0004,200,20.0,2026-10-18,2026-09-29,Increase,3,Forecast,2026-06-SOP,Planned
PLAN-004931,2026-06-SOP,Production,SYS-0030,300,10.0,2026-10-18,2026-09-06,Defer,2,Forecast,2026-06-SOP,Planned
PLAN-000042,2026-06-SOP,Production,DRV-0059,100,20.0,2026-10-19,2026-09-30,Increase,3,Sales Order,SO-000043,Planned
PLAN-000226,2026-06-SOP,Production,ACT-0055,100,10.0,2026-10-19,2026-10-12,Defer,2,Forecast,2026-06-SOP,Planned
PLAN-000410,2026-06-SOP,Production,CTL-0021,300,5.0,2026-10-19,2026-10-04,Expedite,1,Forecast,2026-06-SOP,Planned
PLAN-000594,2026-06-SOP,Production,SYS-0007,100,75.0,2026-10-19,2026-09-21,,5,Sales Order,SO-000595,Planned
PLAN-000778,2026-06-SOP,Purchase,AFT-0003,300,40.0,2026-10-19,2026-10-03,Decrease,4,Forecast,2026-06-SOP,Planned
PLAN-000962,2026-06-SOP,Production,CTL-0029,300,20.0,2026-10-19,2026-09-10,Increase,3,Forecast,2026-06-SOP,Planned
PLAN-001146,2026-06-SOP,Production,SYS-0015,100,10.0,2026-10-19,2026-08-28,Defer,2,Sales Order,SO-001147,Planned
PLAN-001330,2026-06-SOP,Purchase,AFT-0011,100,5.0,2026-10-19,2026-09-09,Expedite,1,Forecast,2026-06-SOP,Planned
PLAN-001514,2026-06-SOP,Production,CTL-0037,300,75.0,2026-10-19,2026-10-11,,5,Forecast,2026-06-SOP,Planned
PLAN-001698,2026-06-SOP,Production,SYS-0023,100,40.0,2026-10-19,2026-09-28,Decrease,4,Sales Order,SO-001699,Planned
PLAN-001882,2026-06-SOP,Purchase,AFT-0019,100,20.0,2026-10-19,2026-10-01,Increase,3,Forecast,2026-06-SOP,Planned
PLAN-002066,2026-06-SOP,Production,DRV-0005,100,10.0,2026-10-19,2026-09-27,Defer,2,Forecast,2026-06-SOP,Planned
PLAN-002250,2026-06-SOP,Production,ACT-0001,100,5.0,2026-10-19,2026-10-09,Expedite,1,Sales Order,SO-002251,Planned
PLAN-002434,2026-06-SOP,Purchase,AFT-0027,300,75.0,2026-10-19,2026-09-16,,5,Forecast,2026-06-SOP,Planned
PLAN-002618,2026-06-SOP,Production,DRV-0013,100,40.0,2026-10-19,2026-09-03,Decrease,4,Forecast,2026-06-SOP,Planned
PLAN-002802,2026-06-SOP,Production,ACT-0009,100,20.0,2026-10-19,2026-09-15,Increase,3,Sales Order,SO-002803,Planned
PLAN-002986,2026-06-SOP,Purchase,AFT-0035,100,10.0,2026-10-19,2026-08-23,Defer,2,Forecast,2026-06-SOP,Planned
PLAN-003170,2026-06-SOP,Production,DRV-0021,100,5.0,2026-10-19,2026-10-04,Expedite,1,Forecast,2026-06-SOP,Planned
PLAN-003354,2026-06-SOP,Production,ACT-0017,100,75.0,2026-10-19,2026-08-22,,5,Sales Order,SO-003355,Planned
PLAN-003538,2026-06-SOP,Purchase,AFT-0043,100,40.0,2026-10-19,2026-10-01,Decrease,4,Forecast,2026-06-SOP,Planned
PLAN-003722,2026-06-SOP,Production,DRV-0029,100,20.0,2026-10-19,2026-09-10,Increase,3,Forecast,2026-06-SOP,Planned
PLAN-003906,2026-06-SOP,Production,ACT-0025,100,10.0,2026-10-19,2026-09-22,Defer,2,Sales Order,SO-003907,Planned
PLAN-004090,2026-06-SOP,Purchase,AFT-0051,300,5.0,2026-10-19,2026-08-30,Expedite,1,Forecast,2026-06-SOP,Planned
PLAN-004274,2026-06-SOP,Production,DRV-0037,100,75.0,2026-10-19,2026-10-11,,5,Forecast,2026-06-SOP,Planned
PLAN-004458,2026-06-SOP,Production,ACT-0033,100,40.0,2026-10-19,2026-08-29,Decrease,4,Sales Order,SO-004459,Planned
PLAN-004642,2026-06-SOP,Purchase,AFT-0059,100,20.0,2026-10-19,2026-09-30,Increase,3,Forecast,2026-06-SOP,Planned
PLAN-004826,2026-06-SOP,Production,DRV-0045,100,10.0,2026-10-19,2026-09-17,Defer,2,Forecast,2026-06-SOP,Planned
PLAN-000121,2026-06-SOP,Production,ACT-0010,200,10.0,2026-10-20,2026-09-13,Defer,2,Forecast,2026-06-SOP,Planned
PLAN-000305,2026-06-SOP,Purchase,AFT-0036,300,5.0,2026-10-20,2026-08-21,Expedite,1,Forecast,2026-06-SOP,Planned
PLAN-000489,2026-06-SOP,Production,DRV-0022,200,75.0,2026-10-20,2026-10-02,,5,Sales Order,SO-000490,Planned
PLAN-000673,2026-06-SOP,Production,ACT-0018,200,40.0,2026-10-20,2026-08-20,Decrease,4,Forecast,2026-06-SOP,Planned
PLAN-000857,2026-06-SOP,Purchase,AFT-0044,100,20.0,2026-10-20,2026-09-21,Increase,3,Forecast,2026-06-SOP,Planned
PLAN-001041,2026-06-SOP,Production,DRV-0030,200,10.0,2026-10-20,2026-09-08,Defer,2,Sales Order,SO-001042,Planned
PLAN-001225,2026-06-SOP,Production,ACT-0026,200,5.0,2026-10-20,2026-09-20,Expedite,1,Forecast,2026-06-SOP,Planned
PLAN-001409,2026-06-SOP,Purchase,AFT-0052,100,75.0,2026-10-20,2026-10-02,,5,Forecast,2026-06-SOP,Planned
PLAN-001593,2026-06-SOP,Production,DRV-0038,200,40.0,2026-10-20,2026-10-09,Decrease,4,Sales Order,SO-001594,Planned
PLAN-001777,2026-06-SOP,Production,ACT-0034,200,20.0,2026-10-20,2026-08-27,Increase,3,Forecast,2026-06-SOP,Planned
PLAN-001961,2026-06-SOP,Purchase,AFT-0060,300,10.0,2026-10-20,2026-09-28,Defer,2,Forecast,2026-06-SOP,Planned
PLAN-002145,2026-06-SOP,Production,DRV-0046,200,5.0,2026-10-20,2026-09-15,Expedite,1,Sales Order,SO-002146,Planned
PLAN-002329,2026-06-SOP,Production,ACT-0042,200,75.0,2026-10-20,2026-09-27,,5,Forecast,2026-06-SOP,Planned
PLAN-002513,2026-06-SOP,Production,CTL-0008,300,40.0,2026-10-20,2026-09-19,Decrease,4,Forecast,2026-06-SOP,Planned
PLAN-002697,2026-06-SOP,Production,DRV-0054,200,20.0,2026-10-20,2026-08-22,Increase,3,Sales Order,SO-002698,Planned
PLAN-002881,2026-06-SOP,Production,ACT-0050,200,10.0,2026-10-20,2026-09-03,Defer,2,Forecast,2026-06-SOP,Planned
PLAN-003065,2026-06-SOP,Production,CTL-0016,300,5.0,2026-10-20,2026-08-26,Expedite,1,Forecast,2026-06-SOP,Planned
PLAN-003249,2026-06-SOP,Production,SYS-0002,300,75.0,2026-10-20,2026-10-07,,5,Sales Order,SO-003250,Planned
PLAN-003433,2026-06-SOP,Production,ACT-0058,200,40.0,2026-10-20,2026-10-04,Decrease,4,Forecast,2026-06-SOP,Planned
PLAN-003617,2026-06-SOP,Production,CTL-0024,300,20.0,2026-10-20,2026-09-26,Increase,3,Forecast,2026-06-SOP,Planned
PLAN-003801,2026-06-SOP,Production,SYS-0010,300,10.0,2026-10-20,2026-09-13,Defer,2,Sales Order,SO-003802,Planned
PLAN-003985,2026-06-SOP,Purchase,AFT-0006,300,5.0,2026-10-20,2026-09-25,Expedite,1,Forecast,2026-06-SOP,Planned
PLAN-004169,2026-06-SOP,Production,CTL-0032,300,75.0,2026-10-20,2026-09-02,,5,Forecast,2026-06-SOP,Planned
PLAN-004353,2026-06-SOP,Production,SYS-0018,300,40.0,2026-10-20,2026-08-20,Decrease,4,Sales Order,SO-004354,Planned
PLAN-004537,2026-06-SOP,Purchase,AFT-0014,100,20.0,2026-10-20,2026-09-01,Increase,3,Forecast,2026-06-SOP,Planned
PLAN-004721,2026-06-SOP,Production,CTL-0040,300,10.0,2026-10-20,2026-10-03,Defer,2,Forecast,2026-06-SOP,Planned
PLAN-004905,2026-06-SOP,Production,SYS-0026,300,5.0,2026-10-20,2026-09-20,Expedite,1,Sales Order,SO-004906,Planned
PLAN-000016,2026-06-SOP,Production,DRV-0055,100,10.0,2026-10-21,2026-10-14,Defer,2,Forecast,2026-06-SOP,Planned
PLAN-000200,2026-06-SOP,Production,ACT-0051,100,5.0,2026-10-21,2026-09-01,Expedite,1,Forecast,2026-06-SOP,Planned
PLAN-000384,2026-06-SOP,Production,CTL-0017,300,75.0,2026-10-21,2026-08-24,,5,Sales Order,SO-000385,Planned
PLAN-000568,2026-06-SOP,Production,SYS-0003,100,40.0,2026-10-21,2026-10-05,Decrease,4,Forecast,2026-06-SOP,Planned
PLAN-000752,2026-06-SOP,Production,ACT-0059,100,20.0,2026-10-21,2026-10-02,Increase,3,Forecast,2026-06-SOP,Planned
PLAN-000936,2026-06-SOP,Production,CTL-0025,300,10.0,2026-10-21,2026-09-24,Defer,2,Sales Order,SO-000937,Planned
PLAN-001120,2026-06-SOP,Production,SYS-0011,100,5.0,2026-10-21,2026-09-11,Expedite,1,Forecast,2026-06-SOP,Planned
PLAN-001304,2026-06-SOP,Purchase,AFT-0007,100,75.0,2026-10-21,2026-10-03,,5,Forecast,2026-06-SOP,Planned
PLAN-001488,2026-06-SOP,Production,CTL-0033,300,40.0,2026-10-21,2026-08-31,Decrease,4,Sales Order,SO-001489,Planned
PLAN-001672,2026-06-SOP,Production,SYS-0019,100,20.0,2026-10-21,2026-10-12,Increase,3,Forecast,2026-06-SOP,Planned
PLAN-001856,2026-06-SOP,Purchase,AFT-0015,300,10.0,2026-10-21,2026-08-30,Defer,2,Forecast,2026-06-SOP,Planned
PLAN-002040,2026-06-SOP,Production,DRV-0001,100,5.0,2026-10-21,2026-10-11,Expedite,1,Sales Order,SO-002041,Planned
PLAN-002224,2026-06-SOP,Production,SYS-0027,100,75.0,2026-10-21,2026-09-18,,5,Forecast,2026-06-SOP,Planned
PLAN-002408,2026-06-SOP,Purchase,AFT-0023,100,40.0,2026-10-21,2026-09-30,Decrease,4,Forecast,2026-06-SOP,Planned
PLAN-002592,2026-06-SOP,Production,DRV-0009,100,20.0,2026-10-21,2026-09-17,Increase,3,Sales Order,SO-002593,Planned
PLAN-002776,2026-06-SOP,Production,ACT-0005,100,10.0,2026-10-21,2026-09-29,Defer,2,Forecast,2026-06-SOP,Planned
PLAN-002960,2026-06-SOP,Purchase,AFT-0031,100,5.0,2026-10-21,2026-10-03,Expedite,1,Forecast,2026-06-SOP,Planned
PLAN-003144,2026-06-SOP,Production,DRV-0017,100,75.0,2026-10-21,2026-08-24,,5,Sales Order,SO-003145,Planned
PLAN-003328,2026-06-SOP,Production,ACT-0013,100,40.0,2026-10-21,2026-09-05,Decrease,4,Forecast,2026-06-SOP,Planned
PLAN-003512,2026-06-SOP,Purchase,AFT-0039,300,20.0,2026-10-21,2026-10-07,Increase,3,Forecast,2026-06-SOP,Planned
PLAN-003696,2026-06-SOP,Production,DRV-0025,100,10.0,2026-10-21,2026-09-24,Defer,2,Sales Order,SO-003697,Planned
PLAN-003880,2026-06-SOP,Production,ACT-0021,100,5.0,2026-10-21,2026-10-06,Expedite,1,Forecast,2026-06-SOP,Planned
PLAN-004064,2026-06-SOP,Purchase,AFT-0047,100,75.0,2026-10-21,2026-09-13,,5,Forecast,2026-06-SOP,Planned
PLAN-004248,2026-06-SOP,Production,DRV-0033,100,40.0,2026-10-21,2026-08-31,Decrease,4,Sales Order,SO-004249,Planned
PLAN-004432,2026-06-SOP,Production,ACT-0029,100,20.0,2026-10-21,2026-09-12,Increase,3,Forecast,2026-06-SOP,Planned
PLAN-004616,2026-06-SOP,Purchase,AFT-0055,100,10.0,2026-10-21,2026-10-03,Defer,2,Forecast,2026-06-SOP,Planned
PLAN-004800,2026-06-SOP,Production,DRV-0041,100,5.0,2026-10-21,2026-10-01,Expedite,1,Sales Order,SO-004801,Planned
PLAN-004984,2026-06-SOP,Production,ACT-0037,100,75.0,2026-10-21,2026-10-13,,5,Forecast,2026-06-SOP,Planned
PLAN-000095,2026-06-SOP,Production,ACT-0006,200,5.0,2026-10-22,2026-09-27,Expedite,1,Forecast,2026-06-SOP,Planned
PLAN-000279,2026-06-SOP,Purchase,AFT-0032,100,75.0,2026-10-22,2026-09-04,,5,Sales Order,SO-000280,Planned
PLAN-000463,2026-06-SOP,Production,DRV-0018,200,40.0,2026-10-22,2026-08-22,Decrease,4,Forecast,2026-06-SOP,Planned
PLAN-000647,2026-06-SOP,Production,ACT-0014,200,20.0,2026-10-22,2026-09-03,Increase,3,Forecast,2026-06-SOP,Planned
PLAN-000831,2026-06-SOP,Purchase,AFT-0040,100,10.0,2026-10-22,2026-10-04,Defer,2,Sales Order,SO-000832,Planned
PLAN-001015,2026-06-SOP,Production,DRV-0026,200,5.0,2026-10-22,2026-09-22,Expedite,1,Forecast,2026-06-SOP,Planned
PLAN-001199,2026-06-SOP,Production,ACT-0022,200,75.0,2026-10-22,2026-10-04,,5,Forecast,2026-06-SOP,Planned
PLAN-001383,2026-06-SOP,Purchase,AFT-0048,300,40.0,2026-10-22,2026-09-11,Decrease,4,Sales Order,SO-001384,Planned
PLAN-001567,2026-06-SOP,Production,DRV-0034,200,20.0,2026-10-22,2026-08-29,Increase,3,Forecast,2026-06-SOP,Planned
PLAN-001751,2026-06-SOP,Production,ACT-0030,200,10.0,2026-10-22,2026-09-10,Defer,2,Forecast,2026-06-SOP,Planned
PLAN-001935,2026-06-SOP,Purchase,AFT-0056,100,5.0,2026-10-22,2026-10-12,Expedite,1,Sales Order,SO-001936,Planned
PLAN-002119,2026-06-SOP,Production,DRV-0042,200,75.0,2026-10-22,2026-09-29,,5,Forecast,2026-06-SOP,Planned
PLAN-002303,2026-06-SOP,Production,ACT-0038,200,40.0,2026-10-22,2026-10-11,Decrease,4,Forecast,2026-06-SOP,Planned
PLAN-002487,2026-06-SOP,Production,CTL-0004,300,20.0,2026-10-22,2026-10-03,Increase,3,Sales Order,SO-002488,Planned
PLAN-002671,2026-06-SOP,Production,DRV-0050,200,10.0,2026-10-22,2026-09-05,Defer,2,Forecast,2026-06-SOP,Planned
PLAN-002855,2026-06-SOP,Production,ACT-0046,200,5.0,2026-10-22,2026-09-17,Expedite,1,Forecast,2026-06-SOP,Planned
PLAN-003039,2026-06-SOP,Production,CTL-0012,300,75.0,2026-10-22,2026-09-09,,5,Sales Order,SO-003040,Planned
PLAN-003223,2026-06-SOP,Production,DRV-0058,200,40.0,2026-10-22,2026-10-06,Decrease,4,Forecast,2026-06-SOP,Planned
PLAN-003407,2026-06-SOP,Production,ACT-0054,200,20.0,2026-10-22,2026-08-24,Increase,3,Forecast,2026-06-SOP,Planned
PLAN-003591,2026-06-SOP,Production,CTL-0020,300,10.0,2026-10-22,2026-10-10,Defer,2,Sales Order,SO-003592,Planned
PLAN-003775,2026-06-SOP,Production,SYS-0006,300,5.0,2026-10-22,2026-09-27,Expedite,1,Forecast,2026-06-SOP,Planned
PLAN-003959,2026-06-SOP,Purchase,AFT-0002,100,75.0,2026-10-22,2026-10-09,,5,Forecast,2026-06-SOP,Planned
PLAN-004143,2026-06-SOP,Production,CTL-0028,300,40.0,2026-10-22,2026-09-16,Decrease,4,Sales Order,SO-004144,Planned
PLAN-004327,2026-06-SOP,Production,SYS-0014,300,20.0,2026-10-22,2026-09-03,Increase,3,Forecast,2026-06-SOP,Planned
PLAN-004511,2026-06-SOP,Purchase,AFT-0010,100,10.0,2026-10-22,2026-10-04,Defer,2,Forecast,2026-06-SOP,Planned
PLAN-004695,2026-06-SOP,Production,CTL-0036,300,5.0,2026-10-22,2026-08-23,Expedite,1,Sales Order,SO-004696,Planned
PLAN-004879,2026-06-SOP,Production,SYS-0022,300,75.0,2026-10-22,2026-10-04,,5,Forecast,2026-06-SOP,Planned
PLAN-000174,2026-06-SOP,Production,ACT-0047,100,75.0,2026-10-23,2026-09-15,,5,Sales Order,SO-000175,Planned
PLAN-000358,2026-06-SOP,Production,CTL-0013,300,40.0,2026-10-23,2026-09-07,Decrease,4,Forecast,2026-06-SOP,Planned
PLAN-000542,2026-06-SOP,Production,DRV-0059,100,20.0,2026-10-23,2026-10-04,Increase,3,Forecast,2026-06-SOP,Planned
PLAN-000726,2026-06-SOP,Production,ACT-0055,100,10.0,2026-10-23,2026-10-16,Defer,2,Sales Order,SO-000727,Planned
PLAN-000910,2026-06-SOP,Production,CTL-0021,300,5.0,2026-10-23,2026-10-08,Expedite,1,Forecast,2026-06-SOP,Planned
PLAN-001094,2026-06-SOP,Production,SYS-0007,100,75.0,2026-10-23,2026-09-25,,5,Forecast,2026-06-SOP,Planned
PLAN-001278,2026-06-SOP,Purchase,AFT-0003,300,40.0,2026-10-23,2026-10-07,Decrease,4,Sales Order,SO-001279,Planned
PLAN-001462,2026-06-SOP,Production,CTL-0029,300,20.0,2026-10-23,2026-09-14,Increase,3,Forecast,2026-06-SOP,Planned
PLAN-001646,2026-06-SOP,Production,SYS-0015,100,10.0,2026-10-23,2026-09-01,Defer,2,Forecast,2026-06-SOP,Planned
PLAN-001830,2026-06-SOP,Purchase,AFT-0011,100,5.0,2026-10-23,2026-09-13,Expedite,1,Sales Order,SO-001831,Planned
PLAN-002014,2026-06-SOP,Production,CTL-0037,300,75.0,2026-10-23,2026-10-15,,5,Forecast,2026-06-SOP,Planned
PLAN-002198,2026-06-SOP,Production,SYS-0023,100,40.0,2026-10-23,2026-10-02,Decrease,4,Forecast,2026-06-SOP,Planned
PLAN-002382,2026-06-SOP,Purchase,AFT-0019,100,20.0,2026-10-23,2026-10-05,Increase,3,Sales Order,SO-002383,Planned
PLAN-002566,2026-06-SOP,Production,DRV-0005,100,10.0,2026-10-23,2026-10-01,Defer,2,Forecast,2026-06-SOP,Planned
PLAN-002750,2026-06-SOP,Production,ACT-0001,100,5.0,2026-10-23,2026-10-13,Expedite,1,Forecast,2026-06-SOP,Planned
PLAN-002934,2026-06-SOP,Purchase,AFT-0027,300,75.0,2026-10-23,2026-09-20,,5,Sales Order,SO-002935,Planned
PLAN-003118,2026-06-SOP,Production,DRV-0013,100,40.0,2026-10-23,2026-09-07,Decrease,4,Forecast,2026-06-SOP,Planned
PLAN-003302,2026-06-SOP,Production,ACT-0009,100,20.0,2026-10-23,2026-09-19,Increase,3,Forecast,2026-06-SOP,Planned
PLAN-003486,2026-06-SOP,Purchase,AFT-0035,100,10.0,2026-10-23,2026-08-27,Defer,2,Sales Order,SO-003487,Planned
PLAN-003670,2026-06-SOP,Production,DRV-0021,100,5.0,2026-10-23,2026-10-08,Expedite,1,Forecast,2026-06-SOP,Planned
PLAN-003854,2026-06-SOP,Production,ACT-0017,100,75.0,2026-10-23,2026-08-26,,5,Forecast,2026-06-SOP,Planned
PLAN-004038,2026-06-SOP,Purchase,AFT-0043,100,40.0,2026-10-23,2026-10-05,Decrease,4,Sales Order,SO-004039,Planned
PLAN-004222,2026-06-SOP,Production,DRV-0029,100,20.0,2026-10-23,2026-09-14,Increase,3,Forecast,2026-06-SOP,Planned
PLAN-004406,2026-06-SOP,Production,ACT-0025,100,10.0,2026-10-23,2026-09-26,Defer,2,Forecast,2026-06-SOP,Planned
PLAN-004590,2026-06-SOP,Purchase,AFT-0051,300,5.0,2026-10-23,2026-09-03,Expedite,1,Sales Order,SO-004591,Planned
PLAN-004774,2026-06-SOP,Production,DRV-0037,100,75.0,2026-10-23,2026-10-15,,5,Forecast,2026-06-SOP,Planned
PLAN-004958,2026-06-SOP,Production,ACT-0033,100,40.0,2026-10-23,2026-09-02,Decrease,4,Forecast,2026-06-SOP,Planned
PLAN-000069,2026-06-SOP,Production,ACT-0002,200,75.0,2026-10-24,2026-10-11,,5,Sales Order,SO-000070,Planned
PLAN-000253,2026-06-SOP,Purchase,AFT-0028,100,40.0,2026-10-24,2026-10-06,Decrease,4,Forecast,2026-06-SOP,Planned
PLAN-000437,2026-06-SOP,Production,DRV-0014,200,20.0,2026-10-24,2026-09-05,Increase,3,Forecast,2026-06-SOP,Planned
PLAN-000621,2026-06-SOP,Production,ACT-0010,200,10.0,2026-10-24,2026-09-17,Defer,2,Sales Order,SO-000622,Planned
PLAN-000805,2026-06-SOP,Purchase,AFT-0036,300,5.0,2026-10-24,2026-08-25,Expedite,1,Forecast,2026-06-SOP,Planned
PLAN-000989,2026-06-SOP,Production,DRV-0022,200,75.0,2026-10-24,2026-10-06,,5,Forecast,2026-06-SOP,Planned
PLAN-001173,2026-06-SOP,Production,ACT-0018,200,40.0,2026-10-24,2026-08-24,Decrease,4,Sales Order,SO-001174,Planned
PLAN-001357,2026-06-SOP,Purchase,AFT-0044,100,20.0,2026-10-24,2026-09-25,Increase,3,Forecast,2026-06-SOP,Planned
PLAN-001541,2026-06-SOP,Production,DRV-0030,200,10.0,2026-10-24,2026-09-12,Defer,2,Forecast,2026-06-SOP,Planned
PLAN-001725,2026-06-SOP,Production,ACT-0026,200,5.0,2026-10-24,2026-09-24,Expedite,1,Sales Order,SO-001726,Planned
PLAN-001909,2026-06-SOP,Purchase,AFT-0052,100,75.0,2026-10-24,2026-10-06,,5,Forecast,2026-06-SOP,Planned
PLAN-002093,2026-06-SOP,Production,DRV-0038,200,40.0,2026-10-24,2026-10-13,Decrease,4,Forecast,2026-06-SOP,Planned
PLAN-002277,2026-06-SOP,Production,ACT-0034,200,20.0,2026-10-24,2026-08-31,Increase,3,Sales Order,SO-002278,Planned
PLAN-002461,2026-06-SOP,Purchase,AFT-0060,300,10.0,2026-10-24,2026-10-02,Defer,2,Forecast,2026-06-SOP,Planned
PLAN-002645,2026-06-SOP,Production,DRV-0046,200,5.0,2026-10-24,2026-09-19,Expedite,1,Forecast,2026-06-SOP,Planned
PLAN-002829,2026-06-SOP,Production,ACT-0042,200,75.0,2026-10-24,2026-10-01,,5,Sales Order,SO-002830,Planned
PLAN-003013,2026-06-SOP,Production,CTL-0008,300,40.0,2026-10-24,2026-09-23,Decrease,4,Forecast,2026-06-SOP,Planned
PLAN-003197,2026-06-SOP,Production,DRV-0054,200,20.0,2026-10-24,2026-08-26,Increase,3,Forecast,2026-06-SOP,Planned
PLAN-003381,2026-06-SOP,Production,ACT-0050,200,10.0,2026-10-24,2026-09-07,Defer,2,Sales Order,SO-003382,Planned
PLAN-003565,2026-06-SOP,Production,CTL-0016,300,5.0,2026-10-24,2026-08-30,Expedite,1,Forecast,2026-06-SOP,Planned
PLAN-003749,2026-06-SOP,Production,SYS-0002,300,75.0,2026-10-24,2026-10-11,,5,Forecast,2026-06-SOP,Planned
PLAN-003933,2026-06-SOP,Production,ACT-0058,200,40.0,2026-10-24,2026-10-08,Decrease,4,Sales Order,SO-003934,Planned
PLAN-004117,2026-06-SOP,Production,CTL-0024,300,20.0,2026-10-24,2026-09-30,Increase,3,Forecast,2026-06-SOP,Planned
PLAN-004301,2026-06-SOP,Production,SYS-0010,300,10.0,2026-10-24,2026-09-17,Defer,2,Forecast,2026-06-SOP,Planned
PLAN-004485,2026-06-SOP,Purchase,AFT-0006,300,5.0,2026-10-24,2026-09-29,Expedite,1,Sales Order,SO-004486,Planned
PLAN-004669,2026-06-SOP,Production,CTL-0032,300,75.0,2026-10-24,2026-09-06,,5,Forecast,2026-06-SOP,Planned
PLAN-004853,2026-06-SOP,Production,SYS-0018,300,40.0,2026-10-24,2026-08-24,Decrease,4,Forecast,2026-06-SOP,Planned
PLAN-000148,2026-06-SOP,Production,ACT-0043,100,40.0,2026-10-25,2026-09-29,Decrease,4,Forecast,2026-06-SOP,Planned
PLAN-000332,2026-06-SOP,Production,CTL-0009,300,20.0,2026-10-25,2026-09-21,Increase,3,Forecast,2026-06-SOP,Planned
PLAN-000516,2026-06-SOP,Production,DRV-0055,100,10.0,2026-10-25,2026-10-18,Defer,2,Sales Order,SO-000517,Planned
PLAN-000700,2026-06-SOP,Production,ACT-0051,100,5.0,2026-10-25,2026-09-05,Expedite,1,Forecast,2026-06-SOP,Planned
PLAN-000884,2026-06-SOP,Production,CTL-0017,300,75.0,2026-10-25,2026-08-28,,5,Forecast,2026-06-SOP,Planned
PLAN-001068,2026-06-SOP,Production,SYS-0003,100,40.0,2026-10-25,2026-10-09,Decrease,4,Sales Order,SO-001069,Planned
PLAN-001252,2026-06-SOP,Production,ACT-0059,100,20.0,2026-10-25,2026-10-06,Increase,3,Forecast,2026-06-SOP,Planned
PLAN-001436,2026-06-SOP,Production,CTL-0025,300,10.0,2026-10-25,2026-09-28,Defer,2,Forecast,2026-06-SOP,Planned
PLAN-001620,2026-06-SOP,Production,SYS-0011,100,5.0,2026-10-25,2026-09-15,Expedite,1,Sales Order,SO-001621,Planned
PLAN-001804,2026-06-SOP,Purchase,AFT-0007,100,75.0,2026-10-25,2026-10-07,,5,Forecast,2026-06-SOP,Planned
PLAN-001988,2026-06-SOP,Production,CTL-0033,300,40.0,2026-10-25,2026-09-04,Decrease,4,Forecast,2026-06-SOP,Planned
PLAN-002172,2026-06-SOP,Production,SYS-0019,100,20.0,2026-10-25,2026-10-16,Increase,3,Sales Order,SO-002173,Planned
PLAN-002356,2026-06-SOP,Purchase,AFT-0015,300,10.0,2026-10-25,2026-09-03,Defer,2,Forecast,2026-06-SOP,Planned
PLAN-002540,2026-06-SOP,Production,DRV-0001,100,5.0,2026-10-25,2026-10-15,Expedite,1,Forecast,2026-06-SOP,Planned
PLAN-002724,2026-06-SOP,Production,SYS-0027,100,75.0,2026-10-25,2026-09-22,,5,Sales Order,SO-002725,Planned
PLAN-002908,2026-06-SOP,Purchase,AFT-0023,100,40.0,2026-10-25,2026-10-04,Decrease,4,Forecast,2026-06-SOP,Planned
PLAN-003092,2026-06-SOP,Production,DRV-0009,100,20.0,2026-10-25,2026-09-21,Increase,3,Forecast,2026-06-SOP,Planned
PLAN-003276,2026-06-SOP,Production,ACT-0005,100,10.0,2026-10-25,2026-10-03,Defer,2,Sales Order,SO-003277,Planned
PLAN-003460,2026-06-SOP,Purchase,AFT-0031,100,5.0,2026-10-25,2026-10-07,Expedite,1,Forecast,2026-06-SOP,Planned
PLAN-003644,2026-06-SOP,Production,DRV-0017,100,75.0,2026-10-25,2026-08-28,,5,Forecast,2026-06-SOP,Planned
PLAN-003828,2026-06-SOP,Production,ACT-0013,100,40.0,2026-10-25,2026-09-09,Decrease,4,Sales Order,SO-003829,Planned
PLAN-004012,2026-06-SOP,Purchase,AFT-0039,300,20.0,2026-10-25,2026-10-11,Increase,3,Forecast,2026-06-SOP,Planned
PLAN-004196,2026-06-SOP,Production,DRV-0025,100,10.0,2026-10-25,2026-09-28,Defer,2,Forecast,2026-06-SOP,Planned
PLAN-004380,2026-06-SOP,Production,ACT-0021,100,5.0,2026-10-25,2026-10-10,Expedite,1,Sales Order,SO-004381,Planned
PLAN-004564,2026-06-SOP,Purchase,AFT-0047,100,75.0,2026-10-25,2026-09-17,,5,Forecast,2026-06-SOP,Planned
PLAN-004748,2026-06-SOP,Production,DRV-0033,100,40.0,2026-10-25,2026-09-04,Decrease,4,Forecast,2026-06-SOP,Planned
PLAN-004932,2026-06-SOP,Production,ACT-0029,100,20.0,2026-10-25,2026-09-16,Increase,3,Sales Order,SO-004933,Planned
PLAN-000043,2026-06-SOP,Production,SYS-0028,300,40.0,2026-10-26,2026-09-20,Decrease,4,Forecast,2026-06-SOP,Planned
PLAN-000227,2026-06-SOP,Purchase,AFT-0024,300,20.0,2026-10-26,2026-10-02,Increase,3,Forecast,2026-06-SOP,Planned
PLAN-000411,2026-06-SOP,Production,DRV-0010,200,10.0,2026-10-26,2026-09-19,Defer,2,Sales Order,SO-000412,Planned
PLAN-000595,2026-06-SOP,Production,ACT-0006,200,5.0,2026-10-26,2026-10-01,Expedite,1,Forecast,2026-06-SOP,Planned
PLAN-000779,2026-06-SOP,Purchase,AFT-0032,100,75.0,2026-10-26,2026-09-08,,5,Forecast,2026-06-SOP,Planned
PLAN-000963,2026-06-SOP,Production,DRV-0018,200,40.0,2026-10-26,2026-08-26,Decrease,4,Sales Order,SO-000964,Planned
PLAN-001147,2026-06-SOP,Production,ACT-0014,200,20.0,2026-10-26,2026-09-07,Increase,3,Forecast,2026-06-SOP,Planned
PLAN-001331,2026-06-SOP,Purchase,AFT-0040,100,10.0,2026-10-26,2026-10-08,Defer,2,Forecast,2026-06-SOP,Planned
PLAN-001515,2026-06-SOP,Production,DRV-0026,200,5.0,2026-10-26,2026-09-26,Expedite,1,Sales Order,SO-001516,Planned
PLAN-001699,2026-06-SOP,Production,ACT-0022,200,75.0,2026-10-26,2026-10-08,,5,Forecast,2026-06-SOP,Planned
PLAN-001883,2026-06-SOP,Purchase,AFT-0048,300,40.0,2026-10-26,2026-09-15,Decrease,4,Forecast,2026-06-SOP,Planned
PLAN-002067,2026-06-SOP,Production,DRV-0034,200,20.0,2026-10-26,2026-09-02,Increase,3,Sales Order,SO-002068,Planned
PLAN-002251,2026-06-SOP,Production,ACT-0030,200,10.0,2026-10-26,2026-09-14,Defer,2,Forecast,2026-06-SOP,Planned
PLAN-002435,2026-06-SOP,Purchase,AFT-0056,100,5.0,2026-10-26,2026-10-16,Expedite,1,Forecast,2026-06-SOP,Planned
PLAN-002619,2026-06-SOP,Production,DRV-0042,200,75.0,2026-10-26,2026-10-03,,5,Sales Order,SO-002620,Planned
PLAN-002803,2026-06-SOP,Production,ACT-0038,200,40.0,2026-10-26,2026-10-15,Decrease,4,Forecast,2026-06-SOP,Planned
PLAN-002987,2026-06-SOP,Production,CTL-0004,300,20.0,2026-10-26,2026-10-07,Increase,3,Forecast,2026-06-SOP,Planned
PLAN-003171,2026-06-SOP,Production,DRV-0050,200,10.0,2026-10-26,2026-09-09,Defer,2,Sales Order,SO-003172,Planned
PLAN-003355,2026-06-SOP,Production,ACT-0046,200,5.0,2026-10-26,2026-09-21,Expedite,1,Forecast,2026-06-SOP,Planned
PLAN-003539,2026-06-SOP,Production,CTL-0012,300,75.0,2026-10-26,2026-09-13,,5,Forecast,2026-06-SOP,Planned
PLAN-003723,2026-06-SOP,Production,DRV-0058,200,40.0,2026-10-26,2026-10-10,Decrease,4,Sales Order,SO-003724,Planned
PLAN-003907,2026-06-SOP,Production,ACT-0054,200,20.0,2026-10-26,2026-08-28,Increase,3,Forecast,2026-06-SOP,Planned
PLAN-004091,2026-06-SOP,Production,CTL-0020,300,10.0,2026-10-26,2026-10-14,Defer,2,Forecast,2026-06-SOP,Planned
PLAN-004275,2026-06-SOP,Production,SYS-0006,300,5.0,2026-10-26,2026-10-01,Expedite,1,Sales Order,SO-004276,Planned
PLAN-004459,2026-06-SOP,Purchase,AFT-0002,100,75.0,2026-10-26,2026-10-13,,5,Forecast,2026-06-SOP,Planned
PLAN-004643,2026-06-SOP,Production,CTL-0028,300,40.0,2026-10-26,2026-09-20,Decrease,4,Forecast,2026-06-SOP,Planned
PLAN-004827,2026-06-SOP,Production,SYS-0014,300,20.0,2026-10-26,2026-09-07,Increase,3,Sales Order,SO-004828,Planned
PLAN-000122,2026-06-SOP,Production,ACT-0039,100,20.0,2026-10-27,2026-10-13,Increase,3,Forecast,2026-06-SOP,Planned
PLAN-000306,2026-06-SOP,Production,CTL-0005,300,10.0,2026-10-27,2026-10-05,Defer,2,Sales Order,SO-000307,Planned
PLAN-000490,2026-06-SOP,Production,DRV-0051,100,5.0,2026-10-27,2026-09-07,Expedite,1,Forecast,2026-06-SOP,Planned
PLAN-000674,2026-06-SOP,Production,ACT-0047,100,75.0,2026-10-27,2026-09-19,,5,Forecast,2026-06-SOP,Planned
PLAN-000858,2026-06-SOP,Production,CTL-0013,300,40.0,2026-10-27,2026-09-11,Decrease,4,Sales Order,SO-000859,Planned
PLAN-001042,2026-06-SOP,Production,DRV-0059,100,20.0,2026-10-27,2026-10-08,Increase,3,Forecast,2026-06-SOP,Planned
PLAN-001226,2026-06-SOP,Production,ACT-0055,100,10.0,2026-10-27,2026-10-20,Defer,2,Forecast,2026-06-SOP,Planned
PLAN-001410,2026-06-SOP,Production,CTL-0021,300,5.0,2026-10-27,2026-10-12,Expedite,1,Sales Order,SO-001411,Planned
PLAN-001594,2026-06-SOP,Production,SYS-0007,100,75.0,2026-10-27,2026-09-29,,5,Forecast,2026-06-SOP,Planned
PLAN-001778,2026-06-SOP,Purchase,AFT-0003,300,40.0,2026-10-27,2026-10-11,Decrease,4,Forecast,2026-06-SOP,Planned
PLAN-001962,2026-06-SOP,Production,CTL-0029,300,20.0,2026-10-27,2026-09-18,Increase,3,Sales Order,SO-001963,Planned
PLAN-002146,2026-06-SOP,Production,SYS-0015,100,10.0,2026-10-27,2026-09-05,Defer,2,Forecast,2026-06-SOP,Planned
PLAN-002330,2026-06-SOP,Purchase,AFT-0011,100,5.0,2026-10-27,2026-09-17,Expedite,1,Forecast,2026-06-SOP,Planned
PLAN-002514,2026-06-SOP,Production,CTL-0037,300,75.0,2026-10-27,2026-10-19,,5,Sales Order,SO-002515,Planned
PLAN-002698,2026-06-SOP,Production,SYS-0023,100,40.0,2026-10-27,2026-10-06,Decrease,4,Forecast,2026-06-SOP,Planned
PLAN-002882,2026-06-SOP,Purchase,AFT-0019,100,20.0,2026-10-27,2026-10-09,Increase,3,Forecast,2026-06-SOP,Planned
PLAN-003066,2026-06-SOP,Production,DRV-0005,100,10.0,2026-10-27,2026-10-05,Defer,2,Sales Order,SO-003067,Planned
PLAN-003250,2026-06-SOP,Production,ACT-0001,100,5.0,2026-10-27,2026-10-17,Expedite,1,Forecast,2026-06-SOP,Planned
PLAN-003434,2026-06-SOP,Purchase,AFT-0027,300,75.0,2026-10-27,2026-09-24,,5,Forecast,2026-06-SOP,Planned
PLAN-003618,2026-06-SOP,Production,DRV-0013,100,40.0,2026-10-27,2026-09-11,Decrease,4,Sales Order,SO-003619,Planned
PLAN-003802,2026-06-SOP,Production,ACT-0009,100,20.0,2026-10-27,2026-09-23,Increase,3,Forecast,2026-06-SOP,Planned
PLAN-003986,2026-06-SOP,Purchase,AFT-0035,100,10.0,2026-10-27,2026-08-31,Defer,2,Forecast,2026-06-SOP,Planned
PLAN-004170,2026-06-SOP,Production,DRV-0021,100,5.0,2026-10-27,2026-10-12,Expedite,1,Sales Order,SO-004171,Planned
PLAN-004354,2026-06-SOP,Production,ACT-0017,100,75.0,2026-10-27,2026-08-30,,5,Forecast,2026-06-SOP,Planned
PLAN-004538,2026-06-SOP,Purchase,AFT-0043,100,40.0,2026-10-27,2026-10-09,Decrease,4,Forecast,2026-06-SOP,Planned
PLAN-004722,2026-06-SOP,Production,DRV-0029,100,20.0,2026-10-27,2026-09-18,Increase,3,Sales Order,SO-004723,Planned
PLAN-004906,2026-06-SOP,Production,ACT-0025,100,10.0,2026-10-27,2026-09-30,Defer,2,Forecast,2026-06-SOP,Planned
PLAN-000017,2026-06-SOP,Production,SYS-0024,300,20.0,2026-10-28,2026-10-04,Increase,3,Forecast,2026-06-SOP,Planned
PLAN-000201,2026-06-SOP,Purchase,AFT-0020,100,10.0,2026-10-28,2026-10-16,Defer,2,Sales Order,SO-000202,Planned
PLAN-000385,2026-06-SOP,Production,DRV-0006,200,5.0,2026-10-28,2026-10-03,Expedite,1,Forecast,2026-06-SOP,Planned
PLAN-000569,2026-06-SOP,Production,ACT-0002,200,75.0,2026-10-28,2026-10-15,,5,Forecast,2026-06-SOP,Planned
PLAN-000753,2026-06-SOP,Purchase,AFT-0028,100,40.0,2026-10-28,2026-10-10,Decrease,4,Sales Order,SO-000754,Planned
PLAN-000937,2026-06-SOP,Production,DRV-0014,200,20.0,2026-10-28,2026-09-09,Increase,3,Forecast,2026-06-SOP,Planned
PLAN-001121,2026-06-SOP,Production,ACT-0010,200,10.0,2026-10-28,2026-09-21,Defer,2,Forecast,2026-06-SOP,Planned
PLAN-001305,2026-06-SOP,Purchase,AFT-0036,300,5.0,2026-10-28,2026-08-29,Expedite,1,Sales Order,SO-001306,Planned
PLAN-001489,2026-06-SOP,Production,DRV-0022,200,75.0,2026-10-28,2026-10-10,,5,Forecast,2026-06-SOP,Planned
PLAN-001673,2026-06-SOP,Production,ACT-0018,200,40.0,2026-10-28,2026-08-28,Decrease,4,Forecast,2026-06-SOP,Planned
PLAN-001857,2026-06-SOP,Purchase,AFT-0044,100,20.0,2026-10-28,2026-09-29,Increase,3,Sales Order,SO-001858,Planned
PLAN-002041,2026-06-SOP,Production,DRV-0030,200,10.0,2026-10-28,2026-09-16,Defer,2,Forecast,2026-06-SOP,Planned
PLAN-002225,2026-06-SOP,Production,ACT-0026,200,5.0,2026-10-28,2026-09-28,Expedite,1,Forecast,2026-06-SOP,Planned
PLAN-002409,2026-06-SOP,Purchase,AFT-0052,100,75.0,2026-10-28,2026-10-10,,5,Sales Order,SO-002410,Planned
PLAN-002593,2026-06-SOP,Production,DRV-0038,200,40.0,2026-10-28,2026-10-17,Decrease,4,Forecast,2026-06-SOP,Planned
PLAN-002777,2026-06-SOP,Production,ACT-0034,200,20.0,2026-10-28,2026-09-04,Increase,3,Forecast,2026-06-SOP,Planned
PLAN-002961,2026-06-SOP,Purchase,AFT-0060,300,10.0,2026-10-28,2026-10-06,Defer,2,Sales Order,SO-002962,Planned
PLAN-003145,2026-06-SOP,Production,DRV-0046,200,5.0,2026-10-28,2026-09-23,Expedite,1,Forecast,2026-06-SOP,Planned
PLAN-003329,2026-06-SOP,Production,ACT-0042,200,75.0,2026-10-28,2026-10-05,,5,Forecast,2026-06-SOP,Planned
PLAN-003513,2026-06-SOP,Production,CTL-0008,300,40.0,2026-10-28,2026-09-27,Decrease,4,Sales Order,SO-003514,Planned
PLAN-003697,2026-06-SOP,Production,DRV-0054,200,20.0,2026-10-28,2026-08-30,Increase,3,Forecast,2026-06-SOP,Planned
PLAN-003881,2026-06-SOP,Production,ACT-0050,200,10.0,2026-10-28,2026-09-11,Defer,2,Forecast,2026-06-SOP,Planned
PLAN-004065,2026-06-SOP,Production,CTL-0016,300,5.0,2026-10-28,2026-09-03,Expedite,1,Sales Order,SO-004066,Planned
PLAN-004249,2026-06-SOP,Production,SYS-0002,300,75.0,2026-10-28,2026-10-15,,5,Forecast,2026-06-SOP,Planned
PLAN-004433,2026-06-SOP,Production,ACT-0058,200,40.0,2026-10-28,2026-10-12,Decrease,4,Forecast,2026-06-SOP,Planned
PLAN-004617,2026-06-SOP,Production,CTL-0024,300,20.0,2026-10-28,2026-10-04,Increase,3,Sales Order,SO-004618,Planned
PLAN-004801,2026-06-SOP,Production,SYS-0010,300,10.0,2026-10-28,2026-09-21,Defer,2,Forecast,2026-06-SOP,Planned
PLAN-004985,2026-06-SOP,Purchase,AFT-0006,300,5.0,2026-10-28,2026-10-03,Expedite,1,Forecast,2026-06-SOP,Planned
PLAN-000096,2026-06-SOP,Production,ACT-0035,100,10.0,2026-10-29,2026-09-02,Defer,2,Sales Order,SO-000097,Planned
PLAN-000280,2026-06-SOP,Production,CTL-0001,300,5.0,2026-10-29,2026-10-19,Expedite,1,Forecast,2026-06-SOP,Planned
PLAN-000464,2026-06-SOP,Production,DRV-0047,100,75.0,2026-10-29,2026-09-21,,5,Forecast,2026-06-SOP,Planned
PLAN-000648,2026-06-SOP,Production,ACT-0043,100,40.0,2026-10-29,2026-10-03,Decrease,4,Sales Order,SO-000649,Planned
PLAN-000832,2026-06-SOP,Production,CTL-0009,300,20.0,2026-10-29,2026-09-25,Increase,3,Forecast,2026-06-SOP,Planned
PLAN-001016,2026-06-SOP,Production,DRV-0055,100,10.0,2026-10-29,2026-10-22,Defer,2,Forecast,2026-06-SOP,Planned
PLAN-001200,2026-06-SOP,Production,ACT-0051,100,5.0,2026-10-29,2026-09-09,Expedite,1,Sales Order,SO-001201,Planned
PLAN-001384,2026-06-SOP,Production,CTL-0017,300,75.0,2026-10-29,2026-09-01,,5,Forecast,2026-06-SOP,Planned
PLAN-001568,2026-06-SOP,Production,SYS-0003,100,40.0,2026-10-29,2026-10-13,Decrease,4,Forecast,2026-06-SOP,Planned
PLAN-001752,2026-06-SOP,Production,ACT-0059,100,20.0,2026-10-29,2026-10-10,Increase,3,Sales Order,SO-001753,Planned
PLAN-001936,2026-06-SOP,Production,CTL-0025,300,10.0,2026-10-29,2026-10-02,Defer,2,Forecast,2026-06-SOP,Planned
PLAN-002120,2026-06-SOP,Production,SYS-0011,100,5.0,2026-10-29,2026-09-19,Expedite,1,Forecast,2026-06-SOP,Planned
PLAN-002304,2026-06-SOP,Purchase,AFT-0007,100,75.0,2026-10-29,2026-10-11,,5,Sales Order,SO-002305,Planned
PLAN-002488,2026-06-SOP,Production,CTL-0033,300,40.0,2026-10-29,2026-09-08,Decrease,4,Forecast,2026-06-SOP,Planned
PLAN-002672,2026-06-SOP,Production,SYS-0019,100,20.0,2026-10-29,2026-10-20,Increase,3,Forecast,2026-06-SOP,Planned
PLAN-002856,2026-06-SOP,Purchase,AFT-0015,300,10.0,2026-10-29,2026-09-07,Defer,2,Sales Order,SO-002857,Planned
PLAN-003040,2026-06-SOP,Production,DRV-0001,100,5.0,2026-10-29,2026-10-19,Expedite,1,Forecast,2026-06-SOP,Planned
PLAN-003224,2026-06-SOP,Production,SYS-0027,100,75.0,2026-10-29,2026-09-26,,5,Forecast,2026-06-SOP,Planned
PLAN-003408,2026-06-SOP,Purchase,AFT-0023,100,40.0,2026-10-29,2026-10-08,Decrease,4,Sales Order,SO-003409,Planned
PLAN-003592,2026-06-SOP,Production,DRV-0009,100,20.0,2026-10-29,2026-09-25,Increase,3,Forecast,2026-06-SOP,Planned
PLAN-003776,2026-06-SOP,Production,ACT-0005,100,10.0,2026-10-29,2026-10-07,Defer,2,Forecast,2026-06-SOP,Planned
PLAN-003960,2026-06-SOP,Purchase,AFT-0031,100,5.0,2026-10-29,2026-10-11,Expedite,1,Sales Order,SO-003961,Planned
PLAN-004144,2026-06-SOP,Production,DRV-0017,100,75.0,2026-10-29,2026-09-01,,5,Forecast,2026-06-SOP,Planned
PLAN-004328,2026-06-SOP,Production,ACT-0013,100,40.0,2026-10-29,2026-09-13,Decrease,4,Forecast,2026-06-SOP,Planned
PLAN-004512,2026-06-SOP,Purchase,AFT-0039,300,20.0,2026-10-29,2026-10-15,Increase,3,Sales Order,SO-004513,Planned
PLAN-004696,2026-06-SOP,Production,DRV-0025,100,10.0,2026-10-29,2026-10-02,Defer,2,Forecast,2026-06-SOP,Planned
PLAN-004880,2026-06-SOP,Production,ACT-0021,100,5.0,2026-10-29,2026-10-14,Expedite,1,Forecast,2026-06-SOP,Planned
PLAN-000175,2026-06-SOP,Purchase,AFT-0016,100,5.0,2026-10-30,2026-10-12,Expedite,1,Forecast,2026-06-SOP,Planned
PLAN-000359,2026-06-SOP,Production,DRV-0002,200,75.0,2026-10-30,2026-10-17,,5,Forecast,2026-06-SOP,Planned
PLAN-000543,2026-06-SOP,Production,SYS-0028,300,40.0,2026-10-30,2026-09-24,Decrease,4,Sales Order,SO-000544,Planned
PLAN-000727,2026-06-SOP,Purchase,AFT-0024,300,20.0,2026-10-30,2026-10-06,Increase,3,Forecast,2026-06-SOP,Planned
PLAN-000911,2026-06-SOP,Production,DRV-0010,200,10.0,2026-10-30,2026-09-23,Defer,2,Forecast,2026-06-SOP,Planned
PLAN-001095,2026-06-SOP,Production,ACT-0006,200,5.0,2026-10-30,2026-10-05,Expedite,1,Sales Order,SO-001096,Planned
PLAN-001279,2026-06-SOP,Purchase,AFT-0032,100,75.0,2026-10-30,2026-09-12,,5,Forecast,2026-06-SOP,Planned
PLAN-001463,2026-06-SOP,Production,DRV-0018,200,40.0,2026-10-30,2026-08-30,Decrease,4,Forecast,2026-06-SOP,Planned
PLAN-001647,2026-06-SOP,Production,ACT-0014,200,20.0,2026-10-30,2026-09-11,Increase,3,Sales Order,SO-001648,Planned
PLAN-001831,2026-06-SOP,Purchase,AFT-0040,100,10.0,2026-10-30,2026-10-12,Defer,2,Forecast,2026-06-SOP,Planned
PLAN-002015,2026-06-SOP,Production,DRV-0026,200,5.0,2026-10-30,2026-09-30,Expedite,1,Forecast,2026-06-SOP,Planned
PLAN-002199,2026-06-SOP,Production,ACT-0022,200,75.0,2026-10-30,2026-10-12,,5,Sales Order,SO-002200,Planned
PLAN-002383,2026-06-SOP,Purchase,AFT-0048,300,40.0,2026-10-30,2026-09-19,Decrease,4,Forecast,2026-06-SOP,Planned
PLAN-002567,2026-06-SOP,Production,DRV-0034,200,20.0,2026-10-30,2026-09-06,Increase,3,Forecast,2026-06-SOP,Planned
PLAN-002751,2026-06-SOP,Production,ACT-0030,200,10.0,2026-10-30,2026-09-18,Defer,2,Sales Order,SO-002752,Planned
PLAN-002935,2026-06-SOP,Purchase,AFT-0056,100,5.0,2026-10-30,2026-10-20,Expedite,1,Forecast,2026-06-SOP,Planned
PLAN-003119,2026-06-SOP,Production,DRV-0042,200,75.0,2026-10-30,2026-10-07,,5,Forecast,2026-06-SOP,Planned
PLAN-003303,2026-06-SOP,Production,ACT-0038,200,40.0,2026-10-30,2026-10-19,Decrease,4,Sales Order,SO-003304,Planned
PLAN-003487,2026-06-SOP,Production,CTL-0004,300,20.0,2026-10-30,2026-10-11,Increase,3,Forecast,2026-06-SOP,Planned
PLAN-003671,2026-06-SOP,Production,DRV-0050,200,10.0,2026-10-30,2026-09-13,Defer,2,Forecast,2026-06-SOP,Planned
PLAN-003855,2026-06-SOP,Production,ACT-0046,200,5.0,2026-10-30,2026-09-25,Expedite,1,Sales Order,SO-003856,Planned
PLAN-004039,2026-06-SOP,Production,CTL-0012,300,75.0,2026-10-30,2026-09-17,,5,Forecast,2026-06-SOP,Planned
PLAN-004223,2026-06-SOP,Production,DRV-0058,200,40.0,2026-10-30,2026-10-14,Decrease,4,Forecast,2026-06-SOP,Planned
PLAN-004407,2026-06-SOP,Production,ACT-0054,200,20.0,2026-10-30,2026-09-01,Increase,3,Sales Order,SO-004408,Planned
PLAN-004591,2026-06-SOP,Production,CTL-0020,300,10.0,2026-10-30,2026-10-18,Defer,2,Forecast,2026-06-SOP,Planned
PLAN-004775,2026-06-SOP,Production,SYS-0006,300,5.0,2026-10-30,2026-10-05,Expedite,1,Forecast,2026-06-SOP,Planned
PLAN-004959,2026-06-SOP,Purchase,AFT-0002,100,75.0,2026-10-30,2026-10-17,,5,Sales Order,SO-004960,Planned
PLAN-000070,2026-06-SOP,Production,ACT-0031,100,5.0,2026-10-31,2026-09-16,Expedite,1,Forecast,2026-06-SOP,Planned
PLAN-000254,2026-06-SOP,Purchase,AFT-0057,300,75.0,2026-10-31,2026-10-18,,5,Forecast,2026-06-SOP,Planned
PLAN-000438,2026-06-SOP,Production,DRV-0043,100,40.0,2026-10-31,2026-10-05,Decrease,4,Sales Order,SO-000439,Planned
PLAN-000622,2026-06-SOP,Production,ACT-0039,100,20.0,2026-10-31,2026-10-17,Increase,3,Forecast,2026-06-SOP,Planned
PLAN-000806,2026-06-SOP,Production,CTL-0005,300,10.0,2026-10-31,2026-10-09,Defer,2,Forecast,2026-06-SOP,Planned
PLAN-000990,2026-06-SOP,Production,DRV-0051,100,5.0,2026-10-31,2026-09-11,Expedite,1,Sales Order,SO-000991,Planned
PLAN-001174,2026-06-SOP,Production,ACT-0047,100,75.0,2026-10-31,2026-09-23,,5,Forecast,2026-06-SOP,Planned
PLAN-001358,2026-06-SOP,Production,CTL-0013,300,40.0,2026-10-31,2026-09-15,Decrease,4,Forecast,2026-06-SOP,Planned
PLAN-001542,2026-06-SOP,Production,DRV-0059,100,20.0,2026-10-31,2026-10-12,Increase,3,Sales Order,SO-001543,Planned
PLAN-001726,2026-06-SOP,Production,ACT-0055,100,10.0,2026-10-31,2026-10-24,Defer,2,Forecast,2026-06-SOP,Planned
PLAN-001910,2026-06-SOP,Production,CTL-0021,300,5.0,2026-10-31,2026-10-16,Expedite,1,Forecast,2026-06-SOP,Planned
PLAN-002094,2026-06-SOP,Production,SYS-0007,100,75.0,2026-10-31,2026-10-03,,5,Sales Order,SO-002095,Planned
PLAN-002278,2026-06-SOP,Purchase,AFT-0003,300,40.0,2026-10-31,2026-10-15,Decrease,4,Forecast,2026-06-SOP,Planned
PLAN-002462,2026-06-SOP,Production,CTL-0029,300,20.0,2026-10-31,2026-09-22,Increase,3,Forecast,2026-06-SOP,Planned
PLAN-002646,2026-06-SOP,Production,SYS-0015,100,10.0,2026-10-31,2026-09-09,Defer,2,Sales Order,SO-002647,Planned
PLAN-002830,2026-06-SOP,Purchase,AFT-0011,100,5.0,2026-10-31,2026-09-21,Expedite,1,Forecast,2026-06-SOP,Planned
PLAN-003014,2026-06-SOP,Production,CTL-0037,300,75.0,2026-10-31,2026-10-23,,5,Forecast,2026-06-SOP,Planned
PLAN-003198,2026-06-SOP,Production,SYS-0023,100,40.0,2026-10-31,2026-10-10,Decrease,4,Sales Order,SO-003199,Planned
PLAN-003382,2026-06-SOP,Purchase,AFT-0019,100,20.0,2026-10-31,2026-10-13,Increase,3,Forecast,2026-06-SOP,Planned
PLAN-003566,2026-06-SOP,Production,DRV-0005,100,10.0,2026-10-31,2026-10-09,Defer,2,Forecast,2026-06-SOP,Planned
PLAN-003750,2026-06-SOP,Production,ACT-0001,100,5.0,2026-10-31,2026-10-21,Expedite,1,Sales Order,SO-003751,Planned
PLAN-003934,2026-06-SOP,Purchase,AFT-0027,300,75.0,2026-10-31,2026-09-28,,5,Forecast,2026-06-SOP,Planned
PLAN-004118,2026-06-SOP,Production,DRV-0013,100,40.0,2026-10-31,2026-09-15,Decrease,4,Forecast,2026-06-SOP,Planned
PLAN-004302,2026-06-SOP,Production,ACT-0009,100,20.0,2026-10-31,2026-09-27,Increase,3,Sales Order,SO-004303,Planned
PLAN-004486,2026-06-SOP,Purchase,AFT-0035,100,10.0,2026-10-31,2026-09-04,Defer,2,Forecast,2026-06-SOP,Planned
PLAN-004670,2026-06-SOP,Production,DRV-0021,100,5.0,2026-10-31,2026-10-16,Expedite,1,Forecast,2026-06-SOP,Planned
PLAN-004854,2026-06-SOP,Production,ACT-0017,100,75.0,2026-10-31,2026-09-03,,5,Sales Order,SO-004855,Planned
PLAN-000149,2026-06-SOP,Purchase,AFT-0012,300,75.0,2026-11-01,2026-09-19,,5,Forecast,2026-06-SOP,Planned
PLAN-000333,2026-06-SOP,Production,CTL-0038,300,40.0,2026-11-01,2026-10-21,Decrease,4,Sales Order,SO-000334,Planned
PLAN-000517,2026-06-SOP,Production,SYS-0024,300,20.0,2026-11-01,2026-10-08,Increase,3,Forecast,2026-06-SOP,Planned
PLAN-000701,2026-06-SOP,Purchase,AFT-0020,100,10.0,2026-11-01,2026-10-20,Defer,2,Forecast,2026-06-SOP,Planned
PLAN-000885,2026-06-SOP,Production,DRV-0006,200,5.0,2026-11-01,2026-10-07,Expedite,1,Sales Order,SO-000886,Planned
PLAN-001069,2026-06-SOP,Production,ACT-0002,200,75.0,2026-11-01,2026-10-19,,5,Forecast,2026-06-SOP,Planned
PLAN-001253,2026-06-SOP,Purchase,AFT-0028,100,40.0,2026-11-01,2026-10-14,Decrease,4,Forecast,2026-06-SOP,Planned
PLAN-001437,2026-06-SOP,Production,DRV-0014,200,20.0,2026-11-01,2026-09-13,Increase,3,Sales Order,SO-001438,Planned
PLAN-001621,2026-06-SOP,Production,ACT-0010,200,10.0,2026-11-01,2026-09-25,Defer,2,Forecast,2026-06-SOP,Planned
PLAN-001805,2026-06-SOP,Purchase,AFT-0036,300,5.0,2026-11-01,2026-09-02,Expedite,1,Forecast,2026-06-SOP,Planned
PLAN-001989,2026-06-SOP,Production,DRV-0022,200,75.0,2026-11-01,2026-10-14,,5,Sales Order,SO-001990,Planned
PLAN-002173,2026-06-SOP,Production,ACT-0018,200,40.0,2026-11-01,2026-09-01,Decrease,4,Forecast,2026-06-SOP,Planned
PLAN-002357,2026-06-SOP,Purchase,AFT-0044,100,20.0,2026-11-01,2026-10-03,Increase,3,Forecast,2026-06-SOP,Planned
PLAN-002541,2026-06-SOP,Production,DRV-0030,200,10.0,2026-11-01,2026-09-20,Defer,2,Sales Order,SO-002542,Planned
PLAN-002725,2026-06-SOP,Production,ACT-0026,200,5.0,2026-11-01,2026-10-02,Expedite,1,Forecast,2026-06-SOP,Planned
PLAN-002909,2026-06-SOP,Purchase,AFT-0052,100,75.0,2026-11-01,2026-10-14,,5,Forecast,2026-06-SOP,Planned
PLAN-003093,2026-06-SOP,Production,DRV-0038,200,40.0,2026-11-01,2026-10-21,Decrease,4,Sales Order,SO-003094,Planned
PLAN-003277,2026-06-SOP,Production,ACT-0034,200,20.0,2026-11-01,2026-09-08,Increase,3,Forecast,2026-06-SOP,Planned
PLAN-003461,2026-06-SOP,Purchase,AFT-0060,300,10.0,2026-11-01,2026-10-10,Defer,2,Forecast,2026-06-SOP,Planned
PLAN-003645,2026-06-SOP,Production,DRV-0046,200,5.0,2026-11-01,2026-09-27,Expedite,1,Sales Order,SO-003646,Planned
PLAN-003829,2026-06-SOP,Production,ACT-0042,200,75.0,2026-11-01,2026-10-09,,5,Forecast,2026-06-SOP,Planned
PLAN-004013,2026-06-SOP,Production,CTL-0008,300,40.0,2026-11-01,2026-10-01,Decrease,4,Forecast,2026-06-SOP,Planned
PLAN-004197,2026-06-SOP,Production,DRV-0054,200,20.0,2026-11-01,2026-09-03,Increase,3,Sales Order,SO-004198,Planned
PLAN-004381,2026-06-SOP,Production,ACT-0050,200,10.0,2026-11-01,2026-09-15,Defer,2,Forecast,2026-06-SOP,Planned
PLAN-004565,2026-06-SOP,Production,CTL-0016,300,5.0,2026-11-01,2026-09-07,Expedite,1,Forecast,2026-06-SOP,Planned
PLAN-004749,2026-06-SOP,Production,SYS-0002,300,75.0,2026-11-01,2026-10-19,,5,Sales Order,SO-004750,Planned
PLAN-004933,2026-06-SOP,Production,ACT-0058,200,40.0,2026-11-01,2026-10-16,Decrease,4,Forecast,2026-06-SOP,Planned
PLAN-000044,2026-06-SOP,Production,ACT-0027,100,75.0,2026-11-02,2026-09-30,,5,Forecast,2026-06-SOP,Planned
PLAN-000228,2026-06-SOP,Purchase,AFT-0053,100,40.0,2026-11-02,2026-09-07,Decrease,4,Sales Order,SO-000229,Planned
PLAN-000412,2026-06-SOP,Production,DRV-0039,100,20.0,2026-11-02,2026-10-19,Increase,3,Forecast,2026-06-SOP,Planned
PLAN-000596,2026-06-SOP,Production,ACT-0035,100,10.0,2026-11-02,2026-09-06,Defer,2,Forecast,2026-06-SOP,Planned
PLAN-000780,2026-06-SOP,Production,CTL-0001,300,5.0,2026-11-02,2026-10-23,Expedite,1,Sales Order,SO-000781,Planned
PLAN-000964,2026-06-SOP,Production,DRV-0047,100,75.0,2026-11-02,2026-09-25,,5,Forecast,2026-06-SOP,Planned
PLAN-001148,2026-06-SOP,Production,ACT-0043,100,40.0,2026-11-02,2026-10-07,Decrease,4,Forecast,2026-06-SOP,Planned
PLAN-001332,2026-06-SOP,Production,CTL-0009,300,20.0,2026-11-02,2026-09-29,Increase,3,Sales Order,SO-001333,Planned
PLAN-001516,2026-06-SOP,Production,DRV-0055,100,10.0,2026-11-02,2026-10-26,Defer,2,Forecast,2026-06-SOP,Planned
PLAN-001700,2026-06-SOP,Production,ACT-0051,100,5.0,2026-11-02,2026-09-13,Expedite,1,Forecast,2026-06-SOP,Planned
PLAN-001884,2026-06-SOP,Production,CTL-0017,300,75.0,2026-11-02,2026-09-05,,5,Sales Order,SO-001885,Planned
PLAN-002068,2026-06-SOP,Production,SYS-0003,100,40.0,2026-11-02,2026-10-17,Decrease,4,Forecast,2026-06-SOP,Planned
PLAN-002252,2026-06-SOP,Production,ACT-0059,100,20.0,2026-11-02,2026-10-14,Increase,3,Forecast,2026-06-SOP,Planned
PLAN-002436,2026-06-SOP,Production,CTL-0025,300,10.0,2026-11-02,2026-10-06,Defer,2,Sales Order,SO-002437,Planned
PLAN-002620,2026-06-SOP,Production,SYS-0011,100,5.0,2026-11-02,2026-09-23,Expedite,1,Forecast,2026-06-SOP,Planned
PLAN-002804,2026-06-SOP,Purchase,AFT-0007,100,75.0,2026-11-02,2026-10-15,,5,Forecast,2026-06-SOP,Planned
PLAN-002988,2026-06-SOP,Production,CTL-0033,300,40.0,2026-11-02,2026-09-12,Decrease,4,Sales Order,SO-002989,Planned
PLAN-003172,2026-06-SOP,Production,SYS-0019,100,20.0,2026-11-02,2026-10-24,Increase,3,Forecast,2026-06-SOP,Planned
PLAN-003356,2026-06-SOP,Purchase,AFT-0015,300,10.0,2026-11-02,2026-09-11,Defer,2,Forecast,2026-06-SOP,Planned
PLAN-003540,2026-06-SOP,Production,DRV-0001,100,5.0,2026-11-02,2026-10-23,Expedite,1,Sales Order,SO-003541,Planned
PLAN-003724,2026-06-SOP,Production,SYS-0027,100,75.0,2026-11-02,2026-09-30,,5,Forecast,2026-06-SOP,Planned
PLAN-003908,2026-06-SOP,Purchase,AFT-0023,100,40.0,2026-11-02,2026-10-12,Decrease,4,Forecast,2026-06-SOP,Planned
PLAN-004092,2026-06-SOP,Production,DRV-0009,100,20.0,2026-11-02,2026-09-29,Increase,3,Sales Order,SO-004093,Planned
PLAN-004276,2026-06-SOP,Production,ACT-0005,100,10.0,2026-11-02,2026-10-11,Defer,2,Forecast,2026-06-SOP,Planned
PLAN-004460,2026-06-SOP,Purchase,AFT-0031,100,5.0,2026-11-02,2026-10-15,Expedite,1,Forecast,2026-06-SOP,Planned
PLAN-004644,2026-06-SOP,Production,DRV-0017,100,75.0,2026-11-02,2026-09-05,,5,Sales Order,SO-004645,Planned
PLAN-004828,2026-06-SOP,Production,ACT-0013,100,40.0,2026-11-02,2026-09-17,Decrease,4,Forecast,2026-06-SOP,Planned
PLAN-000123,2026-06-SOP,Purchase,AFT-0008,100,40.0,2026-11-03,2026-10-03,Decrease,4,Sales Order,SO-000124,Planned
PLAN-000307,2026-06-SOP,Production,CTL-0034,300,20.0,2026-11-03,2026-09-10,Increase,3,Forecast,2026-06-SOP,Planned
PLAN-000491,2026-06-SOP,Production,SYS-0020,300,10.0,2026-11-03,2026-10-22,Defer,2,Forecast,2026-06-SOP,Planned
PLAN-000675,2026-06-SOP,Purchase,AFT-0016,100,5.0,2026-11-03,2026-10-16,Expedite,1,Sales Order,SO-000676,Planned
PLAN-000859,2026-06-SOP,Production,DRV-0002,200,75.0,2026-11-03,2026-10-21,,5,Forecast,2026-06-SOP,Planned
PLAN-001043,2026-06-SOP,Production,SYS-0028,300,40.0,2026-11-03,2026-09-28,Decrease,4,Forecast,2026-06-SOP,Planned
PLAN-001227,2026-06-SOP,Purchase,AFT-0024,300,20.0,2026-11-03,2026-10-10,Increase,3,Sales Order,SO-001228,Planned
PLAN-001411,2026-06-SOP,Production,DRV-0010,200,10.0,2026-11-03,2026-09-27,Defer,2,Forecast,2026-06-SOP,Planned
PLAN-001595,2026-06-SOP,Production,ACT-0006,200,5.0,2026-11-03,2026-10-09,Expedite,1,Forecast,2026-06-SOP,Planned
PLAN-001779,2026-06-SOP,Purchase,AFT-0032,100,75.0,2026-11-03,2026-09-16,,5,Sales Order,SO-001780,Planned
PLAN-001963,2026-06-SOP,Production,DRV-0018,200,40.0,2026-11-03,2026-09-03,Decrease,4,Forecast,2026-06-SOP,Planned
PLAN-002147,2026-06-SOP,Production,ACT-0014,200,20.0,2026-11-03,2026-09-15,Increase,3,Forecast,2026-06-SOP,Planned
PLAN-002331,2026-06-SOP,Purchase,AFT-0040,100,10.0,2026-11-03,2026-10-16,Defer,2,Sales Order,SO-002332,Planned
PLAN-002515,2026-06-SOP,Production,DRV-0026,200,5.0,2026-11-03,2026-10-04,Expedite,1,Forecast,2026-06-SOP,Planned
PLAN-002699,2026-06-SOP,Production,ACT-0022,200,75.0,2026-11-03,2026-10-16,,5,Forecast,2026-06-SOP,Planned
PLAN-002883,2026-06-SOP,Purchase,AFT-0048,300,40.0,2026-11-03,2026-09-23,Decrease,4,Sales Order,SO-002884,Planned
PLAN-003067,2026-06-SOP,Production,DRV-0034,200,20.0,2026-11-03,2026-09-10,Increase,3,Forecast,2026-06-SOP,Planned
PLAN-003251,2026-06-SOP,Production,ACT-0030,200,10.0,2026-11-03,2026-09-22,Defer,2,Forecast,2026-06-SOP,Planned
PLAN-003435,2026-06-SOP,Purchase,AFT-0056,100,5.0,2026-11-03,2026-10-24,Expedite,1,Sales Order,SO-003436,Planned
PLAN-003619,2026-06-SOP,Production,DRV-0042,200,75.0,2026-11-03,2026-10-11,,5,Forecast,2026-06-SOP,Planned
PLAN-003803,2026-06-SOP,Production,ACT-0038,200,40.0,2026-11-03,2026-10-23,Decrease,4,Forecast,2026-06-SOP,Planned
PLAN-003987,2026-06-SOP,Production,CTL-0004,300,20.0,2026-11-03,2026-10-15,Increase,3,Sales Order,SO-003988,Planned
PLAN-004171,2026-06-SOP,Production,DRV-0050,200,10.0,2026-11-03,2026-09-17,Defer,2,Forecast,2026-06-SOP,Planned
PLAN-004355,2026-06-SOP,Production,ACT-0046,200,5.0,2026-11-03,2026-09-29,Expedite,1,Forecast,2026-06-SOP,Planned
PLAN-004539,2026-06-SOP,Production,CTL-0012,300,75.0,2026-11-03,2026-09-21,,5,Sales Order,SO-004540,Planned
PLAN-004723,2026-06-SOP,Production,DRV-0058,200,40.0,2026-11-03,2026-10-18,Decrease,4,Forecast,2026-06-SOP,Planned
PLAN-004907,2026-06-SOP,Production,ACT-0054,200,20.0,2026-11-03,2026-09-05,Increase,3,Forecast,2026-06-SOP,Planned
PLAN-000018,2026-06-SOP,Production,ACT-0023,100,40.0,2026-11-04,2026-10-14,Decrease,4,Sales Order,SO-000019,Planned
PLAN-000202,2026-06-SOP,Purchase,AFT-0049,100,20.0,2026-11-04,2026-10-17,Increase,3,Forecast,2026-06-SOP,Planned
PLAN-000386,2026-06-SOP,Production,DRV-0035,100,10.0,2026-11-04,2026-09-08,Defer,2,Forecast,2026-06-SOP,Planned
PLAN-000570,2026-06-SOP,Production,ACT-0031,100,5.0,2026-11-04,2026-09-20,Expedite,1,Sales Order,SO-000571,Planned
PLAN-000754,2026-06-SOP,Purchase,AFT-0057,300,75.0,2026-11-04,2026-10-22,,5,Forecast,2026-06-SOP,Planned
PLAN-000938,2026-06-SOP,Production,DRV-0043,100,40.0,2026-11-04,2026-10-09,Decrease,4,Forecast,2026-06-SOP,Planned
PLAN-001122,2026-06-SOP,Production,ACT-0039,100,20.0,2026-11-04,2026-10-21,Increase,3,Sales Order,SO-001123,Planned
PLAN-001306,2026-06-SOP,Production,CTL-0005,300,10.0,2026-11-04,2026-10-13,Defer,2,Forecast,2026-06-SOP,Planned
PLAN-001490,2026-06-SOP,Production,DRV-0051,100,5.0,2026-11-04,2026-09-15,Expedite,1,Forecast,2026-06-SOP,Planned
PLAN-001674,2026-06-SOP,Production,ACT-0047,100,75.0,2026-11-04,2026-09-27,,5,Sales Order,SO-001675,Planned
PLAN-001858,2026-06-SOP,Production,CTL-0013,300,40.0,2026-11-04,2026-09-19,Decrease,4,Forecast,2026-06-SOP,Planned
PLAN-002042,2026-06-SOP,Production,DRV-0059,100,20.0,2026-11-04,2026-10-16,Increase,3,Forecast,2026-06-SOP,Planned
PLAN-002226,2026-06-SOP,Production,ACT-0055,100,10.0,2026-11-04,2026-10-28,Defer,2,Sales Order,SO-002227,Planned
PLAN-002410,2026-06-SOP,Production,CTL-0021,300,5.0,2026-11-04,2026-10-20,Expedite,1,Forecast,2026-06-SOP,Planned
PLAN-002594,2026-06-SOP,Production,SYS-0007,100,75.0,2026-11-04,2026-10-07,,5,Forecast,2026-06-SOP,Planned
PLAN-002778,2026-06-SOP,Purchase,AFT-0003,300,40.0,2026-11-04,2026-10-19,Decrease,4,Sales Order,SO-002779,Planned
PLAN-002962,2026-06-SOP,Production,CTL-0029,300,20.0,2026-11-04,2026-09-26,Increase,3,Forecast,2026-06-SOP,Planned
PLAN-003146,2026-06-SOP,Production,SYS-0015,100,10.0,2026-11-04,2026-09-13,Defer,2,Forecast,2026-06-SOP,Planned
PLAN-003330,2026-06-SOP,Purchase,AFT-0011,100,5.0,2026-11-04,2026-09-25,Expedite,1,Sales Order,SO-003331,Planned
PLAN-003514,2026-06-SOP,Production,CTL-0037,300,75.0,2026-11-04,2026-10-27,,5,Forecast,2026-06-SOP,Planned
PLAN-003698,2026-06-SOP,Production,SYS-0023,100,40.0,2026-11-04,2026-10-14,Decrease,4,Forecast,2026-06-SOP,Planned
PLAN-003882,2026-06-SOP,Purchase,AFT-0019,100,20.0,2026-11-04,2026-10-17,Increase,3,Sales Order,SO-003883,Planned
PLAN-004066,2026-06-SOP,Production,DRV-0005,100,10.0,2026-11-04,2026-10-13,Defer,2,Forecast,2026-06-SOP,Planned
PLAN-004250,2026-06-SOP,Production,ACT-0001,100,5.0,2026-11-04,2026-10-25,Expedite,1,Forecast,2026-06-SOP,Planned
PLAN-004434,2026-06-SOP,Purchase,AFT-0027,300,75.0,2026-11-04,2026-10-02,,5,Sales Order,SO-004435,Planned
PLAN-004618,2026-06-SOP,Production,DRV-0013,100,40.0,2026-11-04,2026-09-19,Decrease,4,Forecast,2026-06-SOP,Planned
PLAN-004802,2026-06-SOP,Production,ACT-0009,100,20.0,2026-11-04,2026-10-01,Increase,3,Forecast,2026-06-SOP,Planned
PLAN-004986,2026-06-SOP,Purchase,AFT-0035,100,10.0,2026-11-04,2026-09-08,Defer,2,Sales Order,SO-004987,Planned
PLAN-000097,2026-06-SOP,Purchase,AFT-0004,100,20.0,2026-11-05,2026-10-18,Increase,3,Forecast,2026-06-SOP,Planned
PLAN-000281,2026-06-SOP,Production,CTL-0030,300,10.0,2026-11-05,2026-09-24,Defer,2,Forecast,2026-06-SOP,Planned
PLAN-000465,2026-06-SOP,Production,SYS-0016,300,5.0,2026-11-05,2026-09-11,Expedite,1,Sales Order,SO-000466,Planned
PLAN-000649,2026-06-SOP,Purchase,AFT-0012,300,75.0,2026-11-05,2026-09-23,,5,Forecast,2026-06-SOP,Planned
PLAN-000833,2026-06-SOP,Production,CTL-0038,300,40.0,2026-11-05,2026-10-25,Decrease,4,Forecast,2026-06-SOP,Planned
PLAN-001017,2026-06-SOP,Production,SYS-0024,300,20.0,2026-11-05,2026-10-12,Increase,3,Sales Order,SO-001018,Planned
PLAN-001201,2026-06-SOP,Purchase,AFT-0020,100,10.0,2026-11-05,2026-10-24,Defer,2,Forecast,2026-06-SOP,Planned
PLAN-001385,2026-06-SOP,Production,DRV-0006,200,5.0,2026-11-05,2026-10-11,Expedite,1,Forecast,2026-06-SOP,Planned
PLAN-001569,2026-06-SOP,Production,ACT-0002,200,75.0,2026-11-05,2026-10-23,,5,Sales Order,SO-001570,Planned
PLAN-001753,2026-06-SOP,Purchase,AFT-0028,100,40.0,2026-11-05,2026-10-18,Decrease,4,Forecast,2026-06-SOP,Planned
PLAN-001937,2026-06-SOP,Production,DRV-0014,200,20.0,2026-11-05,2026-09-17,Increase,3,Forecast,2026-06-SOP,Planned
PLAN-002121,2026-06-SOP,Production,ACT-0010,200,10.0,2026-11-05,2026-09-29,Defer,2,Sales Order,SO-002122,Planned
PLAN-002305,2026-06-SOP,Purchase,AFT-0036,300,5.0,2026-11-05,2026-09-06,Expedite,1,Forecast,2026-06-SOP,Planned
PLAN-002489,2026-06-SOP,Production,DRV-0022,200,75.0,2026-11-05,2026-10-18,,5,Forecast,2026-06-SOP,Planned
PLAN-002673,2026-06-SOP,Production,ACT-0018,200,40.0,2026-11-05,2026-09-05,Decrease,4,Sales Order,SO-002674,Planned
PLAN-002857,2026-06-SOP,Purchase,AFT-0044,100,20.0,2026-11-05,2026-10-07,Increase,3,Forecast,2026-06-SOP,Planned
PLAN-003041,2026-06-SOP,Production,DRV-0030,200,10.0,2026-11-05,2026-09-24,Defer,2,Forecast,2026-06-SOP,Planned
PLAN-003225,2026-06-SOP,Production,ACT-0026,200,5.0,2026-11-05,2026-10-06,Expedite,1,Sales Order,SO-003226,Planned
PLAN-003409,2026-06-SOP,Purchase,AFT-0052,100,75.0,2026-11-05,2026-10-18,,5,Forecast,2026-06-SOP,Planned
PLAN-003593,2026-06-SOP,Production,DRV-0038,200,40.0,2026-11-05,2026-10-25,Decrease,4,Forecast,2026-06-SOP,Planned
PLAN-003777,2026-06-SOP,Production,ACT-0034,200,20.0,2026-11-05,2026-09-12,Increase,3,Sales Order,SO-003778,Planned
PLAN-003961,2026-06-SOP,Purchase,AFT-0060,300,10.0,2026-11-05,2026-10-14,Defer,2,Forecast,2026-06-SOP,Planned
PLAN-004145,2026-06-SOP,Production,DRV-0046,200,5.0,2026-11-05,2026-10-01,Expedite,1,Forecast,2026-06-SOP,Planned
PLAN-004329,2026-06-SOP,Production,ACT-0042,200,75.0,2026-11-05,2026-10-13,,5,Sales Order,SO-004330,Planned
PLAN-004513,2026-06-SOP,Production,CTL-0008,300,40.0,2026-11-05,2026-10-05,Decrease,4,Forecast,2026-06-SOP,Planned
PLAN-004697,2026-06-SOP,Production,DRV-0054,200,20.0,2026-11-05,2026-09-07,Increase,3,Forecast,2026-06-SOP,Planned
PLAN-004881,2026-06-SOP,Production,ACT-0050,200,10.0,2026-11-05,2026-09-19,Defer,2,Sales Order,SO-004882,Planned
PLAN-000176,2026-06-SOP,Purchase,AFT-0045,300,10.0,2026-11-06,2026-10-05,Defer,2,Forecast,2026-06-SOP,Planned
PLAN-000360,2026-06-SOP,Production,DRV-0031,100,5.0,2026-11-06,2026-09-22,Expedite,1,Sales Order,SO-000361,Planned
PLAN-000544,2026-06-SOP,Production,ACT-0027,100,75.0,2026-11-06,2026-10-04,,5,Forecast,2026-06-SOP,Planned
PLAN-000728,2026-06-SOP,Purchase,AFT-0053,100,40.0,2026-11-06,2026-09-11,Decrease,4,Forecast,2026-06-SOP,Planned
PLAN-000912,2026-06-SOP,Production,DRV-0039,100,20.0,2026-11-06,2026-10-23,Increase,3,Sales Order,SO-000913,Planned
PLAN-001096,2026-06-SOP,Production,ACT-0035,100,10.0,2026-11-06,2026-09-10,Defer,2,Forecast,2026-06-SOP,Planned
PLAN-001280,2026-06-SOP,Production,CTL-0001,300,5.0,2026-11-06,2026-10-27,Expedite,1,Forecast,2026-06-SOP,Planned
PLAN-001464,2026-06-SOP,Production,DRV-0047,100,75.0,2026-11-06,2026-09-29,,5,Sales Order,SO-001465,Planned
PLAN-001648,2026-06-SOP,Production,ACT-0043,100,40.0,2026-11-06,2026-10-11,Decrease,4,Forecast,2026-06-SOP,Planned
PLAN-001832,2026-06-SOP,Production,CTL-0009,300,20.0,2026-11-06,2026-10-03,Increase,3,Forecast,2026-06-SOP,Planned
PLAN-002016,2026-06-SOP,Production,DRV-0055,100,10.0,2026-11-06,2026-10-30,Defer,2,Sales Order,SO-002017,Planned
PLAN-002200,2026-06-SOP,Production,ACT-0051,100,5.0,2026-11-06,2026-09-17,Expedite,1,Forecast,2026-06-SOP,Planned
PLAN-002384,2026-06-SOP,Production,CTL-0017,300,75.0,2026-11-06,2026-09-09,,5,Forecast,2026-06-SOP,Planned
PLAN-002568,2026-06-SOP,Production,SYS-0003,100,40.0,2026-11-06,2026-10-21,Decrease,4,Sales Order,SO-002569,Planned
PLAN-002752,2026-06-SOP,Production,ACT-0059,100,20.0,2026-11-06,2026-10-18,Increase,3,Forecast,2026-06-SOP,Planned
PLAN-002936,2026-06-SOP,Production,CTL-0025,300,10.0,2026-11-06,2026-10-10,Defer,2,Forecast,2026-06-SOP,Planned
PLAN-003120,2026-06-SOP,Production,SYS-0011,100,5.0,2026-11-06,2026-09-27,Expedite,1,Sales Order,SO-003121,Planned
PLAN-003304,2026-06-SOP,Purchase,AFT-0007,100,75.0,2026-11-06,2026-10-19,,5,Forecast,2026-06-SOP,Planned
PLAN-003488,2026-06-SOP,Production,CTL-0033,300,40.0,2026-11-06,2026-09-16,Decrease,4,Forecast,2026-06-SOP,Planned
PLAN-003672,2026-06-SOP,Production,SYS-0019,100,20.0,2026-11-06,2026-10-28,Increase,3,Sales Order,SO-003673,Planned
PLAN-003856,2026-06-SOP,Purchase,AFT-0015,300,10.0,2026-11-06,2026-09-15,Defer,2,Forecast,2026-06-SOP,Planned
PLAN-004040,2026-06-SOP,Production,DRV-0001,100,5.0,2026-11-06,2026-10-27,Expedite,1,Forecast,2026-06-SOP,Planned
PLAN-004224,2026-06-SOP,Production,SYS-0027,100,75.0,2026-11-06,2026-10-04,,5,Sales Order,SO-004225,Planned
PLAN-004408,2026-06-SOP,Purchase,AFT-0023,100,40.0,2026-11-06,2026-10-16,Decrease,4,Forecast,2026-06-SOP,Planned
PLAN-004592,2026-06-SOP,Production,DRV-0009,100,20.0,2026-11-06,2026-10-03,Increase,3,Forecast,2026-06-SOP,Planned
PLAN-004776,2026-06-SOP,Production,ACT-0005,100,10.0,2026-11-06,2026-10-15,Defer,2,Sales Order,SO-004777,Planned
PLAN-004960,2026-06-SOP,Purchase,AFT-0031,100,5.0,2026-11-06,2026-10-19,Expedite,1,Forecast,2026-06-SOP,Planned
PLAN-000071,2026-06-SOP,Production,ACT-0060,200,10.0,2026-11-07,2026-10-16,Defer,2,Forecast,2026-06-SOP,Planned
PLAN-000255,2026-06-SOP,Production,CTL-0026,300,5.0,2026-11-07,2026-10-08,Expedite,1,Sales Order,SO-000256,Planned
PLAN-000439,2026-06-SOP,Production,SYS-0012,300,75.0,2026-11-07,2026-09-25,,5,Forecast,2026-06-SOP,Planned
PLAN-000623,2026-06-SOP,Purchase,AFT-0008,100,40.0,2026-11-07,2026-10-07,Decrease,4,Forecast,2026-06-SOP,Planned
PLAN-000807,2026-06-SOP,Production,CTL-0034,300,20.0,2026-11-07,2026-09-14,Increase,3,Sales Order,SO-000808,Planned
PLAN-000991,2026-06-SOP,Production,SYS-0020,300,10.0,2026-11-07,2026-10-26,Defer,2,Forecast,2026-06-SOP,Planned
PLAN-001175,2026-06-SOP,Purchase,AFT-0016,100,5.0,2026-11-07,2026-10-20,Expedite,1,Forecast,2026-06-SOP,Planned
PLAN-001359,2026-06-SOP,Production,DRV-0002,200,75.0,2026-11-07,2026-10-25,,5,Sales Order,SO-001360,Planned
PLAN-001543,2026-06-SOP,Production,SYS-0028,300,40.0,2026-11-07,2026-10-02,Decrease,4,Forecast,2026-06-SOP,Planned
PLAN-001727,2026-06-SOP,Purchase,AFT-0024,300,20.0,2026-11-07,2026-10-14,Increase,3,Forecast,2026-06-SOP,Planned
PLAN-001911,2026-06-SOP,Production,DRV-0010,200,10.0,2026-11-07,2026-10-01,Defer,2,Sales Order,SO-001912,Planned
PLAN-002095,2026-06-SOP,Production,ACT-0006,200,5.0,2026-11-07,2026-10-13,Expedite,1,Forecast,2026-06-SOP,Planned
PLAN-002279,2026-06-SOP,Purchase,AFT-0032,100,75.0,2026-11-07,2026-09-20,,5,Forecast,2026-06-SOP,Planned
PLAN-002463,2026-06-SOP,Production,DRV-0018,200,40.0,2026-11-07,2026-09-07,Decrease,4,Sales Order,SO-002464,Planned
PLAN-002647,2026-06-SOP,Production,ACT-0014,200,20.0,2026-11-07,2026-09-19,Increase,3,Forecast,2026-06-SOP,Planned
PLAN-002831,2026-06-SOP,Purchase,AFT-0040,100,10.0,2026-11-07,2026-10-20,Defer,2,Forecast,2026-06-SOP,Planned
PLAN-003015,2026-06-SOP,Production,DRV-0026,200,5.0,2026-11-07,2026-10-08,Expedite,1,Sales Order,SO-003016,Planned
PLAN-003199,2026-06-SOP,Production,ACT-0022,200,75.0,2026-11-07,2026-10-20,,5,Forecast,2026-06-SOP,Planned
PLAN-003383,2026-06-SOP,Purchase,AFT-0048,300,40.0,2026-11-07,2026-09-27,Decrease,4,Forecast,2026-06-SOP,Planned
PLAN-003567,2026-06-SOP,Production,DRV-0034,200,20.0,2026-11-07,2026-09-14,Increase,3,Sales Order,SO-003568,Planned
PLAN-003751,2026-06-SOP,Production,ACT-0030,200,10.0,2026-11-07,2026-09-26,Defer,2,Forecast,2026-06-SOP,Planned
PLAN-003935,2026-06-SOP,Purchase,AFT-0056,100,5.0,2026-11-07,2026-10-28,Expedite,1,Forecast,2026-06-SOP,Planned
PLAN-004119,2026-06-SOP,Production,DRV-0042,200,75.0,2026-11-07,2026-10-15,,5,Sales Order,SO-004120,Planned
PLAN-004303,2026-06-SOP,Production,ACT-0038,200,40.0,2026-11-07,2026-10-27,Decrease,4,Forecast,2026-06-SOP,Planned
PLAN-004487,2026-06-SOP,Production,CTL-0004,300,20.0,2026-11-07,2026-10-19,Increase,3,Forecast,2026-06-SOP,Planned
PLAN-004671,2026-06-SOP,Production,DRV-0050,200,10.0,2026-11-07,2026-09-21,Defer,2,Sales Order,SO-004672,Planned
PLAN-004855,2026-06-SOP,Production,ACT-0046,200,5.0,2026-11-07,2026-10-03,Expedite,1,Forecast,2026-06-SOP,Planned
PLAN-000150,2026-06-SOP,Purchase,AFT-0041,100,5.0,2026-11-08,2026-10-19,Expedite,1,Sales Order,SO-000151,Planned
PLAN-000334,2026-06-SOP,Production,DRV-0027,100,75.0,2026-11-08,2026-10-06,,5,Forecast,2026-06-SOP,Planned
PLAN-000518,2026-06-SOP,Production,ACT-0023,100,40.0,2026-11-08,2026-10-18,Decrease,4,Forecast,2026-06-SOP,Planned
PLAN-000702,2026-06-SOP,Purchase,AFT-0049,100,20.0,2026-11-08,2026-10-21,Increase,3,Sales Order,SO-000703,Planned
PLAN-000886,2026-06-SOP,Production,DRV-0035,100,10.0,2026-11-08,2026-09-12,Defer,2,Forecast,2026-06-SOP,Planned
PLAN-001070,2026-06-SOP,Production,ACT-0031,100,5.0,2026-11-08,2026-09-24,Expedite,1,Forecast,2026-06-SOP,Planned
PLAN-001254,2026-06-SOP,Purchase,AFT-0057,300,75.0,2026-11-08,2026-10-26,,5,Sales Order,SO-001255,Planned
PLAN-001438,2026-06-SOP,Production,DRV-0043,100,40.0,2026-11-08,2026-10-13,Decrease,4,Forecast,2026-06-SOP,Planned
PLAN-001622,2026-06-SOP,Production,ACT-0039,100,20.0,2026-11-08,2026-10-25,Increase,3,Forecast,2026-06-SOP,Planned
PLAN-001806,2026-06-SOP,Production,CTL-0005,300,10.0,2026-11-08,2026-10-17,Defer,2,Sales Order,SO-001807,Planned
PLAN-001990,2026-06-SOP,Production,DRV-0051,100,5.0,2026-11-08,2026-09-19,Expedite,1,Forecast,2026-06-SOP,Planned
PLAN-002174,2026-06-SOP,Production,ACT-0047,100,75.0,2026-11-08,2026-10-01,,5,Forecast,2026-06-SOP,Planned
PLAN-002358,2026-06-SOP,Production,CTL-0013,300,40.0,2026-11-08,2026-09-23,Decrease,4,Sales Order,SO-002359,Planned
PLAN-002542,2026-06-SOP,Production,DRV-0059,100,20.0,2026-11-08,2026-10-20,Increase,3,Forecast,2026-06-SOP,Planned
PLAN-002726,2026-06-SOP,Production,ACT-0055,100,10.0,2026-11-08,2026-11-01,Defer,2,Forecast,2026-06-SOP,Planned
PLAN-002910,2026-06-SOP,Production,CTL-0021,300,5.0,2026-11-08,2026-10-24,Expedite,1,Sales Order,SO-002911,Planned
PLAN-003094,2026-06-SOP,Production,SYS-0007,100,75.0,2026-11-08,2026-10-11,,5,Forecast,2026-06-SOP,Planned
PLAN-003278,2026-06-SOP,Purchase,AFT-0003,300,40.0,2026-11-08,2026-10-23,Decrease,4,Forecast,2026-06-SOP,Planned
PLAN-003462,2026-06-SOP,Production,CTL-0029,300,20.0,2026-11-08,2026-09-30,Increase,3,Sales Order,SO-003463,Planned
PLAN-003646,2026-06-SOP,Production,SYS-0015,100,10.0,2026-11-08,2026-09-17,Defer,2,Forecast,2026-06-SOP,Planned
PLAN-003830,2026-06-SOP,Purchase,AFT-0011,100,5.0,2026-11-08,2026-09-29,Expedite,1,Forecast,2026-06-SOP,Planned
PLAN-004014,2026-06-SOP,Production,CTL-0037,300,75.0,2026-11-08,2026-10-31,,5,Sales Order,SO-004015,Planned
PLAN-004198,2026-06-SOP,Production,SYS-0023,100,40.0,2026-11-08,2026-10-18,Decrease,4,Forecast,2026-06-SOP,Planned
PLAN-004382,2026-06-SOP,Purchase,AFT-0019,100,20.0,2026-11-08,2026-10-21,Increase,3,Forecast,2026-06-SOP,Planned
PLAN-004566,2026-06-SOP,Production,DRV-0005,100,10.0,2026-11-08,2026-10-17,Defer,2,Sales Order,SO-004567,Planned
PLAN-004750,2026-06-SOP,Production,ACT-0001,100,5.0,2026-11-08,2026-10-29,Expedite,1,Forecast,2026-06-SOP,Planned
PLAN-004934,2026-06-SOP,Purchase,AFT-0027,300,75.0,2026-11-08,2026-10-06,,5,Forecast,2026-06-SOP,Planned
PLAN-000045,2026-06-SOP,Production,ACT-0056,200,5.0,2026-11-09,2026-10-30,Expedite,1,Sales Order,SO-000046,Planned
PLAN-000229,2026-06-SOP,Production,CTL-0022,300,75.0,2026-11-09,2026-10-22,,5,Forecast,2026-06-SOP,Planned
PLAN-000413,2026-06-SOP,Production,SYS-0008,300,40.0,2026-11-09,2026-10-09,Decrease,4,Forecast,2026-06-SOP,Planned
PLAN-000597,2026-06-SOP,Purchase,AFT-0004,100,20.0,2026-11-09,2026-10-22,Increase,3,Sales Order,SO-000598,Planned
PLAN-000781,2026-06-SOP,Production,CTL-0030,300,10.0,2026-11-09,2026-09-28,Defer,2,Forecast,2026-06-SOP,Planned
PLAN-000965,2026-06-SOP,Production,SYS-0016,300,5.0,2026-11-09,2026-09-15,Expedite,1,Forecast,2026-06-SOP,Planned
PLAN-001149,2026-06-SOP,Purchase,AFT-0012,300,75.0,2026-11-09,2026-09-27,,5,Sales Order,SO-001150,Planned
PLAN-001333,2026-06-SOP,Production,CTL-0038,300,40.0,2026-11-09,2026-10-29,Decrease,4,Forecast,2026-06-SOP,Planned
PLAN-001517,2026-06-SOP,Production,SYS-0024,300,20.0,2026-11-09,2026-10-16,Increase,3,Forecast,2026-06-SOP,Planned
PLAN-001701,2026-06-SOP,Purchase,AFT-0020,100,10.0,2026-11-09,2026-10-28,Defer,2,Sales Order,SO-001702,Planned
PLAN-001885,2026-06-SOP,Production,DRV-0006,200,5.0,2026-11-09,2026-10-15,Expedite,1,Forecast,2026-06-SOP,Planned
PLAN-002069,2026-06-SOP,Production,ACT-0002,200,75.0,2026-11-09,2026-10-27,,5,Forecast,2026-06-SOP,Planned
PLAN-002253,2026-06-SOP,Purchase,AFT-0028,100,40.0,2026-11-09,2026-10-22,Decrease,4,Sales Order,SO-002254,Planned
PLAN-002437,2026-06-SOP,Production,DRV-0014,200,20.0,2026-11-09,2026-09-21,Increase,3,Forecast,2026-06-SOP,Planned
PLAN-002621,2026-06-SOP,Production,ACT-0010,200,10.0,2026-11-09,2026-10-03,Defer,2,Forecast,2026-06-SOP,Planned
PLAN-002805,2026-06-SOP,Purchase,AFT-0036,300,5.0,2026-11-09,2026-09-10,Expedite,1,Sales Order,SO-002806,Planned
PLAN-002989,2026-06-SOP,Production,DRV-0022,200,75.0,2026-11-09,2026-10-22,,5,Forecast,2026-06-SOP,Planned
PLAN-003173,2026-06-SOP,Production,ACT-0018,200,40.0,2026-11-09,2026-09-09,Decrease,4,Forecast,2026-06-SOP,Planned
PLAN-003357,2026-06-SOP,Purchase,AFT-0044,100,20.0,2026-11-09,2026-10-11,Increase,3,Sales Order,SO-003358,Planned
PLAN-003541,2026-06-SOP,Production,DRV-0030,200,10.0,2026-11-09,2026-09-28,Defer,2,Forecast,2026-06-SOP,Planned
PLAN-003725,2026-06-SOP,Production,ACT-0026,200,5.0,2026-11-09,2026-10-10,Expedite,1,Forecast,2026-06-SOP,Planned
PLAN-003909,2026-06-SOP,Purchase,AFT-0052,100,75.0,2026-11-09,2026-10-22,,5,Sales Order,SO-003910,Planned
PLAN-004093,2026-06-SOP,Production,DRV-0038,200,40.0,2026-11-09,2026-10-29,Decrease,4,Forecast,2026-06-SOP,Planned
PLAN-004277,2026-06-SOP,Production,ACT-0034,200,20.0,2026-11-09,2026-09-16,Increase,3,Forecast,2026-06-SOP,Planned
PLAN-004461,2026-06-SOP,Purchase,AFT-0060,300,10.0,2026-11-09,2026-10-18,Defer,2,Sales Order,SO-004462,Planned
PLAN-004645,2026-06-SOP,Production,DRV-0046,200,5.0,2026-11-09,2026-10-05,Expedite,1,Forecast,2026-06-SOP,Planned
PLAN-004829,2026-06-SOP,Production,ACT-0042,200,75.0,2026-11-09,2026-10-17,,5,Forecast,2026-06-SOP,Planned
PLAN-000124,2026-06-SOP,Purchase,AFT-0037,100,75.0,2026-11-10,2026-10-23,,5,Forecast,2026-06-SOP,Planned
PLAN-000308,2026-06-SOP,Production,DRV-0023,100,40.0,2026-11-10,2026-10-20,Decrease,4,Forecast,2026-06-SOP,Planned
PLAN-000492,2026-06-SOP,Production,ACT-0019,100,20.0,2026-11-10,2026-11-01,Increase,3,Sales Order,SO-000493,Planned
PLAN-000676,2026-06-SOP,Purchase,AFT-0045,300,10.0,2026-11-10,2026-10-09,Defer,2,Forecast,2026-06-SOP,Planned
PLAN-000860,2026-06-SOP,Production,DRV-0031,100,5.0,2026-11-10,2026-09-26,Expedite,1,Forecast,2026-06-SOP,Planned
PLAN-001044,2026-06-SOP,Production,ACT-0027,100,75.0,2026-11-10,2026-10-08,,5,Sales Order,SO-001045,Planned
PLAN-001228,2026-06-SOP,Purchase,AFT-0053,100,40.0,2026-11-10,2026-09-15,Decrease,4,Forecast,2026-06-SOP,Planned
PLAN-001412,2026-06-SOP,Production,DRV-0039,100,20.0,2026-11-10,2026-10-27,Increase,3,Forecast,2026-06-SOP,Planned
PLAN-001596,2026-06-SOP,Production,ACT-0035,100,10.0,2026-11-10,2026-09-14,Defer,2,Sales Order,SO-001597,Planned
PLAN-001780,2026-06-SOP,Production,CTL-0001,300,5.0,2026-11-10,2026-10-31,Expedite,1,Forecast,2026-06-SOP,Planned
PLAN-001964,2026-06-SOP,Production,DRV-0047,100,75.0,2026-11-10,2026-10-03,,5,Forecast,2026-06-SOP,Planned
PLAN-002148,2026-06-SOP,Production,ACT-0043,100,40.0,2026-11-10,2026-10-15,Decrease,4,Sales Order,SO-002149,Planned
PLAN-002332,2026-06-SOP,Production,CTL-0009,300,20.0,2026-11-10,2026-10-07,Increase,3,Forecast,2026-06-SOP,Planned
PLAN-002516,2026-06-SOP,Production,DRV-0055,100,10.0,2026-11-10,2026-11-03,Defer,2,Forecast,2026-06-SOP,Planned
PLAN-002700,2026-06-SOP,Production,ACT-0051,100,5.0,2026-11-10,2026-09-21,Expedite,1,Sales Order,SO-002701,Planned
PLAN-002884,2026-06-SOP,Production,CTL-0017,300,75.0,2026-11-10,2026-09-13,,5,Forecast,2026-06-SOP,Planned
PLAN-003068,2026-06-SOP,Production,SYS-0003,100,40.0,2026-11-10,2026-10-25,Decrease,4,Forecast,2026-06-SOP,Planned
PLAN-003252,2026-06-SOP,Production,ACT-0059,100,20.0,2026-11-10,2026-10-22,Increase,3,Sales Order,SO-003253,Planned
PLAN-003436,2026-06-SOP,Production,CTL-0025,300,10.0,2026-11-10,2026-10-14,Defer,2,Forecast,2026-06-SOP,Planned
PLAN-003620,2026-06-SOP,Production,SYS-0011,100,5.0,2026-11-10,2026-10-01,Expedite,1,Forecast,2026-06-SOP,Planned
PLAN-003804,2026-06-SOP,Purchase,AFT-0007,100,75.0,2026-11-10,2026-10-23,,5,Sales Order,SO-003805,Planned
PLAN-003988,2026-06-SOP,Production,CTL-0033,300,40.0,2026-11-10,2026-09-20,Decrease,4,Forecast,2026-06-SOP,Planned
PLAN-004172,2026-06-SOP,Production,SYS-0019,100,20.0,2026-11-10,2026-11-01,Increase,3,Forecast,2026-06-SOP,Planned
PLAN-004356,2026-06-SOP,Purchase,AFT-0015,300,10.0,2026-11-10,2026-09-19,Defer,2,Sales Order,SO-004357,Planned
PLAN-004540,2026-06-SOP,Production,DRV-0001,100,5.0,2026-11-10,2026-10-31,Expedite,1,Forecast,2026-06-SOP,Planned
PLAN-004724,2026-06-SOP,Production,SYS-0027,100,75.0,2026-11-10,2026-10-08,,5,Forecast,2026-06-SOP,Planned
PLAN-004908,2026-06-SOP,Purchase,AFT-0023,100,40.0,2026-11-10,2026-10-20,Decrease,4,Sales Order,SO-004909,Planned
PLAN-000019,2026-06-SOP,Production,ACT-0052,200,75.0,2026-11-11,2026-09-19,,5,Forecast,2026-06-SOP,Planned
PLAN-000203,2026-06-SOP,Production,CTL-0018,300,40.0,2026-11-11,2026-09-11,Decrease,4,Forecast,2026-06-SOP,Planned
PLAN-000387,2026-06-SOP,Production,SYS-0004,300,20.0,2026-11-11,2026-10-23,Increase,3,Sales Order,SO-000388,Planned
PLAN-000571,2026-06-SOP,Production,ACT-0060,200,10.0,2026-11-11,2026-10-20,Defer,2,Forecast,2026-06-SOP,Planned
PLAN-000755,2026-06-SOP,Production,CTL-0026,300,5.0,2026-11-11,2026-10-12,Expedite,1,Forecast,2026-06-SOP,Planned
PLAN-000939,2026-06-SOP,Production,SYS-0012,300,75.0,2026-11-11,2026-09-29,,5,Sales Order,SO-000940,Planned
PLAN-001123,2026-06-SOP,Purchase,AFT-0008,100,40.0,2026-11-11,2026-10-11,Decrease,4,Forecast,2026-06-SOP,Planned
PLAN-001307,2026-06-SOP,Production,CTL-0034,300,20.0,2026-11-11,2026-09-18,Increase,3,Forecast,2026-06-SOP,Planned
PLAN-001491,2026-06-SOP,Production,SYS-0020,300,10.0,2026-11-11,2026-10-30,Defer,2,Sales Order,SO-001492,Planned
PLAN-001675,2026-06-SOP,Purchase,AFT-0016,100,5.0,2026-11-11,2026-10-24,Expedite,1,Forecast,2026-06-SOP,Planned
PLAN-001859,2026-06-SOP,Production,DRV-0002,200,75.0,2026-11-11,2026-10-29,,5,Forecast,2026-06-SOP,Planned
PLAN-002043,2026-06-SOP,Production,SYS-0028,300,40.0,2026-11-11,2026-10-06,Decrease,4,Sales Order,SO-002044,Planned
PLAN-002227,2026-06-SOP,Purchase,AFT-0024,300,20.0,2026-11-11,2026-10-18,Increase,3,Forecast,2026-06-SOP,Planned
PLAN-002411,2026-06-SOP,Production,DRV-0010,200,10.0,2026-11-11,2026-10-05,Defer,2,Forecast,2026-06-SOP,Planned
PLAN-002595,2026-06-SOP,Production,ACT-0006,200,5.0,2026-11-11,2026-10-17,Expedite,1,Sales Order,SO-002596,Planned
PLAN-002779,2026-06-SOP,Purchase,AFT-0032,100,75.0,2026-11-11,2026-09-24,,5,Forecast,2026-06-SOP,Planned
PLAN-002963,2026-06-SOP,Production,DRV-0018,200,40.0,2026-11-11,2026-09-11,Decrease,4,Forecast,2026-06-SOP,Planned
PLAN-003147,2026-06-SOP,Production,ACT-0014,200,20.0,2026-11-11,2026-09-23,Increase,3,Sales Order,SO-003148,Planned
PLAN-003331,2026-06-SOP,Purchase,AFT-0040,100,10.0,2026-11-11,2026-10-24,Defer,2,Forecast,2026-06-SOP,Planned
PLAN-003515,2026-06-SOP,Production,DRV-0026,200,5.0,2026-11-11,2026-10-12,Expedite,1,Forecast,2026-06-SOP,Planned
PLAN-003699,2026-06-SOP,Production,ACT-0022,200,75.0,2026-11-11,2026-10-24,,5,Sales Order,SO-003700,Planned
PLAN-003883,2026-06-SOP,Purchase,AFT-0048,300,40.0,2026-11-11,2026-10-01,Decrease,4,Forecast,2026-06-SOP,Planned
PLAN-004067,2026-06-SOP,Production,DRV-0034,200,20.0,2026-11-11,2026-09-18,Increase,3,Forecast,2026-06-SOP,Planned
PLAN-004251,2026-06-SOP,Production,ACT-0030,200,10.0,2026-11-11,2026-09-30,Defer,2,Sales Order,SO-004252,Planned
PLAN-004435,2026-06-SOP,Purchase,AFT-0056,100,5.0,2026-11-11,2026-11-01,Expedite,1,Forecast,2026-06-SOP,Planned
PLAN-004619,2026-06-SOP,Production,DRV-0042,200,75.0,2026-11-11,2026-10-19,,5,Forecast,2026-06-SOP,Planned
PLAN-004803,2026-06-SOP,Production,ACT-0038,200,40.0,2026-11-11,2026-10-31,Decrease,4,Sales Order,SO-004804,Planned
PLAN-004987,2026-06-SOP,Production,CTL-0004,300,20.0,2026-11-11,2026-10-23,Increase,3,Forecast,2026-06-SOP,Planned
PLAN-000098,2026-06-SOP,Purchase,AFT-0033,300,40.0,2026-11-12,2026-09-22,Decrease,4,Forecast,2026-06-SOP,Planned
PLAN-000282,2026-06-SOP,Production,DRV-0019,100,20.0,2026-11-12,2026-11-03,Increase,3,Sales Order,SO-000283,Planned
PLAN-000466,2026-06-SOP,Production,ACT-0015,100,10.0,2026-11-12,2026-09-21,Defer,2,Forecast,2026-06-SOP,Planned
PLAN-000650,2026-06-SOP,Purchase,AFT-0041,100,5.0,2026-11-12,2026-10-23,Expedite,1,Forecast,2026-06-SOP,Planned
PLAN-000834,2026-06-SOP,Production,DRV-0027,100,75.0,2026-11-12,2026-10-10,,5,Sales Order,SO-000835,Planned
PLAN-001018,2026-06-SOP,Production,ACT-0023,100,40.0,2026-11-12,2026-10-22,Decrease,4,Forecast,2026-06-SOP,Planned
PLAN-001202,2026-06-SOP,Purchase,AFT-0049,100,20.0,2026-11-12,2026-10-25,Increase,3,Forecast,2026-06-SOP,Planned
PLAN-001386,2026-06-SOP,Production,DRV-0035,100,10.0,2026-11-12,2026-09-16,Defer,2,Sales Order,SO-001387,Planned
PLAN-001570,2026-06-SOP,Production,ACT-0031,100,5.0,2026-11-12,2026-09-28,Expedite,1,Forecast,2026-06-SOP,Planned
PLAN-001754,2026-06-SOP,Purchase,AFT-0057,300,75.0,2026-11-12,2026-10-30,,5,Forecast,2026-06-SOP,Planned
PLAN-001938,2026-06-SOP,Production,DRV-0043,100,40.0,2026-11-12,2026-10-17,Decrease,4,Sales Order,SO-001939,Planned
PLAN-002122,2026-06-SOP,Production,ACT-0039,100,20.0,2026-11-12,2026-10-29,Increase,3,Forecast,2026-06-SOP,Planned
PLAN-002306,2026-06-SOP,Production,CTL-0005,300,10.0,2026-11-12,2026-10-21,Defer,2,Forecast,2026-06-SOP,Planned
PLAN-002490,2026-06-SOP,Production,DRV-0051,100,5.0,2026-11-12,2026-09-23,Expedite,1,Sales Order,SO-002491,Planned
PLAN-002674,2026-06-SOP,Production,ACT-0047,100,75.0,2026-11-12,2026-10-05,,5,Forecast,2026-06-SOP,Planned
PLAN-002858,2026-06-SOP,Production,CTL-0013,300,40.0,2026-11-12,2026-09-27,Decrease,4,Forecast,2026-06-SOP,Planned
PLAN-003042,2026-06-SOP,Production,DRV-0059,100,20.0,2026-11-12,2026-10-24,Increase,3,Sales Order,SO-003043,Planned
PLAN-003226,2026-06-SOP,Production,ACT-0055,100,10.0,2026-11-12,2026-11-05,Defer,2,Forecast,2026-06-SOP,Planned
PLAN-003410,2026-06-SOP,Production,CTL-0021,300,5.0,2026-11-12,2026-10-28,Expedite,1,Forecast,2026-06-SOP,Planned
PLAN-003594,2026-06-SOP,Production,SYS-0007,100,75.0,2026-11-12,2026-10-15,,5,Sales Order,SO-003595,Planned
PLAN-003778,2026-06-SOP,Purchase,AFT-0003,300,40.0,2026-11-12,2026-10-27,Decrease,4,Forecast,2026-06-SOP,Planned
PLAN-003962,2026-06-SOP,Production,CTL-0029,300,20.0,2026-11-12,2026-10-04,Increase,3,Forecast,2026-06-SOP,Planned
PLAN-004146,2026-06-SOP,Production,SYS-0015,100,10.0,2026-11-12,2026-09-21,Defer,2,Sales Order,SO-004147,Planned
PLAN-004330,2026-06-SOP,Purchase,AFT-0011,100,5.0,2026-11-12,2026-10-03,Expedite,1,Forecast,2026-06-SOP,Planned
PLAN-004514,2026-06-SOP,Production,CTL-0037,300,75.0,2026-11-12,2026-11-04,,5,Forecast,2026-06-SOP,Planned
PLAN-004698,2026-06-SOP,Production,SYS-0023,100,40.0,2026-11-12,2026-10-22,Decrease,4,Sales Order,SO-004699,Planned
PLAN-004882,2026-06-SOP,Purchase,AFT-0019,100,20.0,2026-11-12,2026-10-25,Increase,3,Forecast,2026-06-SOP,Planned
PLAN-000177,2026-06-SOP,Production,CTL-0014,300,20.0,2026-11-13,2026-09-25,Increase,3,Sales Order,SO-000178,Planned
PLAN-000361,2026-06-SOP,Production,DRV-0060,200,10.0,2026-11-13,2026-10-22,Defer,2,Forecast,2026-06-SOP,Planned
PLAN-000545,2026-06-SOP,Production,ACT-0056,200,5.0,2026-11-13,2026-11-03,Expedite,1,Forecast,2026-06-SOP,Planned
PLAN-000729,2026-06-SOP,Production,CTL-0022,300,75.0,2026-11-13,2026-10-26,,5,Sales Order,SO-000730,Planned
PLAN-000913,2026-06-SOP,Production,SYS-0008,300,40.0,2026-11-13,2026-10-13,Decrease,4,Forecast,2026-06-SOP,Planned
PLAN-001097,2026-06-SOP,Purchase,AFT-0004,100,20.0,2026-11-13,2026-10-26,Increase,3,Forecast,2026-06-SOP,Planned
PLAN-001281,2026-06-SOP,Production,CTL-0030,300,10.0,2026-11-13,2026-10-02,Defer,2,Sales Order,SO-001282,Planned
PLAN-001465,2026-06-SOP,Production,SYS-0016,300,5.0,2026-11-13,2026-09-19,Expedite,1,Forecast,2026-06-SOP,Planned
PLAN-001649,2026-06-SOP,Purchase,AFT-0012,300,75.0,2026-11-13,2026-10-01,,5,Forecast,2026-06-SOP,Planned
PLAN-001833,2026-06-SOP,Production,CTL-0038,300,40.0,2026-11-13,2026-11-02,Decrease,4,Sales Order,SO-001834,Planned
PLAN-002017,2026-06-SOP,Production,SYS-0024,300,20.0,2026-11-13,2026-10-20,Increase,3,Forecast,2026-06-SOP,Planned
PLAN-002201,2026-06-SOP,Purchase,AFT-0020,100,10.0,2026-11-13,2026-11-01,Defer,2,Forecast,2026-06-SOP,Planned
PLAN-002385,2026-06-SOP,Production,DRV-0006,200,5.0,2026-11-13,2026-10-19,Expedite,1,Sales Order,SO-002386,Planned
PLAN-002569,2026-06-SOP,Production,ACT-0002,200,75.0,2026-11-13,2026-10-31,,5,Forecast,2026-06-SOP,Planned
PLAN-002753,2026-06-SOP,Purchase,AFT-0028,100,40.0,2026-11-13,2026-10-26,Decrease,4,Forecast,2026-06-SOP,Planned
PLAN-002937,2026-06-SOP,Production,DRV-0014,200,20.0,2026-11-13,2026-09-25,Increase,3,Sales Order,SO-002938,Planned
PLAN-003121,2026-06-SOP,Production,ACT-0010,200,10.0,2026-11-13,2026-10-07,Defer,2,Forecast,2026-06-SOP,Planned
PLAN-003305,2026-06-SOP,Purchase,AFT-0036,300,5.0,2026-11-13,2026-09-14,Expedite,1,Forecast,2026-06-SOP,Planned
PLAN-003489,2026-06-SOP,Production,DRV-0022,200,75.0,2026-11-13,2026-10-26,,5,Sales Order,SO-003490,Planned
PLAN-003673,2026-06-SOP,Production,ACT-0018,200,40.0,2026-11-13,2026-09-13,Decrease,4,Forecast,2026-06-SOP,Planned
PLAN-003857,2026-06-SOP,Purchase,AFT-0044,100,20.0,2026-11-13,2026-10-15,Increase,3,Forecast,2026-06-SOP,Planned
PLAN-004041,2026-06-SOP,Production,DRV-0030,200,10.0,2026-11-13,2026-10-02,Defer,2,Sales Order,SO-004042,Planned
PLAN-004225,2026-06-SOP,Production,ACT-0026,200,5.0,2026-11-13,2026-10-14,Expedite,1,Forecast,2026-06-SOP,Planned
PLAN-004409,2026-06-SOP,Purchase,AFT-0052,100,75.0,2026-11-13,2026-10-26,,5,Forecast,2026-06-SOP,Planned
PLAN-004593,2026-06-SOP,Production,DRV-0038,200,40.0,2026-11-13,2026-11-02,Decrease,4,Sales Order,SO-004594,Planned
PLAN-004777,2026-06-SOP,Production,ACT-0034,200,20.0,2026-11-13,2026-09-20,Increase,3,Forecast,2026-06-SOP,Planned
PLAN-004961,2026-06-SOP,Purchase,AFT-0060,300,10.0,2026-11-13,2026-10-22,Defer,2,Forecast,2026-06-SOP,Planned
PLAN-000072,2026-06-SOP,Purchase,AFT-0029,100,20.0,2026-11-14,2026-10-06,Increase,3,Sales Order,SO-000073,Planned
PLAN-000256,2026-06-SOP,Production,DRV-0015,100,10.0,2026-11-14,2026-09-23,Defer,2,Forecast,2026-06-SOP,Planned
PLAN-000440,2026-06-SOP,Production,ACT-0011,100,5.0,2026-11-14,2026-10-05,Expedite,1,Forecast,2026-06-SOP,Planned
PLAN-000624,2026-06-SOP,Purchase,AFT-0037,100,75.0,2026-11-14,2026-10-27,,5,Sales Order,SO-000625,Planned
PLAN-000808,2026-06-SOP,Production,DRV-0023,100,40.0,2026-11-14,2026-10-24,Decrease,4,Forecast,2026-06-SOP,Planned
PLAN-000992,2026-06-SOP,Production,ACT-0019,100,20.0,2026-11-14,2026-11-05,Increase,3,Forecast,2026-06-SOP,Planned
PLAN-001176,2026-06-SOP,Purchase,AFT-0045,300,10.0,2026-11-14,2026-10-13,Defer,2,Sales Order,SO-001177,Planned
PLAN-001360,2026-06-SOP,Production,DRV-0031,100,5.0,2026-11-14,2026-09-30,Expedite,1,Forecast,2026-06-SOP,Planned
PLAN-001544,2026-06-SOP,Production,ACT-0027,100,75.0,2026-11-14,2026-10-12,,5,Forecast,2026-06-SOP,Planned
PLAN-001728,2026-06-SOP,Purchase,AFT-0053,100,40.0,2026-11-14,2026-09-19,Decrease,4,Sales Order,SO-001729,Planned
PLAN-001912,2026-06-SOP,Production,DRV-0039,100,20.0,2026-11-14,2026-10-31,Increase,3,Forecast,2026-06-SOP,Planned
PLAN-002096,2026-06-SOP,Production,ACT-0035,100,10.0,2026-11-14,2026-09-18,Defer,2,Forecast,2026-06-SOP,Planned
PLAN-002280,2026-06-SOP,Production,CTL-0001,300,5.0,2026-11-14,2026-11-04,Expedite,1,Sales Order,SO-002281,Planned
PLAN-002464,2026-06-SOP,Production,DRV-0047,100,75.0,2026-11-14,2026-10-07,,5,Forecast,2026-06-SOP,Planned
PLAN-002648,2026-06-SOP,Production,ACT-0043,100,40.0,2026-11-14,2026-10-19,Decrease,4,Forecast,2026-06-SOP,Planned
PLAN-002832,2026-06-SOP,Production,CTL-0009,300,20.0,2026-11-14,2026-10-11,Increase,3,Sales Order,SO-002833,Planned
PLAN-003016,2026-06-SOP,Production,DRV-0055,100,10.0,2026-11-14,2026-11-07,Defer,2,Forecast,2026-06-SOP,Planned
PLAN-003200,2026-06-SOP,Production,ACT-0051,100,5.0,2026-11-14,2026-09-25,Expedite,1,Forecast,2026-06-SOP,Planned
PLAN-003384,2026-06-SOP,Production,CTL-0017,300,75.0,2026-11-14,2026-09-17,,5,Sales Order,SO-003385,Planned
PLAN-003568,2026-06-SOP,Production,SYS-0003,100,40.0,2026-11-14,2026-10-29,Decrease,4,Forecast,2026-06-SOP,Planned
PLAN-003752,2026-06-SOP,Production,ACT-0059,100,20.0,2026-11-14,2026-10-26,Increase,3,Forecast,2026-06-SOP,Planned
PLAN-003936,2026-06-SOP,Production,CTL-0025,300,10.0,2026-11-14,2026-10-18,Defer,2,Sales Order,SO-003937,Planned
PLAN-004120,2026-06-SOP,Production,SYS-0011,100,5.0,2026-11-14,2026-10-05,Expedite,1,Forecast,2026-06-SOP,Planned
PLAN-004304,2026-06-SOP,Purchase,AFT-0007,100,75.0,2026-11-14,2026-10-27,,5,Forecast,2026-06-SOP,Planned
PLAN-004488,2026-06-SOP,Production,CTL-0033,300,40.0,2026-11-14,2026-09-24,Decrease,4,Sales Order,SO-004489,Planned
PLAN-004672,2026-06-SOP,Production,SYS-0019,100,20.0,2026-11-14,2026-11-05,Increase,3,Forecast,2026-06-SOP,Planned
PLAN-004856,2026-06-SOP,Purchase,AFT-0015,300,10.0,2026-11-14,2026-09-23,Defer,2,Forecast,2026-06-SOP,Planned
PLAN-000151,2026-06-SOP,Production,CTL-0010,300,10.0,2026-11-15,2026-10-09,Defer,2,Forecast,2026-06-SOP,Planned
PLAN-000335,2026-06-SOP,Production,DRV-0056,200,5.0,2026-11-15,2026-11-05,Expedite,1,Forecast,2026-06-SOP,Planned
PLAN-000519,2026-06-SOP,Production,ACT-0052,200,75.0,2026-11-15,2026-09-23,,5,Sales Order,SO-000520,Planned
PLAN-000703,2026-06-SOP,Production,CTL-0018,300,40.0,2026-11-15,2026-09-15,Decrease,4,Forecast,2026-06-SOP,Planned
PLAN-000887,2026-06-SOP,Production,SYS-0004,300,20.0,2026-11-15,2026-10-27,Increase,3,Forecast,2026-06-SOP,Planned
PLAN-001071,2026-06-SOP,Production,ACT-0060,200,10.0,2026-11-15,2026-10-24,Defer,2,Sales Order,SO-001072,Planned
PLAN-001255,2026-06-SOP,Production,CTL-0026,300,5.0,2026-11-15,2026-10-16,Expedite,1,Forecast,2026-06-SOP,Planned
PLAN-001439,2026-06-SOP,Production,SYS-0012,300,75.0,2026-11-15,2026-10-03,,5,Forecast,2026-06-SOP,Planned
PLAN-001623,2026-06-SOP,Purchase,AFT-0008,100,40.0,2026-11-15,2026-10-15,Decrease,4,Sales Order,SO-001624,Planned
PLAN-001807,2026-06-SOP,Production,CTL-0034,300,20.0,2026-11-15,2026-09-22,Increase,3,Forecast,2026-06-SOP,Planned
PLAN-001991,2026-06-SOP,Production,SYS-0020,300,10.0,2026-11-15,2026-11-03,Defer,2,Forecast,2026-06-SOP,Planned
PLAN-002175,2026-06-SOP,Purchase,AFT-0016,100,5.0,2026-11-15,2026-10-28,Expedite,1,Sales Order,SO-002176,Planned
PLAN-002359,2026-06-SOP,Production,DRV-0002,200,75.0,2026-11-15,2026-11-02,,5,Forecast,2026-06-SOP,Planned
PLAN-002543,2026-06-SOP,Production,SYS-0028,300,40.0,2026-11-15,2026-10-10,Decrease,4,Forecast,2026-06-SOP,Planned
PLAN-002727,2026-06-SOP,Purchase,AFT-0024,300,20.0,2026-11-15,2026-10-22,Increase,3,Sales Order,SO-002728,Planned
PLAN-002911,2026-06-SOP,Production,DRV-0010,200,10.0,2026-11-15,2026-10-09,Defer,2,Forecast,2026-06-SOP,Planned
PLAN-003095,2026-06-SOP,Production,ACT-0006,200,5.0,2026-11-15,2026-10-21,Expedite,1,Forecast,2026-06-SOP,Planned
PLAN-003279,2026-06-SOP,Purchase,AFT-0032,100,75.0,2026-11-15,2026-09-28,,5,Sales Order,SO-003280,Planned
PLAN-003463,2026-06-SOP,Production,DRV-0018,200,40.0,2026-11-15,2026-09-15,Decrease,4,Forecast,2026-06-SOP,Planned
PLAN-003647,2026-06-SOP,Production,ACT-0014,200,20.0,2026-11-15,2026-09-27,Increase,3,Forecast,2026-06-SOP,Planned
PLAN-003831,2026-06-SOP,Purchase,AFT-0040,100,10.0,2026-11-15,2026-10-28,Defer,2,Sales Order,SO-003832,Planned
PLAN-004015,2026-06-SOP,Production,DRV-0026,200,5.0,2026-11-15,2026-10-16,Expedite,1,Forecast,2026-06-SOP,Planned
PLAN-004199,2026-06-SOP,Production,ACT-0022,200,75.0,2026-11-15,2026-10-28,,5,Forecast,2026-06-SOP,Planned
PLAN-004383,2026-06-SOP,Purchase,AFT-0048,300,40.0,2026-11-15,2026-10-05,Decrease,4,Sales Order,SO-004384,Planned
PLAN-004567,2026-06-SOP,Production,DRV-0034,200,20.0,2026-11-15,2026-09-22,Increase,3,Forecast,2026-06-SOP,Planned
PLAN-004751,2026-06-SOP,Production,ACT-0030,200,10.0,2026-11-15,2026-10-04,Defer,2,Forecast,2026-06-SOP,Planned
PLAN-004935,2026-06-SOP,Purchase,AFT-0056,100,5.0,2026-11-15,2026-11-05,Expedite,1,Sales Order,SO-004936,Planned
PLAN-000046,2026-06-SOP,Purchase,AFT-0025,100,10.0,2026-11-16,2026-10-29,Defer,2,Forecast,2026-06-SOP,Planned
PLAN-000230,2026-06-SOP,Production,DRV-0011,100,5.0,2026-11-16,2026-10-07,Expedite,1,Forecast,2026-06-SOP,Planned
PLAN-000414,2026-06-SOP,Production,ACT-0007,100,75.0,2026-11-16,2026-10-19,,5,Sales Order,SO-000415,Planned
PLAN-000598,2026-06-SOP,Purchase,AFT-0033,300,40.0,2026-11-16,2026-09-26,Decrease,4,Forecast,2026-06-SOP,Planned
PLAN-000782,2026-06-SOP,Production,DRV-0019,100,20.0,2026-11-16,2026-11-07,Increase,3,Forecast,2026-06-SOP,Planned
PLAN-000966,2026-06-SOP,Production,ACT-0015,100,10.0,2026-11-16,2026-09-25,Defer,2,Sales Order,SO-000967,Planned
PLAN-001150,2026-06-SOP,Purchase,AFT-0041,100,5.0,2026-11-16,2026-10-27,Expedite,1,Forecast,2026-06-SOP,Planned
PLAN-001334,2026-06-SOP,Production,DRV-0027,100,75.0,2026-11-16,2026-10-14,,5,Forecast,2026-06-SOP,Planned
PLAN-001518,2026-06-SOP,Production,ACT-0023,100,40.0,2026-11-16,2026-10-26,Decrease,4,Sales Order,SO-001519,Planned
PLAN-001702,2026-06-SOP,Purchase,AFT-0049,100,20.0,2026-11-16,2026-10-29,Increase,3,Forecast,2026-06-SOP,Planned
PLAN-001886,2026-06-SOP,Production,DRV-0035,100,10.0,2026-11-16,2026-09-20,Defer,2,Forecast,2026-06-SOP,Planned
PLAN-002070,2026-06-SOP,Production,ACT-0031,100,5.0,2026-11-16,2026-10-02,Expedite,1,Sales Order,SO-002071,Planned
PLAN-002254,2026-06-SOP,Purchase,AFT-0057,300,75.0,2026-11-16,2026-11-03,,5,Forecast,2026-06-SOP,Planned
PLAN-002438,2026-06-SOP,Production,DRV-0043,100,40.0,2026-11-16,2026-10-21,Decrease,4,Forecast,2026-06-SOP,Planned
PLAN-002622,2026-06-SOP,Production,ACT-0039,100,20.0,2026-11-16,2026-11-02,Increase,3,Sales Order,SO-002623,Planned
PLAN-002806,2026-06-SOP,Production,CTL-0005,300,10.0,2026-11-16,2026-10-25,Defer,2,Forecast,2026-06-SOP,Planned
PLAN-002990,2026-06-SOP,Production,DRV-0051,100,5.0,2026-11-16,2026-09-27,Expedite,1,Forecast,2026-06-SOP,Planned
PLAN-003174,2026-06-SOP,Production,ACT-0047,100,75.0,2026-11-16,2026-10-09,,5,Sales Order,SO-003175,Planned
PLAN-003358,2026-06-SOP,Production,CTL-0013,300,40.0,2026-11-16,2026-10-01,Decrease,4,Forecast,2026-06-SOP,Planned
PLAN-003542,2026-06-SOP,Production,DRV-0059,100,20.0,2026-11-16,2026-10-28,Increase,3,Forecast,2026-06-SOP,Planned
PLAN-003726,2026-06-SOP,Production,ACT-0055,100,10.0,2026-11-16,2026-11-09,Defer,2,Sales Order,SO-003727,Planned
PLAN-003910,2026-06-SOP,Production,CTL-0021,300,5.0,2026-11-16,2026-11-01,Expedite,1,Forecast,2026-06-SOP,Planned
PLAN-004094,2026-06-SOP,Production,SYS-0007,100,75.0,2026-11-16,2026-10-19,,5,Forecast,2026-06-SOP,Planned
PLAN-004278,2026-06-SOP,Purchase,AFT-0003,300,40.0,2026-11-16,2026-10-31,Decrease,4,Sales Order,SO-004279,Planned
PLAN-004462,2026-06-SOP,Production,CTL-0029,300,20.0,2026-11-16,2026-10-08,Increase,3,Forecast,2026-06-SOP,Planned
PLAN-004646,2026-06-SOP,Production,SYS-0015,100,10.0,2026-11-16,2026-09-25,Defer,2,Forecast,2026-06-SOP,Planned
PLAN-004830,2026-06-SOP,Purchase,AFT-0011,100,5.0,2026-11-16,2026-10-07,Expedite,1,Sales Order,SO-004831,Planned
PLAN-000125,2026-06-SOP,Production,CTL-0006,300,5.0,2026-11-17,2026-10-23,Expedite,1,Forecast,2026-06-SOP,Planned
PLAN-000309,2026-06-SOP,Production,DRV-0052,200,75.0,2026-11-17,2026-09-25,,5,Sales Order,SO-000310,Planned
PLAN-000493,2026-06-SOP,Production,ACT-0048,200,40.0,2026-11-17,2026-10-07,Decrease,4,Forecast,2026-06-SOP,Planned
PLAN-000677,2026-06-SOP,Production,CTL-0014,300,20.0,2026-11-17,2026-09-29,Increase,3,Forecast,2026-06-SOP,Planned
PLAN-000861,2026-06-SOP,Production,DRV-0060,200,10.0,2026-11-17,2026-10-26,Defer,2,Sales Order,SO-000862,Planned
PLAN-001045,2026-06-SOP,Production,ACT-0056,200,5.0,2026-11-17,2026-11-07,Expedite,1,Forecast,2026-06-SOP,Planned
PLAN-001229,2026-06-SOP,Production,CTL-0022,300,75.0,2026-11-17,2026-10-30,,5,Forecast,2026-06-SOP,Planned
PLAN-001413,2026-06-SOP,Production,SYS-0008,300,40.0,2026-11-17,2026-10-17,Decrease,4,Sales Order,SO-001414,Planned
PLAN-001597,2026-06-SOP,Purchase,AFT-0004,100,20.0,2026-11-17,2026-10-30,Increase,3,Forecast,2026-06-SOP,Planned
PLAN-001781,2026-06-SOP,Production,CTL-0030,300,10.0,2026-11-17,2026-10-06,Defer,2,Forecast,2026-06-SOP,Planned
PLAN-001965,2026-06-SOP,Production,SYS-0016,300,5.0,2026-11-17,2026-09-23,Expedite,1,Sales Order,SO-001966,Planned
PLAN-002149,2026-06-SOP,Purchase,AFT-0012,300,75.0,2026-11-17,2026-10-05,,5,Forecast,2026-06-SOP,Planned
PLAN-002333,2026-06-SOP,Production,CTL-0038,300,40.0,2026-11-17,2026-11-06,Decrease,4,Forecast,2026-06-SOP,Planned
PLAN-002517,2026-06-SOP,Production,SYS-0024,300,20.0,2026-11-17,2026-10-24,Increase,3,Sales Order,SO-002518,Planned
PLAN-002701,2026-06-SOP,Purchase,AFT-0020,100,10.0,2026-11-17,2026-11-05,Defer,2,Forecast,2026-06-SOP,Planned
PLAN-002885,2026-06-SOP,Production,DRV-0006,200,5.0,2026-11-17,2026-10-23,Expedite,1,Forecast,2026-06-SOP,Planned
PLAN-003069,2026-06-SOP,Production,ACT-0002,200,75.0,2026-11-17,2026-11-04,,5,Sales Order,SO-003070,Planned
PLAN-003253,2026-06-SOP,Purchase,AFT-0028,100,40.0,2026-11-17,2026-10-30,Decrease,4,Forecast,2026-06-SOP,Planned
PLAN-003437,2026-06-SOP,Production,DRV-0014,200,20.0,2026-11-17,2026-09-29,Increase,3,Forecast,2026-06-SOP,Planned
PLAN-003621,2026-06-SOP,Production,ACT-0010,200,10.0,2026-11-17,2026-10-11,Defer,2,Sales Order,SO-003622,Planned
PLAN-003805,2026-06-SOP,Purchase,AFT-0036,300,5.0,2026-11-17,2026-09-18,Expedite,1,Forecast,2026-06-SOP,Planned
PLAN-003989,2026-06-SOP,Production,DRV-0022,200,75.0,2026-11-17,2026-10-30,,5,Forecast,2026-06-SOP,Planned
PLAN-004173,2026-06-SOP,Production,ACT-0018,200,40.0,2026-11-17,2026-09-17,Decrease,4,Sales Order,SO-004174,Planned
PLAN-004357,2026-06-SOP,Purchase,AFT-0044,100,20.0,2026-11-17,2026-10-19,Increase,3,Forecast,2026-06-SOP,Planned
PLAN-004541,2026-06-SOP,Production,DRV-0030,200,10.0,2026-11-17,2026-10-06,Defer,2,Forecast,2026-06-SOP,Planned
PLAN-004725,2026-06-SOP,Production,ACT-0026,200,5.0,2026-11-17,2026-10-18,Expedite,1,Sales Order,SO-004726,Planned
PLAN-004909,2026-06-SOP,Purchase,AFT-0052,100,75.0,2026-11-17,2026-10-30,,5,Forecast,2026-06-SOP,Planned
PLAN-000020,2026-06-SOP,Purchase,AFT-0021,300,5.0,2026-11-18,2026-11-03,Expedite,1,Forecast,2026-06-SOP,Planned
PLAN-000204,2026-06-SOP,Production,DRV-0007,100,75.0,2026-11-18,2026-10-21,,5,Sales Order,SO-000205,Planned
PLAN-000388,2026-06-SOP,Production,ACT-0003,100,40.0,2026-11-18,2026-11-02,Decrease,4,Forecast,2026-06-SOP,Planned
PLAN-000572,2026-06-SOP,Purchase,AFT-0029,100,20.0,2026-11-18,2026-10-10,Increase,3,Forecast,2026-06-SOP,Planned
PLAN-000756,2026-06-SOP,Production,DRV-0015,100,10.0,2026-11-18,2026-09-27,Defer,2,Sales Order,SO-000757,Planned
PLAN-000940,2026-06-SOP,Production,ACT-0011,100,5.0,2026-11-18,2026-10-09,Expedite,1,Forecast,2026-06-SOP,Planned
PLAN-001124,2026-06-SOP,Purchase,AFT-0037,100,75.0,2026-11-18,2026-10-31,,5,Forecast,2026-06-SOP,Planned
PLAN-001308,2026-06-SOP,Production,DRV-0023,100,40.0,2026-11-18,2026-10-28,Decrease,4,Sales Order,SO-001309,Planned
PLAN-001492,2026-06-SOP,Production,ACT-0019,100,20.0,2026-11-18,2026-11-09,Increase,3,Forecast,2026-06-SOP,Planned
PLAN-001676,2026-06-SOP,Purchase,AFT-0045,300,10.0,2026-11-18,2026-10-17,Defer,2,Forecast,2026-06-SOP,Planned
PLAN-001860,2026-06-SOP,Production,DRV-0031,100,5.0,2026-11-18,2026-10-04,Expedite,1,Sales Order,SO-001861,Planned
PLAN-002044,2026-06-SOP,Production,ACT-0027,100,75.0,2026-11-18,2026-10-16,,5,Forecast,2026-06-SOP,Planned
PLAN-002228,2026-06-SOP,Purchase,AFT-0053,100,40.0,2026-11-18,2026-09-23,Decrease,4,Forecast,2026-06-SOP,Planned
PLAN-002412,2026-06-SOP,Production,DRV-0039,100,20.0,2026-11-18,2026-11-04,Increase,3,Sales Order,SO-002413,Planned
PLAN-002596,2026-06-SOP,Production,ACT-0035,100,10.0,2026-11-18,2026-09-22,Defer,2,Forecast,2026-06-SOP,Planned
PLAN-002780,2026-06-SOP,Production,CTL-0001,300,5.0,2026-11-18,2026-11-08,Expedite,1,Forecast,2026-06-SOP,Planned
PLAN-002964,2026-06-SOP,Production,DRV-0047,100,75.0,2026-11-18,2026-10-11,,5,Sales Order,SO-002965,Planned
PLAN-003148,2026-06-SOP,Production,ACT-0043,100,40.0,2026-11-18,2026-10-23,Decrease,4,Forecast,2026-06-SOP,Planned
PLAN-003332,2026-06-SOP,Production,CTL-0009,300,20.0,2026-11-18,2026-10-15,Increase,3,Forecast,2026-06-SOP,Planned
PLAN-003516,2026-06-SOP,Production,DRV-0055,100,10.0,2026-11-18,2026-11-11,Defer,2,Sales Order,SO-003517,Planned
PLAN-003700,2026-06-SOP,Production,ACT-0051,100,5.0,2026-11-18,2026-09-29,Expedite,1,Forecast,2026-06-SOP,Planned
PLAN-003884,2026-06-SOP,Production,CTL-0017,300,75.0,2026-11-18,2026-09-21,,5,Forecast,2026-06-SOP,Planned
PLAN-004068,2026-06-SOP,Production,SYS-0003,100,40.0,2026-11-18,2026-11-02,Decrease,4,Sales Order,SO-004069,Planned
PLAN-004252,2026-06-SOP,Production,ACT-0059,100,20.0,2026-11-18,2026-10-30,Increase,3,Forecast,2026-06-SOP,Planned
PLAN-004436,2026-06-SOP,Production,CTL-0025,300,10.0,2026-11-18,2026-10-22,Defer,2,Forecast,2026-06-SOP,Planned
PLAN-004620,2026-06-SOP,Production,SYS-0011,100,5.0,2026-11-18,2026-10-09,Expedite,1,Sales Order,SO-004621,Planned
PLAN-004804,2026-06-SOP,Purchase,AFT-0007,100,75.0,2026-11-18,2026-10-31,,5,Forecast,2026-06-SOP,Planned
PLAN-004988,2026-06-SOP,Production,CTL-0033,300,40.0,2026-11-18,2026-09-28,Decrease,4,Forecast,2026-06-SOP,Planned
PLAN-000099,2026-06-SOP,Production,CTL-0002,300,75.0,2026-11-19,2026-11-06,,5,Sales Order,SO-000100,Planned
PLAN-000283,2026-06-SOP,Production,DRV-0048,200,40.0,2026-11-19,2026-10-09,Decrease,4,Forecast,2026-06-SOP,Planned
PLAN-000467,2026-06-SOP,Production,ACT-0044,200,20.0,2026-11-19,2026-10-21,Increase,3,Forecast,2026-06-SOP,Planned
PLAN-000651,2026-06-SOP,Production,CTL-0010,300,10.0,2026-11-19,2026-10-13,Defer,2,Sales Order,SO-000652,Planned
PLAN-000835,2026-06-SOP,Production,DRV-0056,200,5.0,2026-11-19,2026-11-09,Expedite,1,Forecast,2026-06-SOP,Planned
PLAN-001019,2026-06-SOP,Production,ACT-0052,200,75.0,2026-11-19,2026-09-27,,5,Forecast,2026-06-SOP,Planned
PLAN-001203,2026-06-SOP,Production,CTL-0018,300,40.0,2026-11-19,2026-09-19,Decrease,4,Sales Order,SO-001204,Planned
PLAN-001387,2026-06-SOP,Production,SYS-0004,300,20.0,2026-11-19,2026-10-31,Increase,3,Forecast,2026-06-SOP,Planned
PLAN-001571,2026-06-SOP,Production,ACT-0060,200,10.0,2026-11-19,2026-10-28,Defer,2,Forecast,2026-06-SOP,Planned
PLAN-001755,2026-06-SOP,Production,CTL-0026,300,5.0,2026-11-19,2026-10-20,Expedite,1,Sales Order,SO-001756,Planned
PLAN-001939,2026-06-SOP,Production,SYS-0012,300,75.0,2026-11-19,2026-10-07,,5,Forecast,2026-06-SOP,Planned
PLAN-002123,2026-06-SOP,Purchase,AFT-0008,100,40.0,2026-11-19,2026-10-19,Decrease,4,Forecast,2026-06-SOP,Planned
PLAN-002307,2026-06-SOP,Production,CTL-0034,300,20.0,2026-11-19,2026-09-26,Increase,3,Sales Order,SO-002308,Planned
PLAN-002491,2026-06-SOP,Production,SYS-0020,300,10.0,2026-11-19,2026-11-07,Defer,2,Forecast,2026-06-SOP,Planned
PLAN-002675,2026-06-SOP,Purchase,AFT-0016,100,5.0,2026-11-19,2026-11-01,Expedite,1,Forecast,2026-06-SOP,Planned
PLAN-002859,2026-06-SOP,Production,DRV-0002,200,75.0,2026-11-19,2026-11-06,,5,Sales Order,SO-002860,Planned
PLAN-003043,2026-06-SOP,Production,SYS-0028,300,40.0,2026-11-19,2026-10-14,Decrease,4,Forecast,2026-06-SOP,Planned
PLAN-003227,2026-06-SOP,Purchase,AFT-0024,300,20.0,2026-11-19,2026-10-26,Increase,3,Forecast,2026-06-SOP,Planned
PLAN-003411,2026-06-SOP,Production,DRV-0010,200,10.0,2026-11-19,2026-10-13,Defer,2,Sales Order,SO-003412,Planned
PLAN-003595,2026-06-SOP,Production,ACT-0006,200,5.0,2026-11-19,2026-10-25,Expedite,1,Forecast,2026-06-SOP,Planned
PLAN-003779,2026-06-SOP,Purchase,AFT-0032,100,75.0,2026-11-19,2026-10-02,,5,Forecast,2026-06-SOP,Planned
PLAN-003963,2026-06-SOP,Production,DRV-0018,200,40.0,2026-11-19,2026-09-19,Decrease,4,Sales Order,SO-003964,Planned
PLAN-004147,2026-06-SOP,Production,ACT-0014,200,20.0,2026-11-19,2026-10-01,Increase,3,Forecast,2026-06-SOP,Planned
PLAN-004331,2026-06-SOP,Purchase,AFT-0040,100,10.0,2026-11-19,2026-11-01,Defer,2,Forecast,2026-06-SOP,Planned
PLAN-004515,2026-06-SOP,Production,DRV-0026,200,5.0,2026-11-19,2026-10-20,Expedite,1,Sales Order,SO-004516,Planned
PLAN-004699,2026-06-SOP,Production,ACT-0022,200,75.0,2026-11-19,2026-11-01,,5,Forecast,2026-06-SOP,Planned
PLAN-004883,2026-06-SOP,Purchase,AFT-0048,300,40.0,2026-11-19,2026-10-09,Decrease,4,Forecast,2026-06-SOP,Planned
PLAN-000178,2026-06-SOP,Production,DRV-0003,100,40.0,2026-11-20,2026-11-04,Decrease,4,Forecast,2026-06-SOP,Planned
PLAN-000362,2026-06-SOP,Production,SYS-0029,100,20.0,2026-11-20,2026-10-12,Increase,3,Forecast,2026-06-SOP,Planned
PLAN-000546,2026-06-SOP,Purchase,AFT-0025,100,10.0,2026-11-20,2026-11-02,Defer,2,Sales Order,SO-000547,Planned
PLAN-000730,2026-06-SOP,Production,DRV-0011,100,5.0,2026-11-20,2026-10-11,Expedite,1,Forecast,2026-06-SOP,Planned
PLAN-000914,2026-06-SOP,Production,ACT-0007,100,75.0,2026-11-20,2026-10-23,,5,Forecast,2026-06-SOP,Planned
PLAN-001098,2026-06-SOP,Purchase,AFT-0033,300,40.0,2026-11-20,2026-09-30,Decrease,4,Sales Order,SO-001099,Planned
PLAN-001282,2026-06-SOP,Production,DRV-0019,100,20.0,2026-11-20,2026-11-11,Increase,3,Forecast,2026-06-SOP,Planned
PLAN-001466,2026-06-SOP,Production,ACT-0015,100,10.0,2026-11-20,2026-09-29,Defer,2,Forecast,2026-06-SOP,Planned
PLAN-001650,2026-06-SOP,Purchase,AFT-0041,100,5.0,2026-11-20,2026-10-31,Expedite,1,Sales Order,SO-001651,Planned
PLAN-001834,2026-06-SOP,Production,DRV-0027,100,75.0,2026-11-20,2026-10-18,,5,Forecast,2026-06-SOP,Planned
PLAN-002018,2026-06-SOP,Production,ACT-0023,100,40.0,2026-11-20,2026-10-30,Decrease,4,Forecast,2026-06-SOP,Planned
PLAN-002202,2026-06-SOP,Purchase,AFT-0049,100,20.0,2026-11-20,2026-11-02,Increase,3,Sales Order,SO-002203,Planned
PLAN-002386,2026-06-SOP,Production,DRV-0035,100,10.0,2026-11-20,2026-09-24,Defer,2,Forecast,2026-06-SOP,Planned
PLAN-002570,2026-06-SOP,Production,ACT-0031,100,5.0,2026-11-20,2026-10-06,Expedite,1,Forecast,2026-06-SOP,Planned
PLAN-002754,2026-06-SOP,Purchase,AFT-0057,300,75.0,2026-11-20,2026-11-07,,5,Sales Order,SO-002755,Planned
PLAN-002938,2026-06-SOP,Production,DRV-0043,100,40.0,2026-11-20,2026-10-25,Decrease,4,Forecast,2026-06-SOP,Planned
PLAN-003122,2026-06-SOP,Production,ACT-0039,100,20.0,2026-11-20,2026-11-06,Increase,3,Forecast,2026-06-SOP,Planned
PLAN-003306,2026-06-SOP,Production,CTL-0005,300,10.0,2026-11-20,2026-10-29,Defer,2,Sales Order,SO-003307,Planned
PLAN-003490,2026-06-SOP,Production,DRV-0051,100,5.0,2026-11-20,2026-10-01,Expedite,1,Forecast,2026-06-SOP,Planned
PLAN-003674,2026-06-SOP,Production,ACT-0047,100,75.0,2026-11-20,2026-10-13,,5,Forecast,2026-06-SOP,Planned
PLAN-003858,2026-06-SOP,Production,CTL-0013,300,40.0,2026-11-20,2026-10-05,Decrease,4,Sales Order,SO-003859,Planned
PLAN-004042,2026-06-SOP,Production,DRV-0059,100,20.0,2026-11-20,2026-11-01,Increase,3,Forecast,2026-06-SOP,Planned
PLAN-004226,2026-06-SOP,Production,ACT-0055,100,10.0,2026-11-20,2026-11-13,Defer,2,Forecast,2026-06-SOP,Planned
PLAN-004410,2026-06-SOP,Production,CTL-0021,300,5.0,2026-11-20,2026-11-05,Expedite,1,Sales Order,SO-004411,Planned
PLAN-004594,2026-06-SOP,Production,SYS-0007,100,75.0,2026-11-20,2026-10-23,,5,Forecast,2026-06-SOP,Planned
PLAN-004778,2026-06-SOP,Purchase,AFT-0003,300,40.0,2026-11-20,2026-11-04,Decrease,4,Forecast,2026-06-SOP,Planned
PLAN-004962,2026-06-SOP,Production,CTL-0029,300,20.0,2026-11-20,2026-10-12,Increase,3,Sales Order,SO-004963,Planned
PLAN-000073,2026-06-SOP,Purchase,AFT-0058,100,40.0,2026-11-21,2026-11-03,Decrease,4,Forecast,2026-06-SOP,Planned
PLAN-000257,2026-06-SOP,Production,DRV-0044,200,20.0,2026-11-21,2026-10-23,Increase,3,Forecast,2026-06-SOP,Planned
PLAN-000441,2026-06-SOP,Production,ACT-0040,200,10.0,2026-11-21,2026-11-04,Defer,2,Sales Order,SO-000442,Planned
PLAN-000625,2026-06-SOP,Production,CTL-0006,300,5.0,2026-11-21,2026-10-27,Expedite,1,Forecast,2026-06-SOP,Planned
PLAN-000809,2026-06-SOP,Production,DRV-0052,200,75.0,2026-11-21,2026-09-29,,5,Forecast,2026-06-SOP,Planned
PLAN-000993,2026-06-SOP,Production,ACT-0048,200,40.0,2026-11-21,2026-10-11,Decrease,4,Sales Order,SO-000994,Planned
PLAN-001177,2026-06-SOP,Production,CTL-0014,300,20.0,2026-11-21,2026-10-03,Increase,3,Forecast,2026-06-SOP,Planned
PLAN-001361,2026-06-SOP,Production,DRV-0060,200,10.0,2026-11-21,2026-10-30,Defer,2,Forecast,2026-06-SOP,Planned
PLAN-001545,2026-06-SOP,Production,ACT-0056,200,5.0,2026-11-21,2026-11-11,Expedite,1,Sales Order,SO-001546,Planned
PLAN-001729,2026-06-SOP,Production,CTL-0022,300,75.0,2026-11-21,2026-11-03,,5,Forecast,2026-06-SOP,Planned
PLAN-001913,2026-06-SOP,Production,SYS-0008,300,40.0,2026-11-21,2026-10-21,Decrease,4,Forecast,2026-06-SOP,Planned
PLAN-002097,2026-06-SOP,Purchase,AFT-0004,100,20.0,2026-11-21,2026-11-03,Increase,3,Sales Order,SO-002098,Planned
PLAN-002281,2026-06-SOP,Production,CTL-0030,300,10.0,2026-11-21,2026-10-10,Defer,2,Forecast,2026-06-SOP,Planned
PLAN-002465,2026-06-SOP,Production,SYS-0016,300,5.0,2026-11-21,2026-09-27,Expedite,1,Forecast,2026-06-SOP,Planned
PLAN-002649,2026-06-SOP,Purchase,AFT-0012,300,75.0,2026-11-21,2026-10-09,,5,Sales Order,SO-002650,Planned
PLAN-002833,2026-06-SOP,Production,CTL-0038,300,40.0,2026-11-21,2026-11-10,Decrease,4,Forecast,2026-06-SOP,Planned
PLAN-003017,2026-06-SOP,Production,SYS-0024,300,20.0,2026-11-21,2026-10-28,Increase,3,Forecast,2026-06-SOP,Planned
PLAN-003201,2026-06-SOP,Purchase,AFT-0020,100,10.0,2026-11-21,2026-11-09,Defer,2,Sales Order,SO-003202,Planned
PLAN-003385,2026-06-SOP,Production,DRV-0006,200,5.0,2026-11-21,2026-10-27,Expedite,1,Forecast,2026-06-SOP,Planned
PLAN-003569,2026-06-SOP,Production,ACT-0002,200,75.0,2026-11-21,2026-11-08,,5,Forecast,2026-06-SOP,Planned
PLAN-003753,2026-06-SOP,Purchase,AFT-0028,100,40.0,2026-11-21,2026-11-03,Decrease,4,Sales Order,SO-003754,Planned
PLAN-003937,2026-06-SOP,Production,DRV-0014,200,20.0,2026-11-21,2026-10-03,Increase,3,Forecast,2026-06-SOP,Planned
PLAN-004121,2026-06-SOP,Production,ACT-0010,200,10.0,2026-11-21,2026-10-15,Defer,2,Forecast,2026-06-SOP,Planned
PLAN-004305,2026-06-SOP,Purchase,AFT-0036,300,5.0,2026-11-21,2026-09-22,Expedite,1,Sales Order,SO-004306,Planned
PLAN-004489,2026-06-SOP,Production,DRV-0022,200,75.0,2026-11-21,2026-11-03,,5,Forecast,2026-06-SOP,Planned
PLAN-004673,2026-06-SOP,Production,ACT-0018,200,40.0,2026-11-21,2026-09-21,Decrease,4,Forecast,2026-06-SOP,Planned
PLAN-004857,2026-06-SOP,Purchase,AFT-0044,100,20.0,2026-11-21,2026-10-23,Increase,3,Sales Order,SO-004858,Planned
PLAN-000152,2026-06-SOP,Production,CTL-0039,300,20.0,2026-11-22,2026-11-08,Increase,3,Forecast,2026-06-SOP,Planned
PLAN-000336,2026-06-SOP,Production,SYS-0025,100,10.0,2026-11-22,2026-10-26,Defer,2,Sales Order,SO-000337,Planned
PLAN-000520,2026-06-SOP,Purchase,AFT-0021,300,5.0,2026-11-22,2026-11-07,Expedite,1,Forecast,2026-06-SOP,Planned
PLAN-000704,2026-06-SOP,Production,DRV-0007,100,75.0,2026-11-22,2026-10-25,,5,Forecast,2026-06-SOP,Planned
PLAN-000888,2026-06-SOP,Production,ACT-0003,100,40.0,2026-11-22,2026-11-06,Decrease,4,Sales Order,SO-000889,Planned
PLAN-001072,2026-06-SOP,Purchase,AFT-0029,100,20.0,2026-11-22,2026-10-14,Increase,3,Forecast,2026-06-SOP,Planned
PLAN-001256,2026-06-SOP,Production,DRV-0015,100,10.0,2026-11-22,2026-10-01,Defer,2,Forecast,2026-06-SOP,Planned
PLAN-001440,2026-06-SOP,Production,ACT-0011,100,5.0,2026-11-22,2026-10-13,Expedite,1,Sales Order,SO-001441,Planned
PLAN-001624,2026-06-SOP,Purchase,AFT-0037,100,75.0,2026-11-22,2026-11-04,,5,Forecast,2026-06-SOP,Planned
PLAN-001808,2026-06-SOP,Production,DRV-0023,100,40.0,2026-11-22,2026-11-01,Decrease,4,Forecast,2026-06-SOP,Planned
PLAN-001992,2026-06-SOP,Production,ACT-0019,100,20.0,2026-11-22,2026-11-13,Increase,3,Sales Order,SO-001993,Planned
PLAN-002176,2026-06-SOP,Purchase,AFT-0045,300,10.0,2026-11-22,2026-10-21,Defer,2,Forecast,2026-06-SOP,Planned
PLAN-002360,2026-06-SOP,Production,DRV-0031,100,5.0,2026-11-22,2026-10-08,Expedite,1,Forecast,2026-06-SOP,Planned
PLAN-002544,2026-06-SOP,Production,ACT-0027,100,75.0,2026-11-22,2026-10-20,,5,Sales Order,SO-002545,Planned
PLAN-002728,2026-06-SOP,Purchase,AFT-0053,100,40.0,2026-11-22,2026-09-27,Decrease,4,Forecast,2026-06-SOP,Planned
PLAN-002912,2026-06-SOP,Production,DRV-0039,100,20.0,2026-11-22,2026-11-08,Increase,3,Forecast,2026-06-SOP,Planned
PLAN-003096,2026-06-SOP,Production,ACT-0035,100,10.0,2026-11-22,2026-09-26,Defer,2,Sales Order,SO-003097,Planned
PLAN-003280,2026-06-SOP,Production,CTL-0001,300,5.0,2026-11-22,2026-11-12,Expedite,1,Forecast,2026-06-SOP,Planned
PLAN-003464,2026-06-SOP,Production,DRV-0047,100,75.0,2026-11-22,2026-10-15,,5,Forecast,2026-06-SOP,Planned
PLAN-003648,2026-06-SOP,Production,ACT-0043,100,40.0,2026-11-22,2026-10-27,Decrease,4,Sales Order,SO-003649,Planned
PLAN-003832,2026-06-SOP,Production,CTL-0009,300,20.0,2026-11-22,2026-10-19,Increase,3,Forecast,2026-06-SOP,Planned
PLAN-004016,2026-06-SOP,Production,DRV-0055,100,10.0,2026-11-22,2026-11-15,Defer,2,Forecast,2026-06-SOP,Planned
PLAN-004200,2026-06-SOP,Production,ACT-0051,100,5.0,2026-11-22,2026-10-03,Expedite,1,Sales Order,SO-004201,Planned
PLAN-004384,2026-06-SOP,Production,CTL-0017,300,75.0,2026-11-22,2026-09-25,,5,Forecast,2026-06-SOP,Planned
PLAN-004568,2026-06-SOP,Production,SYS-0003,100,40.0,2026-11-22,2026-11-06,Decrease,4,Forecast,2026-06-SOP,Planned
PLAN-004752,2026-06-SOP,Production,ACT-0059,100,20.0,2026-11-22,2026-11-03,Increase,3,Sales Order,SO-004753,Planned
PLAN-004936,2026-06-SOP,Production,CTL-0025,300,10.0,2026-11-22,2026-10-26,Defer,2,Forecast,2026-06-SOP,Planned
PLAN-000047,2026-06-SOP,Purchase,AFT-0054,300,20.0,2026-11-23,2026-09-25,Increase,3,Forecast,2026-06-SOP,Planned
PLAN-000231,2026-06-SOP,Production,DRV-0040,200,10.0,2026-11-23,2026-11-06,Defer,2,Sales Order,SO-000232,Planned
PLAN-000415,2026-06-SOP,Production,ACT-0036,200,5.0,2026-11-23,2026-09-24,Expedite,1,Forecast,2026-06-SOP,Planned
PLAN-000599,2026-06-SOP,Production,CTL-0002,300,75.0,2026-11-23,2026-11-10,,5,Forecast,2026-06-SOP,Planned
PLAN-000783,2026-06-SOP,Production,DRV-0048,200,40.0,2026-11-23,2026-10-13,Decrease,4,Sales Order,SO-000784,Planned
PLAN-000967,2026-06-SOP,Production,ACT-0044,200,20.0,2026-11-23,2026-10-25,Increase,3,Forecast,2026-06-SOP,Planned
PLAN-001151,2026-06-SOP,Production,CTL-0010,300,10.0,2026-11-23,2026-10-17,Defer,2,Forecast,2026-06-SOP,Planned
PLAN-001335,2026-06-SOP,Production,DRV-0056,200,5.0,2026-11-23,2026-11-13,Expedite,1,Sales Order,SO-001336,Planned
PLAN-001519,2026-06-SOP,Production,ACT-0052,200,75.0,2026-11-23,2026-10-01,,5,Forecast,2026-06-SOP,Planned
PLAN-001703,2026-06-SOP,Production,CTL-0018,300,40.0,2026-11-23,2026-09-23,Decrease,4,Forecast,2026-06-SOP,Planned
PLAN-001887,2026-06-SOP,Production,SYS-0004,300,20.0,2026-11-23,2026-11-04,Increase,3,Sales Order,SO-001888,Planned
PLAN-002071,2026-06-SOP,Production,ACT-0060,200,10.0,2026-11-23,2026-11-01,Defer,2,Forecast,2026-06-SOP,Planned
PLAN-002255,2026-06-SOP,Production,CTL-0026,300,5.0,2026-11-23,2026-10-24,Expedite,1,Forecast,2026-06-SOP,Planned
PLAN-002439,2026-06-SOP,Production,SYS-0012,300,75.0,2026-11-23,2026-10-11,,5,Sales Order,SO-002440,Planned
PLAN-002623,2026-06-SOP,Purchase,AFT-0008,100,40.0,2026-11-23,2026-10-23,Decrease,4,Forecast,2026-06-SOP,Planned
PLAN-002807,2026-06-SOP,Production,CTL-0034,300,20.0,2026-11-23,2026-09-30,Increase,3,Forecast,2026-06-SOP,Planned
PLAN-002991,2026-06-SOP,Production,SYS-0020,300,10.0,2026-11-23,2026-11-11,Defer,2,Sales Order,SO-002992,Planned
PLAN-003175,2026-06-SOP,Purchase,AFT-0016,100,5.0,2026-11-23,2026-11-05,Expedite,1,Forecast,2026-06-SOP,Planned
PLAN-003359,2026-06-SOP,Production,DRV-0002,200,75.0,2026-11-23,2026-11-10,,5,Forecast,2026-06-SOP,Planned
PLAN-003543,2026-06-SOP,Production,SYS-0028,300,40.0,2026-11-23,2026-10-18,Decrease,4,Sales Order,SO-003544,Planned
PLAN-003727,2026-06-SOP,Purchase,AFT-0024,300,20.0,2026-11-23,2026-10-30,Increase,3,Forecast,2026-06-SOP,Planned
PLAN-003911,2026-06-SOP,Production,DRV-0010,200,10.0,2026-11-23,2026-10-17,Defer,2,Forecast,2026-06-SOP,Planned
PLAN-004095,2026-06-SOP,Production,ACT-0006,200,5.0,2026-11-23,2026-10-29,Expedite,1,Sales Order,SO-004096,Planned
PLAN-004279,2026-06-SOP,Purchase,AFT-0032,100,75.0,2026-11-23,2026-10-06,,5,Forecast,2026-06-SOP,Planned
PLAN-004463,2026-06-SOP,Production,DRV-0018,200,40.0,2026-11-23,2026-09-23,Decrease,4,Forecast,2026-06-SOP,Planned
PLAN-004647,2026-06-SOP,Production,ACT-0014,200,20.0,2026-11-23,2026-10-05,Increase,3,Sales Order,SO-004648,Planned
PLAN-004831,2026-06-SOP,Purchase,AFT-0040,100,10.0,2026-11-23,2026-11-05,Defer,2,Forecast,2026-06-SOP,Planned
PLAN-000126,2026-06-SOP,Production,CTL-0035,300,10.0,2026-11-24,2026-09-28,Defer,2,Sales Order,SO-000127,Planned
PLAN-000310,2026-06-SOP,Production,SYS-0021,100,5.0,2026-11-24,2026-11-09,Expedite,1,Forecast,2026-06-SOP,Planned
PLAN-000494,2026-06-SOP,Purchase,AFT-0017,100,75.0,2026-11-24,2026-09-27,,5,Forecast,2026-06-SOP,Planned
PLAN-000678,2026-06-SOP,Production,DRV-0003,100,40.0,2026-11-24,2026-11-08,Decrease,4,Sales Order,SO-000679,Planned
PLAN-000862,2026-06-SOP,Production,SYS-0029,100,20.0,2026-11-24,2026-10-16,Increase,3,Forecast,2026-06-SOP,Planned
PLAN-001046,2026-06-SOP,Purchase,AFT-0025,100,10.0,2026-11-24,2026-11-06,Defer,2,Forecast,2026-06-SOP,Planned
PLAN-001230,2026-06-SOP,Production,DRV-0011,100,5.0,2026-11-24,2026-10-15,Expedite,1,Sales Order,SO-001231,Planned
PLAN-001414,2026-06-SOP,Production,ACT-0007,100,75.0,2026-11-24,2026-10-27,,5,Forecast,2026-06-SOP,Planned
PLAN-001598,2026-06-SOP,Purchase,AFT-0033,300,40.0,2026-11-24,2026-10-04,Decrease,4,Forecast,2026-06-SOP,Planned
PLAN-001782,2026-06-SOP,Production,DRV-0019,100,20.0,2026-11-24,2026-11-15,Increase,3,Sales Order,SO-001783,Planned
PLAN-001966,2026-06-SOP,Production,ACT-0015,100,10.0,2026-11-24,2026-10-03,Defer,2,Forecast,2026-06-SOP,Planned
PLAN-002150,2026-06-SOP,Purchase,AFT-0041,100,5.0,2026-11-24,2026-11-04,Expedite,1,Forecast,2026-06-SOP,Planned
PLAN-002334,2026-06-SOP,Production,DRV-0027,100,75.0,2026-11-24,2026-10-22,,5,Sales Order,SO-002335,Planned
PLAN-002518,2026-06-SOP,Production,ACT-0023,100,40.0,2026-11-24,2026-11-03,Decrease,4,Forecast,2026-06-SOP,Planned
PLAN-002702,2026-06-SOP,Purchase,AFT-0049,100,20.0,2026-11-24,2026-11-06,Increase,3,Forecast,2026-06-SOP,Planned
PLAN-002886,2026-06-SOP,Production,DRV-0035,100,10.0,2026-11-24,2026-09-28,Defer,2,Sales Order,SO-002887,Planned
PLAN-003070,2026-06-SOP,Production,ACT-0031,100,5.0,2026-11-24,2026-10-10,Expedite,1,Forecast,2026-06-SOP,Planned
PLAN-003254,2026-06-SOP,Purchase,AFT-0057,300,75.0,2026-11-24,2026-11-11,,5,Forecast,2026-06-SOP,Planned
PLAN-003438,2026-06-SOP,Production,DRV-0043,100,40.0,2026-11-24,2026-10-29,Decrease,4,Sales Order,SO-003439,Planned
PLAN-003622,2026-06-SOP,Production,ACT-0039,100,20.0,2026-11-24,2026-11-10,Increase,3,Forecast,2026-06-SOP,Planned
PLAN-003806,2026-06-SOP,Production,CTL-0005,300,10.0,2026-11-24,2026-11-02,Defer,2,Forecast,2026-06-SOP,Planned
PLAN-003990,2026-06-SOP,Production,DRV-0051,100,5.0,2026-11-24,2026-10-05,Expedite,1,Sales Order,SO-003991,Planned
PLAN-004174,2026-06-SOP,Production,ACT-0047,100,75.0,2026-11-24,2026-10-17,,5,Forecast,2026-06-SOP,Planned
PLAN-004358,2026-06-SOP,Production,CTL-0013,300,40.0,2026-11-24,2026-10-09,Decrease,4,Forecast,2026-06-SOP,Planned
PLAN-004542,2026-06-SOP,Production,DRV-0059,100,20.0,2026-11-24,2026-11-05,Increase,3,Sales Order,SO-004543,Planned
PLAN-004726,2026-06-SOP,Production,ACT-0055,100,10.0,2026-11-24,2026-11-17,Defer,2,Forecast,2026-06-SOP,Planned
PLAN-004910,2026-06-SOP,Production,CTL-0021,300,5.0,2026-11-24,2026-11-09,Expedite,1,Forecast,2026-06-SOP,Planned
PLAN-000021,2026-06-SOP,Purchase,AFT-0050,100,10.0,2026-11-25,2026-10-09,Defer,2,Sales Order,SO-000022,Planned
PLAN-000205,2026-06-SOP,Production,DRV-0036,200,5.0,2026-11-25,2026-09-26,Expedite,1,Forecast,2026-06-SOP,Planned
PLAN-000389,2026-06-SOP,Production,ACT-0032,200,75.0,2026-11-25,2026-10-08,,5,Forecast,2026-06-SOP,Planned
PLAN-000573,2026-06-SOP,Purchase,AFT-0058,100,40.0,2026-11-25,2026-11-07,Decrease,4,Sales Order,SO-000574,Planned
PLAN-000757,2026-06-SOP,Production,DRV-0044,200,20.0,2026-11-25,2026-10-27,Increase,3,Forecast,2026-06-SOP,Planned
PLAN-000941,2026-06-SOP,Production,ACT-0040,200,10.0,2026-11-25,2026-11-08,Defer,2,Forecast,2026-06-SOP,Planned
PLAN-001125,2026-06-SOP,Production,CTL-0006,300,5.0,2026-11-25,2026-10-31,Expedite,1,Sales Order,SO-001126,Planned
PLAN-001309,2026-06-SOP,Production,DRV-0052,200,75.0,2026-11-25,2026-10-03,,5,Forecast,2026-06-SOP,Planned
PLAN-001493,2026-06-SOP,Production,ACT-0048,200,40.0,2026-11-25,2026-10-15,Decrease,4,Forecast,2026-06-SOP,Planned
PLAN-001677,2026-06-SOP,Production,CTL-0014,300,20.0,2026-11-25,2026-10-07,Increase,3,Sales Order,SO-001678,Planned
PLAN-001861,2026-06-SOP,Production,DRV-0060,200,10.0,2026-11-25,2026-11-03,Defer,2,Forecast,2026-06-SOP,Planned
PLAN-002045,2026-06-SOP,Production,ACT-0056,200,5.0,2026-11-25,2026-11-15,Expedite,1,Forecast,2026-06-SOP,Planned
PLAN-002229,2026-06-SOP,Production,CTL-0022,300,75.0,2026-11-25,2026-11-07,,5,Sales Order,SO-002230,Planned
PLAN-002413,2026-06-SOP,Production,SYS-0008,300,40.0,2026-11-25,2026-10-25,Decrease,4,Forecast,2026-06-SOP,Planned
PLAN-002597,2026-06-SOP,Purchase,AFT-0004,100,20.0,2026-11-25,2026-11-07,Increase,3,Forecast,2026-06-SOP,Planned
PLAN-002781,2026-06-SOP,Production,CTL-0030,300,10.0,2026-11-25,2026-10-14,Defer,2,Sales Order,SO-002782,Planned
PLAN-002965,2026-06-SOP,Production,SYS-0016,300,5.0,2026-11-25,2026-10-01,Expedite,1,Forecast,2026-06-SOP,Planned
PLAN-003149,2026-06-SOP,Purchase,AFT-0012,300,75.0,2026-11-25,2026-10-13,,5,Forecast,2026-06-SOP,Planned
PLAN-003333,2026-06-SOP,Production,CTL-0038,300,40.0,2026-11-25,2026-11-14,Decrease,4,Sales Order,SO-003334,Planned
PLAN-003517,2026-06-SOP,Production,SYS-0024,300,20.0,2026-11-25,2026-11-01,Increase,3,Forecast,2026-06-SOP,Planned
PLAN-003701,2026-06-SOP,Purchase,AFT-0020,100,10.0,2026-11-25,2026-11-13,Defer,2,Forecast,2026-06-SOP,Planned
PLAN-003885,2026-06-SOP,Production,DRV-0006,200,5.0,2026-11-25,2026-10-31,Expedite,1,Sales Order,SO-003886,Planned
PLAN-004069,2026-06-SOP,Production,ACT-0002,200,75.0,2026-11-25,2026-11-12,,5,Forecast,2026-06-SOP,Planned
PLAN-004253,2026-06-SOP,Purchase,AFT-0028,100,40.0,2026-11-25,2026-11-07,Decrease,4,Forecast,2026-06-SOP,Planned
PLAN-004437,2026-06-SOP,Production,DRV-0014,200,20.0,2026-11-25,2026-10-07,Increase,3,Sales Order,SO-004438,Planned
PLAN-004621,2026-06-SOP,Production,ACT-0010,200,10.0,2026-11-25,2026-10-19,Defer,2,Forecast,2026-06-SOP,Planned
PLAN-004805,2026-06-SOP,Purchase,AFT-0036,300,5.0,2026-11-25,2026-09-26,Expedite,1,Forecast,2026-06-SOP,Planned
PLAN-004989,2026-06-SOP,Production,DRV-0022,200,75.0,2026-11-25,2026-11-07,,5,Sales Order,SO-004990,Planned
PLAN-000100,2026-06-SOP,Production,CTL-0031,300,5.0,2026-11-26,2026-10-12,Expedite,1,Forecast,2026-06-SOP,Planned
PLAN-000284,2026-06-SOP,Production,SYS-0017,100,75.0,2026-11-26,2026-09-29,,5,Forecast,2026-06-SOP,Planned
PLAN-000468,2026-06-SOP,Purchase,AFT-0013,100,40.0,2026-11-26,2026-11-08,Decrease,4,Sales Order,SO-000469,Planned
PLAN-000652,2026-06-SOP,Production,CTL-0039,300,20.0,2026-11-26,2026-11-12,Increase,3,Forecast,2026-06-SOP,Planned
PLAN-000836,2026-06-SOP,Production,SYS-0025,100,10.0,2026-11-26,2026-10-30,Defer,2,Forecast,2026-06-SOP,Planned
PLAN-001020,2026-06-SOP,Purchase,AFT-0021,300,5.0,2026-11-26,2026-11-11,Expedite,1,Sales Order,SO-001021,Planned
PLAN-001204,2026-06-SOP,Production,DRV-0007,100,75.0,2026-11-26,2026-10-29,,5,Forecast,2026-06-SOP,Planned
PLAN-001388,2026-06-SOP,Production,ACT-0003,100,40.0,2026-11-26,2026-11-10,Decrease,4,Forecast,2026-06-SOP,Planned
PLAN-001572,2026-06-SOP,Purchase,AFT-0029,100,20.0,2026-11-26,2026-10-18,Increase,3,Sales Order,SO-001573,Planned
PLAN-001756,2026-06-SOP,Production,DRV-0015,100,10.0,2026-11-26,2026-10-05,Defer,2,Forecast,2026-06-SOP,Planned
PLAN-001940,2026-06-SOP,Production,ACT-0011,100,5.0,2026-11-26,2026-10-17,Expedite,1,Forecast,2026-06-SOP,Planned
PLAN-002124,2026-06-SOP,Purchase,AFT-0037,100,75.0,2026-11-26,2026-11-08,,5,Sales Order,SO-002125,Planned
PLAN-002308,2026-06-SOP,Production,DRV-0023,100,40.0,2026-11-26,2026-11-05,Decrease,4,Forecast,2026-06-SOP,Planned
PLAN-002492,2026-06-SOP,Production,ACT-0019,100,20.0,2026-11-26,2026-11-17,Increase,3,Forecast,2026-06-SOP,Planned
PLAN-002676,2026-06-SOP,Purchase,AFT-0045,300,10.0,2026-11-26,2026-10-25,Defer,2,Sales Order,SO-002677,Planned
PLAN-002860,2026-06-SOP,Production,DRV-0031,100,5.0,2026-11-26,2026-10-12,Expedite,1,Forecast,2026-06-SOP,Planned
PLAN-003044,2026-06-SOP,Production,ACT-0027,100,75.0,2026-11-26,2026-10-24,,5,Forecast,2026-06-SOP,Planned
PLAN-003228,2026-06-SOP,Purchase,AFT-0053,100,40.0,2026-11-26,2026-10-01,Decrease,4,Sales Order,SO-003229,Planned
PLAN-003412,2026-06-SOP,Production,DRV-0039,100,20.0,2026-11-26,2026-11-12,Increase,3,Forecast,2026-06-SOP,Planned
PLAN-003596,2026-06-SOP,Production,ACT-0035,100,10.0,2026-11-26,2026-09-30,Defer,2,Forecast,2026-06-SOP,Planned
PLAN-003780,2026-06-SOP,Production,CTL-0001,300,5.0,2026-11-26,2026-11-16,Expedite,1,Sales Order,SO-003781,Planned
PLAN-003964,2026-06-SOP,Production,DRV-0047,100,75.0,2026-11-26,2026-10-19,,5,Forecast,2026-06-SOP,Planned
PLAN-004148,2026-06-SOP,Production,ACT-0043,100,40.0,2026-11-26,2026-10-31,Decrease,4,Forecast,2026-06-SOP,Planned
PLAN-004332,2026-06-SOP,Production,CTL-0009,300,20.0,2026-11-26,2026-10-23,Increase,3,Sales Order,SO-004333,Planned
PLAN-004516,2026-06-SOP,Production,DRV-0055,100,10.0,2026-11-26,2026-11-19,Defer,2,Forecast,2026-06-SOP,Planned
PLAN-004700,2026-06-SOP,Production,ACT-0051,100,5.0,2026-11-26,2026-10-07,Expedite,1,Forecast,2026-06-SOP,Planned
PLAN-004884,2026-06-SOP,Production,CTL-0017,300,75.0,2026-11-26,2026-09-29,,5,Sales Order,SO-004885,Planned
PLAN-000179,2026-06-SOP,Production,DRV-0032,200,75.0,2026-11-27,2026-10-10,,5,Forecast,2026-06-SOP,Planned
PLAN-000363,2026-06-SOP,Production,ACT-0028,200,40.0,2026-11-27,2026-10-22,Decrease,4,Sales Order,SO-000364,Planned
PLAN-000547,2026-06-SOP,Purchase,AFT-0054,300,20.0,2026-11-27,2026-09-29,Increase,3,Forecast,2026-06-SOP,Planned
PLAN-000731,2026-06-SOP,Production,DRV-0040,200,10.0,2026-11-27,2026-11-10,Defer,2,Forecast,2026-06-SOP,Planned
PLAN-000915,2026-06-SOP,Production,ACT-0036,200,5.0,2026-11-27,2026-09-28,Expedite,1,Sales Order,SO-000916,Planned
PLAN-001099,2026-06-SOP,Production,CTL-0002,300,75.0,2026-11-27,2026-11-14,,5,Forecast,2026-06-SOP,Planned
PLAN-001283,2026-06-SOP,Production,DRV-0048,200,40.0,2026-11-27,2026-10-17,Decrease,4,Forecast,2026-06-SOP,Planned
PLAN-001467,2026-06-SOP,Production,ACT-0044,200,20.0,2026-11-27,2026-10-29,Increase,3,Sales Order,SO-001468,Planned
PLAN-001651,2026-06-SOP,Production,CTL-0010,300,10.0,2026-11-27,2026-10-21,Defer,2,Forecast,2026-06-SOP,Planned
PLAN-001835,2026-06-SOP,Production,DRV-0056,200,5.0,2026-11-27,2026-11-17,Expedite,1,Forecast,2026-06-SOP,Planned
PLAN-002019,2026-06-SOP,Production,ACT-0052,200,75.0,2026-11-27,2026-10-05,,5,Sales Order,SO-002020,Planned
PLAN-002203,2026-06-SOP,Production,CTL-0018,300,40.0,2026-11-27,2026-09-27,Decrease,4,Forecast,2026-06-SOP,Planned
PLAN-002387,2026-06-SOP,Production,SYS-0004,300,20.0,2026-11-27,2026-11-08,Increase,3,Forecast,2026-06-SOP,Planned
PLAN-002571,2026-06-SOP,Production,ACT-0060,200,10.0,2026-11-27,2026-11-05,Defer,2,Sales Order,SO-002572,Planned
PLAN-002755,2026-06-SOP,Production,CTL-0026,300,5.0,2026-11-27,2026-10-28,Expedite,1,Forecast,2026-06-SOP,Planned
PLAN-002939,2026-06-SOP,Production,SYS-0012,300,75.0,2026-11-27,2026-10-15,,5,Forecast,2026-06-SOP,Planned
PLAN-003123,2026-06-SOP,Purchase,AFT-0008,100,40.0,2026-11-27,2026-10-27,Decrease,4,Sales Order,SO-003124,Planned
PLAN-003307,2026-06-SOP,Production,CTL-0034,300,20.0,2026-11-27,2026-10-04,Increase,3,Forecast,2026-06-SOP,Planned
PLAN-003491,2026-06-SOP,Production,SYS-0020,300,10.0,2026-11-27,2026-11-15,Defer,2,Forecast,2026-06-SOP,Planned
PLAN-003675,2026-06-SOP,Purchase,AFT-0016,100,5.0,2026-11-27,2026-11-09,Expedite,1,Sales Order,SO-003676,Planned
PLAN-003859,2026-06-SOP,Production,DRV-0002,200,75.0,2026-11-27,2026-11-14,,5,Forecast,2026-06-SOP,Planned
PLAN-004043,2026-06-SOP,Production,SYS-0028,300,40.0,2026-11-27,2026-10-22,Decrease,4,Forecast,2026-06-SOP,Planned
PLAN-004227,2026-06-SOP,Purchase,AFT-0024,300,20.0,2026-11-27,2026-11-03,Increase,3,Sales Order,SO-004228,Planned
PLAN-004411,2026-06-SOP,Production,DRV-0010,200,10.0,2026-11-27,2026-10-21,Defer,2,Forecast,2026-06-SOP,Planned
PLAN-004595,2026-06-SOP,Production,ACT-0006,200,5.0,2026-11-27,2026-11-02,Expedite,1,Forecast,2026-06-SOP,Planned
PLAN-004779,2026-06-SOP,Purchase,AFT-0032,100,75.0,2026-11-27,2026-10-10,,5,Sales Order,SO-004780,Planned
PLAN-004963,2026-06-SOP,Production,DRV-0018,200,40.0,2026-11-27,2026-09-27,Decrease,4,Forecast,2026-06-SOP,Planned
PLAN-000074,2026-06-SOP,Production,CTL-0027,300,75.0,2026-11-28,2026-10-26,,5,Forecast,2026-06-SOP,Planned
PLAN-000258,2026-06-SOP,Production,SYS-0013,100,40.0,2026-11-28,2026-10-13,Decrease,4,Sales Order,SO-000259,Planned
PLAN-000442,2026-06-SOP,Purchase,AFT-0009,300,20.0,2026-11-28,2026-10-25,Increase,3,Forecast,2026-06-SOP,Planned
PLAN-000626,2026-06-SOP,Production,CTL-0035,300,10.0,2026-11-28,2026-10-02,Defer,2,Forecast,2026-06-SOP,Planned
PLAN-000810,2026-06-SOP,Production,SYS-0021,100,5.0,2026-11-28,2026-11-13,Expedite,1,Sales Order,SO-000811,Planned
PLAN-000994,2026-06-SOP,Purchase,AFT-0017,100,75.0,2026-11-28,2026-10-01,,5,Forecast,2026-06-SOP,Planned
PLAN-001178,2026-06-SOP,Production,DRV-0003,100,40.0,2026-11-28,2026-11-12,Decrease,4,Forecast,2026-06-SOP,Planned
PLAN-001362,2026-06-SOP,Production,SYS-0029,100,20.0,2026-11-28,2026-10-20,Increase,3,Sales Order,SO-001363,Planned
PLAN-001546,2026-06-SOP,Purchase,AFT-0025,100,10.0,2026-11-28,2026-11-10,Defer,2,Forecast,2026-06-SOP,Planned
PLAN-001730,2026-06-SOP,Production,DRV-0011,100,5.0,2026-11-28,2026-10-19,Expedite,1,Forecast,2026-06-SOP,Planned
PLAN-001914,2026-06-SOP,Production,ACT-0007,100,75.0,2026-11-28,2026-10-31,,5,Sales Order,SO-001915,Planned
PLAN-002098,2026-06-SOP,Purchase,AFT-0033,300,40.0,2026-11-28,2026-10-08,Decrease,4,Forecast,2026-06-SOP,Planned
PLAN-002282,2026-06-SOP,Production,DRV-0019,100,20.0,2026-11-28,2026-11-19,Increase,3,Forecast,2026-06-SOP,Planned
PLAN-002466,2026-06-SOP,Production,ACT-0015,100,10.0,2026-11-28,2026-10-07,Defer,2,Sales Order,SO-002467,Planned
PLAN-002650,2026-06-SOP,Purchase,AFT-0041,100,5.0,2026-11-28,2026-11-08,Expedite,1,Forecast,2026-06-SOP,Planned
PLAN-002834,2026-06-SOP,Production,DRV-0027,100,75.0,2026-11-28,2026-10-26,,5,Forecast,2026-06-SOP,Planned
PLAN-003018,2026-06-SOP,Production,ACT-0023,100,40.0,2026-11-28,2026-11-07,Decrease,4,Sales Order,SO-003019,Planned
PLAN-003202,2026-06-SOP,Purchase,AFT-0049,100,20.0,2026-11-28,2026-11-10,Increase,3,Forecast,2026-06-SOP,Planned
PLAN-003386,2026-06-SOP,Production,DRV-0035,100,10.0,2026-11-28,2026-10-02,Defer,2,Forecast,2026-06-SOP,Planned
PLAN-003570,2026-06-SOP,Production,ACT-0031,100,5.0,2026-11-28,2026-10-14,Expedite,1,Sales Order,SO-003571,Planned
PLAN-003754,2026-06-SOP,Purchase,AFT-0057,300,75.0,2026-11-28,2026-11-15,,5,Forecast,2026-06-SOP,Planned
PLAN-003938,2026-06-SOP,Production,DRV-0043,100,40.0,2026-11-28,2026-11-02,Decrease,4,Forecast,2026-06-SOP,Planned
PLAN-004122,2026-06-SOP,Production,ACT-0039,100,20.0,2026-11-28,2026-11-14,Increase,3,Sales Order,SO-004123,Planned
PLAN-004306,2026-06-SOP,Production,CTL-0005,300,10.0,2026-11-28,2026-11-06,Defer,2,Forecast,2026-06-SOP,Planned
PLAN-004490,2026-06-SOP,Production,DRV-0051,100,5.0,2026-11-28,2026-10-09,Expedite,1,Forecast,2026-06-SOP,Planned
PLAN-004674,2026-06-SOP,Production,ACT-0047,100,75.0,2026-11-28,2026-10-21,,5,Sales Order,SO-004675,Planned
PLAN-004858,2026-06-SOP,Production,CTL-0013,300,40.0,2026-11-28,2026-10-13,Decrease,4,Forecast,2026-06-SOP,Planned
PLAN-000153,2026-06-SOP,Production,DRV-0028,200,40.0,2026-11-29,2026-10-24,Decrease,4,Sales Order,SO-000154,Planned
PLAN-000337,2026-06-SOP,Production,ACT-0024,200,20.0,2026-11-29,2026-11-05,Increase,3,Forecast,2026-06-SOP,Planned
PLAN-000521,2026-06-SOP,Purchase,AFT-0050,100,10.0,2026-11-29,2026-10-13,Defer,2,Forecast,2026-06-SOP,Planned
PLAN-000705,2026-06-SOP,Production,DRV-0036,200,5.0,2026-11-29,2026-09-30,Expedite,1,Sales Order,SO-000706,Planned
PLAN-000889,2026-06-SOP,Production,ACT-0032,200,75.0,2026-11-29,2026-10-12,,5,Forecast,2026-06-SOP,Planned
PLAN-001073,2026-06-SOP,Purchase,AFT-0058,100,40.0,2026-11-29,2026-11-11,Decrease,4,Forecast,2026-06-SOP,Planned
PLAN-001257,2026-06-SOP,Production,DRV-0044,200,20.0,2026-11-29,2026-10-31,Increase,3,Sales Order,SO-001258,Planned
PLAN-001441,2026-06-SOP,Production,ACT-0040,200,10.0,2026-11-29,2026-11-12,Defer,2,Forecast,2026-06-SOP,Planned
PLAN-001625,2026-06-SOP,Production,CTL-0006,300,5.0,2026-11-29,2026-11-04,Expedite,1,Forecast,2026-06-SOP,Planned
PLAN-001809,2026-06-SOP,Production,DRV-0052,200,75.0,2026-11-29,2026-10-07,,5,Sales Order,SO-001810,Planned
PLAN-001993,2026-06-SOP,Production,ACT-0048,200,40.0,2026-11-29,2026-10-19,Decrease,4,Forecast,2026-06-SOP,Planned
PLAN-002177,2026-06-SOP,Production,CTL-0014,300,20.0,2026-11-29,2026-10-11,Increase,3,Forecast,2026-06-SOP,Planned
PLAN-002361,2026-06-SOP,Production,DRV-0060,200,10.0,2026-11-29,2026-11-07,Defer,2,Sales Order,SO-002362,Planned
PLAN-002545,2026-06-SOP,Production,ACT-0056,200,5.0,2026-11-29,2026-11-19,Expedite,1,Forecast,2026-06-SOP,Planned
PLAN-002729,2026-06-SOP,Production,CTL-0022,300,75.0,2026-11-29,2026-11-11,,5,Forecast,2026-06-SOP,Planned
PLAN-002913,2026-06-SOP,Production,SYS-0008,300,40.0,2026-11-29,2026-10-29,Decrease,4,Sales Order,SO-002914,Planned
PLAN-003097,2026-06-SOP,Purchase,AFT-0004,100,20.0,2026-11-29,2026-11-11,Increase,3,Forecast,2026-06-SOP,Planned
PLAN-003281,2026-06-SOP,Production,CTL-0030,300,10.0,2026-11-29,2026-10-18,Defer,2,Forecast,2026-06-SOP,Planned
PLAN-003465,2026-06-SOP,Production,SYS-0016,300,5.0,2026-11-29,2026-10-05,Expedite,1,Sales Order,SO-003466,Planned
PLAN-003649,2026-06-SOP,Purchase,AFT-0012,300,75.0,2026-11-29,2026-10-17,,5,Forecast,2026-06-SOP,Planned
PLAN-003833,2026-06-SOP,Production,CTL-0038,300,40.0,2026-11-29,2026-11-18,Decrease,4,Forecast,2026-06-SOP,Planned
PLAN-004017,2026-06-SOP,Production,SYS-0024,300,20.0,2026-11-29,2026-11-05,Increase,3,Sales Order,SO-004018,Planned
PLAN-004201,2026-06-SOP,Purchase,AFT-0020,100,10.0,2026-11-29,2026-11-17,Defer,2,Forecast,2026-06-SOP,Planned
PLAN-004385,2026-06-SOP,Production,DRV-0006,200,5.0,2026-11-29,2026-11-04,Expedite,1,Forecast,2026-06-SOP,Planned
PLAN-004569,2026-06-SOP,Production,ACT-0002,200,75.0,2026-11-29,2026-11-16,,5,Sales Order,SO-004570,Planned
PLAN-004753,2026-06-SOP,Purchase,AFT-0028,100,40.0,2026-11-29,2026-11-11,Decrease,4,Forecast,2026-06-SOP,Planned
PLAN-004937,2026-06-SOP,Production,DRV-0014,200,20.0,2026-11-29,2026-10-11,Increase,3,Forecast,2026-06-SOP,Planned
PLAN-000048,2026-06-SOP,Production,CTL-0023,300,40.0,2026-11-30,2026-11-09,Decrease,4,Sales Order,SO-000049,Planned
PLAN-000232,2026-06-SOP,Production,SYS-0009,100,20.0,2026-11-30,2026-10-27,Increase,3,Forecast,2026-06-SOP,Planned
PLAN-000416,2026-06-SOP,Purchase,AFT-0005,100,10.0,2026-11-30,2026-11-08,Defer,2,Forecast,2026-06-SOP,Planned
PLAN-000600,2026-06-SOP,Production,CTL-0031,300,5.0,2026-11-30,2026-10-16,Expedite,1,Sales Order,SO-000601,Planned
PLAN-000784,2026-06-SOP,Production,SYS-0017,100,75.0,2026-11-30,2026-10-03,,5,Forecast,2026-06-SOP,Planned
PLAN-000968,2026-06-SOP,Purchase,AFT-0013,100,40.0,2026-11-30,2026-11-12,Decrease,4,Forecast,2026-06-SOP,Planned
PLAN-001152,2026-06-SOP,Production,CTL-0039,300,20.0,2026-11-30,2026-11-16,Increase,3,Sales Order,SO-001153,Planned
PLAN-001336,2026-06-SOP,Production,SYS-0025,100,10.0,2026-11-30,2026-11-03,Defer,2,Forecast,2026-06-SOP,Planned
PLAN-001520,2026-06-SOP,Purchase,AFT-0021,300,5.0,2026-11-30,2026-11-15,Expedite,1,Forecast,2026-06-SOP,Planned
PLAN-001704,2026-06-SOP,Production,DRV-0007,100,75.0,2026-11-30,2026-11-02,,5,Sales Order,SO-001705,Planned
PLAN-001888,2026-06-SOP,Production,ACT-0003,100,40.0,2026-11-30,2026-11-14,Decrease,4,Forecast,2026-06-SOP,Planned
PLAN-002072,2026-06-SOP,Purchase,AFT-0029,100,20.0,2026-11-30,2026-10-22,Increase,3,Forecast,2026-06-SOP,Planned
PLAN-002256,2026-06-SOP,Production,DRV-0015,100,10.0,2026-11-30,2026-10-09,Defer,2,Sales Order,SO-002257,Planned
PLAN-002440,2026-06-SOP,Production,ACT-0011,100,5.0,2026-11-30,2026-10-21,Expedite,1,Forecast,2026-06-SOP,Planned
PLAN-002624,2026-06-SOP,Purchase,AFT-0037,100,75.0,2026-11-30,2026-11-12,,5,Forecast,2026-06-SOP,Planned
PLAN-002808,2026-06-SOP,Production,DRV-0023,100,40.0,2026-11-30,2026-11-09,Decrease,4,Sales Order,SO-002809,Planned
PLAN-002992,2026-06-SOP,Production,ACT-0019,100,20.0,2026-11-30,2026-11-21,Increase,3,Forecast,2026-06-SOP,Planned
PLAN-003176,2026-06-SOP,Purchase,AFT-0045,300,10.0,2026-11-30,2026-10-29,Defer,2,Forecast,2026-06-SOP,Planned
PLAN-003360,2026-06-SOP,Production,DRV-0031,100,5.0,2026-11-30,2026-10-16,Expedite,1,Sales Order,SO-003361,Planned
PLAN-003544,2026-06-SOP,Production,ACT-0027,100,75.0,2026-11-30,2026-10-28,,5,Forecast,2026-06-SOP,Planned
PLAN-003728,2026-06-SOP,Purchase,AFT-0053,100,40.0,2026-11-30,2026-10-05,Decrease,4,Forecast,2026-06-SOP,Planned
PLAN-003912,2026-06-SOP,Production,DRV-0039,100,20.0,2026-11-30,2026-11-16,Increase,3,Sales Order,SO-003913,Planned
PLAN-004096,2026-06-SOP,Production,ACT-0035,100,10.0,2026-11-30,2026-10-04,Defer,2,Forecast,2026-06-SOP,Planned
PLAN-004280,2026-06-SOP,Production,CTL-0001,300,5.0,2026-11-30,2026-11-20,Expedite,1,Forecast,2026-06-SOP,Planned
PLAN-004464,2026-06-SOP,Production,DRV-0047,100,75.0,2026-11-30,2026-10-23,,5,Sales Order,SO-004465,Planned
PLAN-004648,2026-06-SOP,Production,ACT-0043,100,40.0,2026-11-30,2026-11-04,Decrease,4,Forecast,2026-06-SOP,Planned
PLAN-004832,2026-06-SOP,Production,CTL-0009,300,20.0,2026-11-30,2026-10-27,Increase,3,Forecast,2026-06-SOP,Planned
PLAN-000127,2026-06-SOP,Production,DRV-0024,200,20.0,2026-12-01,2026-11-07,Increase,3,Forecast,2026-06-SOP,Planned
PLAN-000311,2026-06-SOP,Production,ACT-0020,200,10.0,2026-12-01,2026-11-19,Defer,2,Forecast,2026-06-SOP,Planned
PLAN-000495,2026-06-SOP,Purchase,AFT-0046,100,5.0,2026-12-01,2026-11-13,Expedite,1,Sales Order,SO-000496,Planned
PLAN-000679,2026-06-SOP,Production,DRV-0032,200,75.0,2026-12-01,2026-10-14,,5,Forecast,2026-06-SOP,Planned
PLAN-000863,2026-06-SOP,Production,ACT-0028,200,40.0,2026-12-01,2026-10-26,Decrease,4,Forecast,2026-06-SOP,Planned
PLAN-001047,2026-06-SOP,Purchase,AFT-0054,300,20.0,2026-12-01,2026-10-03,Increase,3,Sales Order,SO-001048,Planned
PLAN-001231,2026-06-SOP,Production,DRV-0040,200,10.0,2026-12-01,2026-11-14,Defer,2,Forecast,2026-06-SOP,Planned
PLAN-001415,2026-06-SOP,Production,ACT-0036,200,5.0,2026-12-01,2026-10-02,Expedite,1,Forecast,2026-06-SOP,Planned
PLAN-001599,2026-06-SOP,Production,CTL-0002,300,75.0,2026-12-01,2026-11-18,,5,Sales Order,SO-001600,Planned
PLAN-001783,2026-06-SOP,Production,DRV-0048,200,40.0,2026-12-01,2026-10-21,Decrease,4,Forecast,2026-06-SOP,Planned
PLAN-001967,2026-06-SOP,Production,ACT-0044,200,20.0,2026-12-01,2026-11-02,Increase,3,Forecast,2026-06-SOP,Planned
PLAN-002151,2026-06-SOP,Production,CTL-0010,300,10.0,2026-12-01,2026-10-25,Defer,2,Sales Order,SO-002152,Planned
PLAN-002335,2026-06-SOP,Production,DRV-0056,200,5.0,2026-12-01,2026-11-21,Expedite,1,Forecast,2026-06-SOP,Planned
PLAN-002519,2026-06-SOP,Production,ACT-0052,200,75.0,2026-12-01,2026-10-09,,5,Forecast,2026-06-SOP,Planned
PLAN-002703,2026-06-SOP,Production,CTL-0018,300,40.0,2026-12-01,2026-10-01,Decrease,4,Sales Order,SO-002704,Planned
PLAN-002887,2026-06-SOP,Production,SYS-0004,300,20.0,2026-12-01,2026-11-12,Increase,3,Forecast,2026-06-SOP,Planned
PLAN-003071,2026-06-SOP,Production,ACT-0060,200,10.0,2026-12-01,2026-11-09,Defer,2,Forecast,2026-06-SOP,Planned
PLAN-003255,2026-06-SOP,Production,CTL-0026,300,5.0,2026-12-01,2026-11-01,Expedite,1,Sales Order,SO-003256,Planned
PLAN-003439,2026-06-SOP,Production,SYS-0012,300,75.0,2026-12-01,2026-10-19,,5,Forecast,2026-06-SOP,Planned
PLAN-003623,2026-06-SOP,Purchase,AFT-0008,100,40.0,2026-12-01,2026-10-31,Decrease,4,Forecast,2026-06-SOP,Planned
PLAN-003807,2026-06-SOP,Production,CTL-0034,300,20.0,2026-12-01,2026-10-08,Increase,3,Sales Order,SO-003808,Planned
PLAN-003991,2026-06-SOP,Production,SYS-0020,300,10.0,2026-12-01,2026-11-19,Defer,2,Forecast,2026-06-SOP,Planned
PLAN-004175,2026-06-SOP,Purchase,AFT-0016,100,5.0,2026-12-01,2026-11-13,Expedite,1,Forecast,2026-06-SOP,Planned
PLAN-004359,2026-06-SOP,Production,DRV-0002,200,75.0,2026-12-01,2026-11-18,,5,Sales Order,SO-004360,Planned
PLAN-004543,2026-06-SOP,Production,SYS-0028,300,40.0,2026-12-01,2026-10-26,Decrease,4,Forecast,2026-06-SOP,Planned
PLAN-004727,2026-06-SOP,Purchase,AFT-0024,300,20.0,2026-12-01,2026-11-07,Increase,3,Forecast,2026-06-SOP,Planned
PLAN-004911,2026-06-SOP,Production,DRV-0010,200,10.0,2026-12-01,2026-10-25,Defer,2,Sales Order,SO-004912,Planned
PLAN-000022,2026-06-SOP,Production,CTL-0019,300,20.0,2026-12-02,2026-11-23,Increase,3,Forecast,2026-06-SOP,Planned
PLAN-000206,2026-06-SOP,Production,SYS-0005,100,10.0,2026-12-02,2026-11-10,Defer,2,Forecast,2026-06-SOP,Planned
PLAN-000390,2026-06-SOP,Purchase,AFT-0001,100,5.0,2026-12-02,2026-11-14,Expedite,1,Sales Order,SO-000391,Planned
PLAN-000574,2026-06-SOP,Production,CTL-0027,300,75.0,2026-12-02,2026-10-30,,5,Forecast,2026-06-SOP,Planned
PLAN-000758,2026-06-SOP,Production,SYS-0013,100,40.0,2026-12-02,2026-10-17,Decrease,4,Forecast,2026-06-SOP,Planned
PLAN-000942,2026-06-SOP,Purchase,AFT-0009,300,20.0,2026-12-02,2026-10-29,Increase,3,Sales Order,SO-000943,Planned
PLAN-001126,2026-06-SOP,Production,CTL-0035,300,10.0,2026-12-02,2026-10-06,Defer,2,Forecast,2026-06-SOP,Planned
PLAN-001310,2026-06-SOP,Production,SYS-0021,100,5.0,2026-12-02,2026-11-17,Expedite,1,Forecast,2026-06-SOP,Planned
PLAN-001494,2026-06-SOP,Purchase,AFT-0017,100,75.0,2026-12-02,2026-10-05,,5,Sales Order,SO-001495,Planned
PLAN-001678,2026-06-SOP,Production,DRV-0003,100,40.0,2026-12-02,2026-11-16,Decrease,4,Forecast,2026-06-SOP,Planned
PLAN-001862,2026-06-SOP,Production,SYS-0029,100,20.0,2026-12-02,2026-10-24,Increase,3,Forecast,2026-06-SOP,Planned
PLAN-002046,2026-06-SOP,Purchase,AFT-0025,100,10.0,2026-12-02,2026-11-14,Defer,2,Sales Order,SO-002047,Planned
PLAN-002230,2026-06-SOP,Production,DRV-0011,100,5.0,2026-12-02,2026-10-23,Expedite,1,Forecast,2026-06-SOP,Planned
PLAN-002414,2026-06-SOP,Production,ACT-0007,100,75.0,2026-12-02,2026-11-04,,5,Forecast,2026-06-SOP,Planned
PLAN-002598,2026-06-SOP,Purchase,AFT-0033,300,40.0,2026-12-02,2026-10-12,Decrease,4,Sales Order,SO-002599,Planned
PLAN-002782,2026-06-SOP,Production,DRV-0019,100,20.0,2026-12-02,2026-11-23,Increase,3,Forecast,2026-06-SOP,Planned
PLAN-002966,2026-06-SOP,Production,ACT-0015,100,10.0,2026-12-02,2026-10-11,Defer,2,Forecast,2026-06-SOP,Planned
PLAN-003150,2026-06-SOP,Purchase,AFT-0041,100,5.0,2026-12-02,2026-11-12,Expedite,1,Sales Order,SO-003151,Planned
PLAN-003334,2026-06-SOP,Production,DRV-0027,100,75.0,2026-12-02,2026-10-30,,5,Forecast,2026-06-SOP,Planned
PLAN-003518,2026-06-SOP,Production,ACT-0023,100,40.0,2026-12-02,2026-11-11,Decrease,4,Forecast,2026-06-SOP,Planned
PLAN-003702,2026-06-SOP,Purchase,AFT-0049,100,20.0,2026-12-02,2026-11-14,Increase,3,Sales Order,SO-003703,Planned
PLAN-003886,2026-06-SOP,Production,DRV-0035,100,10.0,2026-12-02,2026-10-06,Defer,2,Forecast,2026-06-SOP,Planned
PLAN-004070,2026-06-SOP,Production,ACT-0031,100,5.0,2026-12-02,2026-10-18,Expedite,1,Forecast,2026-06-SOP,Planned
PLAN-004254,2026-06-SOP,Purchase,AFT-0057,300,75.0,2026-12-02,2026-11-19,,5,Sales Order,SO-004255,Planned
PLAN-004438,2026-06-SOP,Production,DRV-0043,100,40.0,2026-12-02,2026-11-06,Decrease,4,Forecast,2026-06-SOP,Planned
PLAN-004622,2026-06-SOP,Production,ACT-0039,100,20.0,2026-12-02,2026-11-18,Increase,3,Forecast,2026-06-SOP,Planned
PLAN-004806,2026-06-SOP,Production,CTL-0005,300,10.0,2026-12-02,2026-11-10,Defer,2,Sales Order,SO-004807,Planned
PLAN-004990,2026-06-SOP,Production,DRV-0051,100,5.0,2026-12-02,2026-10-13,Expedite,1,Forecast,2026-06-SOP,Planned
PLAN-000101,2026-06-SOP,Production,DRV-0020,200,10.0,2026-12-03,2026-11-21,Defer,2,Forecast,2026-06-SOP,Planned
PLAN-000285,2026-06-SOP,Production,ACT-0016,200,5.0,2026-12-03,2026-10-09,Expedite,1,Sales Order,SO-000286,Planned
PLAN-000469,2026-06-SOP,Purchase,AFT-0042,300,75.0,2026-12-03,2026-11-10,,5,Forecast,2026-06-SOP,Planned
PLAN-000653,2026-06-SOP,Production,DRV-0028,200,40.0,2026-12-03,2026-10-28,Decrease,4,Forecast,2026-06-SOP,Planned
PLAN-000837,2026-06-SOP,Production,ACT-0024,200,20.0,2026-12-03,2026-11-09,Increase,3,Sales Order,SO-000838,Planned
PLAN-001021,2026-06-SOP,Purchase,AFT-0050,100,10.0,2026-12-03,2026-10-17,Defer,2,Forecast,2026-06-SOP,Planned
PLAN-001205,2026-06-SOP,Production,DRV-0036,200,5.0,2026-12-03,2026-10-04,Expedite,1,Forecast,2026-06-SOP,Planned
PLAN-001389,2026-06-SOP,Production,ACT-0032,200,75.0,2026-12-03,2026-10-16,,5,Sales Order,SO-001390,Planned
PLAN-001573,2026-06-SOP,Purchase,AFT-0058,100,40.0,2026-12-03,2026-11-15,Decrease,4,Forecast,2026-06-SOP,Planned
PLAN-001757,2026-06-SOP,Production,DRV-0044,200,20.0,2026-12-03,2026-11-04,Increase,3,Forecast,2026-06-SOP,Planned
PLAN-001941,2026-06-SOP,Production,ACT-0040,200,10.0,2026-12-03,2026-11-16,Defer,2,Sales Order,SO-001942,Planned
PLAN-002125,2026-06-SOP,Production,CTL-0006,300,5.0,2026-12-03,2026-11-08,Expedite,1,Forecast,2026-06-SOP,Planned
PLAN-002309,2026-06-SOP,Production,DRV-0052,200,75.0,2026-12-03,2026-10-11,,5,Forecast,2026-06-SOP,Planned
PLAN-002493,2026-06-SOP,Production,ACT-0048,200,40.0,2026-12-03,2026-10-23,Decrease,4,Sales Order,SO-002494,Planned
PLAN-002677,2026-06-SOP,Production,CTL-0014,300,20.0,2026-12-03,2026-10-15,Increase,3,Forecast,2026-06-SOP,Planned
PLAN-002861,2026-06-SOP,Production,DRV-0060,200,10.0,2026-12-03,2026-11-11,Defer,2,Forecast,2026-06-SOP,Planned
PLAN-003045,2026-06-SOP,Production,ACT-0056,200,5.0,2026-12-03,2026-11-23,Expedite,1,Sales Order,SO-003046,Planned
PLAN-003229,2026-06-SOP,Production,CTL-0022,300,75.0,2026-12-03,2026-11-15,,5,Forecast,2026-06-SOP,Planned
PLAN-003413,2026-06-SOP,Production,SYS-0008,300,40.0,2026-12-03,2026-11-02,Decrease,4,Forecast,2026-06-SOP,Planned
PLAN-003597,2026-06-SOP,Purchase,AFT-0004,100,20.0,2026-12-03,2026-11-15,Increase,3,Sales Order,SO-003598,Planned
PLAN-003781,2026-06-SOP,Production,CTL-0030,300,10.0,2026-12-03,2026-10-22,Defer,2,Forecast,2026-06-SOP,Planned
PLAN-003965,2026-06-SOP,Production,SYS-0016,300,5.0,2026-12-03,2026-10-09,Expedite,1,Forecast,2026-06-SOP,Planned
PLAN-004149,2026-06-SOP,Purchase,AFT-0012,300,75.0,2026-12-03,2026-10-21,,5,Sales Order,SO-004150,Planned
PLAN-004333,2026-06-SOP,Production,CTL-0038,300,40.0,2026-12-03,2026-11-22,Decrease,4,Forecast,2026-06-SOP,Planned
PLAN-004517,2026-06-SOP,Production,SYS-0024,300,20.0,2026-12-03,2026-11-09,Increase,3,Forecast,2026-06-SOP,Planned
PLAN-004701,2026-06-SOP,Purchase,AFT-0020,100,10.0,2026-12-03,2026-11-21,Defer,2,Sales Order,SO-004702,Planned
PLAN-004885,2026-06-SOP,Production,DRV-0006,200,5.0,2026-12-03,2026-11-08,Expedite,1,Forecast,2026-06-SOP,Planned
PLAN-000180,2026-06-SOP,Production,SYS-0001,100,5.0,2026-12-04,2026-11-24,Expedite,1,Sales Order,SO-000181,Planned
PLAN-000364,2026-06-SOP,Production,ACT-0057,100,75.0,2026-12-04,2026-11-21,,5,Forecast,2026-06-SOP,Planned
PLAN-000548,2026-06-SOP,Production,CTL-0023,300,40.0,2026-12-04,2026-11-13,Decrease,4,Forecast,2026-06-SOP,Planned
PLAN-000732,2026-06-SOP,Production,SYS-0009,100,20.0,2026-12-04,2026-10-31,Increase,3,Sales Order,SO-000733,Planned
PLAN-000916,2026-06-SOP,Purchase,AFT-0005,100,10.0,2026-12-04,2026-11-12,Defer,2,Forecast,2026-06-SOP,Planned
PLAN-001100,2026-06-SOP,Production,CTL-0031,300,5.0,2026-12-04,2026-10-20,Expedite,1,Forecast,2026-06-SOP,Planned
PLAN-001284,2026-06-SOP,Production,SYS-0017,100,75.0,2026-12-04,2026-10-07,,5,Sales Order,SO-001285,Planned
PLAN-001468,2026-06-SOP,Purchase,AFT-0013,100,40.0,2026-12-04,2026-11-16,Decrease,4,Forecast,2026-06-SOP,Planned
PLAN-001652,2026-06-SOP,Production,CTL-0039,300,20.0,2026-12-04,2026-11-20,Increase,3,Forecast,2026-06-SOP,Planned
PLAN-001836,2026-06-SOP,Production,SYS-0025,100,10.0,2026-12-04,2026-11-07,Defer,2,Sales Order,SO-001837,Planned
PLAN-002020,2026-06-SOP,Purchase,AFT-0021,300,5.0,2026-12-04,2026-11-19,Expedite,1,Forecast,2026-06-SOP,Planned
PLAN-002204,2026-06-SOP,Production,DRV-0007,100,75.0,2026-12-04,2026-11-06,,5,Forecast,2026-06-SOP,Planned
PLAN-002388,2026-06-SOP,Production,ACT-0003,100,40.0,2026-12-04,2026-11-18,Decrease,4,Sales Order,SO-002389,Planned
PLAN-002572,2026-06-SOP,Purchase,AFT-0029,100,20.0,2026-12-04,2026-10-26,Increase,3,Forecast,2026-06-SOP,Planned
PLAN-002756,2026-06-SOP,Production,DRV-0015,100,10.0,2026-12-04,2026-10-13,Defer,2,Forecast,2026-06-SOP,Planned
PLAN-002940,2026-06-SOP,Production,ACT-0011,100,5.0,2026-12-04,2026-10-25,Expedite,1,Sales Order,SO-002941,Planned
PLAN-003124,2026-06-SOP,Purchase,AFT-0037,100,75.0,2026-12-04,2026-11-16,,5,Forecast,2026-06-SOP,Planned
PLAN-003308,2026-06-SOP,Production,DRV-0023,100,40.0,2026-12-04,2026-11-13,Decrease,4,Forecast,2026-06-SOP,Planned
PLAN-003492,2026-06-SOP,Production,ACT-0019,100,20.0,2026-12-04,2026-11-25,Increase,3,Sales Order,SO-003493,Planned
PLAN-003676,2026-06-SOP,Purchase,AFT-0045,300,10.0,2026-12-04,2026-11-02,Defer,2,Forecast,2026-06-SOP,Planned
PLAN-003860,2026-06-SOP,Production,DRV-0031,100,5.0,2026-12-04,2026-10-20,Expedite,1,Forecast,2026-06-SOP,Planned
PLAN-004044,2026-06-SOP,Production,ACT-0027,100,75.0,2026-12-04,2026-11-01,,5,Sales Order,SO-004045,Planned
PLAN-004228,2026-06-SOP,Purchase,AFT-0053,100,40.0,2026-12-04,2026-10-09,Decrease,4,Forecast,2026-06-SOP,Planned
PLAN-004412,2026-06-SOP,Production,DRV-0039,100,20.0,2026-12-04,2026-11-20,Increase,3,Forecast,2026-06-SOP,Planned
PLAN-004596,2026-06-SOP,Production,ACT-0035,100,10.0,2026-12-04,2026-10-08,Defer,2,Sales Order,SO-004597,Planned
PLAN-004780,2026-06-SOP,Production,CTL-0001,300,5.0,2026-12-04,2026-11-24,Expedite,1,Forecast,2026-06-SOP,Planned
PLAN-004964,2026-06-SOP,Production,DRV-0047,100,75.0,2026-12-04,2026-10-27,,5,Forecast,2026-06-SOP,Planned
PLAN-000075,2026-06-SOP,Production,DRV-0016,200,5.0,2026-12-05,2026-10-11,Expedite,1,Sales Order,SO-000076,Planned
PLAN-000259,2026-06-SOP,Production,ACT-0012,200,75.0,2026-12-05,2026-10-23,,5,Forecast,2026-06-SOP,Planned
PLAN-000443,2026-06-SOP,Purchase,AFT-0038,100,40.0,2026-12-05,2026-11-24,Decrease,4,Forecast,2026-06-SOP,Planned
PLAN-000627,2026-06-SOP,Production,DRV-0024,200,20.0,2026-12-05,2026-11-11,Increase,3,Sales Order,SO-000628,Planned
PLAN-000811,2026-06-SOP,Production,ACT-0020,200,10.0,2026-12-05,2026-11-23,Defer,2,Forecast,2026-06-SOP,Planned
PLAN-000995,2026-06-SOP,Purchase,AFT-0046,100,5.0,2026-12-05,2026-11-17,Expedite,1,Forecast,2026-06-SOP,Planned
PLAN-001179,2026-06-SOP,Production,DRV-0032,200,75.0,2026-12-05,2026-10-18,,5,Sales Order,SO-001180,Planned
PLAN-001363,2026-06-SOP,Production,ACT-0028,200,40.0,2026-12-05,2026-10-30,Decrease,4,Forecast,2026-06-SOP,Planned
PLAN-001547,2026-06-SOP,Purchase,AFT-0054,300,20.0,2026-12-05,2026-10-07,Increase,3,Forecast,2026-06-SOP,Planned
PLAN-001731,2026-06-SOP,Production,DRV-0040,200,10.0,2026-12-05,2026-11-18,Defer,2,Sales Order,SO-001732,Planned
PLAN-001915,2026-06-SOP,Production,ACT-0036,200,5.0,2026-12-05,2026-10-06,Expedite,1,Forecast,2026-06-SOP,Planned
PLAN-002099,2026-06-SOP,Production,CTL-0002,300,75.0,2026-12-05,2026-11-22,,5,Forecast,2026-06-SOP,Planned
PLAN-002283,2026-06-SOP,Production,DRV-0048,200,40.0,2026-12-05,2026-10-25,Decrease,4,Sales Order,SO-002284,Planned
PLAN-002467,2026-06-SOP,Production,ACT-0044,200,20.0,2026-12-05,2026-11-06,Increase,3,Forecast,2026-06-SOP,Planned
PLAN-002651,2026-06-SOP,Production,CTL-0010,300,10.0,2026-12-05,2026-10-29,Defer,2,Forecast,2026-06-SOP,Planned
PLAN-002835,2026-06-SOP,Production,DRV-0056,200,5.0,2026-12-05,2026-11-25,Expedite,1,Sales Order,SO-002836,Planned
PLAN-003019,2026-06-SOP,Production,ACT-0052,200,75.0,2026-12-05,2026-10-13,,5,Forecast,2026-06-SOP,Planned
PLAN-003203,2026-06-SOP,Production,CTL-0018,300,40.0,2026-12-05,2026-10-05,Decrease,4,Forecast,2026-06-SOP,Planned
PLAN-003387,2026-06-SOP,Production,SYS-0004,300,20.0,2026-12-05,2026-11-16,Increase,3,Sales Order,SO-003388,Planned
PLAN-003571,2026-06-SOP,Production,ACT-0060,200,10.0,2026-12-05,2026-11-13,Defer,2,Forecast,2026-06-SOP,Planned
PLAN-003755,2026-06-SOP,Production,CTL-0026,300,5.0,2026-12-05,2026-11-05,Expedite,1,Forecast,2026-06-SOP,Planned
PLAN-003939,2026-06-SOP,Production,SYS-0012,300,75.0,2026-12-05,2026-10-23,,5,Sales Order,SO-003940,Planned
PLAN-004123,2026-06-SOP,Purchase,AFT-0008,100,40.0,2026-12-05,2026-11-04,Decrease,4,Forecast,2026-06-SOP,Planned
PLAN-004307,2026-06-SOP,Production,CTL-0034,300,20.0,2026-12-05,2026-10-12,Increase,3,Forecast,2026-06-SOP,Planned
PLAN-004491,2026-06-SOP,Production,SYS-0020,300,10.0,2026-12-05,2026-11-23,Defer,2,Sales Order,SO-004492,Planned
PLAN-004675,2026-06-SOP,Purchase,AFT-0016,100,5.0,2026-12-05,2026-11-17,Expedite,1,Forecast,2026-06-SOP,Planned
PLAN-004859,2026-06-SOP,Production,DRV-0002,200,75.0,2026-12-05,2026-11-22,,5,Forecast,2026-06-SOP,Planned
PLAN-000154,2026-06-SOP,Production,DRV-0057,100,75.0,2026-12-06,2026-11-23,,5,Forecast,2026-06-SOP,Planned
PLAN-000338,2026-06-SOP,Production,ACT-0053,100,40.0,2026-12-06,2026-10-11,Decrease,4,Forecast,2026-06-SOP,Planned
PLAN-000522,2026-06-SOP,Production,CTL-0019,300,20.0,2026-12-06,2026-11-27,Increase,3,Sales Order,SO-000523,Planned
PLAN-000706,2026-06-SOP,Production,SYS-0005,100,10.0,2026-12-06,2026-11-14,Defer,2,Forecast,2026-06-SOP,Planned
PLAN-000890,2026-06-SOP,Purchase,AFT-0001,100,5.0,2026-12-06,2026-11-18,Expedite,1,Forecast,2026-06-SOP,Planned
PLAN-001074,2026-06-SOP,Production,CTL-0027,300,75.0,2026-12-06,2026-11-03,,5,Sales Order,SO-001075,Planned
PLAN-001258,2026-06-SOP,Production,SYS-0013,100,40.0,2026-12-06,2026-10-21,Decrease,4,Forecast,2026-06-SOP,Planned
PLAN-001442,2026-06-SOP,Purchase,AFT-0009,300,20.0,2026-12-06,2026-11-02,Increase,3,Forecast,2026-06-SOP,Planned
PLAN-001626,2026-06-SOP,Production,CTL-0035,300,10.0,2026-12-06,2026-10-10,Defer,2,Sales Order,SO-001627,Planned
PLAN-001810,2026-06-SOP,Production,SYS-0021,100,5.0,2026-12-06,2026-11-21,Expedite,1,Forecast,2026-06-SOP,Planned
PLAN-001994,2026-06-SOP,Purchase,AFT-0017,100,75.0,2026-12-06,2026-10-09,,5,Forecast,2026-06-SOP,Planned
PLAN-002178,2026-06-SOP,Production,DRV-0003,100,40.0,2026-12-06,2026-11-20,Decrease,4,Sales Order,SO-002179,Planned
PLAN-002362,2026-06-SOP,Production,SYS-0029,100,20.0,2026-12-06,2026-10-28,Increase,3,Forecast,2026-06-SOP,Planned
PLAN-002546,2026-06-SOP,Purchase,AFT-0025,100,10.0,2026-12-06,2026-11-18,Defer,2,Forecast,2026-06-SOP,Planned
PLAN-002730,2026-06-SOP,Production,DRV-0011,100,5.0,2026-12-06,2026-10-27,Expedite,1,Sales Order,SO-002731,Planned
PLAN-002914,2026-06-SOP,Production,ACT-0007,100,75.0,2026-12-06,2026-11-08,,5,Forecast,2026-06-SOP,Planned
PLAN-003098,2026-06-SOP,Purchase,AFT-0033,300,40.0,2026-12-06,2026-10-16,Decrease,4,Forecast,2026-06-SOP,Planned
PLAN-003282,2026-06-SOP,Production,DRV-0019,100,20.0,2026-12-06,2026-11-27,Increase,3,Sales Order,SO-003283,Planned
PLAN-003466,2026-06-SOP,Production,ACT-0015,100,10.0,2026-12-06,2026-10-15,Defer,2,Forecast,2026-06-SOP,Planned
PLAN-003650,2026-06-SOP,Purchase,AFT-0041,100,5.0,2026-12-06,2026-11-16,Expedite,1,Forecast,2026-06-SOP,Planned
PLAN-003834,2026-06-SOP,Production,DRV-0027,100,75.0,2026-12-06,2026-11-03,,5,Sales Order,SO-003835,Planned
PLAN-004018,2026-06-SOP,Production,ACT-0023,100,40.0,2026-12-06,2026-11-15,Decrease,4,Forecast,2026-06-SOP,Planned
PLAN-004202,2026-06-SOP,Purchase,AFT-0049,100,20.0,2026-12-06,2026-11-18,Increase,3,Forecast,2026-06-SOP,Planned
PLAN-004386,2026-06-SOP,Production,DRV-0035,100,10.0,2026-12-06,2026-10-10,Defer,2,Sales Order,SO-004387,Planned
PLAN-004570,2026-06-SOP,Production,ACT-0031,100,5.0,2026-12-06,2026-10-22,Expedite,1,Forecast,2026-06-SOP,Planned
PLAN-004754,2026-06-SOP,Purchase,AFT-0057,300,75.0,2026-12-06,2026-11-23,,5,Forecast,2026-06-SOP,Planned
PLAN-004938,2026-06-SOP,Production,DRV-0043,100,40.0,2026-12-06,2026-11-10,Decrease,4,Sales Order,SO-004939,Planned
PLAN-000049,2026-06-SOP,Production,DRV-0012,200,75.0,2026-12-07,2026-10-25,,5,Forecast,2026-06-SOP,Planned
PLAN-000233,2026-06-SOP,Production,ACT-0008,200,40.0,2026-12-07,2026-11-06,Decrease,4,Forecast,2026-06-SOP,Planned
PLAN-000417,2026-06-SOP,Purchase,AFT-0034,100,20.0,2026-12-07,2026-11-19,Increase,3,Sales Order,SO-000418,Planned
PLAN-000601,2026-06-SOP,Production,DRV-0020,200,10.0,2026-12-07,2026-11-25,Defer,2,Forecast,2026-06-SOP,Planned
PLAN-000785,2026-06-SOP,Production,ACT-0016,200,5.0,2026-12-07,2026-10-13,Expedite,1,Forecast,2026-06-SOP,Planned
PLAN-000969,2026-06-SOP,Purchase,AFT-0042,300,75.0,2026-12-07,2026-11-14,,5,Sales Order,SO-000970,Planned
PLAN-001153,2026-06-SOP,Production,DRV-0028,200,40.0,2026-12-07,2026-11-01,Decrease,4,Forecast,2026-06-SOP,Planned
PLAN-001337,2026-06-SOP,Production,ACT-0024,200,20.0,2026-12-07,2026-11-13,Increase,3,Forecast,2026-06-SOP,Planned
PLAN-001521,2026-06-SOP,Purchase,AFT-0050,100,10.0,2026-12-07,2026-10-21,Defer,2,Sales Order,SO-001522,Planned
PLAN-001705,2026-06-SOP,Production,DRV-0036,200,5.0,2026-12-07,2026-10-08,Expedite,1,Forecast,2026-06-SOP,Planned
PLAN-001889,2026-06-SOP,Production,ACT-0032,200,75.0,2026-12-07,2026-10-20,,5,Forecast,2026-06-SOP,Planned
PLAN-002073,2026-06-SOP,Purchase,AFT-0058,100,40.0,2026-12-07,2026-11-19,Decrease,4,Sales Order,SO-002074,Planned
PLAN-002257,2026-06-SOP,Production,DRV-0044,200,20.0,2026-12-07,2026-11-08,Increase,3,Forecast,2026-06-SOP,Planned
PLAN-002441,2026-06-SOP,Production,ACT-0040,200,10.0,2026-12-07,2026-11-20,Defer,2,Forecast,2026-06-SOP,Planned
PLAN-002625,2026-06-SOP,Production,CTL-0006,300,5.0,2026-12-07,2026-11-12,Expedite,1,Sales Order,SO-002626,Planned
PLAN-002809,2026-06-SOP,Production,DRV-0052,200,75.0,2026-12-07,2026-10-15,,5,Forecast,2026-06-SOP,Planned
PLAN-002993,2026-06-SOP,Production,ACT-0048,200,40.0,2026-12-07,2026-10-27,Decrease,4,Forecast,2026-06-SOP,Planned
PLAN-003177,2026-06-SOP,Production,CTL-0014,300,20.0,2026-12-07,2026-10-19,Increase,3,Sales Order,SO-003178,Planned
PLAN-003361,2026-06-SOP,Production,DRV-0060,200,10.0,2026-12-07,2026-11-15,Defer,2,Forecast,2026-06-SOP,Planned
PLAN-003545,2026-06-SOP,Production,ACT-0056,200,5.0,2026-12-07,2026-11-27,Expedite,1,Forecast,2026-06-SOP,Planned
PLAN-003729,2026-06-SOP,Production,CTL-0022,300,75.0,2026-12-07,2026-11-19,,5,Sales Order,SO-003730,Planned
PLAN-003913,2026-06-SOP,Production,SYS-0008,300,40.0,2026-12-07,2026-11-06,Decrease,4,Forecast,2026-06-SOP,Planned
PLAN-004097,2026-06-SOP,Purchase,AFT-0004,100,20.0,2026-12-07,2026-11-19,Increase,3,Forecast,2026-06-SOP,Planned
PLAN-004281,2026-06-SOP,Production,CTL-0030,300,10.0,2026-12-07,2026-10-26,Defer,2,Sales Order,SO-004282,Planned
PLAN-004465,2026-06-SOP,Production,SYS-0016,300,5.0,2026-12-07,2026-10-13,Expedite,1,Forecast,2026-06-SOP,Planned
PLAN-004649,2026-06-SOP,Purchase,AFT-0012,300,75.0,2026-12-07,2026-10-25,,5,Forecast,2026-06-SOP,Planned
PLAN-004833,2026-06-SOP,Production,CTL-0038,300,40.0,2026-12-07,2026-11-26,Decrease,4,Sales Order,SO-004834,Planned
PLAN-000128,2026-06-SOP,Production,DRV-0053,100,40.0,2026-12-08,2026-10-13,Decrease,4,Forecast,2026-06-SOP,Planned
PLAN-000312,2026-06-SOP,Production,ACT-0049,100,20.0,2026-12-08,2026-10-25,Increase,3,Sales Order,SO-000313,Planned
PLAN-000496,2026-06-SOP,Production,CTL-0015,300,10.0,2026-12-08,2026-10-17,Defer,2,Forecast,2026-06-SOP,Planned
PLAN-000680,2026-06-SOP,Production,SYS-0001,100,5.0,2026-12-08,2026-11-28,Expedite,1,Forecast,2026-06-SOP,Planned
PLAN-000864,2026-06-SOP,Production,ACT-0057,100,75.0,2026-12-08,2026-11-25,,5,Sales Order,SO-000865,Planned
PLAN-001048,2026-06-SOP,Production,CTL-0023,300,40.0,2026-12-08,2026-11-17,Decrease,4,Forecast,2026-06-SOP,Planned
PLAN-001232,2026-06-SOP,Production,SYS-0009,100,20.0,2026-12-08,2026-11-04,Increase,3,Forecast,2026-06-SOP,Planned
PLAN-001416,2026-06-SOP,Purchase,AFT-0005,100,10.0,2026-12-08,2026-11-16,Defer,2,Sales Order,SO-001417,Planned
PLAN-001600,2026-06-SOP,Production,CTL-0031,300,5.0,2026-12-08,2026-10-24,Expedite,1,Forecast,2026-06-SOP,Planned
PLAN-001784,2026-06-SOP,Production,SYS-0017,100,75.0,2026-12-08,2026-10-11,,5,Forecast,2026-06-SOP,Planned
PLAN-001968,2026-06-SOP,Purchase,AFT-0013,100,40.0,2026-12-08,2026-11-20,Decrease,4,Sales Order,SO-001969,Planned
PLAN-002152,2026-06-SOP,Production,CTL-0039,300,20.0,2026-12-08,2026-11-24,Increase,3,Forecast,2026-06-SOP,Planned
PLAN-002336,2026-06-SOP,Production,SYS-0025,100,10.0,2026-12-08,2026-11-11,Defer,2,Forecast,2026-06-SOP,Planned
PLAN-002520,2026-06-SOP,Purchase,AFT-0021,300,5.0,2026-12-08,2026-11-23,Expedite,1,Sales Order,SO-002521,Planned
PLAN-002704,2026-06-SOP,Production,DRV-0007,100,75.0,2026-12-08,2026-11-10,,5,Forecast,2026-06-SOP,Planned
PLAN-002888,2026-06-SOP,Production,ACT-0003,100,40.0,2026-12-08,2026-11-22,Decrease,4,Forecast,2026-06-SOP,Planned
PLAN-003072,2026-06-SOP,Purchase,AFT-0029,100,20.0,2026-12-08,2026-10-30,Increase,3,Sales Order,SO-003073,Planned
PLAN-003256,2026-06-SOP,Production,DRV-0015,100,10.0,2026-12-08,2026-10-17,Defer,2,Forecast,2026-06-SOP,Planned
PLAN-003440,2026-06-SOP,Production,ACT-0011,100,5.0,2026-12-08,2026-10-29,Expedite,1,Forecast,2026-06-SOP,Planned
PLAN-003624,2026-06-SOP,Purchase,AFT-0037,100,75.0,2026-12-08,2026-11-20,,5,Sales Order,SO-003625,Planned
PLAN-003808,2026-06-SOP,Production,DRV-0023,100,40.0,2026-12-08,2026-11-17,Decrease,4,Forecast,2026-06-SOP,Planned
PLAN-003992,2026-06-SOP,Production,ACT-0019,100,20.0,2026-12-08,2026-11-29,Increase,3,Forecast,2026-06-SOP,Planned
PLAN-004176,2026-06-SOP,Purchase,AFT-0045,300,10.0,2026-12-08,2026-11-06,Defer,2,Sales Order,SO-004177,Planned
PLAN-004360,2026-06-SOP,Production,DRV-0031,100,5.0,2026-12-08,2026-10-24,Expedite,1,Forecast,2026-06-SOP,Planned
PLAN-004544,2026-06-SOP,Production,ACT-0027,100,75.0,2026-12-08,2026-11-05,,5,Forecast,2026-06-SOP,Planned
PLAN-004728,2026-06-SOP,Purchase,AFT-0053,100,40.0,2026-12-08,2026-10-13,Decrease,4,Sales Order,SO-004729,Planned
PLAN-004912,2026-06-SOP,Production,DRV-0039,100,20.0,2026-12-08,2026-11-24,Increase,3,Forecast,2026-06-SOP,Planned
PLAN-000023,2026-06-SOP,Production,DRV-0008,200,40.0,2026-12-09,2026-11-08,Decrease,4,Forecast,2026-06-SOP,Planned
PLAN-000207,2026-06-SOP,Production,ACT-0004,200,20.0,2026-12-09,2026-11-20,Increase,3,Sales Order,SO-000208,Planned
PLAN-000391,2026-06-SOP,Purchase,AFT-0030,300,10.0,2026-12-09,2026-10-28,Defer,2,Forecast,2026-06-SOP,Planned
PLAN-000575,2026-06-SOP,Production,DRV-0016,200,5.0,2026-12-09,2026-10-15,Expedite,1,Forecast,2026-06-SOP,Planned
PLAN-000759,2026-06-SOP,Production,ACT-0012,200,75.0,2026-12-09,2026-10-27,,5,Sales Order,SO-000760,Planned
PLAN-000943,2026-06-SOP,Purchase,AFT-0038,100,40.0,2026-12-09,2026-11-28,Decrease,4,Forecast,2026-06-SOP,Planned
PLAN-001127,2026-06-SOP,Production,DRV-0024,200,20.0,2026-12-09,2026-11-15,Increase,3,Forecast,2026-06-SOP,Planned
PLAN-001311,2026-06-SOP,Production,ACT-0020,200,10.0,2026-12-09,2026-11-27,Defer,2,Sales Order,SO-001312,Planned
PLAN-001495,2026-06-SOP,Purchase,AFT-0046,100,5.0,2026-12-09,2026-11-21,Expedite,1,Forecast,2026-06-SOP,Planned
PLAN-001679,2026-06-SOP,Production,DRV-0032,200,75.0,2026-12-09,2026-10-22,,5,Forecast,2026-06-SOP,Planned
PLAN-001863,2026-06-SOP,Production,ACT-0028,200,40.0,2026-12-09,2026-11-03,Decrease,4,Sales Order,SO-001864,Planned
PLAN-002047,2026-06-SOP,Purchase,AFT-0054,300,20.0,2026-12-09,2026-10-11,Increase,3,Forecast,2026-06-SOP,Planned
PLAN-002231,2026-06-SOP,Production,DRV-0040,200,10.0,2026-12-09,2026-11-22,Defer,2,Forecast,2026-06-SOP,Planned
PLAN-002415,2026-06-SOP,Production,ACT-0036,200,5.0,2026-12-09,2026-10-10,Expedite,1,Sales Order,SO-002416,Planned
PLAN-002599,2026-06-SOP,Production,CTL-0002,300,75.0,2026-12-09,2026-11-26,,5,Forecast,2026-06-SOP,Planned
PLAN-002783,2026-06-SOP,Production,DRV-0048,200,40.0,2026-12-09,2026-10-29,Decrease,4,Forecast,2026-06-SOP,Planned
PLAN-002967,2026-06-SOP,Production,ACT-0044,200,20.0,2026-12-09,2026-11-10,Increase,3,Sales Order,SO-002968,Planned
PLAN-003151,2026-06-SOP,Production,CTL-0010,300,10.0,2026-12-09,2026-11-02,Defer,2,Forecast,2026-06-SOP,Planned
PLAN-003335,2026-06-SOP,Production,DRV-0056,200,5.0,2026-12-09,2026-11-29,Expedite,1,Forecast,2026-06-SOP,Planned
PLAN-003519,2026-06-SOP,Production,ACT-0052,200,75.0,2026-12-09,2026-10-17,,5,Sales Order,SO-003520,Planned
PLAN-003703,2026-06-SOP,Production,CTL-0018,300,40.0,2026-12-09,2026-10-09,Decrease,4,Forecast,2026-06-SOP,Planned
PLAN-003887,2026-06-SOP,Production,SYS-0004,300,20.0,2026-12-09,2026-11-20,Increase,3,Forecast,2026-06-SOP,Planned
PLAN-004071,2026-06-SOP,Production,ACT-0060,200,10.0,2026-12-09,2026-11-17,Defer,2,Sales Order,SO-004072,Planned
PLAN-004255,2026-06-SOP,Production,CTL-0026,300,5.0,2026-12-09,2026-11-09,Expedite,1,Forecast,2026-06-SOP,Planned
PLAN-004439,2026-06-SOP,Production,SYS-0012,300,75.0,2026-12-09,2026-10-27,,5,Forecast,2026-06-SOP,Planned
PLAN-004623,2026-06-SOP,Purchase,AFT-0008,100,40.0,2026-12-09,2026-11-08,Decrease,4,Sales Order,SO-004624,Planned
PLAN-004807,2026-06-SOP,Production,CTL-0034,300,20.0,2026-12-09,2026-10-16,Increase,3,Forecast,2026-06-SOP,Planned
PLAN-004991,2026-06-SOP,Production,SYS-0020,300,10.0,2026-12-09,2026-11-27,Defer,2,Forecast,2026-06-SOP,Planned
PLAN-000102,2026-06-SOP,Production,DRV-0049,100,20.0,2026-12-10,2026-10-27,Increase,3,Sales Order,SO-000103,Planned
PLAN-000286,2026-06-SOP,Production,ACT-0045,100,10.0,2026-12-10,2026-11-08,Defer,2,Forecast,2026-06-SOP,Planned
PLAN-000470,2026-06-SOP,Production,CTL-0011,300,5.0,2026-12-10,2026-10-31,Expedite,1,Forecast,2026-06-SOP,Planned
PLAN-000654,2026-06-SOP,Production,DRV-0057,100,75.0,2026-12-10,2026-11-27,,5,Sales Order,SO-000655,Planned
PLAN-000838,2026-06-SOP,Production,ACT-0053,100,40.0,2026-12-10,2026-10-15,Decrease,4,Forecast,2026-06-SOP,Planned
PLAN-001022,2026-06-SOP,Production,CTL-0019,300,20.0,2026-12-10,2026-12-01,Increase,3,Forecast,2026-06-SOP,Planned
PLAN-001206,2026-06-SOP,Production,SYS-0005,100,10.0,2026-12-10,2026-11-18,Defer,2,Sales Order,SO-001207,Planned
PLAN-001390,2026-06-SOP,Purchase,AFT-0001,100,5.0,2026-12-10,2026-11-22,Expedite,1,Forecast,2026-06-SOP,Planned
PLAN-001574,2026-06-SOP,Production,CTL-0027,300,75.0,2026-12-10,2026-11-07,,5,Forecast,2026-06-SOP,Planned
PLAN-001758,2026-06-SOP,Production,SYS-0013,100,40.0,2026-12-10,2026-10-25,Decrease,4,Sales Order,SO-001759,Planned
PLAN-001942,2026-06-SOP,Purchase,AFT-0009,300,20.0,2026-12-10,2026-11-06,Increase,3,Forecast,2026-06-SOP,Planned
PLAN-002126,2026-06-SOP,Production,CTL-0035,300,10.0,2026-12-10,2026-10-14,Defer,2,Forecast,2026-06-SOP,Planned
PLAN-002310,2026-06-SOP,Production,SYS-0021,100,5.0,2026-12-10,2026-11-25,Expedite,1,Sales Order,SO-002311,Planned
PLAN-002494,2026-06-SOP,Purchase,AFT-0017,100,75.0,2026-12-10,2026-10-13,,5,Forecast,2026-06-SOP,Planned
PLAN-002678,2026-06-SOP,Production,DRV-0003,100,40.0,2026-12-10,2026-11-24,Decrease,4,Forecast,2026-06-SOP,Planned
PLAN-002862,2026-06-SOP,Production,SYS-0029,100,20.0,2026-12-10,2026-11-01,Increase,3,Sales Order,SO-002863,Planned
PLAN-003046,2026-06-SOP,Purchase,AFT-0025,100,10.0,2026-12-10,2026-11-22,Defer,2,Forecast,2026-06-SOP,Planned
PLAN-003230,2026-06-SOP,Production,DRV-0011,100,5.0,2026-12-10,2026-10-31,Expedite,1,Forecast,2026-06-SOP,Planned
PLAN-003414,2026-06-SOP,Production,ACT-0007,100,75.0,2026-12-10,2026-11-12,,5,Sales Order,SO-003415,Planned
PLAN-003598,2026-06-SOP,Purchase,AFT-0033,300,40.0,2026-12-10,2026-10-20,Decrease,4,Forecast,2026-06-SOP,Planned
PLAN-003782,2026-06-SOP,Production,DRV-0019,100,20.0,2026-12-10,2026-12-01,Increase,3,Forecast,2026-06-SOP,Planned
PLAN-003966,2026-06-SOP,Production,ACT-0015,100,10.0,2026-12-10,2026-10-19,Defer,2,Sales Order,SO-003967,Planned
PLAN-004150,2026-06-SOP,Purchase,AFT-0041,100,5.0,2026-12-10,2026-11-20,Expedite,1,Forecast,2026-06-SOP,Planned
PLAN-004334,2026-06-SOP,Production,DRV-0027,100,75.0,2026-12-10,2026-11-07,,5,Forecast,2026-06-SOP,Planned
PLAN-004518,2026-06-SOP,Production,ACT-0023,100,40.0,2026-12-10,2026-11-19,Decrease,4,Sales Order,SO-004519,Planned
PLAN-004702,2026-06-SOP,Purchase,AFT-0049,100,20.0,2026-12-10,2026-11-22,Increase,3,Forecast,2026-06-SOP,Planned
PLAN-004886,2026-06-SOP,Production,DRV-0035,100,10.0,2026-12-10,2026-10-14,Defer,2,Forecast,2026-06-SOP,Planned
PLAN-000181,2026-06-SOP,Production,SYS-0030,300,10.0,2026-12-11,2026-10-30,Defer,2,Forecast,2026-06-SOP,Planned
PLAN-000365,2026-06-SOP,Purchase,AFT-0026,100,5.0,2026-12-11,2026-11-11,Expedite,1,Forecast,2026-06-SOP,Planned
PLAN-000549,2026-06-SOP,Production,DRV-0012,200,75.0,2026-12-11,2026-10-29,,5,Sales Order,SO-000550,Planned
PLAN-000733,2026-06-SOP,Production,ACT-0008,200,40.0,2026-12-11,2026-11-10,Decrease,4,Forecast,2026-06-SOP,Planned
PLAN-000917,2026-06-SOP,Purchase,AFT-0034,100,20.0,2026-12-11,2026-11-23,Increase,3,Forecast,2026-06-SOP,Planned
PLAN-001101,2026-06-SOP,Production,DRV-0020,200,10.0,2026-12-11,2026-11-29,Defer,2,Sales Order,SO-001102,Planned
PLAN-001285,2026-06-SOP,Production,ACT-0016,200,5.0,2026-12-11,2026-10-17,Expedite,1,Forecast,2026-06-SOP,Planned
PLAN-001469,2026-06-SOP,Purchase,AFT-0042,300,75.0,2026-12-11,2026-11-18,,5,Forecast,2026-06-SOP,Planned
PLAN-001653,2026-06-SOP,Production,DRV-0028,200,40.0,2026-12-11,2026-11-05,Decrease,4,Sales Order,SO-001654,Planned
PLAN-001837,2026-06-SOP,Production,ACT-0024,200,20.0,2026-12-11,2026-11-17,Increase,3,Forecast,2026-06-SOP,Planned
PLAN-002021,2026-06-SOP,Purchase,AFT-0050,100,10.0,2026-12-11,2026-10-25,Defer,2,Forecast,2026-06-SOP,Planned
PLAN-002205,2026-06-SOP,Production,DRV-0036,200,5.0,2026-12-11,2026-10-12,Expedite,1,Sales Order,SO-002206,Planned
PLAN-002389,2026-06-SOP,Production,ACT-0032,200,75.0,2026-12-11,2026-10-24,,5,Forecast,2026-06-SOP,Planned
PLAN-002573,2026-06-SOP,Purchase,AFT-0058,100,40.0,2026-12-11,2026-11-23,Decrease,4,Forecast,2026-06-SOP,Planned
PLAN-002757,2026-06-SOP,Production,DRV-0044,200,20.0,2026-12-11,2026-11-12,Increase,3,Sales Order,SO-002758,Planned
PLAN-002941,2026-06-SOP,Production,ACT-0040,200,10.0,2026-12-11,2026-11-24,Defer,2,Forecast,2026-06-SOP,Planned
PLAN-003125,2026-06-SOP,Production,CTL-0006,300,5.0,2026-12-11,2026-11-16,Expedite,1,Forecast,2026-06-SOP,Planned
PLAN-003309,2026-06-SOP,Production,DRV-0052,200,75.0,2026-12-11,2026-10-19,,5,Sales Order,SO-003310,Planned
PLAN-003493,2026-06-SOP,Production,ACT-0048,200,40.0,2026-12-11,2026-10-31,Decrease,4,Forecast,2026-06-SOP,Planned
PLAN-003677,2026-06-SOP,Production,CTL-0014,300,20.0,2026-12-11,2026-10-23,Increase,3,Forecast,2026-06-SOP,Planned
PLAN-003861,2026-06-SOP,Production,DRV-0060,200,10.0,2026-12-11,2026-11-19,Defer,2,Sales Order,SO-003862,Planned
PLAN-004045,2026-06-SOP,Production,ACT-0056,200,5.0,2026-12-11,2026-12-01,Expedite,1,Forecast,2026-06-SOP,Planned
PLAN-004229,2026-06-SOP,Production,CTL-0022,300,75.0,2026-12-11,2026-11-23,,5,Forecast,2026-06-SOP,Planned
PLAN-004413,2026-06-SOP,Production,SYS-0008,300,40.0,2026-12-11,2026-11-10,Decrease,4,Sales Order,SO-004414,Planned
PLAN-004597,2026-06-SOP,Purchase,AFT-0004,100,20.0,2026-12-11,2026-11-23,Increase,3,Forecast,2026-06-SOP,Planned
PLAN-004781,2026-06-SOP,Production,CTL-0030,300,10.0,2026-12-11,2026-10-30,Defer,2,Forecast,2026-06-SOP,Planned
PLAN-004965,2026-06-SOP,Production,SYS-0016,300,5.0,2026-12-11,2026-10-17,Expedite,1,Sales Order,SO-004966,Planned
PLAN-000076,2026-06-SOP,Production,DRV-0045,100,10.0,2026-12-12,2026-11-10,Defer,2,Forecast,2026-06-SOP,Planned
PLAN-000260,2026-06-SOP,Production,ACT-0041,100,5.0,2026-12-12,2026-11-22,Expedite,1,Forecast,2026-06-SOP,Planned
PLAN-000444,2026-06-SOP,Production,CTL-0007,300,75.0,2026-12-12,2026-11-14,,5,Sales Order,SO-000445,Planned
PLAN-000628,2026-06-SOP,Production,DRV-0053,100,40.0,2026-12-12,2026-10-17,Decrease,4,Forecast,2026-06-SOP,Planned
PLAN-000812,2026-06-SOP,Production,ACT-0049,100,20.0,2026-12-12,2026-10-29,Increase,3,Forecast,2026-06-SOP,Planned
PLAN-000996,2026-06-SOP,Production,CTL-0015,300,10.0,2026-12-12,2026-10-21,Defer,2,Sales Order,SO-000997,Planned
PLAN-001180,2026-06-SOP,Production,SYS-0001,100,5.0,2026-12-12,2026-12-02,Expedite,1,Forecast,2026-06-SOP,Planned
PLAN-001364,2026-06-SOP,Production,ACT-0057,100,75.0,2026-12-12,2026-11-29,,5,Forecast,2026-06-SOP,Planned
PLAN-001548,2026-06-SOP,Production,CTL-0023,300,40.0,2026-12-12,2026-11-21,Decrease,4,Sales Order,SO-001549,Planned
PLAN-001732,2026-06-SOP,Production,SYS-0009,100,20.0,2026-12-12,2026-11-08,Increase,3,Forecast,2026-06-SOP,Planned
PLAN-001916,2026-06-SOP,Purchase,AFT-0005,100,10.0,2026-12-12,2026-11-20,Defer,2,Forecast,2026-06-SOP,Planned
PLAN-002100,2026-06-SOP,Production,CTL-0031,300,5.0,2026-12-12,2026-10-28,Expedite,1,Sales Order,SO-002101,Planned
PLAN-002284,2026-06-SOP,Production,SYS-0017,100,75.0,2026-12-12,2026-10-15,,5,Forecast,2026-06-SOP,Planned
PLAN-002468,2026-06-SOP,Purchase,AFT-0013,100,40.0,2026-12-12,2026-11-24,Decrease,4,Forecast,2026-06-SOP,Planned
PLAN-002652,2026-06-SOP,Production,CTL-0039,300,20.0,2026-12-12,2026-11-28,Increase,3,Sales Order,SO-002653,Planned
PLAN-002836,2026-06-SOP,Production,SYS-0025,100,10.0,2026-12-12,2026-11-15,Defer,2,Forecast,2026-06-SOP,Planned
PLAN-003020,2026-06-SOP,Purchase,AFT-0021,300,5.0,2026-12-12,2026-11-27,Expedite,1,Forecast,2026-06-SOP,Planned
PLAN-003204,2026-06-SOP,Production,DRV-0007,100,75.0,2026-12-12,2026-11-14,,5,Sales Order,SO-003205,Planned
PLAN-003388,2026-06-SOP,Production,ACT-0003,100,40.0,2026-12-12,2026-11-26,Decrease,4,Forecast,2026-06-SOP,Planned
PLAN-003572,2026-06-SOP,Purchase,AFT-0029,100,20.0,2026-12-12,2026-11-03,Increase,3,Forecast,2026-06-SOP,Planned
PLAN-003756,2026-06-SOP,Production,DRV-0015,100,10.0,2026-12-12,2026-10-21,Defer,2,Sales Order,SO-003757,Planned
PLAN-003940,2026-06-SOP,Production,ACT-0011,100,5.0,2026-12-12,2026-11-02,Expedite,1,Forecast,2026-06-SOP,Planned
PLAN-004124,2026-06-SOP,Purchase,AFT-0037,100,75.0,2026-12-12,2026-11-24,,5,Forecast,2026-06-SOP,Planned
PLAN-004308,2026-06-SOP,Production,DRV-0023,100,40.0,2026-12-12,2026-11-21,Decrease,4,Sales Order,SO-004309,Planned
PLAN-004492,2026-06-SOP,Production,ACT-0019,100,20.0,2026-12-12,2026-12-03,Increase,3,Forecast,2026-06-SOP,Planned
PLAN-004676,2026-06-SOP,Purchase,AFT-0045,300,10.0,2026-12-12,2026-11-10,Defer,2,Forecast,2026-06-SOP,Planned
PLAN-004860,2026-06-SOP,Production,DRV-0031,100,5.0,2026-12-12,2026-10-28,Expedite,1,Sales Order,SO-004861,Planned
PLAN-000155,2026-06-SOP,Production,SYS-0026,300,5.0,2026-12-13,2026-11-13,Expedite,1,Forecast,2026-06-SOP,Planned
PLAN-000339,2026-06-SOP,Purchase,AFT-0022,100,75.0,2026-12-13,2026-11-25,,5,Sales Order,SO-000340,Planned
PLAN-000523,2026-06-SOP,Production,DRV-0008,200,40.0,2026-12-13,2026-11-12,Decrease,4,Forecast,2026-06-SOP,Planned
PLAN-000707,2026-06-SOP,Production,ACT-0004,200,20.0,2026-12-13,2026-11-24,Increase,3,Forecast,2026-06-SOP,Planned
PLAN-000891,2026-06-SOP,Purchase,AFT-0030,300,10.0,2026-12-13,2026-11-01,Defer,2,Sales Order,SO-000892,Planned
PLAN-001075,2026-06-SOP,Production,DRV-0016,200,5.0,2026-12-13,2026-10-19,Expedite,1,Forecast,2026-06-SOP,Planned
PLAN-001259,2026-06-SOP,Production,ACT-0012,200,75.0,2026-12-13,2026-10-31,,5,Forecast,2026-06-SOP,Planned
PLAN-001443,2026-06-SOP,Purchase,AFT-0038,100,40.0,2026-12-13,2026-12-02,Decrease,4,Sales Order,SO-001444,Planned
PLAN-001627,2026-06-SOP,Production,DRV-0024,200,20.0,2026-12-13,2026-11-19,Increase,3,Forecast,2026-06-SOP,Planned
PLAN-001811,2026-06-SOP,Production,ACT-0020,200,10.0,2026-12-13,2026-12-01,Defer,2,Forecast,2026-06-SOP,Planned
PLAN-001995,2026-06-SOP,Purchase,AFT-0046,100,5.0,2026-12-13,2026-11-25,Expedite,1,Sales Order,SO-001996,Planned
PLAN-002179,2026-06-SOP,Production,DRV-0032,200,75.0,2026-12-13,2026-10-26,,5,Forecast,2026-06-SOP,Planned
PLAN-002363,2026-06-SOP,Production,ACT-0028,200,40.0,2026-12-13,2026-11-07,Decrease,4,Forecast,2026-06-SOP,Planned
PLAN-002547,2026-06-SOP,Purchase,AFT-0054,300,20.0,2026-12-13,2026-10-15,Increase,3,Sales Order,SO-002548,Planned
PLAN-002731,2026-06-SOP,Production,DRV-0040,200,10.0,2026-12-13,2026-11-26,Defer,2,Forecast,2026-06-SOP,Planned
PLAN-002915,2026-06-SOP,Production,ACT-0036,200,5.0,2026-12-13,2026-10-14,Expedite,1,Forecast,2026-06-SOP,Planned
PLAN-003099,2026-06-SOP,Production,CTL-0002,300,75.0,2026-12-13,2026-11-30,,5,Sales Order,SO-003100,Planned
PLAN-003283,2026-06-SOP,Production,DRV-0048,200,40.0,2026-12-13,2026-11-02,Decrease,4,Forecast,2026-06-SOP,Planned
PLAN-003467,2026-06-SOP,Production,ACT-0044,200,20.0,2026-12-13,2026-11-14,Increase,3,Forecast,2026-06-SOP,Planned
PLAN-003651,2026-06-SOP,Production,CTL-0010,300,10.0,2026-12-13,2026-11-06,Defer,2,Sales Order,SO-003652,Planned
PLAN-003835,2026-06-SOP,Production,DRV-0056,200,5.0,2026-12-13,2026-12-03,Expedite,1,Forecast,2026-06-SOP,Planned
PLAN-004019,2026-06-SOP,Production,ACT-0052,200,75.0,2026-12-13,2026-10-21,,5,Forecast,2026-06-SOP,Planned
PLAN-004203,2026-06-SOP,Production,CTL-0018,300,40.0,2026-12-13,2026-10-13,Decrease,4,Sales Order,SO-004204,Planned
PLAN-004387,2026-06-SOP,Production,SYS-0004,300,20.0,2026-12-13,2026-11-24,Increase,3,Forecast,2026-06-SOP,Planned
PLAN-004571,2026-06-SOP,Production,ACT-0060,200,10.0,2026-12-13,2026-11-21,Defer,2,Forecast,2026-06-SOP,Planned
PLAN-004755,2026-06-SOP,Production,CTL-0026,300,5.0,2026-12-13,2026-11-13,Expedite,1,Sales Order,SO-004756,Planned
PLAN-004939,2026-06-SOP,Production,SYS-0012,300,75.0,2026-12-13,2026-10-31,,5,Forecast,2026-06-SOP,Planned
PLAN-000050,2026-06-SOP,Production,DRV-0041,100,5.0,2026-12-14,2026-11-24,Expedite,1,Forecast,2026-06-SOP,Planned
PLAN-000234,2026-06-SOP,Production,ACT-0037,100,75.0,2026-12-14,2026-12-06,,5,Sales Order,SO-000235,Planned
PLAN-000418,2026-06-SOP,Production,CTL-0003,300,40.0,2026-12-14,2026-11-28,Decrease,4,Forecast,2026-06-SOP,Planned
PLAN-000602,2026-06-SOP,Production,DRV-0049,100,20.0,2026-12-14,2026-10-31,Increase,3,Forecast,2026-06-SOP,Planned
PLAN-000786,2026-06-SOP,Production,ACT-0045,100,10.0,2026-12-14,2026-11-12,Defer,2,Sales Order,SO-000787,Planned
PLAN-000970,2026-06-SOP,Production,CTL-0011,300,5.0,2026-12-14,2026-11-04,Expedite,1,Forecast,2026-06-SOP,Planned
PLAN-001154,2026-06-SOP,Production,DRV-0057,100,75.0,2026-12-14,2026-12-01,,5,Forecast,2026-06-SOP,Planned
PLAN-001338,2026-06-SOP,Production,ACT-0053,100,40.0,2026-12-14,2026-10-19,Decrease,4,Sales Order,SO-001339,Planned
PLAN-001522,2026-06-SOP,Production,CTL-0019,300,20.0,2026-12-14,2026-12-05,Increase,3,Forecast,2026-06-SOP,Planned
PLAN-001706,2026-06-SOP,Production,SYS-0005,100,10.0,2026-12-14,2026-11-22,Defer,2,Forecast,2026-06-SOP,Planned
PLAN-001890,2026-06-SOP,Purchase,AFT-0001,100,5.0,2026-12-14,2026-11-26,Expedite,1,Sales Order,SO-001891,Planned
PLAN-002074,2026-06-SOP,Production,CTL-0027,300,75.0,2026-12-14,2026-11-11,,5,Forecast,2026-06-SOP,Planned
PLAN-002258,2026-06-SOP,Production,SYS-0013,100,40.0,2026-12-14,2026-10-29,Decrease,4,Forecast,2026-06-SOP,Planned
PLAN-002442,2026-06-SOP,Purchase,AFT-0009,300,20.0,2026-12-14,2026-11-10,Increase,3,Sales Order,SO-002443,Planned
PLAN-002626,2026-06-SOP,Production,CTL-0035,300,10.0,2026-12-14,2026-10-18,Defer,2,Forecast,2026-06-SOP,Planned
PLAN-002810,2026-06-SOP,Production,SYS-0021,100,5.0,2026-12-14,2026-11-29,Expedite,1,Forecast,2026-06-SOP,Planned
PLAN-002994,2026-06-SOP,Purchase,AFT-0017,100,75.0,2026-12-14,2026-10-17,,5,Sales Order,SO-002995,Planned
PLAN-003178,2026-06-SOP,Production,DRV-0003,100,40.0,2026-12-14,2026-11-28,Decrease,4,Forecast,2026-06-SOP,Planned
PLAN-003362,2026-06-SOP,Production,SYS-0029,100,20.0,2026-12-14,2026-11-05,Increase,3,Forecast,2026-06-SOP,Planned
PLAN-003546,2026-06-SOP,Purchase,AFT-0025,100,10.0,2026-12-14,2026-11-26,Defer,2,Sales Order,SO-003547,Planned
PLAN-003730,2026-06-SOP,Production,DRV-0011,100,5.0,2026-12-14,2026-11-04,Expedite,1,Forecast,2026-06-SOP,Planned
PLAN-003914,2026-06-SOP,Production,ACT-0007,100,75.0,2026-12-14,2026-11-16,,5,Forecast,2026-06-SOP,Planned
PLAN-004098,2026-06-SOP,Purchase,AFT-0033,300,40.0,2026-12-14,2026-10-24,Decrease,4,Sales Order,SO-004099,Planned
PLAN-004282,2026-06-SOP,Production,DRV-0019,100,20.0,2026-12-14,2026-12-05,Increase,3,Forecast,2026-06-SOP,Planned
PLAN-004466,2026-06-SOP,Production,ACT-0015,100,10.0,2026-12-14,2026-10-23,Defer,2,Forecast,2026-06-SOP,Planned
PLAN-004650,2026-06-SOP,Purchase,AFT-0041,100,5.0,2026-12-14,2026-11-24,Expedite,1,Sales Order,SO-004651,Planned
PLAN-004834,2026-06-SOP,Production,DRV-0027,100,75.0,2026-12-14,2026-11-11,,5,Forecast,2026-06-SOP,Planned
PLAN-000129,2026-06-SOP,Production,SYS-0022,300,75.0,2026-12-15,2026-11-27,,5,Sales Order,SO-000130,Planned
PLAN-000313,2026-06-SOP,Purchase,AFT-0018,300,40.0,2026-12-15,2026-10-15,Decrease,4,Forecast,2026-06-SOP,Planned
PLAN-000497,2026-06-SOP,Production,DRV-0004,200,20.0,2026-12-15,2026-11-26,Increase,3,Forecast,2026-06-SOP,Planned
PLAN-000681,2026-06-SOP,Production,SYS-0030,300,10.0,2026-12-15,2026-11-03,Defer,2,Sales Order,SO-000682,Planned
PLAN-000865,2026-06-SOP,Purchase,AFT-0026,100,5.0,2026-12-15,2026-11-15,Expedite,1,Forecast,2026-06-SOP,Planned
PLAN-001049,2026-06-SOP,Production,DRV-0012,200,75.0,2026-12-15,2026-11-02,,5,Forecast,2026-06-SOP,Planned
PLAN-001233,2026-06-SOP,Production,ACT-0008,200,40.0,2026-12-15,2026-11-14,Decrease,4,Sales Order,SO-001234,Planned
PLAN-001417,2026-06-SOP,Purchase,AFT-0034,100,20.0,2026-12-15,2026-11-27,Increase,3,Forecast,2026-06-SOP,Planned
PLAN-001601,2026-06-SOP,Production,DRV-0020,200,10.0,2026-12-15,2026-12-03,Defer,2,Forecast,2026-06-SOP,Planned
PLAN-001785,2026-06-SOP,Production,ACT-0016,200,5.0,2026-12-15,2026-10-21,Expedite,1,Sales Order,SO-001786,Planned
PLAN-001969,2026-06-SOP,Purchase,AFT-0042,300,75.0,2026-12-15,2026-11-22,,5,Forecast,2026-06-SOP,Planned
PLAN-002153,2026-06-SOP,Production,DRV-0028,200,40.0,2026-12-15,2026-11-09,Decrease,4,Forecast,2026-06-SOP,Planned
PLAN-002337,2026-06-SOP,Production,ACT-0024,200,20.0,2026-12-15,2026-11-21,Increase,3,Sales Order,SO-002338,Planned
PLAN-002521,2026-06-SOP,Purchase,AFT-0050,100,10.0,2026-12-15,2026-10-29,Defer,2,Forecast,2026-06-SOP,Planned
PLAN-002705,2026-06-SOP,Production,DRV-0036,200,5.0,2026-12-15,2026-10-16,Expedite,1,Forecast,2026-06-SOP,Planned
PLAN-002889,2026-06-SOP,Production,ACT-0032,200,75.0,2026-12-15,2026-10-28,,5,Sales Order,SO-002890,Planned
PLAN-003073,2026-06-SOP,Purchase,AFT-0058,100,40.0,2026-12-15,2026-11-27,Decrease,4,Forecast,2026-06-SOP,Planned
PLAN-003257,2026-06-SOP,Production,DRV-0044,200,20.0,2026-12-15,2026-11-16,Increase,3,Forecast,2026-06-SOP,Planned
PLAN-003441,2026-06-SOP,Production,ACT-0040,200,10.0,2026-12-15,2026-11-28,Defer,2,Sales Order,SO-003442,Planned
PLAN-003625,2026-06-SOP,Production,CTL-0006,300,5.0,2026-12-15,2026-11-20,Expedite,1,Forecast,2026-06-SOP,Planned
PLAN-003809,2026-06-SOP,Production,DRV-0052,200,75.0,2026-12-15,2026-10-23,,5,Forecast,2026-06-SOP,Planned
PLAN-003993,2026-06-SOP,Production,ACT-0048,200,40.0,2026-12-15,2026-11-04,Decrease,4,Sales Order,SO-003994,Planned
PLAN-004177,2026-06-SOP,Production,CTL-0014,300,20.0,2026-12-15,2026-10-27,Increase,3,Forecast,2026-06-SOP,Planned
PLAN-004361,2026-06-SOP,Production,DRV-0060,200,10.0,2026-12-15,2026-11-23,Defer,2,Forecast,2026-06-SOP,Planned
PLAN-004545,2026-06-SOP,Production,ACT-0056,200,5.0,2026-12-15,2026-12-05,Expedite,1,Sales Order,SO-004546,Planned
PLAN-004729,2026-06-SOP,Production,CTL-0022,300,75.0,2026-12-15,2026-11-27,,5,Forecast,2026-06-SOP,Planned
PLAN-004913,2026-06-SOP,Production,SYS-0008,300,40.0,2026-12-15,2026-11-14,Decrease,4,Forecast,2026-06-SOP,Planned
PLAN-000024,2026-06-SOP,Production,DRV-0037,100,75.0,2026-12-16,2026-12-08,,5,Sales Order,SO-000025,Planned
PLAN-000208,2026-06-SOP,Production,ACT-0033,100,40.0,2026-12-16,2026-10-26,Decrease,4,Forecast,2026-06-SOP,Planned
PLAN-000392,2026-06-SOP,Purchase,AFT-0059,100,20.0,2026-12-16,2026-11-27,Increase,3,Forecast,2026-06-SOP,Planned
PLAN-000576,2026-06-SOP,Production,DRV-0045,100,10.0,2026-12-16,2026-11-14,Defer,2,Sales Order,SO-000577,Planned
PLAN-000760,2026-06-SOP,Production,ACT-0041,100,5.0,2026-12-16,2026-11-26,Expedite,1,Forecast,2026-06-SOP,Planned
PLAN-000944,2026-06-SOP,Production,CTL-0007,300,75.0,2026-12-16,2026-11-18,,5,Forecast,2026-06-SOP,Planned
PLAN-001128,2026-06-SOP,Production,DRV-0053,100,40.0,2026-12-16,2026-10-21,Decrease,4,Sales Order,SO-001129,Planned
PLAN-001312,2026-06-SOP,Production,ACT-0049,100,20.0,2026-12-16,2026-11-02,Increase,3,Forecast,2026-06-SOP,Planned
PLAN-001496,2026-06-SOP,Production,CTL-0015,300,10.0,2026-12-16,2026-10-25,Defer,2,Forecast,2026-06-SOP,Planned
PLAN-001680,2026-06-SOP,Production,SYS-0001,100,5.0,2026-12-16,2026-12-06,Expedite,1,Sales Order,SO-001681,Planned
PLAN-001864,2026-06-SOP,Production,ACT-0057,100,75.0,2026-12-16,2026-12-03,,5,Forecast,2026-06-SOP,Planned
PLAN-002048,2026-06-SOP,Production,CTL-0023,300,40.0,2026-12-16,2026-11-25,Decrease,4,Forecast,2026-06-SOP,Planned
PLAN-002232,2026-06-SOP,Production,SYS-0009,100,20.0,2026-12-16,2026-11-12,Increase,3,Sales Order,SO-002233,Planned
PLAN-002416,2026-06-SOP,Purchase,AFT-0005,100,10.0,2026-12-16,2026-11-24,Defer,2,Forecast,2026-06-SOP,Planned
PLAN-002600,2026-06-SOP,Production,CTL-0031,300,5.0,2026-12-16,2026-11-01,Expedite,1,Forecast,2026-06-SOP,Planned
PLAN-002784,2026-06-SOP,Production,SYS-0017,100,75.0,2026-12-16,2026-10-19,,5,Sales Order,SO-002785,Planned
PLAN-002968,2026-06-SOP,Purchase,AFT-0013,100,40.0,2026-12-16,2026-11-28,Decrease,4,Forecast,2026-06-SOP,Planned
PLAN-003152,2026-06-SOP,Production,CTL-0039,300,20.0,2026-12-16,2026-12-02,Increase,3,Forecast,2026-06-SOP,Planned
PLAN-003336,2026-06-SOP,Production,SYS-0025,100,10.0,2026-12-16,2026-11-19,Defer,2,Sales Order,SO-003337,Planned
PLAN-003520,2026-06-SOP,Purchase,AFT-0021,300,5.0,2026-12-16,2026-12-01,Expedite,1,Forecast,2026-06-SOP,Planned
PLAN-003704,2026-06-SOP,Production,DRV-0007,100,75.0,2026-12-16,2026-11-18,,5,Forecast,2026-06-SOP,Planned
PLAN-003888,2026-06-SOP,Production,ACT-0003,100,40.0,2026-12-16,2026-11-30,Decrease,4,Sales Order,SO-003889,Planned
PLAN-004072,2026-06-SOP,Purchase,AFT-0029,100,20.0,2026-12-16,2026-11-07,Increase,3,Forecast,2026-06-SOP,Planned
PLAN-004256,2026-06-SOP,Production,DRV-0015,100,10.0,2026-12-16,2026-10-25,Defer,2,Forecast,2026-06-SOP,Planned
PLAN-004440,2026-06-SOP,Production,ACT-0011,100,5.0,2026-12-16,2026-11-06,Expedite,1,Sales Order,SO-004441,Planned
PLAN-004624,2026-06-SOP,Purchase,AFT-0037,100,75.0,2026-12-16,2026-11-28,,5,Forecast,2026-06-SOP,Planned
PLAN-004808,2026-06-SOP,Production,DRV-0023,100,40.0,2026-12-16,2026-11-25,Decrease,4,Forecast,2026-06-SOP,Planned
PLAN-004992,2026-06-SOP,Production,ACT-0019,100,20.0,2026-12-16,2026-12-07,Increase,3,Sales Order,SO-004993,Planned
PLAN-000103,2026-06-SOP,Production,SYS-0018,300,40.0,2026-12-17,2026-10-17,Decrease,4,Forecast,2026-06-SOP,Planned
PLAN-000287,2026-06-SOP,Purchase,AFT-0014,100,20.0,2026-12-17,2026-10-29,Increase,3,Forecast,2026-06-SOP,Planned
PLAN-000471,2026-06-SOP,Production,CTL-0040,300,10.0,2026-12-17,2026-11-30,Defer,2,Sales Order,SO-000472,Planned
PLAN-000655,2026-06-SOP,Production,SYS-0026,300,5.0,2026-12-17,2026-11-17,Expedite,1,Forecast,2026-06-SOP,Planned
PLAN-000839,2026-06-SOP,Purchase,AFT-0022,100,75.0,2026-12-17,2026-11-29,,5,Forecast,2026-06-SOP,Planned
PLAN-001023,2026-06-SOP,Production,DRV-0008,200,40.0,2026-12-17,2026-11-16,Decrease,4,Sales Order,SO-001024,Planned
PLAN-001207,2026-06-SOP,Production,ACT-0004,200,20.0,2026-12-17,2026-11-28,Increase,3,Forecast,2026-06-SOP,Planned
PLAN-001391,2026-06-SOP,Purchase,AFT-0030,300,10.0,2026-12-17,2026-11-05,Defer,2,Forecast,2026-06-SOP,Planned
PLAN-001575,2026-06-SOP,Production,DRV-0016,200,5.0,2026-12-17,2026-10-23,Expedite,1,Sales Order,SO-001576,Planned
PLAN-001759,2026-06-SOP,Production,ACT-0012,200,75.0,2026-12-17,2026-11-04,,5,Forecast,2026-06-SOP,Planned
PLAN-001943,2026-06-SOP,Purchase,AFT-0038,100,40.0,2026-12-17,2026-12-06,Decrease,4,Forecast,2026-06-SOP,Planned
PLAN-002127,2026-06-SOP,Production,DRV-0024,200,20.0,2026-12-17,2026-11-23,Increase,3,Sales Order,SO-002128,Planned
PLAN-002311,2026-06-SOP,Production,ACT-0020,200,10.0,2026-12-17,2026-12-05,Defer,2,Forecast,2026-06-SOP,Planned
PLAN-002495,2026-06-SOP,Purchase,AFT-0046,100,5.0,2026-12-17,2026-11-29,Expedite,1,Forecast,2026-06-SOP,Planned
PLAN-002679,2026-06-SOP,Production,DRV-0032,200,75.0,2026-12-17,2026-10-30,,5,Sales Order,SO-002680,Planned
PLAN-002863,2026-06-SOP,Production,ACT-0028,200,40.0,2026-12-17,2026-11-11,Decrease,4,Forecast,2026-06-SOP,Planned
PLAN-003047,2026-06-SOP,Purchase,AFT-0054,300,20.0,2026-12-17,2026-10-19,Increase,3,Forecast,2026-06-SOP,Planned
PLAN-003231,2026-06-SOP,Production,DRV-0040,200,10.0,2026-12-17,2026-11-30,Defer,2,Sales Order,SO-003232,Planned
PLAN-003415,2026-06-SOP,Production,ACT-0036,200,5.0,2026-12-17,2026-10-18,Expedite,1,Forecast,2026-06-SOP,Planned
PLAN-003599,2026-06-SOP,Production,CTL-0002,300,75.0,2026-12-17,2026-12-04,,5,Forecast,2026-06-SOP,Planned
PLAN-003783,2026-06-SOP,Production,DRV-0048,200,40.0,2026-12-17,2026-11-06,Decrease,4,Sales Order,SO-003784,Planned
PLAN-003967,2026-06-SOP,Production,ACT-0044,200,20.0,2026-12-17,2026-11-18,Increase,3,Forecast,2026-06-SOP,Planned
PLAN-004151,2026-06-SOP,Production,CTL-0010,300,10.0,2026-12-17,2026-11-10,Defer,2,Forecast,2026-06-SOP,Planned
PLAN-004335,2026-06-SOP,Production,DRV-0056,200,5.0,2026-12-17,2026-12-07,Expedite,1,Sales Order,SO-004336,Planned
PLAN-004519,2026-06-SOP,Production,ACT-0052,200,75.0,2026-12-17,2026-10-25,,5,Forecast,2026-06-SOP,Planned
PLAN-004703,2026-06-SOP,Production,CTL-0018,300,40.0,2026-12-17,2026-10-17,Decrease,4,Forecast,2026-06-SOP,Planned
PLAN-004887,2026-06-SOP,Production,SYS-0004,300,20.0,2026-12-17,2026-11-28,Increase,3,Sales Order,SO-004888,Planned
PLAN-000182,2026-06-SOP,Production,ACT-0029,100,20.0,2026-12-18,2026-11-09,Increase,3,Forecast,2026-06-SOP,Planned
PLAN-000366,2026-06-SOP,Purchase,AFT-0055,100,10.0,2026-12-18,2026-11-30,Defer,2,Sales Order,SO-000367,Planned
PLAN-000550,2026-06-SOP,Production,DRV-0041,100,5.0,2026-12-18,2026-11-28,Expedite,1,Forecast,2026-06-SOP,Planned
PLAN-000734,2026-06-SOP,Production,ACT-0037,100,75.0,2026-12-18,2026-12-10,,5,Forecast,2026-06-SOP,Planned
PLAN-000918,2026-06-SOP,Production,CTL-0003,300,40.0,2026-12-18,2026-12-02,Decrease,4,Sales Order,SO-000919,Planned
PLAN-001102,2026-06-SOP,Production,DRV-0049,100,20.0,2026-12-18,2026-11-04,Increase,3,Forecast,2026-06-SOP,Planned
PLAN-001286,2026-06-SOP,Production,ACT-0045,100,10.0,2026-12-18,2026-11-16,Defer,2,Forecast,2026-06-SOP,Planned
PLAN-001470,2026-06-SOP,Production,CTL-0011,300,5.0,2026-12-18,2026-11-08,Expedite,1,Sales Order,SO-001471,Planned
PLAN-001654,2026-06-SOP,Production,DRV-0057,100,75.0,2026-12-18,2026-12-05,,5,Forecast,2026-06-SOP,Planned
PLAN-001838,2026-06-SOP,Production,ACT-0053,100,40.0,2026-12-18,2026-10-23,Decrease,4,Forecast,2026-06-SOP,Planned
PLAN-002022,2026-06-SOP,Production,CTL-0019,300,20.0,2026-12-18,2026-12-09,Increase,3,Sales Order,SO-002023,Planned
PLAN-002206,2026-06-SOP,Production,SYS-0005,100,10.0,2026-12-18,2026-11-26,Defer,2,Forecast,2026-06-SOP,Planned
PLAN-002390,2026-06-SOP,Purchase,AFT-0001,100,5.0,2026-12-18,2026-11-30,Expedite,1,Forecast,2026-06-SOP,Planned
PLAN-002574,2026-06-SOP,Production,CTL-0027,300,75.0,2026-12-18,2026-11-15,,5,Sales Order,SO-002575,Planned
PLAN-002758,2026-06-SOP,Production,SYS-0013,100,40.0,2026-12-18,2026-11-02,Decrease,4,Forecast,2026-06-SOP,Planned
PLAN-002942,2026-06-SOP,Purchase,AFT-0009,300,20.0,2026-12-18,2026-11-14,Increase,3,Forecast,2026-06-SOP,Planned
PLAN-003126,2026-06-SOP,Production,CTL-0035,300,10.0,2026-12-18,2026-10-22,Defer,2,Sales Order,SO-003127,Planned
PLAN-003310,2026-06-SOP,Production,SYS-0021,100,5.0,2026-12-18,2026-12-03,Expedite,1,Forecast,2026-06-SOP,Planned
PLAN-003494,2026-06-SOP,Purchase,AFT-0017,100,75.0,2026-12-18,2026-10-21,,5,Forecast,2026-06-SOP,Planned
PLAN-003678,2026-06-SOP,Production,DRV-0003,100,40.0,2026-12-18,2026-12-02,Decrease,4,Sales Order,SO-003679,Planned
PLAN-003862,2026-06-SOP,Production,SYS-0029,100,20.0,2026-12-18,2026-11-09,Increase,3,Forecast,2026-06-SOP,Planned
PLAN-004046,2026-06-SOP,Purchase,AFT-0025,100,10.0,2026-12-18,2026-11-30,Defer,2,Forecast,2026-06-SOP,Planned
PLAN-004230,2026-06-SOP,Production,DRV-0011,100,5.0,2026-12-18,2026-11-08,Expedite,1,Sales Order,SO-004231,Planned
PLAN-004414,2026-06-SOP,Production,ACT-0007,100,75.0,2026-12-18,2026-11-20,,5,Forecast,2026-06-SOP,Planned
PLAN-004598,2026-06-SOP,Purchase,AFT-0033,300,40.0,2026-12-18,2026-10-28,Decrease,4,Forecast,2026-06-SOP,Planned
PLAN-004782,2026-06-SOP,Production,DRV-0019,100,20.0,2026-12-18,2026-12-09,Increase,3,Sales Order,SO-004783,Planned
PLAN-004966,2026-06-SOP,Production,ACT-0015,100,10.0,2026-12-18,2026-10-27,Defer,2,Forecast,2026-06-SOP,Planned
PLAN-000077,2026-06-SOP,Production,SYS-0014,300,20.0,2026-12-19,2026-10-31,Increase,3,Forecast,2026-06-SOP,Planned
PLAN-000261,2026-06-SOP,Purchase,AFT-0010,100,10.0,2026-12-19,2026-12-01,Defer,2,Sales Order,SO-000262,Planned
PLAN-000445,2026-06-SOP,Production,CTL-0036,300,5.0,2026-12-19,2026-10-20,Expedite,1,Forecast,2026-06-SOP,Planned
PLAN-000629,2026-06-SOP,Production,SYS-0022,300,75.0,2026-12-19,2026-12-01,,5,Forecast,2026-06-SOP,Planned
PLAN-000813,2026-06-SOP,Purchase,AFT-0018,300,40.0,2026-12-19,2026-10-19,Decrease,4,Sales Order,SO-000814,Planned
PLAN-000997,2026-06-SOP,Production,DRV-0004,200,20.0,2026-12-19,2026-11-30,Increase,3,Forecast,2026-06-SOP,Planned
PLAN-001181,2026-06-SOP,Production,SYS-0030,300,10.0,2026-12-19,2026-11-07,Defer,2,Forecast,2026-06-SOP,Planned
PLAN-001365,2026-06-SOP,Purchase,AFT-0026,100,5.0,2026-12-19,2026-11-19,Expedite,1,Sales Order,SO-001366,Planned
PLAN-001549,2026-06-SOP,Production,DRV-0012,200,75.0,2026-12-19,2026-11-06,,5,Forecast,2026-06-SOP,Planned
PLAN-001733,2026-06-SOP,Production,ACT-0008,200,40.0,2026-12-19,2026-11-18,Decrease,4,Forecast,2026-06-SOP,Planned
PLAN-001917,2026-06-SOP,Purchase,AFT-0034,100,20.0,2026-12-19,2026-12-01,Increase,3,Sales Order,SO-001918,Planned
PLAN-002101,2026-06-SOP,Production,DRV-0020,200,10.0,2026-12-19,2026-12-07,Defer,2,Forecast,2026-06-SOP,Planned
PLAN-002285,2026-06-SOP,Production,ACT-0016,200,5.0,2026-12-19,2026-10-25,Expedite,1,Forecast,2026-06-SOP,Planned
PLAN-002469,2026-06-SOP,Purchase,AFT-0042,300,75.0,2026-12-19,2026-11-26,,5,Sales Order,SO-002470,Planned
PLAN-002653,2026-06-SOP,Production,DRV-0028,200,40.0,2026-12-19,2026-11-13,Decrease,4,Forecast,2026-06-SOP,Planned
PLAN-002837,2026-06-SOP,Production,ACT-0024,200,20.0,2026-12-19,2026-11-25,Increase,3,Forecast,2026-06-SOP,Planned
PLAN-003021,2026-06-SOP,Purchase,AFT-0050,100,10.0,2026-12-19,2026-11-02,Defer,2,Sales Order,SO-003022,Planned
PLAN-003205,2026-06-SOP,Production,DRV-0036,200,5.0,2026-12-19,2026-10-20,Expedite,1,Forecast,2026-06-SOP,Planned
PLAN-003389,2026-06-SOP,Production,ACT-0032,200,75.0,2026-12-19,2026-11-01,,5,Forecast,2026-06-SOP,Planned
PLAN-003573,2026-06-SOP,Purchase,AFT-0058,100,40.0,2026-12-19,2026-12-01,Decrease,4,Sales Order,SO-003574,Planned
PLAN-003757,2026-06-SOP,Production,DRV-0044,200,20.0,2026-12-19,2026-11-20,Increase,3,Forecast,2026-06-SOP,Planned
PLAN-003941,2026-06-SOP,Production,ACT-0040,200,10.0,2026-12-19,2026-12-02,Defer,2,Forecast,2026-06-SOP,Planned
PLAN-004125,2026-06-SOP,Production,CTL-0006,300,5.0,2026-12-19,2026-11-24,Expedite,1,Sales Order,SO-004126,Planned
PLAN-004309,2026-06-SOP,Production,DRV-0052,200,75.0,2026-12-19,2026-10-27,,5,Forecast,2026-06-SOP,Planned
PLAN-004493,2026-06-SOP,Production,ACT-0048,200,40.0,2026-12-19,2026-11-08,Decrease,4,Forecast,2026-06-SOP,Planned
PLAN-004677,2026-06-SOP,Production,CTL-0014,300,20.0,2026-12-19,2026-10-31,Increase,3,Sales Order,SO-004678,Planned
PLAN-004861,2026-06-SOP,Production,DRV-0060,200,10.0,2026-12-19,2026-11-27,Defer,2,Forecast,2026-06-SOP,Planned
PLAN-000156,2026-06-SOP,Production,ACT-0025,100,10.0,2026-12-20,2026-11-23,Defer,2,Sales Order,SO-000157,Planned
PLAN-000340,2026-06-SOP,Purchase,AFT-0051,300,5.0,2026-12-20,2026-10-31,Expedite,1,Forecast,2026-06-SOP,Planned
PLAN-000524,2026-06-SOP,Production,DRV-0037,100,75.0,2026-12-20,2026-12-12,,5,Forecast,2026-06-SOP,Planned
PLAN-000708,2026-06-SOP,Production,ACT-0033,100,40.0,2026-12-20,2026-10-30,Decrease,4,Sales Order,SO-000709,Planned
PLAN-000892,2026-06-SOP,Purchase,AFT-0059,100,20.0,2026-12-20,2026-12-01,Increase,3,Forecast,2026-06-SOP,Planned
PLAN-001076,2026-06-SOP,Production,DRV-0045,100,10.0,2026-12-20,2026-11-18,Defer,2,Forecast,2026-06-SOP,Planned
PLAN-001260,2026-06-SOP,Production,ACT-0041,100,5.0,2026-12-20,2026-11-30,Expedite,1,Sales Order,SO-001261,Planned
PLAN-001444,2026-06-SOP,Production,CTL-0007,300,75.0,2026-12-20,2026-11-22,,5,Forecast,2026-06-SOP,Planned
PLAN-001628,2026-06-SOP,Production,DRV-0053,100,40.0,2026-12-20,2026-10-25,Decrease,4,Forecast,2026-06-SOP,Planned
PLAN-001812,2026-06-SOP,Production,ACT-0049,100,20.0,2026-12-20,2026-11-06,Increase,3,Sales Order,SO-001813,Planned
PLAN-001996,2026-06-SOP,Production,CTL-0015,300,10.0,2026-12-20,2026-10-29,Defer,2,Forecast,2026-06-SOP,Planned
PLAN-002180,2026-06-SOP,Production,SYS-0001,100,5.0,2026-12-20,2026-12-10,Expedite,1,Forecast,2026-06-SOP,Planned
PLAN-002364,2026-06-SOP,Production,ACT-0057,100,75.0,2026-12-20,2026-12-07,,5,Sales Order,SO-002365,Planned
PLAN-002548,2026-06-SOP,Production,CTL-0023,300,40.0,2026-12-20,2026-11-29,Decrease,4,Forecast,2026-06-SOP,Planned
PLAN-002732,2026-06-SOP,Production,SYS-0009,100,20.0,2026-12-20,2026-11-16,Increase,3,Forecast,2026-06-SOP,Planned
PLAN-002916,2026-06-SOP,Purchase,AFT-0005,100,10.0,2026-12-20,2026-11-28,Defer,2,Sales Order,SO-002917,Planned
PLAN-003100,2026-06-SOP,Production,CTL-0031,300,5.0,2026-12-20,2026-11-05,Expedite,1,Forecast,2026-06-SOP,Planned
PLAN-003284,2026-06-SOP,Production,SYS-0017,100,75.0,2026-12-20,2026-10-23,,5,Forecast,2026-06-SOP,Planned
PLAN-003468,2026-06-SOP,Purchase,AFT-0013,100,40.0,2026-12-20,2026-12-02,Decrease,4,Sales Order,SO-003469,Planned
PLAN-003652,2026-06-SOP,Production,CTL-0039,300,20.0,2026-12-20,2026-12-06,Increase,3,Forecast,2026-06-SOP,Planned
PLAN-003836,2026-06-SOP,Production,SYS-0025,100,10.0,2026-12-20,2026-11-23,Defer,2,Forecast,2026-06-SOP,Planned
PLAN-004020,2026-06-SOP,Purchase,AFT-0021,300,5.0,2026-12-20,2026-12-05,Expedite,1,Sales Order,SO-004021,Planned
PLAN-004204,2026-06-SOP,Production,DRV-0007,100,75.0,2026-12-20,2026-11-22,,5,Forecast,2026-06-SOP,Planned
PLAN-004388,2026-06-SOP,Production,ACT-0003,100,40.0,2026-12-20,2026-12-04,Decrease,4,Forecast,2026-06-SOP,Planned
PLAN-004572,2026-06-SOP,Purchase,AFT-0029,100,20.0,2026-12-20,2026-11-11,Increase,3,Sales Order,SO-004573,Planned
PLAN-004756,2026-06-SOP,Production,DRV-0015,100,10.0,2026-12-20,2026-10-29,Defer,2,Forecast,2026-06-SOP,Planned
PLAN-004940,2026-06-SOP,Production,ACT-0011,100,5.0,2026-12-20,2026-11-10,Expedite,1,Forecast,2026-06-SOP,Planned
PLAN-000051,2026-06-SOP,Production,SYS-0010,300,10.0,2026-12-21,2026-11-14,Defer,2,Sales Order,SO-000052,Planned
PLAN-000235,2026-06-SOP,Purchase,AFT-0006,300,5.0,2026-12-21,2026-11-26,Expedite,1,Forecast,2026-06-SOP,Planned
PLAN-000419,2026-06-SOP,Production,CTL-0032,300,75.0,2026-12-21,2026-11-03,,5,Forecast,2026-06-SOP,Planned
PLAN-000603,2026-06-SOP,Production,SYS-0018,300,40.0,2026-12-21,2026-10-21,Decrease,4,Sales Order,SO-000604,Planned
PLAN-000787,2026-06-SOP,Purchase,AFT-0014,100,20.0,2026-12-21,2026-11-02,Increase,3,Forecast,2026-06-SOP,Planned
PLAN-000971,2026-06-SOP,Production,CTL-0040,300,10.0,2026-12-21,2026-12-04,Defer,2,Forecast,2026-06-SOP,Planned
PLAN-001155,2026-06-SOP,Production,SYS-0026,300,5.0,2026-12-21,2026-11-21,Expedite,1,Sales Order,SO-001156,Planned
PLAN-001339,2026-06-SOP,Purchase,AFT-0022,100,75.0,2026-12-21,2026-12-03,,5,Forecast,2026-06-SOP,Planned
PLAN-001523,2026-06-SOP,Production,DRV-0008,200,40.0,2026-12-21,2026-11-20,Decrease,4,Forecast,2026-06-SOP,Planned
PLAN-001707,2026-06-SOP,Production,ACT-0004,200,20.0,2026-12-21,2026-12-02,Increase,3,Sales Order,SO-001708,Planned
PLAN-001891,2026-06-SOP,Purchase,AFT-0030,300,10.0,2026-12-21,2026-11-09,Defer,2,Forecast,2026-06-SOP,Planned
PLAN-002075,2026-06-SOP,Production,DRV-0016,200,5.0,2026-12-21,2026-10-27,Expedite,1,Forecast,2026-06-SOP,Planned
PLAN-002259,2026-06-SOP,Production,ACT-0012,200,75.0,2026-12-21,2026-11-08,,5,Sales Order,SO-002260,Planned
PLAN-002443,2026-06-SOP,Purchase,AFT-0038,100,40.0,2026-12-21,2026-12-10,Decrease,4,Forecast,2026-06-SOP,Planned
PLAN-002627,2026-06-SOP,Production,DRV-0024,200,20.0,2026-12-21,2026-11-27,Increase,3,Forecast,2026-06-SOP,Planned
PLAN-002811,2026-06-SOP,Production,ACT-0020,200,10.0,2026-12-21,2026-12-09,Defer,2,Sales Order,SO-002812,Planned
PLAN-002995,2026-06-SOP,Purchase,AFT-0046,100,5.0,2026-12-21,2026-12-03,Expedite,1,Forecast,2026-06-SOP,Planned
PLAN-003179,2026-06-SOP,Production,DRV-0032,200,75.0,2026-12-21,2026-11-03,,5,Forecast,2026-06-SOP,Planned
PLAN-003363,2026-06-SOP,Production,ACT-0028,200,40.0,2026-12-21,2026-11-15,Decrease,4,Sales Order,SO-003364,Planned
PLAN-003547,2026-06-SOP,Purchase,AFT-0054,300,20.0,2026-12-21,2026-10-23,Increase,3,Forecast,2026-06-SOP,Planned
PLAN-003731,2026-06-SOP,Production,DRV-0040,200,10.0,2026-12-21,2026-12-04,Defer,2,Forecast,2026-06-SOP,Planned
PLAN-003915,2026-06-SOP,Production,ACT-0036,200,5.0,2026-12-21,2026-10-22,Expedite,1,Sales Order,SO-003916,Planned
PLAN-004099,2026-06-SOP,Production,CTL-0002,300,75.0,2026-12-21,2026-12-08,,5,Forecast,2026-06-SOP,Planned
PLAN-004283,2026-06-SOP,Production,DRV-0048,200,40.0,2026-12-21,2026-11-10,Decrease,4,Forecast,2026-06-SOP,Planned
PLAN-004467,2026-06-SOP,Production,ACT-0044,200,20.0,2026-12-21,2026-11-22,Increase,3,Sales Order,SO-004468,Planned
PLAN-004651,2026-06-SOP,Production,CTL-0010,300,10.0,2026-12-21,2026-11-14,Defer,2,Forecast,2026-06-SOP,Planned
PLAN-004835,2026-06-SOP,Production,DRV-0056,200,5.0,2026-12-21,2026-12-11,Expedite,1,Forecast,2026-06-SOP,Planned
PLAN-000130,2026-06-SOP,Production,ACT-0021,100,5.0,2026-12-22,2026-12-07,Expedite,1,Forecast,2026-06-SOP,Planned
PLAN-000314,2026-06-SOP,Purchase,AFT-0047,100,75.0,2026-12-22,2026-11-14,,5,Forecast,2026-06-SOP,Planned
PLAN-000498,2026-06-SOP,Production,DRV-0033,100,40.0,2026-12-22,2026-11-01,Decrease,4,Sales Order,SO-000499,Planned
PLAN-000682,2026-06-SOP,Production,ACT-0029,100,20.0,2026-12-22,2026-11-13,Increase,3,Forecast,2026-06-SOP,Planned
PLAN-000866,2026-06-SOP,Purchase,AFT-0055,100,10.0,2026-12-22,2026-12-04,Defer,2,Forecast,2026-06-SOP,Planned
PLAN-001050,2026-06-SOP,Production,DRV-0041,100,5.0,2026-12-22,2026-12-02,Expedite,1,Sales Order,SO-001051,Planned
PLAN-001234,2026-06-SOP,Production,ACT-0037,100,75.0,2026-12-22,2026-12-14,,5,Forecast,2026-06-SOP,Planned
PLAN-001418,2026-06-SOP,Production,CTL-0003,300,40.0,2026-12-22,2026-12-06,Decrease,4,Forecast,2026-06-SOP,Planned
PLAN-001602,2026-06-SOP,Production,DRV-0049,100,20.0,2026-12-22,2026-11-08,Increase,3,Sales Order,SO-001603,Planned
PLAN-001786,2026-06-SOP,Production,ACT-0045,100,10.0,2026-12-22,2026-11-20,Defer,2,Forecast,2026-06-SOP,Planned
PLAN-001970,2026-06-SOP,Production,CTL-0011,300,5.0,2026-12-22,2026-11-12,Expedite,1,Forecast,2026-06-SOP,Planned
PLAN-002154,2026-06-SOP,Production,DRV-0057,100,75.0,2026-12-22,2026-12-09,,5,Sales Order,SO-002155,Planned
PLAN-002338,2026-06-SOP,Production,ACT-0053,100,40.0,2026-12-22,2026-10-27,Decrease,4,Forecast,2026-06-SOP,Planned
PLAN-002522,2026-06-SOP,Production,CTL-0019,300,20.0,2026-12-22,2026-12-13,Increase,3,Forecast,2026-06-SOP,Planned
PLAN-002706,2026-06-SOP,Production,SYS-0005,100,10.0,2026-12-22,2026-11-30,Defer,2,Sales Order,SO-002707,Planned
PLAN-002890,2026-06-SOP,Purchase,AFT-0001,100,5.0,2026-12-22,2026-12-04,Expedite,1,Forecast,2026-06-SOP,Planned
PLAN-003074,2026-06-SOP,Production,CTL-0027,300,75.0,2026-12-22,2026-11-19,,5,Forecast,2026-06-SOP,Planned
PLAN-003258,2026-06-SOP,Production,SYS-0013,100,40.0,2026-12-22,2026-11-06,Decrease,4,Sales Order,SO-003259,Planned
PLAN-003442,2026-06-SOP,Purchase,AFT-0009,300,20.0,2026-12-22,2026-11-18,Increase,3,Forecast,2026-06-SOP,Planned
PLAN-003626,2026-06-SOP,Production,CTL-0035,300,10.0,2026-12-22,2026-10-26,Defer,2,Forecast,2026-06-SOP,Planned
PLAN-003810,2026-06-SOP,Production,SYS-0021,100,5.0,2026-12-22,2026-12-07,Expedite,1,Sales Order,SO-003811,Planned
PLAN-003994,2026-06-SOP,Purchase,AFT-0017,100,75.0,2026-12-22,2026-10-25,,5,Forecast,2026-06-SOP,Planned
PLAN-004178,2026-06-SOP,Production,DRV-0003,100,40.0,2026-12-22,2026-12-06,Decrease,4,Forecast,2026-06-SOP,Planned
PLAN-004362,2026-06-SOP,Production,SYS-0029,100,20.0,2026-12-22,2026-11-13,Increase,3,Sales Order,SO-004363,Planned
PLAN-004546,2026-06-SOP,Purchase,AFT-0025,100,10.0,2026-12-22,2026-12-04,Defer,2,Forecast,2026-06-SOP,Planned
PLAN-004730,2026-06-SOP,Production,DRV-0011,100,5.0,2026-12-22,2026-11-12,Expedite,1,Forecast,2026-06-SOP,Planned
PLAN-004914,2026-06-SOP,Production,ACT-0007,100,75.0,2026-12-22,2026-11-24,,5,Sales Order,SO-004915,Planned
PLAN-000025,2026-06-SOP,Production,SYS-0006,300,5.0,2026-12-23,2026-11-28,Expedite,1,Forecast,2026-06-SOP,Planned
PLAN-000209,2026-06-SOP,Purchase,AFT-0002,100,75.0,2026-12-23,2026-12-10,,5,Forecast,2026-06-SOP,Planned
PLAN-000393,2026-06-SOP,Production,CTL-0028,300,40.0,2026-12-23,2026-11-17,Decrease,4,Sales Order,SO-000394,Planned
PLAN-000577,2026-06-SOP,Production,SYS-0014,300,20.0,2026-12-23,2026-11-04,Increase,3,Forecast,2026-06-SOP,Planned
PLAN-000761,2026-06-SOP,Purchase,AFT-0010,100,10.0,2026-12-23,2026-12-05,Defer,2,Forecast,2026-06-SOP,Planned
PLAN-000945,2026-06-SOP,Production,CTL-0036,300,5.0,2026-12-23,2026-10-24,Expedite,1,Sales Order,SO-000946,Planned
PLAN-001129,2026-06-SOP,Production,SYS-0022,300,75.0,2026-12-23,2026-12-05,,5,Forecast,2026-06-SOP,Planned
PLAN-001313,2026-06-SOP,Purchase,AFT-0018,300,40.0,2026-12-23,2026-10-23,Decrease,4,Forecast,2026-06-SOP,Planned
PLAN-001497,2026-06-SOP,Production,DRV-0004,200,20.0,2026-12-23,2026-12-04,Increase,3,Sales Order,SO-001498,Planned
PLAN-001681,2026-06-SOP,Production,SYS-0030,300,10.0,2026-12-23,2026-11-11,Defer,2,Forecast,2026-06-SOP,Planned
PLAN-001865,2026-06-SOP,Purchase,AFT-0026,100,5.0,2026-12-23,2026-11-23,Expedite,1,Forecast,2026-06-SOP,Planned
PLAN-002049,2026-06-SOP,Production,DRV-0012,200,75.0,2026-12-23,2026-11-10,,5,Sales Order,SO-002050,Planned
PLAN-002233,2026-06-SOP,Production,ACT-0008,200,40.0,2026-12-23,2026-11-22,Decrease,4,Forecast,2026-06-SOP,Planned
PLAN-002417,2026-06-SOP,Purchase,AFT-0034,100,20.0,2026-12-23,2026-12-05,Increase,3,Forecast,2026-06-SOP,Planned
PLAN-002601,2026-06-SOP,Production,DRV-0020,200,10.0,2026-12-23,2026-12-11,Defer,2,Sales Order,SO-002602,Planned
PLAN-002785,2026-06-SOP,Production,ACT-0016,200,5.0,2026-12-23,2026-10-29,Expedite,1,Forecast,2026-06-SOP,Planned
PLAN-002969,2026-06-SOP,Purchase,AFT-0042,300,75.0,2026-12-23,2026-11-30,,5,Forecast,2026-06-SOP,Planned
PLAN-003153,2026-06-SOP,Production,DRV-0028,200,40.0,2026-12-23,2026-11-17,Decrease,4,Sales Order,SO-003154,Planned
PLAN-003337,2026-06-SOP,Production,ACT-0024,200,20.0,2026-12-23,2026-11-29,Increase,3,Forecast,2026-06-SOP,Planned
PLAN-003521,2026-06-SOP,Purchase,AFT-0050,100,10.0,2026-12-23,2026-11-06,Defer,2,Forecast,2026-06-SOP,Planned
PLAN-003705,2026-06-SOP,Production,DRV-0036,200,5.0,2026-12-23,2026-10-24,Expedite,1,Sales Order,SO-003706,Planned
PLAN-003889,2026-06-SOP,Production,ACT-0032,200,75.0,2026-12-23,2026-11-05,,5,Forecast,2026-06-SOP,Planned
PLAN-004073,2026-06-SOP,Purchase,AFT-0058,100,40.0,2026-12-23,2026-12-05,Decrease,4,Forecast,2026-06-SOP,Planned
PLAN-004257,2026-06-SOP,Production,DRV-0044,200,20.0,2026-12-23,2026-11-24,Increase,3,Sales Order,SO-004258,Planned
PLAN-004441,2026-06-SOP,Production,ACT-0040,200,10.0,2026-12-23,2026-12-06,Defer,2,Forecast,2026-06-SOP,Planned
PLAN-004625,2026-06-SOP,Production,CTL-0006,300,5.0,2026-12-23,2026-11-28,Expedite,1,Forecast,2026-06-SOP,Planned
PLAN-004809,2026-06-SOP,Production,DRV-0052,200,75.0,2026-12-23,2026-10-31,,5,Sales Order,SO-004810,Planned
PLAN-004993,2026-06-SOP,Production,ACT-0048,200,40.0,2026-12-23,2026-11-12,Decrease,4,Forecast,2026-06-SOP,Planned
PLAN-000104,2026-06-SOP,Production,ACT-0017,100,75.0,2026-12-24,2026-10-27,,5,Forecast,2026-06-SOP,Planned
PLAN-000288,2026-06-SOP,Purchase,AFT-0043,100,40.0,2026-12-24,2026-12-06,Decrease,4,Sales Order,SO-000289,Planned
PLAN-000472,2026-06-SOP,Production,DRV-0029,100,20.0,2026-12-24,2026-11-15,Increase,3,Forecast,2026-06-SOP,Planned
PLAN-000656,2026-06-SOP,Production,ACT-0025,100,10.0,2026-12-24,2026-11-27,Defer,2,Forecast,2026-06-SOP,Planned
PLAN-000840,2026-06-SOP,Purchase,AFT-0051,300,5.0,2026-12-24,2026-11-04,Expedite,1,Sales Order,SO-000841,Planned
PLAN-001024,2026-06-SOP,Production,DRV-0037,100,75.0,2026-12-24,2026-12-16,,5,Forecast,2026-06-SOP,Planned
PLAN-001208,2026-06-SOP,Production,ACT-0033,100,40.0,2026-12-24,2026-11-03,Decrease,4,Forecast,2026-06-SOP,Planned
PLAN-001392,2026-06-SOP,Purchase,AFT-0059,100,20.0,2026-12-24,2026-12-05,Increase,3,Sales Order,SO-001393,Planned
PLAN-001576,2026-06-SOP,Production,DRV-0045,100,10.0,2026-12-24,2026-11-22,Defer,2,Forecast,2026-06-SOP,Planned
PLAN-001760,2026-06-SOP,Production,ACT-0041,100,5.0,2026-12-24,2026-12-04,Expedite,1,Forecast,2026-06-SOP,Planned
PLAN-001944,2026-06-SOP,Production,CTL-0007,300,75.0,2026-12-24,2026-11-26,,5,Sales Order,SO-001945,Planned
PLAN-002128,2026-06-SOP,Production,DRV-0053,100,40.0,2026-12-24,2026-10-29,Decrease,4,Forecast,2026-06-SOP,Planned
PLAN-002312,2026-06-SOP,Production,ACT-0049,100,20.0,2026-12-24,2026-11-10,Increase,3,Forecast,2026-06-SOP,Planned
PLAN-002496,2026-06-SOP,Production,CTL-0015,300,10.0,2026-12-24,2026-11-02,Defer,2,Sales Order,SO-002497,Planned
PLAN-002680,2026-06-SOP,Production,SYS-0001,100,5.0,2026-12-24,2026-12-14,Expedite,1,Forecast,2026-06-SOP,Planned
PLAN-002864,2026-06-SOP,Production,ACT-0057,100,75.0,2026-12-24,2026-12-11,,5,Forecast,2026-06-SOP,Planned
PLAN-003048,2026-06-SOP,Production,CTL-0023,300,40.0,2026-12-24,2026-12-03,Decrease,4,Sales Order,SO-003049,Planned
PLAN-003232,2026-06-SOP,Production,SYS-0009,100,20.0,2026-12-24,2026-11-20,Increase,3,Forecast,2026-06-SOP,Planned
PLAN-003416,2026-06-SOP,Purchase,AFT-0005,100,10.0,2026-12-24,2026-12-02,Defer,2,Forecast,2026-06-SOP,Planned
PLAN-003600,2026-06-SOP,Production,CTL-0031,300,5.0,2026-12-24,2026-11-09,Expedite,1,Sales Order,SO-003601,Planned
PLAN-003784,2026-06-SOP,Production,SYS-0017,100,75.0,2026-12-24,2026-10-27,,5,Forecast,2026-06-SOP,Planned
PLAN-003968,2026-06-SOP,Purchase,AFT-0013,100,40.0,2026-12-24,2026-12-06,Decrease,4,Forecast,2026-06-SOP,Planned
PLAN-004152,2026-06-SOP,Production,CTL-0039,300,20.0,2026-12-24,2026-12-10,Increase,3,Sales Order,SO-004153,Planned
PLAN-004336,2026-06-SOP,Production,SYS-0025,100,10.0,2026-12-24,2026-11-27,Defer,2,Forecast,2026-06-SOP,Planned
PLAN-004520,2026-06-SOP,Purchase,AFT-0021,300,5.0,2026-12-24,2026-12-09,Expedite,1,Forecast,2026-06-SOP,Planned
PLAN-004704,2026-06-SOP,Production,DRV-0007,100,75.0,2026-12-24,2026-11-26,,5,Sales Order,SO-004705,Planned
PLAN-004888,2026-06-SOP,Production,ACT-0003,100,40.0,2026-12-24,2026-12-08,Decrease,4,Forecast,2026-06-SOP,Planned
PLAN-000183,2026-06-SOP,Production,ACT-0058,200,40.0,2026-12-25,2026-12-09,Decrease,4,Sales Order,SO-000184,Planned
PLAN-000367,2026-06-SOP,Production,CTL-0024,300,20.0,2026-12-25,2026-12-01,Increase,3,Forecast,2026-06-SOP,Planned
PLAN-000551,2026-06-SOP,Production,SYS-0010,300,10.0,2026-12-25,2026-11-18,Defer,2,Forecast,2026-06-SOP,Planned
PLAN-000735,2026-06-SOP,Purchase,AFT-0006,300,5.0,2026-12-25,2026-11-30,Expedite,1,Sales Order,SO-000736,Planned
PLAN-000919,2026-06-SOP,Production,CTL-0032,300,75.0,2026-12-25,2026-11-07,,5,Forecast,2026-06-SOP,Planned
PLAN-001103,2026-06-SOP,Production,SYS-0018,300,40.0,2026-12-25,2026-10-25,Decrease,4,Forecast,2026-06-SOP,Planned
PLAN-001287,2026-06-SOP,Purchase,AFT-0014,100,20.0,2026-12-25,2026-11-06,Increase,3,Sales Order,SO-001288,Planned
PLAN-001471,2026-06-SOP,Production,CTL-0040,300,10.0,2026-12-25,2026-12-08,Defer,2,Forecast,2026-06-SOP,Planned
PLAN-001655,2026-06-SOP,Production,SYS-0026,300,5.0,2026-12-25,2026-11-25,Expedite,1,Forecast,2026-06-SOP,Planned
PLAN-001839,2026-06-SOP,Purchase,AFT-0022,100,75.0,2026-12-25,2026-12-07,,5,Sales Order,SO-001840,Planned
PLAN-002023,2026-06-SOP,Production,DRV-0008,200,40.0,2026-12-25,2026-11-24,Decrease,4,Forecast,2026-06-SOP,Planned
PLAN-002207,2026-06-SOP,Production,ACT-0004,200,20.0,2026-12-25,2026-12-06,Increase,3,Forecast,2026-06-SOP,Planned
PLAN-002391,2026-06-SOP,Purchase,AFT-0030,300,10.0,2026-12-25,2026-11-13,Defer,2,Sales Order,SO-002392,Planned
PLAN-002575,2026-06-SOP,Production,DRV-0016,200,5.0,2026-12-25,2026-10-31,Expedite,1,Forecast,2026-06-SOP,Planned
PLAN-002759,2026-06-SOP,Production,ACT-0012,200,75.0,2026-12-25,2026-11-12,,5,Forecast,2026-06-SOP,Planned
PLAN-002943,2026-06-SOP,Purchase,AFT-0038,100,40.0,2026-12-25,2026-12-14,Decrease,4,Sales Order,SO-002944,Planned
PLAN-003127,2026-06-SOP,Production,DRV-0024,200,20.0,2026-12-25,2026-12-01,Increase,3,Forecast,2026-06-SOP,Planned
PLAN-003311,2026-06-SOP,Production,ACT-0020,200,10.0,2026-12-25,2026-12-13,Defer,2,Forecast,2026-06-SOP,Planned
PLAN-003495,2026-06-SOP,Purchase,AFT-0046,100,5.0,2026-12-25,2026-12-07,Expedite,1,Sales Order,SO-003496,Planned
PLAN-003679,2026-06-SOP,Production,DRV-0032,200,75.0,2026-12-25,2026-11-07,,5,Forecast,2026-06-SOP,Planned
PLAN-003863,2026-06-SOP,Production,ACT-0028,200,40.0,2026-12-25,2026-11-19,Decrease,4,Forecast,2026-06-SOP,Planned
PLAN-004047,2026-06-SOP,Purchase,AFT-0054,300,20.0,2026-12-25,2026-10-27,Increase,3,Sales Order,SO-004048,Planned
PLAN-004231,2026-06-SOP,Production,DRV-0040,200,10.0,2026-12-25,2026-12-08,Defer,2,Forecast,2026-06-SOP,Planned
PLAN-004415,2026-06-SOP,Production,ACT-0036,200,5.0,2026-12-25,2026-10-26,Expedite,1,Forecast,2026-06-SOP,Planned
PLAN-004599,2026-06-SOP,Production,CTL-0002,300,75.0,2026-12-25,2026-12-12,,5,Sales Order,SO-004600,Planned
PLAN-004783,2026-06-SOP,Production,DRV-0048,200,40.0,2026-12-25,2026-11-14,Decrease,4,Forecast,2026-06-SOP,Planned
PLAN-004967,2026-06-SOP,Production,ACT-0044,200,20.0,2026-12-25,2026-11-26,Increase,3,Forecast,2026-06-SOP,Planned
PLAN-000078,2026-06-SOP,Production,ACT-0013,100,40.0,2026-12-26,2026-11-10,Decrease,4,Sales Order,SO-000079,Planned
PLAN-000262,2026-06-SOP,Purchase,AFT-0039,300,20.0,2026-12-26,2026-12-12,Increase,3,Forecast,2026-06-SOP,Planned
PLAN-000446,2026-06-SOP,Production,DRV-0025,100,10.0,2026-12-26,2026-11-29,Defer,2,Forecast,2026-06-SOP,Planned
PLAN-000630,2026-06-SOP,Production,ACT-0021,100,5.0,2026-12-26,2026-12-11,Expedite,1,Sales Order,SO-000631,Planned
PLAN-000814,2026-06-SOP,Purchase,AFT-0047,100,75.0,2026-12-26,2026-11-18,,5,Forecast,2026-06-SOP,Planned
PLAN-000998,2026-06-SOP,Production,DRV-0033,100,40.0,2026-12-26,2026-11-05,Decrease,4,Forecast,2026-06-SOP,Planned
PLAN-001182,2026-06-SOP,Production,ACT-0029,100,20.0,2026-12-26,2026-11-17,Increase,3,Sales Order,SO-001183,Planned
PLAN-001366,2026-06-SOP,Purchase,AFT-0055,100,10.0,2026-12-26,2026-12-08,Defer,2,Forecast,2026-06-SOP,Planned
PLAN-001550,2026-06-SOP,Production,DRV-0041,100,5.0,2026-12-26,2026-12-06,Expedite,1,Forecast,2026-06-SOP,Planned
PLAN-001734,2026-06-SOP,Production,ACT-0037,100,75.0,2026-12-26,2026-12-18,,5,Sales Order,SO-001735,Planned
PLAN-001918,2026-06-SOP,Production,CTL-0003,300,40.0,2026-12-26,2026-12-10,Decrease,4,Forecast,2026-06-SOP,Planned
PLAN-002102,2026-06-SOP,Production,DRV-0049,100,20.0,2026-12-26,2026-11-12,Increase,3,Forecast,2026-06-SOP,Planned
PLAN-002286,2026-06-SOP,Production,ACT-0045,100,10.0,2026-12-26,2026-11-24,Defer,2,Sales Order,SO-002287,Planned
PLAN-002470,2026-06-SOP,Production,CTL-0011,300,5.0,2026-12-26,2026-11-16,Expedite,1,Forecast,2026-06-SOP,Planned
PLAN-002654,2026-06-SOP,Production,DRV-0057,100,75.0,2026-12-26,2026-12-13,,5,Forecast,2026-06-SOP,Planned
PLAN-002838,2026-06-SOP,Production,ACT-0053,100,40.0,2026-12-26,2026-10-31,Decrease,4,Sales Order,SO-002839,Planned
PLAN-003022,2026-06-SOP,Production,CTL-0019,300,20.0,2026-12-26,2026-12-17,Increase,3,Forecast,2026-06-SOP,Planned
PLAN-003206,2026-06-SOP,Production,SYS-0005,100,10.0,2026-12-26,2026-12-04,Defer,2,Forecast,2026-06-SOP,Planned
PLAN-003390,2026-06-SOP,Purchase,AFT-0001,100,5.0,2026-12-26,2026-12-08,Expedite,1,Sales Order,SO-003391,Planned
PLAN-003574,2026-06-SOP,Production,CTL-0027,300,75.0,2026-12-26,2026-11-23,,5,Forecast,2026-06-SOP,Planned
PLAN-003758,2026-06-SOP,Production,SYS-0013,100,40.0,2026-12-26,2026-11-10,Decrease,4,Forecast,2026-06-SOP,Planned
PLAN-003942,2026-06-SOP,Purchase,AFT-0009,300,20.0,2026-12-26,2026-11-22,Increase,3,Sales Order,SO-003943,Planned
PLAN-004126,2026-06-SOP,Production,CTL-0035,300,10.0,2026-12-26,2026-10-30,Defer,2,Forecast,2026-06-SOP,Planned
PLAN-004310,2026-06-SOP,Production,SYS-0021,100,5.0,2026-12-26,2026-12-11,Expedite,1,Forecast,2026-06-SOP,Planned
PLAN-004494,2026-06-SOP,Purchase,AFT-0017,100,75.0,2026-12-26,2026-10-29,,5,Sales Order,SO-004495,Planned
PLAN-004678,2026-06-SOP,Production,DRV-0003,100,40.0,2026-12-26,2026-12-10,Decrease,4,Forecast,2026-06-SOP,Planned
PLAN-004862,2026-06-SOP,Production,SYS-0029,100,20.0,2026-12-26,2026-11-17,Increase,3,Forecast,2026-06-SOP,Planned
PLAN-000157,2026-06-SOP,Production,ACT-0054,200,20.0,2026-12-27,2026-10-29,Increase,3,Forecast,2026-06-SOP,Planned
PLAN-000341,2026-06-SOP,Production,CTL-0020,300,10.0,2026-12-27,2026-12-15,Defer,2,Forecast,2026-06-SOP,Planned
PLAN-000525,2026-06-SOP,Production,SYS-0006,300,5.0,2026-12-27,2026-12-02,Expedite,1,Sales Order,SO-000526,Planned
PLAN-000709,2026-06-SOP,Purchase,AFT-0002,100,75.0,2026-12-27,2026-12-14,,5,Forecast,2026-06-SOP,Planned
PLAN-000893,2026-06-SOP,Production,CTL-0028,300,40.0,2026-12-27,2026-11-21,Decrease,4,Forecast,2026-06-SOP,Planned
PLAN-001077,2026-06-SOP,Production,SYS-0014,300,20.0,2026-12-27,2026-11-08,Increase,3,Sales Order,SO-001078,Planned
PLAN-001261,2026-06-SOP,Purchase,AFT-0010,100,10.0,2026-12-27,2026-12-09,Defer,2,Forecast,2026-06-SOP,Planned
PLAN-001445,2026-06-SOP,Production,CTL-0036,300,5.0,2026-12-27,2026-10-28,Expedite,1,Forecast,2026-06-SOP,Planned
PLAN-001629,2026-06-SOP,Production,SYS-0022,300,75.0,2026-12-27,2026-12-09,,5,Sales Order,SO-001630,Planned
PLAN-001813,2026-06-SOP,Purchase,AFT-0018,300,40.0,2026-12-27,2026-10-27,Decrease,4,Forecast,2026-06-SOP,Planned
PLAN-001997,2026-06-SOP,Production,DRV-0004,200,20.0,2026-12-27,2026-12-08,Increase,3,Forecast,2026-06-SOP,Planned
PLAN-002181,2026-06-SOP,Production,SYS-0030,300,10.0,2026-12-27,2026-11-15,Defer,2,Sales Order,SO-002182,Planned
PLAN-002365,2026-06-SOP,Purchase,AFT-0026,100,5.0,2026-12-27,2026-11-27,Expedite,1,Forecast,2026-06-SOP,Planned
PLAN-002549,2026-06-SOP,Production,DRV-0012,200,75.0,2026-12-27,2026-11-14,,5,Forecast,2026-06-SOP,Planned
PLAN-002733,2026-06-SOP,Production,ACT-0008,200,40.0,2026-12-27,2026-11-26,Decrease,4,Sales Order,SO-002734,Planned
PLAN-002917,2026-06-SOP,Purchase,AFT-0034,100,20.0,2026-12-27,2026-12-09,Increase,3,Forecast,2026-06-SOP,Planned
PLAN-003101,2026-06-SOP,Production,DRV-0020,200,10.0,2026-12-27,2026-12-15,Defer,2,Forecast,2026-06-SOP,Planned
PLAN-003285,2026-06-SOP,Production,ACT-0016,200,5.0,2026-12-27,2026-11-02,Expedite,1,Sales Order,SO-003286,Planned
PLAN-003469,2026-06-SOP,Purchase,AFT-0042,300,75.0,2026-12-27,2026-12-04,,5,Forecast,2026-06-SOP,Planned
PLAN-003653,2026-06-SOP,Production,DRV-0028,200,40.0,2026-12-27,2026-11-21,Decrease,4,Forecast,2026-06-SOP,Planned
PLAN-003837,2026-06-SOP,Production,ACT-0024,200,20.0,2026-12-27,2026-12-03,Increase,3,Sales Order,SO-003838,Planned
PLAN-004021,2026-06-SOP,Purchase,AFT-0050,100,10.0,2026-12-27,2026-11-10,Defer,2,Forecast,2026-06-SOP,Planned
PLAN-004205,2026-06-SOP,Production,DRV-0036,200,5.0,2026-12-27,2026-10-28,Expedite,1,Forecast,2026-06-SOP,Planned
PLAN-004389,2026-06-SOP,Production,ACT-0032,200,75.0,2026-12-27,2026-11-09,,5,Sales Order,SO-004390,Planned
PLAN-004573,2026-06-SOP,Purchase,AFT-0058,100,40.0,2026-12-27,2026-12-09,Decrease,4,Forecast,2026-06-SOP,Planned
PLAN-004757,2026-06-SOP,Production,DRV-0044,200,20.0,2026-12-27,2026-11-28,Increase,3,Forecast,2026-06-SOP,Planned
PLAN-004941,2026-06-SOP,Production,ACT-0040,200,10.0,2026-12-27,2026-12-10,Defer,2,Sales Order,SO-004942,Planned
PLAN-000052,2026-06-SOP,Production,ACT-0009,100,20.0,2026-12-28,2026-11-24,Increase,3,Forecast,2026-06-SOP,Planned
PLAN-000236,2026-06-SOP,Purchase,AFT-0035,100,10.0,2026-12-28,2026-11-01,Defer,2,Forecast,2026-06-SOP,Planned
PLAN-000420,2026-06-SOP,Production,DRV-0021,100,5.0,2026-12-28,2026-12-13,Expedite,1,Sales Order,SO-000421,Planned
PLAN-000604,2026-06-SOP,Production,ACT-0017,100,75.0,2026-12-28,2026-10-31,,5,Forecast,2026-06-SOP,Planned
PLAN-000788,2026-06-SOP,Purchase,AFT-0043,100,40.0,2026-12-28,2026-12-10,Decrease,4,Forecast,2026-06-SOP,Planned
PLAN-000972,2026-06-SOP,Production,DRV-0029,100,20.0,2026-12-28,2026-11-19,Increase,3,Sales Order,SO-000973,Planned
PLAN-001156,2026-06-SOP,Production,ACT-0025,100,10.0,2026-12-28,2026-12-01,Defer,2,Forecast,2026-06-SOP,Planned
PLAN-001340,2026-06-SOP,Purchase,AFT-0051,300,5.0,2026-12-28,2026-11-08,Expedite,1,Forecast,2026-06-SOP,Planned
PLAN-001524,2026-06-SOP,Production,DRV-0037,100,75.0,2026-12-28,2026-12-20,,5,Sales Order,SO-001525,Planned
PLAN-001708,2026-06-SOP,Production,ACT-0033,100,40.0,2026-12-28,2026-11-07,Decrease,4,Forecast,2026-06-SOP,Planned
PLAN-001892,2026-06-SOP,Purchase,AFT-0059,100,20.0,2026-12-28,2026-12-09,Increase,3,Forecast,2026-06-SOP,Planned
PLAN-002076,2026-06-SOP,Production,DRV-0045,100,10.0,2026-12-28,2026-11-26,Defer,2,Sales Order,SO-002077,Planned
PLAN-002260,2026-06-SOP,Production,ACT-0041,100,5.0,2026-12-28,2026-12-08,Expedite,1,Forecast,2026-06-SOP,Planned
PLAN-002444,2026-06-SOP,Production,CTL-0007,300,75.0,2026-12-28,2026-11-30,,5,Forecast,2026-06-SOP,Planned
PLAN-002628,2026-06-SOP,Production,DRV-0053,100,40.0,2026-12-28,2026-11-02,Decrease,4,Sales Order,SO-002629,Planned
PLAN-002812,2026-06-SOP,Production,ACT-0049,100,20.0,2026-12-28,2026-11-14,Increase,3,Forecast,2026-06-SOP,Planned
PLAN-002996,2026-06-SOP,Production,CTL-0015,300,10.0,2026-12-28,2026-11-06,Defer,2,Forecast,2026-06-SOP,Planned
PLAN-003180,2026-06-SOP,Production,SYS-0001,100,5.0,2026-12-28,2026-12-18,Expedite,1,Sales Order,SO-003181,Planned
PLAN-003364,2026-06-SOP,Production,ACT-0057,100,75.0,2026-12-28,2026-12-15,,5,Forecast,2026-06-SOP,Planned
PLAN-003548,2026-06-SOP,Production,CTL-0023,300,40.0,2026-12-28,2026-12-07,Decrease,4,Forecast,2026-06-SOP,Planned
PLAN-003732,2026-06-SOP,Production,SYS-0009,100,20.0,2026-12-28,2026-11-24,Increase,3,Sales Order,SO-003733,Planned
PLAN-003916,2026-06-SOP,Purchase,AFT-0005,100,10.0,2026-12-28,2026-12-06,Defer,2,Forecast,2026-06-SOP,Planned
PLAN-004100,2026-06-SOP,Production,CTL-0031,300,5.0,2026-12-28,2026-11-13,Expedite,1,Forecast,2026-06-SOP,Planned
PLAN-004284,2026-06-SOP,Production,SYS-0017,100,75.0,2026-12-28,2026-10-31,,5,Sales Order,SO-004285,Planned
PLAN-004468,2026-06-SOP,Purchase,AFT-0013,100,40.0,2026-12-28,2026-12-10,Decrease,4,Forecast,2026-06-SOP,Planned
PLAN-004652,2026-06-SOP,Production,CTL-0039,300,20.0,2026-12-28,2026-12-14,Increase,3,Forecast,2026-06-SOP,Planned
PLAN-004836,2026-06-SOP,Production,SYS-0025,100,10.0,2026-12-28,2026-12-01,Defer,2,Sales Order,SO-004837,Planned
PLAN-000131,2026-06-SOP,Production,ACT-0050,200,10.0,2026-12-29,2026-11-12,Defer,2,Forecast,2026-06-SOP,Planned
PLAN-000315,2026-06-SOP,Production,CTL-0016,300,5.0,2026-12-29,2026-11-04,Expedite,1,Sales Order,SO-000316,Planned
PLAN-000499,2026-06-SOP,Production,SYS-0002,300,75.0,2026-12-29,2026-12-16,,5,Forecast,2026-06-SOP,Planned
PLAN-000683,2026-06-SOP,Production,ACT-0058,200,40.0,2026-12-29,2026-12-13,Decrease,4,Forecast,2026-06-SOP,Planned
PLAN-000867,2026-06-SOP,Production,CTL-0024,300,20.0,2026-12-29,2026-12-05,Increase,3,Sales Order,SO-000868,Planned
PLAN-001051,2026-06-SOP,Production,SYS-0010,300,10.0,2026-12-29,2026-11-22,Defer,2,Forecast,2026-06-SOP,Planned
PLAN-001235,2026-06-SOP,Purchase,AFT-0006,300,5.0,2026-12-29,2026-12-04,Expedite,1,Forecast,2026-06-SOP,Planned
PLAN-001419,2026-06-SOP,Production,CTL-0032,300,75.0,2026-12-29,2026-11-11,,5,Sales Order,SO-001420,Planned
PLAN-001603,2026-06-SOP,Production,SYS-0018,300,40.0,2026-12-29,2026-10-29,Decrease,4,Forecast,2026-06-SOP,Planned
PLAN-001787,2026-06-SOP,Purchase,AFT-0014,100,20.0,2026-12-29,2026-11-10,Increase,3,Forecast,2026-06-SOP,Planned
PLAN-001971,2026-06-SOP,Production,CTL-0040,300,10.0,2026-12-29,2026-12-12,Defer,2,Sales Order,SO-001972,Planned
PLAN-002155,2026-06-SOP,Production,SYS-0026,300,5.0,2026-12-29,2026-11-29,Expedite,1,Forecast,2026-06-SOP,Planned
PLAN-002339,2026-06-SOP,Purchase,AFT-0022,100,75.0,2026-12-29,2026-12-11,,5,Forecast,2026-06-SOP,Planned
PLAN-002523,2026-06-SOP,Production,DRV-0008,200,40.0,2026-12-29,2026-11-28,Decrease,4,Sales Order,SO-002524,Planned
PLAN-002707,2026-06-SOP,Production,ACT-0004,200,20.0,2026-12-29,2026-12-10,Increase,3,Forecast,2026-06-SOP,Planned
PLAN-002891,2026-06-SOP,Purchase,AFT-0030,300,10.0,2026-12-29,2026-11-17,Defer,2,Forecast,2026-06-SOP,Planned
PLAN-003075,2026-06-SOP,Production,DRV-0016,200,5.0,2026-12-29,2026-11-04,Expedite,1,Sales Order,SO-003076,Planned
PLAN-003259,2026-06-SOP,Production,ACT-0012,200,75.0,2026-12-29,2026-11-16,,5,Forecast,2026-06-SOP,Planned
PLAN-003443,2026-06-SOP,Purchase,AFT-0038,100,40.0,2026-12-29,2026-12-18,Decrease,4,Forecast,2026-06-SOP,Planned
PLAN-003627,2026-06-SOP,Production,DRV-0024,200,20.0,2026-12-29,2026-12-05,Increase,3,Sales Order,SO-003628,Planned
PLAN-003811,2026-06-SOP,Production,ACT-0020,200,10.0,2026-12-29,2026-12-17,Defer,2,Forecast,2026-06-SOP,Planned
PLAN-003995,2026-06-SOP,Purchase,AFT-0046,100,5.0,2026-12-29,2026-12-11,Expedite,1,Forecast,2026-06-SOP,Planned
PLAN-004179,2026-06-SOP,Production,DRV-0032,200,75.0,2026-12-29,2026-11-11,,5,Sales Order,SO-004180,Planned
PLAN-004363,2026-06-SOP,Production,ACT-0028,200,40.0,2026-12-29,2026-11-23,Decrease,4,Forecast,2026-06-SOP,Planned
PLAN-004547,2026-06-SOP,Purchase,AFT-0054,300,20.0,2026-12-29,2026-10-31,Increase,3,Forecast,2026-06-SOP,Planned
PLAN-004731,2026-06-SOP,Production,DRV-0040,200,10.0,2026-12-29,2026-12-12,Defer,2,Sales Order,SO-004732,Planned
PLAN-004915,2026-06-SOP,Production,ACT-0036,200,5.0,2026-12-29,2026-10-30,Expedite,1,Forecast,2026-06-SOP,Planned
PLAN-000026,2026-06-SOP,Production,ACT-0005,100,10.0,2026-12-30,2026-12-08,Defer,2,Forecast,2026-06-SOP,Planned
PLAN-000210,2026-06-SOP,Purchase,AFT-0031,100,5.0,2026-12-30,2026-12-12,Expedite,1,Sales Order,SO-000211,Planned
PLAN-000394,2026-06-SOP,Production,DRV-0017,100,75.0,2026-12-30,2026-11-02,,5,Forecast,2026-06-SOP,Planned
PLAN-000578,2026-06-SOP,Production,ACT-0013,100,40.0,2026-12-30,2026-11-14,Decrease,4,Forecast,2026-06-SOP,Planned
PLAN-000762,2026-06-SOP,Purchase,AFT-0039,300,20.0,2026-12-30,2026-12-16,Increase,3,Sales Order,SO-000763,Planned
PLAN-000946,2026-06-SOP,Production,DRV-0025,100,10.0,2026-12-30,2026-12-03,Defer,2,Forecast,2026-06-SOP,Planned
PLAN-001130,2026-06-SOP,Production,ACT-0021,100,5.0,2026-12-30,2026-12-15,Expedite,1,Forecast,2026-06-SOP,Planned
PLAN-001314,2026-06-SOP,Purchase,AFT-0047,100,75.0,2026-12-30,2026-11-22,,5,Sales Order,SO-001315,Planned
PLAN-001498,2026-06-SOP,Production,DRV-0033,100,40.0,2026-12-30,2026-11-09,Decrease,4,Forecast,2026-06-SOP,Planned
PLAN-001682,2026-06-SOP,Production,ACT-0029,100,20.0,2026-12-30,2026-11-21,Increase,3,Forecast,2026-06-SOP,Planned
PLAN-001866,2026-06-SOP,Purchase,AFT-0055,100,10.0,2026-12-30,2026-12-12,Defer,2,Sales Order,SO-001867,Planned
PLAN-002050,2026-06-SOP,Production,DRV-0041,100,5.0,2026-12-30,2026-12-10,Expedite,1,Forecast,2026-06-SOP,Planned
PLAN-002234,2026-06-SOP,Production,ACT-0037,100,75.0,2026-12-30,2026-12-22,,5,Forecast,2026-06-SOP,Planned
PLAN-002418,2026-06-SOP,Production,CTL-0003,300,40.0,2026-12-30,2026-12-14,Decrease,4,Sales Order,SO-002419,Planned
PLAN-002602,2026-06-SOP,Production,DRV-0049,100,20.0,2026-12-30,2026-11-16,Increase,3,Forecast,2026-06-SOP,Planned
PLAN-002786,2026-06-SOP,Production,ACT-0045,100,10.0,2026-12-30,2026-11-28,Defer,2,Forecast,2026-06-SOP,Planned
PLAN-002970,2026-06-SOP,Production,CTL-0011,300,5.0,2026-12-30,2026-11-20,Expedite,1,Sales Order,SO-002971,Planned
PLAN-003154,2026-06-SOP,Production,DRV-0057,100,75.0,2026-12-30,2026-12-17,,5,Forecast,2026-06-SOP,Planned
PLAN-003338,2026-06-SOP,Production,ACT-0053,100,40.0,2026-12-30,2026-11-04,Decrease,4,Forecast,2026-06-SOP,Planned
PLAN-003522,2026-06-SOP,Production,CTL-0019,300,20.0,2026-12-30,2026-12-21,Increase,3,Sales Order,SO-003523,Planned
PLAN-003706,2026-06-SOP,Production,SYS-0005,100,10.0,2026-12-30,2026-12-08,Defer,2,Forecast,2026-06-SOP,Planned
PLAN-003890,2026-06-SOP,Purchase,AFT-0001,100,5.0,2026-12-30,2026-12-12,Expedite,1,Forecast,2026-06-SOP,Planned
PLAN-004074,2026-06-SOP,Production,CTL-0027,300,75.0,2026-12-30,2026-11-27,,5,Sales Order,SO-004075,Planned
PLAN-004258,2026-06-SOP,Production,SYS-0013,100,40.0,2026-12-30,2026-11-14,Decrease,4,Forecast,2026-06-SOP,Planned
PLAN-004442,2026-06-SOP,Purchase,AFT-0009,300,20.0,2026-12-30,2026-11-26,Increase,3,Forecast,2026-06-SOP,Planned
PLAN-004626,2026-06-SOP,Production,CTL-0035,300,10.0,2026-12-30,2026-11-03,Defer,2,Sales Order,SO-004627,Planned
PLAN-004810,2026-06-SOP,Production,SYS-0021,100,5.0,2026-12-30,2026-12-15,Expedite,1,Forecast,2026-06-SOP,Planned
PLAN-004994,2026-06-SOP,Purchase,AFT-0017,100,75.0,2026-12-30,2026-11-02,,5,Forecast,2026-06-SOP,Planned
PLAN-000105,2026-06-SOP,Production,ACT-0046,200,5.0,2026-12-31,2026-11-26,Expedite,1,Sales Order,SO-000106,Planned
PLAN-000289,2026-06-SOP,Production,CTL-0012,300,75.0,2026-12-31,2026-11-18,,5,Forecast,2026-06-SOP,Planned
PLAN-000473,2026-06-SOP,Production,DRV-0058,200,40.0,2026-12-31,2026-12-15,Decrease,4,Forecast,2026-06-SOP,Planned
PLAN-000657,2026-06-SOP,Production,ACT-0054,200,20.0,2026-12-31,2026-11-02,Increase,3,Sales Order,SO-000658,Planned
PLAN-000841,2026-06-SOP,Production,CTL-0020,300,10.0,2026-12-31,2026-12-19,Defer,2,Forecast,2026-06-SOP,Planned
PLAN-001025,2026-06-SOP,Production,SYS-0006,300,5.0,2026-12-31,2026-12-06,Expedite,1,Forecast,2026-06-SOP,Planned
PLAN-001209,2026-06-SOP,Purchase,AFT-0002,100,75.0,2026-12-31,2026-12-18,,5,Sales Order,SO-001210,Planned
PLAN-001393,2026-06-SOP,Production,CTL-0028,300,40.0,2026-12-31,2026-11-25,Decrease,4,Forecast,2026-06-SOP,Planned
PLAN-001577,2026-06-SOP,Production,SYS-0014,300,20.0,2026-12-31,2026-11-12,Increase,3,Forecast,2026-06-SOP,Planned
PLAN-001761,2026-06-SOP,Purchase,AFT-0010,100,10.0,2026-12-31,2026-12-13,Defer,2,Sales Order,SO-001762,Planned
PLAN-001945,2026-06-SOP,Production,CTL-0036,300,5.0,2026-12-31,2026-11-01,Expedite,1,Forecast,2026-06-SOP,Planned
PLAN-002129,2026-06-SOP,Production,SYS-0022,300,75.0,2026-12-31,2026-12-13,,5,Forecast,2026-06-SOP,Planned
PLAN-002313,2026-06-SOP,Purchase,AFT-0018,300,40.0,2026-12-31,2026-10-31,Decrease,4,Sales Order,SO-002314,Planned
PLAN-002497,2026-06-SOP,Production,DRV-0004,200,20.0,2026-12-31,2026-12-12,Increase,3,Forecast,2026-06-SOP,Planned
PLAN-002681,2026-06-SOP,Production,SYS-0030,300,10.0,2026-12-31,2026-11-19,Defer,2,Forecast,2026-06-SOP,Planned
PLAN-002865,2026-06-SOP,Purchase,AFT-0026,100,5.0,2026-12-31,2026-12-01,Expedite,1,Sales Order,SO-002866,Planned
PLAN-003049,2026-06-SOP,Production,DRV-0012,200,75.0,2026-12-31,2026-11-18,,5,Forecast,2026-06-SOP,Planned
PLAN-003233,2026-06-SOP,Production,ACT-0008,200,40.0,2026-12-31,2026-11-30,Decrease,4,Forecast,2026-06-SOP,Planned
PLAN-003417,2026-06-SOP,Purchase,AFT-0034,100,20.0,2026-12-31,2026-12-13,Increase,3,Sales Order,SO-003418,Planned
PLAN-003601,2026-06-SOP,Production,DRV-0020,200,10.0,2026-12-31,2026-12-19,Defer,2,Forecast,2026-06-SOP,Planned
PLAN-003785,2026-06-SOP,Production,ACT-0016,200,5.0,2026-12-31,2026-11-06,Expedite,1,Forecast,2026-06-SOP,Planned
PLAN-003969,2026-06-SOP,Purchase,AFT-0042,300,75.0,2026-12-31,2026-12-08,,5,Sales Order,SO-003970,Planned
PLAN-004153,2026-06-SOP,Production,DRV-0028,200,40.0,2026-12-31,2026-11-25,Decrease,4,Forecast,2026-06-SOP,Planned
PLAN-004337,2026-06-SOP,Production,ACT-0024,200,20.0,2026-12-31,2026-12-07,Increase,3,Forecast,2026-06-SOP,Planned
PLAN-004521,2026-06-SOP,Purchase,AFT-0050,100,10.0,2026-12-31,2026-11-14,Defer,2,Sales Order,SO-004522,Planned
PLAN-004705,2026-06-SOP,Production,DRV-0036,200,5.0,2026-12-31,2026-11-01,Expedite,1,Forecast,2026-06-SOP,Planned
PLAN-004889,2026-06-SOP,Production,ACT-0032,200,75.0,2026-12-31,2026-11-13,,5,Forecast,2026-06-SOP,Planned
