shipment_number,ship_date,carrier,order_number,customer_id,id,shipment_id,sales_order_line_id,item_id,site_code,quantity,unit_standard_cost
SHP-000213,2026-01-01,Roadstar Logistics,SO-000244,CUST-0069,425,213,487,AFT-0016,100,2.0,1691.61
SHP-000213,2026-01-01,Roadstar Logistics,SO-000244,CUST-0069,426,213,488,AFT-0027,300,4.0,328.06
SHP-000785,2026-01-01,Midwest Freight,SO-000905,CUST-0026,1569,785,1809,AFT-0007,100,13.0,295.96
SHP-000785,2026-01-01,Midwest Freight,SO-000905,CUST-0026,1570,785,1810,AFT-0018,300,22.0,583.67
SHP-001871,2026-01-01,Midwest Freight,SO-002161,CUST-0018,3741,1871,4321,ACT-0003,100,55.0,1998.31
SHP-001871,2026-01-01,Midwest Freight,SO-002161,CUST-0018,3742,1871,4322,ACT-0014,200,2.0,544.47
SHP-002766,2026-01-01,ParcelPro,SO-003199,CUST-0144,5531,2766,6397,DRV-0021,100,4.0,1026.04
SHP-002766,2026-01-01,ParcelPro,SO-003199,CUST-0144,5532,2766,6398,DRV-0032,200,9.0,242.87
SHP-003339,2026-01-01,Roadstar Logistics,SO-003860,CUST-0101,6677,3339,7719,DRV-0012,200,22.0,236.26
SHP-003339,2026-01-01,Roadstar Logistics,SO-003860,CUST-0101,6678,3339,7720,DRV-0023,100,33.0,1456.75
SHP-003908,2026-01-01,Midwest Freight,SO-004521,CUST-0058,7815,3908,9041,DRV-0003,100,2.0,1969.66
SHP-003908,2026-01-01,Midwest Freight,SO-004521,CUST-0058,7816,3908,9042,DRV-0014,200,4.0,976.85
SHP-005892,2026-01-01,ParcelPro,SO-006815,CUST-0176,11783,5892,13629,ACT-0027,100,33.0,2777.79
SHP-005892,2026-01-01,ParcelPro,SO-006815,CUST-0176,11784,5892,13630,ACT-0038,200,55.0,422.98
SHP-006463,2026-01-01,Roadstar Logistics,SO-007476,CUST-0133,12925,6463,14951,ACT-0018,200,4.0,1053.86
SHP-006463,2026-01-01,Roadstar Logistics,SO-007476,CUST-0133,12926,6463,14952,ACT-0029,100,9.0,923.26
SHP-007033,2026-01-01,Midwest Freight,SO-008137,CUST-0090,14065,7033,16273,ACT-0009,100,22.0,364.09
SHP-007033,2026-01-01,Midwest Freight,SO-008137,CUST-0090,14066,7033,16274,ACT-0020,200,33.0,626.2
SHP-007930,2026-01-01,ParcelPro,SO-009175,CUST-0216,15859,7930,18349,DRV-0027,100,55.0,1168.75
SHP-007930,2026-01-01,ParcelPro,SO-009175,CUST-0216,15860,7930,18350,DRV-0038,200,2.0,544.32
SHP-008503,2026-01-01,Roadstar Logistics,SO-009836,CUST-0173,17005,8503,19671,DRV-0018,200,9.0,1468.74
SHP-008503,2026-01-01,Roadstar Logistics,SO-009836,CUST-0173,17006,8503,19672,DRV-0029,100,13.0,1617.15
SHP-000893,2026-01-02,Midwest Freight,SO-001029,CUST-0214,1785,893,2057,DRV-0001,100,4.0,1077.99
SHP-000893,2026-01-02,Midwest Freight,SO-001029,CUST-0214,1786,893,2058,DRV-0012,200,9.0,236.26
SHP-001464,2026-01-02,BlueLine Transport,SO-001690,CUST-0171,2927,1464,3379,CTL-0032,300,22.0,1947.94
SHP-001464,2026-01-02,BlueLine Transport,SO-001690,CUST-0171,2928,1464,3380,DRV-0003,100,33.0,1969.66
SHP-002930,2026-01-02,Midwest Freight,SO-003389,CUST-0014,5859,2930,6777,AFT-0011,100,9.0,459.76
SHP-002930,2026-01-02,Midwest Freight,SO-003389,CUST-0014,5860,2930,6778,AFT-0022,100,13.0,225.36
SHP-003502,2026-01-02,BlueLine Transport,SO-004050,CUST-0211,7003,3502,8099,AFT-0002,100,33.0,1635.19
SHP-003502,2026-01-02,BlueLine Transport,SO-004050,CUST-0211,7004,3502,8100,AFT-0013,100,55.0,2946.6
SHP-004016,2026-01-02,Midwest Freight,SO-004645,CUST-0006,8031,4016,9289,ACT-0007,100,33.0,2766.72
SHP-004016,2026-01-02,Midwest Freight,SO-004645,CUST-0006,8032,4016,9290,ACT-0018,200,55.0,1053.86
SHP-004587,2026-01-02,BlueLine Transport,SO-005306,CUST-0203,9173,4587,10611,SYS-0028,300,4.0,2113.15
SHP-004587,2026-01-02,BlueLine Transport,SO-005306,CUST-0203,9174,4587,10612,ACT-0009,100,9.0,364.09
SHP-006055,2026-01-02,Midwest Freight,SO-007005,CUST-0046,12109,6055,14009,DRV-0007,100,55.0,1355.9
SHP-006055,2026-01-02,Midwest Freight,SO-007005,CUST-0046,12110,6055,14010,DRV-0018,200,2.0,1468.74
SHP-006627,2026-01-02,BlueLine Transport,SO-007666,CUST-0003,13253,6627,15331,CTL-0038,300,9.0,1627.96
SHP-006627,2026-01-02,BlueLine Transport,SO-007666,CUST-0003,13254,6627,15332,DRV-0009,100,13.0,304.81
SHP-007712,2026-01-02,BlueLine Transport,SO-008922,CUST-0235,15423,7712,17843,AFT-0034,100,33.0,501.15
SHP-007712,2026-01-02,BlueLine Transport,SO-008922,CUST-0235,15424,7712,17844,AFT-0045,300,55.0,1273.82
SHP-000486,2026-01-03,BlueLine Transport,SO-000558,CUST-0127,971,486,1115,ACT-0060,200,55.0,218.01
SHP-000486,2026-01-03,BlueLine Transport,SO-000558,CUST-0127,972,486,1116,AFT-0011,100,2.0,459.76
SHP-001057,2026-01-03,ParcelPro,SO-001219,CUST-0084,2113,1057,2437,ACT-0051,100,9.0,4550.3
SHP-001057,2026-01-03,ParcelPro,SO-001219,CUST-0084,2114,1057,2438,AFT-0002,100,13.0,1635.19
SHP-001628,2026-01-03,Roadstar Logistics,SO-001880,CUST-0041,3255,1628,3759,ACT-0042,200,33.0,643.48
SHP-001628,2026-01-03,Roadstar Logistics,SO-001880,CUST-0041,3256,1628,3760,ACT-0053,100,55.0,457.71
SHP-002712,2026-01-03,Roadstar Logistics,SO-003136,CUST-0033,5423,2712,6271,SYS-0008,300,4.0,218.0
SHP-002712,2026-01-03,Roadstar Logistics,SO-003136,CUST-0033,5424,2712,6272,SYS-0019,100,9.0,1798.13
SHP-003609,2026-01-03,BlueLine Transport,SO-004174,CUST-0159,7217,3609,8347,CTL-0036,300,13.0,3755.26
SHP-003609,2026-01-03,BlueLine Transport,SO-004174,CUST-0159,7218,3609,8348,DRV-0007,100,22.0,1355.9
SHP-004181,2026-01-03,ParcelPro,SO-004835,CUST-0116,8361,4181,9669,CTL-0027,300,55.0,1052.17
SHP-004181,2026-01-03,ParcelPro,SO-004835,CUST-0116,8362,4181,9670,CTL-0038,300,2.0,1627.96
SHP-004751,2026-01-03,Roadstar Logistics,SO-005496,CUST-0073,9501,4751,10991,CTL-0018,300,9.0,685.06
SHP-004751,2026-01-03,Roadstar Logistics,SO-005496,CUST-0073,9502,4751,10992,CTL-0029,300,13.0,746.13
SHP-005647,2026-01-03,BlueLine Transport,SO-006534,CUST-0199,11293,5647,13067,AFT-0006,300,22.0,5754.99
SHP-005647,2026-01-03,BlueLine Transport,SO-006534,CUST-0199,11294,5647,13068,AFT-0017,100,33.0,1705.89
SHP-006734,2026-01-03,BlueLine Transport,SO-007790,CUST-0191,13467,6734,15579,ACT-0002,200,2.0,398.44
SHP-006734,2026-01-03,BlueLine Transport,SO-007790,CUST-0191,13468,6734,15580,ACT-0013,100,4.0,371.79
SHP-007304,2026-01-03,ParcelPro,SO-008451,CUST-0148,14607,7304,16901,SYS-0023,100,13.0,2333.9
SHP-007304,2026-01-03,ParcelPro,SO-008451,CUST-0148,14608,7304,16902,ACT-0004,200,22.0,202.92
SHP-000077,2026-01-04,ParcelPro,SO-000087,CUST-0040,153,77,173,DRV-0049,100,22.0,1199.79
SHP-000077,2026-01-04,ParcelPro,SO-000087,CUST-0040,154,77,174,DRV-0060,200,33.0,373.77
SHP-001735,2026-01-04,Roadstar Logistics,SO-002004,CUST-0229,3469,1735,4007,CTL-0016,300,13.0,273.05
SHP-001735,2026-01-04,Roadstar Logistics,SO-002004,CUST-0229,3470,1735,4008,CTL-0027,300,22.0,1052.17
SHP-002304,2026-01-04,Midwest Freight,SO-002665,CUST-0186,4607,2304,5329,CTL-0007,300,55.0,2206.98
SHP-002304,2026-01-04,Midwest Freight,SO-002665,CUST-0186,4608,2304,5330,CTL-0018,300,2.0,685.06
SHP-003203,2026-01-04,ParcelPro,SO-003703,CUST-0072,6405,3203,7405,ACT-0055,100,4.0,2134.85
SHP-003203,2026-01-04,ParcelPro,SO-003703,CUST-0072,6406,3203,7406,AFT-0006,300,9.0,5754.99
SHP-003774,2026-01-04,Roadstar Logistics,SO-004364,CUST-0029,7547,3774,8727,ACT-0046,200,22.0,543.39
SHP-003774,2026-01-04,Roadstar Logistics,SO-004364,CUST-0029,7548,3774,8728,ACT-0057,100,33.0,2621.51
SHP-004343,2026-01-04,Midwest Freight,SO-005025,CUST-0226,8685,4343,10049,ACT-0037,100,2.0,3791.36
SHP-004343,2026-01-04,Midwest Freight,SO-005025,CUST-0226,8686,4343,10050,ACT-0048,200,4.0,383.41
SHP-004858,2026-01-04,Roadstar Logistics,SO-005620,CUST-0021,9715,4858,11239,SYS-0012,300,2.0,544.4
SHP-004858,2026-01-04,Roadstar Logistics,SO-005620,CUST-0021,9716,4858,11240,SYS-0023,100,4.0,2333.9
SHP-005428,2026-01-04,Midwest Freight,SO-006281,CUST-0218,10855,5428,12561,SYS-0003,100,13.0,789.98
SHP-005428,2026-01-04,Midwest Freight,SO-006281,CUST-0218,10856,5428,12562,SYS-0014,300,22.0,847.06
SHP-006326,2026-01-04,ParcelPro,SO-007319,CUST-0104,12651,6326,14637,CTL-0031,300,33.0,1954.36
SHP-006326,2026-01-04,ParcelPro,SO-007319,CUST-0104,12652,6326,14638,DRV-0002,200,55.0,2270.82
SHP-006898,2026-01-04,Roadstar Logistics,SO-007980,CUST-0061,13795,6898,15959,CTL-0022,300,4.0,2070.12
SHP-006898,2026-01-04,Roadstar Logistics,SO-007980,CUST-0061,13796,6898,15960,CTL-0033,300,9.0,3676.55
SHP-007469,2026-01-04,Midwest Freight,SO-008641,CUST-0018,14937,7469,17281,CTL-0013,300,22.0,269.64
SHP-007469,2026-01-04,Midwest Freight,SO-008641,CUST-0018,14938,7469,17282,CTL-0024,300,33.0,782.21
SHP-008367,2026-01-04,ParcelPro,SO-009679,CUST-0144,16733,8367,19357,AFT-0001,100,55.0,1725.19
SHP-008367,2026-01-04,ParcelPro,SO-009679,CUST-0144,16734,8367,19358,AFT-0012,300,2.0,1004.49
SHP-008556,2026-01-04,Midwest Freight,SO-009897,CUST-0010,17111,8556,19793,AFT-0009,300,2.0,622.76
SHP-008556,2026-01-04,Midwest Freight,SO-009897,CUST-0010,17112,8556,19794,AFT-0020,100,4.0,783.79
SHP-001327,2026-01-05,Midwest Freight,SO-001533,CUST-0142,2653,1327,3065,ACT-0035,100,4.0,1963.86
SHP-001327,2026-01-05,Midwest Freight,SO-001533,CUST-0142,2654,1327,3066,ACT-0046,200,9.0,543.39
SHP-001899,2026-01-05,BlueLine Transport,SO-002194,CUST-0099,3797,1899,4387,ACT-0026,200,22.0,1654.16
SHP-001899,2026-01-05,BlueLine Transport,SO-002194,CUST-0099,3798,1899,4388,ACT-0037,100,33.0,3791.36
SHP-004450,2026-01-05,Midwest Freight,SO-005149,CUST-0174,8899,4450,10297,CTL-0011,300,33.0,2846.92
SHP-004450,2026-01-05,Midwest Freight,SO-005149,CUST-0174,8900,4450,10298,CTL-0022,300,55.0,2070.12
SHP-005022,2026-01-05,BlueLine Transport,SO-005810,CUST-0131,10043,5022,11619,CTL-0002,300,4.0,1099.52
SHP-005022,2026-01-05,BlueLine Transport,SO-005810,CUST-0131,10044,5022,11620,CTL-0013,300,9.0,269.64
SHP-006491,2026-01-05,Midwest Freight,SO-007509,CUST-0214,12981,6491,15017,ACT-0041,100,55.0,443.53
SHP-006491,2026-01-05,Midwest Freight,SO-007509,CUST-0214,12982,6491,15018,ACT-0052,200,2.0,646.56
SHP-007576,2026-01-05,Midwest Freight,SO-008765,CUST-0206,15151,7576,17529,SYS-0007,100,9.0,900.07
SHP-007576,2026-01-05,Midwest Freight,SO-008765,CUST-0206,15152,7576,17530,SYS-0018,300,13.0,631.4
SHP-008147,2026-01-05,BlueLine Transport,SO-009426,CUST-0163,16293,8147,18851,DRV-0058,200,33.0,2026.68
SHP-008147,2026-01-05,BlueLine Transport,SO-009426,CUST-0163,16294,8147,18852,SYS-0009,100,55.0,550.07
SHP-000023,2026-01-06,Roadstar Logistics,SO-000024,CUST-0169,45,23,47,ACT-0006,200,22.0,521.36
SHP-000023,2026-01-06,Roadstar Logistics,SO-000024,CUST-0169,46,23,48,ACT-0017,100,33.0,632.55
SHP-000922,2026-01-06,BlueLine Transport,SO-001062,CUST-0055,1843,922,2123,DRV-0024,200,55.0,1625.62
SHP-000922,2026-01-06,BlueLine Transport,SO-001062,CUST-0055,1844,922,2124,DRV-0035,100,2.0,904.12
SHP-002007,2026-01-06,BlueLine Transport,SO-002318,CUST-0047,4013,2007,4635,AFT-0060,300,9.0,381.82
SHP-002007,2026-01-06,BlueLine Transport,SO-002318,CUST-0047,4014,2007,4636,CTL-0011,300,13.0,2846.92
SHP-002575,2026-01-06,ParcelPro,SO-002979,CUST-0004,5149,2575,5957,AFT-0051,300,33.0,1343.81
SHP-002575,2026-01-06,ParcelPro,SO-002979,CUST-0004,5150,2575,5958,CTL-0002,300,55.0,1099.52
SHP-003147,2026-01-06,Roadstar Logistics,SO-003640,CUST-0201,6293,3147,7279,AFT-0042,300,4.0,299.23
SHP-003147,2026-01-06,Roadstar Logistics,SO-003640,CUST-0201,6294,3147,7280,AFT-0053,100,9.0,484.99
SHP-004045,2026-01-06,BlueLine Transport,SO-004678,CUST-0087,8089,4045,9355,ACT-0030,200,13.0,443.77
SHP-004045,2026-01-06,BlueLine Transport,SO-004678,CUST-0087,8090,4045,9356,ACT-0041,100,22.0,443.53
SHP-004615,2026-01-06,ParcelPro,SO-005339,CUST-0044,9229,4615,10677,ACT-0021,100,55.0,928.12
SHP-004615,2026-01-06,ParcelPro,SO-005339,CUST-0044,9230,4615,10678,ACT-0032,200,2.0,232.68
SHP-005185,2026-01-06,Roadstar Logistics,SO-006000,CUST-0001,10369,5185,11999,ACT-0012,200,9.0,310.47
SHP-005185,2026-01-06,Roadstar Logistics,SO-006000,CUST-0001,10370,5185,12000,ACT-0023,100,13.0,2312.23
SHP-005700,2026-01-06,ParcelPro,SO-006595,CUST-0036,11399,5700,13189,DRV-0047,100,9.0,3735.12
SHP-005700,2026-01-06,ParcelPro,SO-006595,CUST-0036,11400,5700,13190,DRV-0058,200,13.0,2026.68
SHP-006272,2026-01-06,Roadstar Logistics,SO-007256,CUST-0233,12543,6272,14511,DRV-0038,200,33.0,544.32
SHP-006272,2026-01-06,Roadstar Logistics,SO-007256,CUST-0233,12544,6272,14512,DRV-0049,100,55.0,1199.79
SHP-007169,2026-01-06,BlueLine Transport,SO-008294,CUST-0119,14337,7169,16587,CTL-0006,300,2.0,1608.4
SHP-007169,2026-01-06,BlueLine Transport,SO-008294,CUST-0119,14338,7169,16588,CTL-0017,300,4.0,246.26
SHP-007741,2026-01-06,ParcelPro,SO-008955,CUST-0076,15481,7741,17909,AFT-0057,300,13.0,618.6
SHP-007741,2026-01-06,ParcelPro,SO-008955,CUST-0076,15482,7741,17910,CTL-0008,300,22.0,710.8
SHP-008312,2026-01-06,Roadstar Logistics,SO-009616,CUST-0033,16623,8312,19231,AFT-0048,300,55.0,2594.19
SHP-008312,2026-01-06,Roadstar Logistics,SO-009616,CUST-0033,16624,8312,19232,AFT-0059,100,2.0,270.09
SHP-000130,2026-01-07,Roadstar Logistics,SO-000148,CUST-0117,259,130,295,AFT-0040,100,9.0,567.45
SHP-000130,2026-01-07,Roadstar Logistics,SO-000148,CUST-0117,260,130,296,AFT-0051,300,13.0,1343.81
SHP-000703,2026-01-07,Midwest Freight,SO-000809,CUST-0074,1405,703,1617,AFT-0031,100,33.0,310.16
SHP-000703,2026-01-07,Midwest Freight,SO-000809,CUST-0074,1406,703,1618,AFT-0042,300,55.0,299.23
SHP-001599,2026-01-07,ParcelPro,SO-001847,CUST-0200,3197,1599,3693,ACT-0019,100,2.0,1249.06
SHP-001599,2026-01-07,ParcelPro,SO-001847,CUST-0200,3198,1599,3694,ACT-0030,200,4.0,443.77
SHP-002170,2026-01-07,Roadstar Logistics,SO-002508,CUST-0157,4339,2170,5015,ACT-0010,200,13.0,2233.37
SHP-002170,2026-01-07,Roadstar Logistics,SO-002508,CUST-0157,4340,2170,5016,ACT-0021,100,22.0,928.12
SHP-002740,2026-01-07,Midwest Freight,SO-003169,CUST-0114,5479,2740,6337,ACT-0001,100,55.0,2375.15
SHP-002740,2026-01-07,Midwest Freight,SO-003169,CUST-0114,5480,2740,6338,ACT-0012,200,2.0,310.47
SHP-003638,2026-01-07,ParcelPro,SO-004207,CUST-0240,7275,3638,8413,DRV-0019,100,4.0,1404.59
SHP-003638,2026-01-07,ParcelPro,SO-004207,CUST-0240,7276,3638,8414,DRV-0030,200,9.0,447.73
SHP-004723,2026-01-07,ParcelPro,SO-005463,CUST-0232,9445,4723,10925,AFT-0055,100,22.0,281.39
SHP-004723,2026-01-07,ParcelPro,SO-005463,CUST-0232,9446,4723,10926,CTL-0006,300,33.0,1608.4
SHP-005292,2026-01-07,Roadstar Logistics,SO-006124,CUST-0189,10583,5292,12247,AFT-0046,100,2.0,664.15
SHP-005292,2026-01-07,Roadstar Logistics,SO-006124,CUST-0189,10584,5292,12248,AFT-0057,300,4.0,618.6
SHP-005865,2026-01-07,Midwest Freight,SO-006785,CUST-0146,11729,5865,13569,AFT-0037,100,13.0,3077.35
SHP-005865,2026-01-07,Midwest Freight,SO-006785,CUST-0146,11730,5865,13570,AFT-0048,300,22.0,2594.19
SHP-006761,2026-01-07,ParcelPro,SO-007823,CUST-0032,13521,6761,15645,ACT-0025,100,33.0,2796.19
SHP-006761,2026-01-07,ParcelPro,SO-007823,CUST-0032,13522,6761,15646,ACT-0036,200,55.0,207.18
SHP-007332,2026-01-07,Roadstar Logistics,SO-008484,CUST-0229,14663,7332,16967,ACT-0016,200,4.0,217.24
SHP-007332,2026-01-07,Roadstar Logistics,SO-008484,CUST-0229,14664,7332,16968,ACT-0027,100,9.0,2777.79
SHP-008420,2026-01-07,Roadstar Logistics,SO-009740,CUST-0221,16839,8420,19479,DRV-0042,200,22.0,409.54
SHP-008420,2026-01-07,Roadstar Logistics,SO-009740,CUST-0221,16840,8420,19480,DRV-0053,100,33.0,2495.92
SHP-000294,2026-01-08,BlueLine Transport,SO-000338,CUST-0227,587,294,675,SYS-0020,300,13.0,3950.66
SHP-000294,2026-01-08,BlueLine Transport,SO-000338,CUST-0227,588,294,676,ACT-0001,100,22.0,2375.15
SHP-001763,2026-01-08,Midwest Freight,SO-002037,CUST-0070,3525,1763,4073,CTL-0039,300,4.0,1883.77
SHP-001763,2026-01-08,Midwest Freight,SO-002037,CUST-0070,3526,1763,4074,DRV-0010,200,9.0,364.42
SHP-002847,2026-01-08,Midwest Freight,SO-003293,CUST-0062,5693,2847,6585,AFT-0035,100,22.0,2292.51
SHP-002847,2026-01-08,Midwest Freight,SO-003293,CUST-0062,5694,2847,6586,AFT-0046,100,33.0,664.15
SHP-003418,2026-01-08,BlueLine Transport,SO-003954,CUST-0019,6835,3418,7907,AFT-0026,100,2.0,194.56
SHP-003418,2026-01-08,BlueLine Transport,SO-003954,CUST-0019,6836,3418,7908,AFT-0037,100,4.0,3077.35
SHP-004887,2026-01-08,Midwest Freight,SO-005653,CUST-0102,9773,4887,11305,ACT-0005,100,33.0,789.17
SHP-004887,2026-01-08,Midwest Freight,SO-005653,CUST-0102,9774,4887,11306,ACT-0016,200,55.0,217.24
SHP-005456,2026-01-08,BlueLine Transport,SO-006314,CUST-0059,10911,5456,12627,SYS-0026,300,4.0,1401.71
SHP-005456,2026-01-08,BlueLine Transport,SO-006314,CUST-0059,10912,5456,12628,ACT-0007,100,9.0,2766.72
SHP-006543,2026-01-08,BlueLine Transport,SO-007570,CUST-0051,13085,6543,15139,DRV-0022,200,22.0,4199.01
SHP-006543,2026-01-08,BlueLine Transport,SO-007570,CUST-0051,13086,6543,15140,DRV-0033,100,33.0,1124.9
SHP-008011,2026-01-08,Midwest Freight,SO-009269,CUST-0134,16021,8011,18537,AFT-0041,100,9.0,1163.02
SHP-008011,2026-01-08,Midwest Freight,SO-009269,CUST-0134,16022,8011,18538,AFT-0052,100,13.0,315.62
SHP-008585,2026-01-08,BlueLine Transport,SO-009930,CUST-0091,17169,8585,19859,AFT-0032,100,33.0,665.09
SHP-008585,2026-01-08,BlueLine Transport,SO-009930,CUST-0091,17170,8585,19860,AFT-0043,100,55.0,701.72
SHP-000459,2026-01-09,Roadstar Logistics,SO-000528,CUST-0097,917,459,1055,CTL-0010,300,22.0,2841.49
SHP-000459,2026-01-09,Roadstar Logistics,SO-000528,CUST-0097,918,459,1056,CTL-0021,300,33.0,849.25
SHP-000974,2026-01-09,ParcelPro,SO-001123,CUST-0132,1947,974,2245,AFT-0015,300,22.0,1124.21
SHP-000974,2026-01-09,ParcelPro,SO-001123,CUST-0132,1948,974,2246,AFT-0026,100,33.0,194.56
SHP-001546,2026-01-09,Roadstar Logistics,SO-001784,CUST-0089,3091,1546,3567,AFT-0006,300,2.0,5754.99
SHP-001546,2026-01-09,Roadstar Logistics,SO-001784,CUST-0089,3092,1546,3568,AFT-0017,100,4.0,1705.89
SHP-003012,2026-01-09,ParcelPro,SO-003483,CUST-0172,6023,3012,6965,SYS-0015,100,33.0,5502.56
SHP-003012,2026-01-09,ParcelPro,SO-003483,CUST-0172,6024,3012,6966,SYS-0026,300,55.0,1401.71
SHP-003584,2026-01-09,Roadstar Logistics,SO-004144,CUST-0129,7167,3584,8287,SYS-0006,300,4.0,436.61
SHP-003584,2026-01-09,Roadstar Logistics,SO-004144,CUST-0129,7168,3584,8288,SYS-0017,100,9.0,2870.14
SHP-004478,2026-01-09,BlueLine Transport,SO-005182,CUST-0015,8955,4478,10363,CTL-0034,300,13.0,1946.56
SHP-004478,2026-01-09,BlueLine Transport,SO-005182,CUST-0015,8956,4478,10364,DRV-0005,100,22.0,1162.73
SHP-005564,2026-01-09,BlueLine Transport,SO-006438,CUST-0007,11127,5564,12875,AFT-0030,300,55.0,342.02
SHP-005564,2026-01-09,BlueLine Transport,SO-006438,CUST-0007,11128,5564,12876,AFT-0041,100,2.0,1163.02
SHP-006136,2026-01-09,ParcelPro,SO-007099,CUST-0204,12271,6136,14197,AFT-0021,300,9.0,395.23
SHP-006136,2026-01-09,ParcelPro,SO-007099,CUST-0204,12272,6136,14198,AFT-0032,100,13.0,665.09
SHP-006709,2026-01-09,Roadstar Logistics,SO-007760,CUST-0161,13417,6709,15519,AFT-0012,300,33.0,1004.49
SHP-006709,2026-01-09,Roadstar Logistics,SO-007760,CUST-0161,13418,6709,15520,AFT-0023,100,55.0,273.18
SHP-007604,2026-01-09,BlueLine Transport,SO-008798,CUST-0047,15207,7604,17595,SYS-0030,300,2.0,3308.83
SHP-007604,2026-01-09,BlueLine Transport,SO-008798,CUST-0047,15208,7604,17596,ACT-0011,100,4.0,416.59
SHP-008175,2026-01-09,ParcelPro,SO-009459,CUST-0004,16349,8175,18917,SYS-0021,100,13.0,1935.92
SHP-008175,2026-01-09,ParcelPro,SO-009459,CUST-0004,16350,8175,18918,ACT-0002,200,22.0,398.44
SHP-000566,2026-01-10,Roadstar Logistics,SO-000652,CUST-0045,1131,566,1303,SYS-0004,300,9.0,271.87
SHP-000566,2026-01-10,Roadstar Logistics,SO-000652,CUST-0045,1132,566,1304,SYS-0015,100,13.0,5502.56
SHP-001138,2026-01-10,Midwest Freight,SO-001313,CUST-0002,2275,1138,2625,DRV-0055,100,33.0,5400.43
SHP-001138,2026-01-10,Midwest Freight,SO-001313,CUST-0002,2276,1138,2626,SYS-0006,300,55.0,436.61
SHP-002035,2026-01-10,ParcelPro,SO-002351,CUST-0128,4069,2035,4701,CTL-0023,300,2.0,1243.13
SHP-002035,2026-01-10,ParcelPro,SO-002351,CUST-0128,4070,2035,4702,CTL-0034,300,4.0,1946.56
SHP-002603,2026-01-10,Roadstar Logistics,SO-003012,CUST-0085,5205,2603,6023,CTL-0014,300,13.0,376.32
SHP-002603,2026-01-10,Roadstar Logistics,SO-003012,CUST-0085,5206,2603,6024,CTL-0025,300,22.0,1240.54
SHP-003690,2026-01-10,Roadstar Logistics,SO-004268,CUST-0077,7379,3690,8535,AFT-0010,100,55.0,221.83
SHP-003690,2026-01-10,Roadstar Logistics,SO-004268,CUST-0077,7380,3690,8536,AFT-0021,300,2.0,395.23
SHP-004261,2026-01-10,Midwest Freight,SO-004929,CUST-0034,8521,4261,9857,AFT-0001,100,9.0,1725.19
SHP-004261,2026-01-10,Midwest Freight,SO-004929,CUST-0034,8522,4261,9858,AFT-0012,300,13.0,1004.49
SHP-005729,2026-01-10,Roadstar Logistics,SO-006628,CUST-0117,11457,5729,13255,SYS-0010,300,2.0,1017.55
SHP-005729,2026-01-10,Roadstar Logistics,SO-006628,CUST-0117,11458,5729,13256,SYS-0021,100,4.0,1935.92
SHP-006300,2026-01-10,Midwest Freight,SO-007289,CUST-0074,12599,6300,14577,SYS-0001,100,13.0,484.28
SHP-006300,2026-01-10,Midwest Freight,SO-007289,CUST-0074,12600,6300,14578,SYS-0012,300,22.0,544.4
SHP-007197,2026-01-10,ParcelPro,SO-008327,CUST-0200,14393,7197,16653,CTL-0029,300,33.0,746.13
SHP-007197,2026-01-10,ParcelPro,SO-008327,CUST-0200,14394,7197,16654,CTL-0040,300,55.0,3693.39
SHP-007385,2026-01-10,Midwest Freight,SO-008545,CUST-0066,14769,7385,17089,CTL-0037,300,55.0,4331.48
SHP-007385,2026-01-10,Midwest Freight,SO-008545,CUST-0066,14770,7385,17090,DRV-0008,200,2.0,260.06
SHP-008284,2026-01-10,ParcelPro,SO-009583,CUST-0192,16567,8284,19165,AFT-0025,100,4.0,475.85
SHP-008284,2026-01-10,ParcelPro,SO-009583,CUST-0192,16568,8284,19166,AFT-0036,300,9.0,950.62
SHP-000159,2026-01-11,Midwest Freight,SO-000181,CUST-0198,317,159,361,CTL-0003,300,2.0,1770.15
SHP-000159,2026-01-11,Midwest Freight,SO-000181,CUST-0198,318,159,362,CTL-0014,300,4.0,376.32
SHP-000732,2026-01-11,BlueLine Transport,SO-000842,CUST-0155,1463,732,1683,AFT-0054,300,13.0,278.7
SHP-000732,2026-01-11,BlueLine Transport,SO-000842,CUST-0155,1464,732,1684,CTL-0005,300,22.0,1064.96
SHP-001816,2026-01-11,BlueLine Transport,SO-002098,CUST-0147,3631,1816,4195,ACT-0050,200,55.0,1066.65
SHP-001816,2026-01-11,BlueLine Transport,SO-002098,CUST-0147,3632,1816,4196,AFT-0001,100,2.0,1725.19
SHP-003284,2026-01-11,Midwest Freight,SO-003797,CUST-0230,6567,3284,7593,DRV-0059,100,22.0,4086.27
SHP-003284,2026-01-11,Midwest Freight,SO-003797,CUST-0230,6568,3284,7594,SYS-0010,300,33.0,1017.55
SHP-003855,2026-01-11,BlueLine Transport,SO-004458,CUST-0187,7709,3855,8915,DRV-0050,200,2.0,3137.29
SHP-003855,2026-01-11,BlueLine Transport,SO-004458,CUST-0187,7710,3855,8916,SYS-0001,100,4.0,484.28
SHP-005320,2026-01-11,Midwest Freight,SO-006157,CUST-0030,10639,5320,12313,CTL-0009,300,33.0,1465.6
SHP-005320,2026-01-11,Midwest Freight,SO-006157,CUST-0030,10640,5320,12314,CTL-0020,300,55.0,687.1
SHP-006408,2026-01-11,Midwest Freight,SO-007413,CUST-0022,12815,6408,14825,AFT-0005,100,4.0,2334.92
SHP-006408,2026-01-11,Midwest Freight,SO-007413,CUST-0022,12816,6408,14826,AFT-0016,100,9.0,1691.61
SHP-006979,2026-01-11,BlueLine Transport,SO-008074,CUST-0219,13957,6979,16147,ACT-0056,200,22.0,618.58
SHP-006979,2026-01-11,BlueLine Transport,SO-008074,CUST-0219,13958,6979,16148,AFT-0007,100,33.0,295.96
SHP-008448,2026-01-11,Midwest Freight,SO-009773,CUST-0062,16895,8448,19545,SYS-0005,100,9.0,295.22
SHP-008448,2026-01-11,Midwest Freight,SO-009773,CUST-0062,16896,8448,19546,SYS-0016,300,13.0,2022.21
SHP-000839,2026-01-12,BlueLine Transport,SO-000966,CUST-0103,1677,839,1931,DRV-0048,200,4.0,916.05
SHP-000839,2026-01-12,BlueLine Transport,SO-000966,CUST-0103,1678,839,1932,DRV-0059,100,9.0,4086.27
SHP-001408,2026-01-12,ParcelPro,SO-001627,CUST-0060,2815,1408,3253,DRV-0039,100,22.0,385.26
SHP-001408,2026-01-12,ParcelPro,SO-001627,CUST-0060,2816,1408,3254,DRV-0050,200,33.0,3137.29
SHP-001981,2026-01-12,Roadstar Logistics,SO-002288,CUST-0017,3961,1981,4575,DRV-0030,200,2.0,447.73
SHP-001981,2026-01-12,Roadstar Logistics,SO-002288,CUST-0017,3962,1981,4576,DRV-0041,100,4.0,271.46
SHP-002875,2026-01-12,BlueLine Transport,SO-003326,CUST-0143,5749,2875,6651,AFT-0058,100,9.0,248.59
SHP-002875,2026-01-12,BlueLine Transport,SO-003326,CUST-0143,5750,2875,6652,CTL-0009,300,13.0,1465.6
SHP-003447,2026-01-12,ParcelPro,SO-003987,CUST-0100,6893,3447,7973,AFT-0049,100,33.0,719.94
SHP-003447,2026-01-12,ParcelPro,SO-003987,CUST-0100,6894,3447,7974,AFT-0060,300,55.0,381.82
SHP-004532,2026-01-12,ParcelPro,SO-005243,CUST-0092,9063,4532,10485,ACT-0045,100,4.0,311.98
SHP-004532,2026-01-12,ParcelPro,SO-005243,CUST-0092,9064,4532,10486,ACT-0056,200,9.0,618.58
SHP-005103,2026-01-12,Roadstar Logistics,SO-005904,CUST-0049,10205,5103,11807,ACT-0036,200,22.0,207.18
SHP-005103,2026-01-12,Roadstar Logistics,SO-005904,CUST-0049,10206,5103,11808,ACT-0047,100,33.0,766.28
SHP-006000,2026-01-12,BlueLine Transport,SO-006942,CUST-0175,11999,6000,13883,DRV-0054,200,55.0,2389.07
SHP-006000,2026-01-12,BlueLine Transport,SO-006942,CUST-0175,12000,6000,13884,SYS-0005,100,2.0,295.22
SHP-006572,2026-01-12,ParcelPro,SO-007603,CUST-0132,13143,6572,15205,DRV-0045,100,9.0,378.8
SHP-006572,2026-01-12,ParcelPro,SO-007603,CUST-0132,13144,6572,15206,DRV-0056,200,13.0,2993.16
SHP-007142,2026-01-12,Roadstar Logistics,SO-008264,CUST-0089,14283,7142,16527,DRV-0036,200,33.0,1497.18
SHP-007142,2026-01-12,Roadstar Logistics,SO-008264,CUST-0089,14284,7142,16528,DRV-0047,100,55.0,3735.12
SHP-008039,2026-01-12,BlueLine Transport,SO-009302,CUST-0215,16077,8039,18603,CTL-0004,300,2.0,1388.28
SHP-008039,2026-01-12,BlueLine Transport,SO-009302,CUST-0215,16078,8039,18604,CTL-0015,300,4.0,505.32
SHP-000431,2026-01-13,ParcelPro,SO-000495,CUST-0016,861,431,989,AFT-0047,100,55.0,1876.46
SHP-000431,2026-01-13,ParcelPro,SO-000495,CUST-0016,862,431,990,AFT-0058,100,2.0,248.59
SHP-001573,2026-01-13,Midwest Freight,SO-001817,CUST-0170,3145,1573,3633,AFT-0029,100,33.0,438.34
SHP-001573,2026-01-13,Midwest Freight,SO-001817,CUST-0170,3146,1573,3634,AFT-0040,100,55.0,567.45
SHP-002468,2026-01-13,ParcelPro,SO-002855,CUST-0056,4935,2468,5709,ACT-0017,100,2.0,632.55
SHP-002468,2026-01-13,ParcelPro,SO-002855,CUST-0056,4936,2468,5710,ACT-0028,200,4.0,213.58
SHP-002656,2026-01-13,Midwest Freight,SO-003073,CUST-0162,5311,2656,6145,ACT-0025,100,4.0,2796.19
SHP-002656,2026-01-13,Midwest Freight,SO-003073,CUST-0162,5312,2656,6146,ACT-0036,200,9.0,207.18
SHP-003556,2026-01-13,ParcelPro,SO-004111,CUST-0048,7111,3556,8221,DRV-0043,100,13.0,581.68
SHP-003556,2026-01-13,ParcelPro,SO-004111,CUST-0048,7112,3556,8222,DRV-0054,200,22.0,2389.07
SHP-004126,2026-01-13,Roadstar Logistics,SO-004772,CUST-0005,8251,4126,9543,DRV-0034,200,55.0,423.99
SHP-004126,2026-01-13,Roadstar Logistics,SO-004772,CUST-0005,8252,4126,9544,DRV-0045,100,2.0,378.8
SHP-004697,2026-01-13,Midwest Freight,SO-005433,CUST-0202,9393,4697,10865,DRV-0025,100,9.0,2240.87
SHP-004697,2026-01-13,Midwest Freight,SO-005433,CUST-0202,9394,4697,10866,DRV-0036,200,13.0,1497.18
SHP-005592,2026-01-13,ParcelPro,SO-006471,CUST-0088,11183,5592,12941,AFT-0053,100,22.0,484.99
SHP-005592,2026-01-13,ParcelPro,SO-006471,CUST-0088,11184,5592,12942,CTL-0004,300,33.0,1388.28
SHP-006165,2026-01-13,Roadstar Logistics,SO-007132,CUST-0045,12329,6165,14263,AFT-0044,100,2.0,1002.16
SHP-006165,2026-01-13,Roadstar Logistics,SO-007132,CUST-0045,12330,6165,14264,AFT-0055,100,4.0,281.39
SHP-007251,2026-01-13,Roadstar Logistics,SO-008388,CUST-0037,14501,7251,16775,ACT-0040,200,13.0,199.82
SHP-007251,2026-01-13,Roadstar Logistics,SO-008388,CUST-0037,14502,7251,16776,ACT-0051,100,22.0,4550.3
SHP-007822,2026-01-13,Midwest Freight,SO-009049,CUST-0234,15643,7822,18097,ACT-0031,100,55.0,2523.05
SHP-007822,2026-01-13,Midwest Freight,SO-009049,CUST-0234,15644,7822,18098,ACT-0042,200,2.0,643.48
SHP-000594,2026-01-14,Midwest Freight,SO-000685,CUST-0126,1187,594,1369,SYS-0027,100,2.0,1000.55
SHP-000594,2026-01-14,Midwest Freight,SO-000685,CUST-0126,1188,594,1370,ACT-0008,200,4.0,227.79
SHP-001681,2026-01-14,Midwest Freight,SO-001941,CUST-0118,3361,1681,3881,DRV-0023,100,13.0,1456.75
SHP-001681,2026-01-14,Midwest Freight,SO-001941,CUST-0118,3362,1681,3882,DRV-0034,200,22.0,423.99
SHP-002250,2026-01-14,BlueLine Transport,SO-002602,CUST-0075,4499,2250,5203,DRV-0014,200,55.0,976.85
SHP-002250,2026-01-14,BlueLine Transport,SO-002602,CUST-0075,4500,2250,5204,DRV-0025,100,2.0,2240.87
SHP-004288,2026-01-14,BlueLine Transport,SO-004962,CUST-0115,8575,4288,9923,AFT-0024,300,2.0,584.52
SHP-004288,2026-01-14,BlueLine Transport,SO-004962,CUST-0115,8576,4288,9924,AFT-0035,100,4.0,2292.51
SHP-005374,2026-01-14,BlueLine Transport,SO-006218,CUST-0107,10747,5374,12435,ACT-0020,200,13.0,626.2
SHP-005374,2026-01-14,BlueLine Transport,SO-006218,CUST-0107,10748,5374,12436,ACT-0031,100,22.0,2523.05
SHP-006842,2026-01-14,Midwest Freight,SO-007917,CUST-0190,13683,6842,15833,DRV-0029,100,4.0,1617.15
SHP-006842,2026-01-14,Midwest Freight,SO-007917,CUST-0190,13684,6842,15834,DRV-0040,200,9.0,218.97
SHP-007415,2026-01-14,BlueLine Transport,SO-008578,CUST-0147,14829,7415,17155,DRV-0020,200,22.0,956.8
SHP-007415,2026-01-14,BlueLine Transport,SO-008578,CUST-0147,14830,7415,17156,DRV-0031,100,33.0,1392.98
SHP-000378,2026-01-15,Roadstar Logistics,SO-000432,CUST-0145,755,378,863,CTL-0034,300,55.0,1946.56
SHP-000378,2026-01-15,Roadstar Logistics,SO-000432,CUST-0145,756,378,864,DRV-0005,100,2.0,1162.73
SHP-001273,2026-01-15,BlueLine Transport,SO-001470,CUST-0031,2545,1273,2939,AFT-0022,100,4.0,225.36
SHP-001273,2026-01-15,BlueLine Transport,SO-001470,CUST-0031,2546,1273,2940,AFT-0033,300,9.0,997.68
SHP-001845,2026-01-15,ParcelPro,SO-002131,CUST-0228,3689,1845,4261,AFT-0013,100,22.0,2946.6
SHP-001845,2026-01-15,ParcelPro,SO-002131,CUST-0228,3690,1845,4262,AFT-0024,300,33.0,584.52
SHP-002413,2026-01-15,Roadstar Logistics,SO-002792,CUST-0185,4825,2413,5583,AFT-0004,100,2.0,2143.65
SHP-002413,2026-01-15,Roadstar Logistics,SO-002792,CUST-0185,4826,2413,5584,AFT-0015,300,4.0,1124.21
SHP-003312,2026-01-15,BlueLine Transport,SO-003830,CUST-0071,6623,3312,7659,SYS-0022,300,9.0,4965.2
SHP-003312,2026-01-15,BlueLine Transport,SO-003830,CUST-0071,6624,3312,7660,ACT-0003,100,13.0,1998.31
SHP-003500,2026-01-15,Roadstar Logistics,SO-004048,CUST-0177,6999,3500,8095,SYS-0030,300,13.0,3308.83
SHP-003500,2026-01-15,Roadstar Logistics,SO-004048,CUST-0177,7000,3500,8096,ACT-0011,100,22.0,416.59
SHP-004396,2026-01-15,BlueLine Transport,SO-005086,CUST-0063,8791,4396,10171,DRV-0018,200,33.0,1468.74
SHP-004396,2026-01-15,BlueLine Transport,SO-005086,CUST-0063,8792,4396,10172,DRV-0029,100,55.0,1617.15
SHP-004967,2026-01-15,ParcelPro,SO-005747,CUST-0020,9933,4967,11493,DRV-0009,100,4.0,304.81
SHP-004967,2026-01-15,ParcelPro,SO-005747,CUST-0020,9934,4967,11494,DRV-0020,200,9.0,956.8
SHP-005539,2026-01-15,Roadstar Logistics,SO-006408,CUST-0217,11077,5539,12815,CTL-0040,300,22.0,3693.39
SHP-005539,2026-01-15,Roadstar Logistics,SO-006408,CUST-0217,11078,5539,12816,DRV-0011,100,33.0,823.38
SHP-007006,2026-01-15,ParcelPro,SO-008107,CUST-0060,14011,7006,16213,AFT-0019,100,9.0,769.7
SHP-007006,2026-01-15,ParcelPro,SO-008107,CUST-0060,14012,7006,16214,AFT-0030,300,13.0,342.02
SHP-008093,2026-01-15,ParcelPro,SO-009363,CUST-0052,16185,8093,18725,ACT-0015,100,33.0,1074.85
SHP-008093,2026-01-15,ParcelPro,SO-009363,CUST-0052,16186,8093,18726,ACT-0026,200,55.0,1654.16
SHP-000867,2026-01-16,ParcelPro,SO-000999,CUST-0184,1733,867,1997,SYS-0011,100,55.0,1020.49
SHP-000867,2026-01-16,ParcelPro,SO-000999,CUST-0184,1734,867,1998,SYS-0022,300,2.0,4965.2
SHP-001436,2026-01-16,Roadstar Logistics,SO-001660,CUST-0141,2871,1436,3319,SYS-0002,300,9.0,1223.7
SHP-001436,2026-01-16,Roadstar Logistics,SO-001660,CUST-0141,2872,1436,3320,SYS-0013,100,13.0,871.78
SHP-002521,2026-01-16,Roadstar Logistics,SO-002916,CUST-0133,5041,2521,5831,CTL-0038,300,33.0,1627.96
SHP-002521,2026-01-16,Roadstar Logistics,SO-002916,CUST-0133,5042,2521,5832,DRV-0009,100,55.0,304.81
SHP-003094,2026-01-16,Midwest Freight,SO-003577,CUST-0090,6187,3094,7153,CTL-0029,300,4.0,746.13
SHP-003094,2026-01-16,Midwest Freight,SO-003577,CUST-0090,6188,3094,7154,CTL-0040,300,9.0,3693.39
SHP-003990,2026-01-16,ParcelPro,SO-004615,CUST-0216,7979,3990,9229,AFT-0017,100,13.0,1705.89
SHP-003990,2026-01-16,ParcelPro,SO-004615,CUST-0216,7980,3990,9230,AFT-0028,100,22.0,349.76
SHP-004561,2026-01-16,Roadstar Logistics,SO-005276,CUST-0173,9121,4561,10551,AFT-0008,100,55.0,242.31
SHP-004561,2026-01-16,Roadstar Logistics,SO-005276,CUST-0173,9122,4561,10552,AFT-0019,100,2.0,769.7
SHP-005130,2026-01-16,Midwest Freight,SO-005937,CUST-0130,10259,5130,11873,ACT-0059,100,9.0,860.8
SHP-005130,2026-01-16,Midwest Freight,SO-005937,CUST-0130,10260,5130,11874,AFT-0010,100,13.0,221.83
SHP-006028,2026-01-16,ParcelPro,SO-006975,CUST-0016,12055,6028,13949,SYS-0017,100,22.0,2870.14
SHP-006028,2026-01-16,ParcelPro,SO-006975,CUST-0016,12056,6028,13950,SYS-0028,300,33.0,2113.15
SHP-006218,2026-01-16,Midwest Freight,SO-007193,CUST-0122,12435,6218,14385,SYS-0025,100,33.0,523.8
SHP-006218,2026-01-16,Midwest Freight,SO-007193,CUST-0122,12436,6218,14386,ACT-0006,200,55.0,521.36
SHP-007114,2026-01-16,ParcelPro,SO-008231,CUST-0008,14227,7114,16461,DRV-0013,100,2.0,534.23
SHP-007114,2026-01-16,ParcelPro,SO-008231,CUST-0008,14228,7114,16462,DRV-0024,200,4.0,1625.62
SHP-007685,2026-01-16,Roadstar Logistics,SO-008892,CUST-0205,15369,7685,17783,DRV-0004,200,13.0,766.25
SHP-007685,2026-01-16,Roadstar Logistics,SO-008892,CUST-0205,15370,7685,17784,DRV-0015,100,22.0,1233.73
SHP-008259,2026-01-16,Midwest Freight,SO-009553,CUST-0162,16517,8259,19105,CTL-0035,300,55.0,3084.65
SHP-008259,2026-01-16,Midwest Freight,SO-009553,CUST-0162,16518,8259,19106,DRV-0006,200,2.0,1777.77
SHP-000648,2026-01-17,BlueLine Transport,SO-000746,CUST-0203,1295,648,1491,CTL-0018,300,33.0,685.06
SHP-000648,2026-01-17,BlueLine Transport,SO-000746,CUST-0203,1296,648,1492,CTL-0029,300,55.0,746.13
SHP-002116,2026-01-17,Midwest Freight,SO-002445,CUST-0046,4231,2116,4889,ACT-0057,100,13.0,2621.51
SHP-002116,2026-01-17,Midwest Freight,SO-002445,CUST-0046,4232,2116,4890,AFT-0008,100,22.0,242.31
SHP-002686,2026-01-17,BlueLine Transport,SO-003106,CUST-0003,5371,2686,6211,ACT-0048,200,55.0,383.41
SHP-002686,2026-01-17,BlueLine Transport,SO-003106,CUST-0003,5372,2686,6212,ACT-0059,100,2.0,860.8
SHP-004154,2026-01-17,Midwest Freight,SO-004805,CUST-0086,8307,4154,9609,DRV-0057,100,22.0,3870.18
SHP-004154,2026-01-17,Midwest Freight,SO-004805,CUST-0086,8308,4154,9610,SYS-0008,300,33.0,218.0
SHP-005238,2026-01-17,Midwest Freight,SO-006061,CUST-0078,10475,5238,12121,CTL-0033,300,2.0,3676.55
SHP-005238,2026-01-17,Midwest Freight,SO-006061,CUST-0078,10476,5238,12122,DRV-0004,200,4.0,766.25
SHP-005811,2026-01-17,BlueLine Transport,SO-006722,CUST-0035,11621,5811,13443,CTL-0024,300,13.0,782.21
SHP-005811,2026-01-17,BlueLine Transport,SO-006722,CUST-0035,11622,5811,13444,CTL-0035,300,22.0,3084.65
SHP-007279,2026-01-17,Midwest Freight,SO-008421,CUST-0118,14557,7279,16841,AFT-0003,300,4.0,4514.04
SHP-007279,2026-01-17,Midwest Freight,SO-008421,CUST-0118,14558,7279,16842,AFT-0014,100,9.0,936.0
SHP-007849,2026-01-17,BlueLine Transport,SO-009082,CUST-0075,15697,7849,18163,ACT-0054,200,22.0,3824.58
SHP-007849,2026-01-17,BlueLine Transport,SO-009082,CUST-0075,15698,7849,18164,AFT-0005,100,33.0,2334.92
SHP-000240,2026-01-18,ParcelPro,SO-000275,CUST-0116,479,240,549,ACT-0037,100,13.0,3791.36
SHP-000240,2026-01-18,ParcelPro,SO-000275,CUST-0116,480,240,550,ACT-0048,200,22.0,383.41
SHP-000813,2026-01-18,Roadstar Logistics,SO-000936,CUST-0073,1625,813,1871,ACT-0028,200,55.0,213.58
SHP-000813,2026-01-18,Roadstar Logistics,SO-000936,CUST-0073,1626,813,1872,ACT-0039,100,2.0,759.88
SHP-001709,2026-01-18,BlueLine Transport,SO-001974,CUST-0199,3417,1709,3947,DRV-0046,200,4.0,877.32
SHP-001709,2026-01-18,BlueLine Transport,SO-001974,CUST-0199,3418,1709,3948,DRV-0057,100,9.0,3870.18
SHP-003366,2026-01-18,ParcelPro,SO-003891,CUST-0148,6731,3366,7781,CTL-0013,300,2.0,269.64
SHP-003366,2026-01-18,ParcelPro,SO-003891,CUST-0148,6732,3366,7782,CTL-0024,300,4.0,782.21
SHP-003935,2026-01-18,Roadstar Logistics,SO-004552,CUST-0105,7869,3935,9103,CTL-0004,300,13.0,1388.28
SHP-003935,2026-01-18,Roadstar Logistics,SO-004552,CUST-0105,7870,3935,9104,CTL-0015,300,22.0,505.32
SHP-004833,2026-01-18,BlueLine Transport,SO-005590,CUST-0231,9665,4833,11179,ACT-0052,200,33.0,646.56
SHP-004833,2026-01-18,BlueLine Transport,SO-005590,CUST-0231,9666,4833,11180,AFT-0003,300,55.0,4514.04
SHP-005402,2026-01-18,ParcelPro,SO-006251,CUST-0188,10803,5402,12501,ACT-0043,100,4.0,499.75
SHP-005402,2026-01-18,ParcelPro,SO-006251,CUST-0188,10804,5402,12502,ACT-0054,200,9.0,3824.58
SHP-005974,2026-01-18,Roadstar Logistics,SO-006912,CUST-0145,11947,5974,13823,ACT-0034,200,22.0,338.7
SHP-005974,2026-01-18,Roadstar Logistics,SO-006912,CUST-0145,11948,5974,13824,ACT-0045,100,33.0,311.98
SHP-006871,2026-01-18,BlueLine Transport,SO-007950,CUST-0031,13741,6871,15899,DRV-0052,200,55.0,1298.13
SHP-006871,2026-01-18,BlueLine Transport,SO-007950,CUST-0031,13742,6871,15900,SYS-0003,100,2.0,789.98
SHP-007060,2026-01-18,Roadstar Logistics,SO-008168,CUST-0137,14119,7060,16335,DRV-0060,200,2.0,373.77
SHP-007060,2026-01-18,Roadstar Logistics,SO-008168,CUST-0137,14120,7060,16336,SYS-0011,100,4.0,1020.49
SHP-007957,2026-01-18,BlueLine Transport,SO-009206,CUST-0023,15913,7957,18411,CTL-0028,300,9.0,2359.35
SHP-007957,2026-01-18,BlueLine Transport,SO-009206,CUST-0023,15914,7957,18412,CTL-0039,300,13.0,1883.77
SHP-008531,2026-01-18,ParcelPro,SO-009867,CUST-0220,17061,8531,19733,CTL-0019,300,33.0,1008.86
SHP-008531,2026-01-18,ParcelPro,SO-009867,CUST-0220,17062,8531,19734,CTL-0030,300,55.0,2928.54
SHP-000405,2026-01-19,Midwest Freight,SO-000465,CUST-0226,809,405,929,DRV-0017,100,22.0,777.04
SHP-000405,2026-01-19,Midwest Freight,SO-000465,CUST-0226,810,405,930,DRV-0028,200,33.0,2358.69
SHP-001301,2026-01-19,ParcelPro,SO-001503,CUST-0112,2601,1301,3005,AFT-0045,300,55.0,1273.82
SHP-001301,2026-01-19,ParcelPro,SO-001503,CUST-0112,2602,1301,3006,AFT-0056,100,2.0,386.1
SHP-001490,2026-01-19,Midwest Freight,SO-001721,CUST-0218,2979,1490,3441,AFT-0053,100,2.0,484.99
SHP-001490,2026-01-19,Midwest Freight,SO-001721,CUST-0218,2980,1490,3442,CTL-0004,300,4.0,1388.28
SHP-002386,2026-01-19,ParcelPro,SO-002759,CUST-0104,4771,2386,5517,ACT-0041,100,9.0,443.53
SHP-002386,2026-01-19,ParcelPro,SO-002759,CUST-0104,4772,2386,5518,ACT-0052,200,13.0,646.56
SHP-002957,2026-01-19,Roadstar Logistics,SO-003420,CUST-0061,5913,2957,6839,ACT-0032,200,33.0,232.68
SHP-002957,2026-01-19,Roadstar Logistics,SO-003420,CUST-0061,5914,2957,6840,ACT-0043,100,55.0,499.75
SHP-003530,2026-01-19,Midwest Freight,SO-004081,CUST-0018,7059,3530,8161,ACT-0023,100,4.0,2312.23
SHP-003530,2026-01-19,Midwest Freight,SO-004081,CUST-0018,7060,3530,8162,ACT-0034,200,9.0,338.7
SHP-004424,2026-01-19,ParcelPro,SO-005119,CUST-0144,8847,4424,10237,DRV-0041,100,13.0,271.46
SHP-004424,2026-01-19,ParcelPro,SO-005119,CUST-0144,8848,4424,10238,DRV-0052,200,22.0,1298.13
SHP-006083,2026-01-19,Roadstar Logistics,SO-007036,CUST-0093,12165,6083,14071,CTL-0008,300,9.0,710.8
SHP-006083,2026-01-19,Roadstar Logistics,SO-007036,CUST-0093,12166,6083,14072,CTL-0019,300,13.0,1008.86
SHP-006654,2026-01-19,Midwest Freight,SO-007697,CUST-0050,13307,6654,15393,AFT-0059,100,33.0,270.09
SHP-006654,2026-01-19,Midwest Freight,SO-007697,CUST-0050,13308,6654,15394,CTL-0010,300,55.0,2841.49
SHP-007551,2026-01-19,ParcelPro,SO-008735,CUST-0176,15101,7551,17469,ACT-0047,100,2.0,766.28
SHP-007551,2026-01-19,ParcelPro,SO-008735,CUST-0176,15102,7551,17470,ACT-0058,200,4.0,360.61
SHP-008121,2026-01-19,Roadstar Logistics,SO-009396,CUST-0133,16241,8121,18791,ACT-0038,200,13.0,422.98
SHP-008121,2026-01-19,Roadstar Logistics,SO-009396,CUST-0133,16242,8121,18792,ACT-0049,100,22.0,830.3
SHP-000512,2026-01-20,Midwest Freight,SO-000589,CUST-0174,1023,512,1177,ACT-0021,100,9.0,928.12
SHP-000512,2026-01-20,Midwest Freight,SO-000589,CUST-0174,1024,512,1178,ACT-0032,200,13.0,232.68
SHP-001084,2026-01-20,BlueLine Transport,SO-001250,CUST-0131,2167,1084,2499,ACT-0012,200,33.0,310.47
SHP-001084,2026-01-20,BlueLine Transport,SO-001250,CUST-0131,2168,1084,2500,ACT-0023,100,55.0,2312.23
SHP-002550,2026-01-20,Midwest Freight,SO-002949,CUST-0214,5099,2550,5897,DRV-0021,100,13.0,1026.04
SHP-002550,2026-01-20,Midwest Freight,SO-002949,CUST-0214,5100,2550,5898,DRV-0032,200,22.0,242.87
SHP-003121,2026-01-20,BlueLine Transport,SO-003610,CUST-0171,6241,3121,7219,DRV-0012,200,55.0,236.26
SHP-003121,2026-01-20,BlueLine Transport,SO-003610,CUST-0171,6242,3121,7220,DRV-0023,100,2.0,1456.75
SHP-004207,2026-01-20,BlueLine Transport,SO-004866,CUST-0163,8413,4207,9731,AFT-0048,300,9.0,2594.19
SHP-004207,2026-01-20,BlueLine Transport,SO-004866,CUST-0163,8414,4207,9732,AFT-0059,100,13.0,270.09
SHP-005674,2026-01-20,Midwest Freight,SO-006565,CUST-0006,11347,5674,13129,ACT-0027,100,2.0,2777.79
SHP-005674,2026-01-20,Midwest Freight,SO-006565,CUST-0006,11348,5674,13130,ACT-0038,200,4.0,422.98
SHP-006246,2026-01-20,BlueLine Transport,SO-007226,CUST-0203,12491,6246,14451,ACT-0018,200,13.0,1053.86
SHP-006246,2026-01-20,BlueLine Transport,SO-007226,CUST-0203,12492,6246,14452,ACT-0029,100,22.0,923.26
SHP-000105,2026-01-21,BlueLine Transport,SO-000118,CUST-0087,209,105,235,DRV-0010,200,2.0,364.42
SHP-000105,2026-01-21,BlueLine Transport,SO-000118,CUST-0087,210,105,236,DRV-0021,100,4.0,1026.04
SHP-000678,2026-01-21,ParcelPro,SO-000779,CUST-0044,1355,678,1557,DRV-0001,100,13.0,1077.99
SHP-000678,2026-01-21,ParcelPro,SO-000779,CUST-0044,1356,678,1558,DRV-0012,200,22.0,236.26
SHP-001246,2026-01-21,Roadstar Logistics,SO-001440,CUST-0001,2491,1246,2879,CTL-0032,300,55.0,1947.94
SHP-001246,2026-01-21,Roadstar Logistics,SO-001440,CUST-0001,2492,1246,2880,DRV-0003,100,2.0,1969.66
SHP-002144,2026-01-21,BlueLine Transport,SO-002478,CUST-0127,4287,2144,4955,AFT-0020,100,4.0,783.79
SHP-002144,2026-01-21,BlueLine Transport,SO-002478,CUST-0127,4288,2144,4956,AFT-0031,100,9.0,310.16
SHP-002330,2026-01-21,Roadstar Logistics,SO-002696,CUST-0233,4659,2330,5391,AFT-0028,100,9.0,349.76
SHP-002330,2026-01-21,Roadstar Logistics,SO-002696,CUST-0233,4660,2330,5392,AFT-0039,300,13.0,8553.4
SHP-003230,2026-01-21,BlueLine Transport,SO-003734,CUST-0119,6459,3230,7467,ACT-0016,200,22.0,217.24
SHP-003230,2026-01-21,BlueLine Transport,SO-003734,CUST-0119,6460,3230,7468,ACT-0027,100,33.0,2777.79
SHP-003801,2026-01-21,ParcelPro,SO-004395,CUST-0076,7601,3801,8789,ACT-0007,100,2.0,2766.72
SHP-003801,2026-01-21,ParcelPro,SO-004395,CUST-0076,7602,3801,8790,ACT-0018,200,4.0,1053.86
SHP-004371,2026-01-21,Roadstar Logistics,SO-005056,CUST-0033,8741,4371,10111,SYS-0028,300,13.0,2113.15
SHP-004371,2026-01-21,Roadstar Logistics,SO-005056,CUST-0033,8742,4371,10112,ACT-0009,100,22.0,364.09
SHP-005266,2026-01-21,BlueLine Transport,SO-006094,CUST-0159,10531,5266,12187,DRV-0016,200,33.0,381.8
SHP-005266,2026-01-21,BlueLine Transport,SO-006094,CUST-0159,10532,5266,12188,DRV-0027,100,55.0,1168.75
SHP-005839,2026-01-21,ParcelPro,SO-006755,CUST-0116,11677,5839,13509,DRV-0007,100,4.0,1355.9
SHP-005839,2026-01-21,ParcelPro,SO-006755,CUST-0116,11678,5839,13510,DRV-0018,200,9.0,1468.74
SHP-006925,2026-01-21,ParcelPro,SO-008011,CUST-0108,13849,6925,16021,AFT-0043,100,22.0,701.72
SHP-006925,2026-01-21,ParcelPro,SO-008011,CUST-0108,13850,6925,16022,AFT-0054,300,33.0,278.7
SHP-007496,2026-01-21,Roadstar Logistics,SO-008672,CUST-0065,14991,7496,17343,AFT-0034,100,2.0,501.15
SHP-007496,2026-01-21,Roadstar Logistics,SO-008672,CUST-0065,14992,7496,17344,AFT-0045,300,4.0,1273.82
SHP-008394,2026-01-21,BlueLine Transport,SO-009710,CUST-0191,16787,8394,19419,ACT-0022,200,9.0,990.4
SHP-008394,2026-01-21,BlueLine Transport,SO-009710,CUST-0191,16788,8394,19420,ACT-0033,100,13.0,1322.16
SHP-000267,2026-01-22,Roadstar Logistics,SO-000308,CUST-0197,533,267,615,ACT-0060,200,4.0,218.01
SHP-000267,2026-01-22,Roadstar Logistics,SO-000308,CUST-0197,534,267,616,AFT-0011,100,9.0,459.76
SHP-001927,2026-01-22,Midwest Freight,SO-002225,CUST-0146,3853,1927,4449,SYS-0017,100,2.0,2870.14
SHP-001927,2026-01-22,Midwest Freight,SO-002225,CUST-0146,3854,1927,4450,SYS-0028,300,4.0,2113.15
SHP-002822,2026-01-22,ParcelPro,SO-003263,CUST-0032,5643,2822,6525,DRV-0005,100,9.0,1162.73
SHP-002822,2026-01-22,ParcelPro,SO-003263,CUST-0032,5644,2822,6526,DRV-0016,200,13.0,381.8
SHP-003393,2026-01-22,Roadstar Logistics,SO-003924,CUST-0229,6785,3393,7847,CTL-0036,300,33.0,3755.26
SHP-003393,2026-01-22,Roadstar Logistics,SO-003924,CUST-0229,6786,3393,7848,DRV-0007,100,55.0,1355.9
SHP-003963,2026-01-22,Midwest Freight,SO-004585,CUST-0186,7925,3963,9169,CTL-0027,300,4.0,1052.17
SHP-003963,2026-01-22,Midwest Freight,SO-004585,CUST-0186,7926,3963,9170,CTL-0038,300,9.0,1627.96
SHP-005049,2026-01-22,Midwest Freight,SO-005841,CUST-0178,10097,5049,11681,AFT-0023,100,22.0,273.18
SHP-005049,2026-01-22,Midwest Freight,SO-005841,CUST-0178,10098,5049,11682,AFT-0034,100,33.0,501.15
SHP-005946,2026-01-22,ParcelPro,SO-006879,CUST-0064,11891,5946,13757,ACT-0011,100,55.0,416.59
SHP-005946,2026-01-22,ParcelPro,SO-006879,CUST-0064,11892,5946,13758,ACT-0022,200,2.0,990.4
SHP-006518,2026-01-22,Roadstar Logistics,SO-007540,CUST-0021,13035,6518,15079,ACT-0002,200,9.0,398.44
SHP-006518,2026-01-22,Roadstar Logistics,SO-007540,CUST-0021,13036,6518,15080,ACT-0013,100,13.0,371.79
SHP-007088,2026-01-22,Midwest Freight,SO-008201,CUST-0218,14175,7088,16401,SYS-0023,100,33.0,2333.9
SHP-007088,2026-01-22,Midwest Freight,SO-008201,CUST-0218,14176,7088,16402,ACT-0004,200,55.0,202.92
SHP-007985,2026-01-22,ParcelPro,SO-009239,CUST-0104,15969,7985,18477,DRV-0011,100,2.0,823.38
SHP-007985,2026-01-22,ParcelPro,SO-009239,CUST-0104,15970,7985,18478,DRV-0022,200,4.0,4199.01
SHP-008559,2026-01-22,Roadstar Logistics,SO-009900,CUST-0061,17117,8559,19799,DRV-0002,200,13.0,2270.82
SHP-008559,2026-01-22,Roadstar Logistics,SO-009900,CUST-0061,17118,8559,19800,DRV-0013,100,22.0,534.23
SHP-000949,2026-01-23,Midwest Freight,SO-001093,CUST-0102,1897,949,2185,CTL-0025,300,9.0,1240.54
SHP-000949,2026-01-23,Midwest Freight,SO-001093,CUST-0102,1898,949,2186,CTL-0036,300,13.0,3755.26
SHP-001520,2026-01-23,BlueLine Transport,SO-001754,CUST-0059,3039,1520,3507,CTL-0016,300,33.0,273.05
SHP-001520,2026-01-23,BlueLine Transport,SO-001754,CUST-0059,3040,1520,3508,CTL-0027,300,55.0,1052.17
SHP-002985,2026-01-23,Midwest Freight,SO-003453,CUST-0142,5969,2985,6905,ACT-0055,100,13.0,2134.85
SHP-002985,2026-01-23,Midwest Freight,SO-003453,CUST-0142,5970,2985,6906,AFT-0006,300,22.0,5754.99
SHP-004643,2026-01-23,BlueLine Transport,SO-005370,CUST-0091,9285,4643,10739,SYS-0012,300,9.0,544.4
SHP-004643,2026-01-23,BlueLine Transport,SO-005370,CUST-0091,9286,4643,10740,SYS-0023,100,13.0,2333.9
SHP-006110,2026-01-23,Midwest Freight,SO-007069,CUST-0174,12219,6110,14137,CTL-0031,300,2.0,1954.36
SHP-006110,2026-01-23,Midwest Freight,SO-007069,CUST-0174,12220,6110,14138,DRV-0002,200,4.0,2270.82
SHP-006682,2026-01-23,BlueLine Transport,SO-007730,CUST-0131,13363,6682,15459,CTL-0022,300,13.0,2070.12
SHP-006682,2026-01-23,BlueLine Transport,SO-007730,CUST-0131,13364,6682,15460,CTL-0033,300,22.0,3676.55
SHP-007768,2026-01-23,BlueLine Transport,SO-008986,CUST-0123,15535,7768,17971,AFT-0018,300,55.0,583.67
SHP-007768,2026-01-23,BlueLine Transport,SO-008986,CUST-0123,15536,7768,17972,AFT-0029,100,2.0,438.34
SHP-000540,2026-01-24,BlueLine Transport,SO-000622,CUST-0015,1079,540,1243,ACT-0044,200,2.0,191.13
SHP-000540,2026-01-24,BlueLine Transport,SO-000622,CUST-0015,1080,540,1244,ACT-0055,100,4.0,2134.85
SHP-001112,2026-01-24,ParcelPro,SO-001283,CUST-0212,2223,1112,2565,ACT-0035,100,13.0,1963.86
SHP-001112,2026-01-24,ParcelPro,SO-001283,CUST-0212,2224,1112,2566,ACT-0046,200,22.0,543.39
SHP-002197,2026-01-24,ParcelPro,SO-002539,CUST-0204,4393,2197,5077,SYS-0001,100,55.0,484.28
SHP-002197,2026-01-24,ParcelPro,SO-002539,CUST-0204,4394,2197,5078,SYS-0012,300,2.0,544.4
SHP-002767,2026-01-24,Roadstar Logistics,SO-003200,CUST-0161,5533,2767,6399,DRV-0052,200,9.0,1298.13
SHP-002767,2026-01-24,Roadstar Logistics,SO-003200,CUST-0161,5534,2767,6400,SYS-0003,100,13.0,789.98
SHP-003665,2026-01-24,BlueLine Transport,SO-004238,CUST-0047,7329,3665,8475,CTL-0020,300,22.0,687.1
SHP-003665,2026-01-24,BlueLine Transport,SO-004238,CUST-0047,7330,3665,8476,CTL-0031,300,33.0,1954.36
SHP-004234,2026-01-24,ParcelPro,SO-004899,CUST-0004,8467,4234,9797,CTL-0011,300,2.0,2846.92
SHP-004234,2026-01-24,ParcelPro,SO-004899,CUST-0004,8468,4234,9798,CTL-0022,300,4.0,2070.12
SHP-004806,2026-01-24,Roadstar Logistics,SO-005560,CUST-0201,9611,4806,11119,CTL-0002,300,13.0,1099.52
SHP-004806,2026-01-24,Roadstar Logistics,SO-005560,CUST-0201,9612,4806,11120,CTL-0013,300,22.0,269.64
SHP-005893,2026-01-24,Roadstar Logistics,SO-006816,CUST-0193,11785,5893,13631,ACT-0058,200,55.0,360.61
SHP-005893,2026-01-24,Roadstar Logistics,SO-006816,CUST-0193,11786,5893,13632,AFT-0009,300,2.0,622.76
SHP-007360,2026-01-24,ParcelPro,SO-008515,CUST-0036,14719,7360,17029,SYS-0007,100,22.0,900.07
SHP-007360,2026-01-24,ParcelPro,SO-008515,CUST-0036,14720,7360,17030,SYS-0018,300,33.0,631.4
SHP-007931,2026-01-24,Roadstar Logistics,SO-009176,CUST-0233,15861,7931,18351,DRV-0058,200,2.0,2026.68
SHP-007931,2026-01-24,Roadstar Logistics,SO-009176,CUST-0233,15862,7931,18352,SYS-0009,100,4.0,550.07
SHP-000133,2026-01-25,ParcelPro,SO-000151,CUST-0168,265,133,301,DRV-0033,100,33.0,1124.9
SHP-000133,2026-01-25,ParcelPro,SO-000151,CUST-0168,266,133,302,DRV-0044,200,55.0,219.04
SHP-000321,2026-01-25,Midwest Freight,SO-000369,CUST-0034,641,321,737,DRV-0041,100,55.0,271.46
SHP-000321,2026-01-25,Midwest Freight,SO-000369,CUST-0034,642,321,738,DRV-0052,200,2.0,1298.13
SHP-001219,2026-01-25,ParcelPro,SO-001407,CUST-0160,2437,1219,2813,CTL-0009,300,4.0,1465.6
SHP-001219,2026-01-25,ParcelPro,SO-001407,CUST-0160,2438,1219,2814,CTL-0020,300,9.0,687.1
SHP-001790,2026-01-25,Roadstar Logistics,SO-002068,CUST-0117,3579,1790,4135,AFT-0060,300,22.0,381.82
SHP-001790,2026-01-25,Roadstar Logistics,SO-002068,CUST-0117,3580,1790,4136,CTL-0011,300,33.0,2846.92
SHP-002360,2026-01-25,Midwest Freight,SO-002729,CUST-0074,4719,2360,5457,AFT-0051,300,2.0,1343.81
SHP-002360,2026-01-25,Midwest Freight,SO-002729,CUST-0074,4720,2360,5458,CTL-0002,300,4.0,1099.52
SHP-003258,2026-01-25,ParcelPro,SO-003767,CUST-0200,6515,3258,7533,ACT-0039,100,9.0,759.88
SHP-003258,2026-01-25,ParcelPro,SO-003767,CUST-0200,6516,3258,7534,ACT-0050,200,13.0,1066.65
SHP-003829,2026-01-25,Roadstar Logistics,SO-004428,CUST-0157,7657,3829,8855,ACT-0030,200,33.0,443.77
SHP-003829,2026-01-25,Roadstar Logistics,SO-004428,CUST-0157,7658,3829,8856,ACT-0041,100,55.0,443.53
SHP-004341,2026-01-25,ParcelPro,SO-005023,CUST-0192,8681,4341,10045,SYS-0005,100,33.0,295.22
SHP-004341,2026-01-25,ParcelPro,SO-005023,CUST-0192,8682,4341,10046,SYS-0016,300,55.0,2022.21
SHP-004914,2026-01-25,Roadstar Logistics,SO-005684,CUST-0149,9827,4914,11367,DRV-0056,200,4.0,2993.16
SHP-004914,2026-01-25,Roadstar Logistics,SO-005684,CUST-0149,9828,4914,11368,SYS-0007,100,9.0,900.07
SHP-005483,2026-01-25,Midwest Freight,SO-006345,CUST-0106,10965,5483,12689,DRV-0047,100,22.0,3735.12
SHP-005483,2026-01-25,Midwest Freight,SO-006345,CUST-0106,10966,5483,12690,DRV-0058,200,33.0,2026.68
SHP-006383,2026-01-25,ParcelPro,SO-007383,CUST-0232,12765,6383,14765,CTL-0015,300,55.0,505.32
SHP-006383,2026-01-25,ParcelPro,SO-007383,CUST-0232,12766,6383,14766,CTL-0026,300,2.0,1044.37
SHP-006952,2026-01-25,Roadstar Logistics,SO-008044,CUST-0189,13903,6952,16087,CTL-0006,300,9.0,1608.4
SHP-006952,2026-01-25,Roadstar Logistics,SO-008044,CUST-0189,13904,6952,16088,CTL-0017,300,13.0,246.26
SHP-007524,2026-01-25,Midwest Freight,SO-008705,CUST-0146,15047,7524,17409,AFT-0057,300,33.0,618.6
SHP-007524,2026-01-25,Midwest Freight,SO-008705,CUST-0146,15048,7524,17410,CTL-0008,300,55.0,710.8
SHP-008613,2026-01-25,Midwest Freight,SO-009961,CUST-0138,17225,8613,19921,ACT-0053,100,4.0,457.71
SHP-008613,2026-01-25,Midwest Freight,SO-009961,CUST-0138,17226,8613,19922,AFT-0004,100,9.0,2143.65
SHP-001382,2026-01-26,Midwest Freight,SO-001597,CUST-0030,2763,1382,3193,ACT-0019,100,9.0,1249.06
SHP-001382,2026-01-26,Midwest Freight,SO-001597,CUST-0030,2764,1382,3194,ACT-0030,200,13.0,443.77
SHP-001955,2026-01-26,BlueLine Transport,SO-002258,CUST-0227,3909,1955,4515,ACT-0010,200,33.0,2233.37
SHP-001955,2026-01-26,BlueLine Transport,SO-002258,CUST-0227,3910,1955,4516,ACT-0021,100,55.0,928.12
SHP-003039,2026-01-26,BlueLine Transport,SO-003514,CUST-0219,6077,3039,7027,DRV-0036,200,4.0,1497.18
SHP-003039,2026-01-26,BlueLine Transport,SO-003514,CUST-0219,6078,3039,7028,DRV-0047,100,9.0,3735.12
SHP-004506,2026-01-26,Midwest Freight,SO-005213,CUST-0062,9011,4506,10425,AFT-0055,100,55.0,281.39
SHP-004506,2026-01-26,Midwest Freight,SO-005213,CUST-0062,9012,4506,10426,CTL-0006,300,2.0,1608.4
SHP-005077,2026-01-26,BlueLine Transport,SO-005874,CUST-0019,10153,5077,11747,AFT-0046,100,9.0,664.15
SHP-005077,2026-01-26,BlueLine Transport,SO-005874,CUST-0019,10154,5077,11748,AFT-0057,300,13.0,618.6
SHP-007631,2026-01-26,Midwest Freight,SO-008829,CUST-0094,15261,7631,17657,DRV-0051,100,13.0,3162.97
SHP-007631,2026-01-26,Midwest Freight,SO-008829,CUST-0094,15262,7631,17658,SYS-0002,300,22.0,1223.7
SHP-008203,2026-01-26,BlueLine Transport,SO-009490,CUST-0051,16405,8203,18979,DRV-0042,200,55.0,409.54
SHP-008203,2026-01-26,BlueLine Transport,SO-009490,CUST-0051,16406,8203,18980,DRV-0053,100,2.0,2495.92
SHP-000078,2026-01-27,Roadstar Logistics,SO-000088,CUST-0057,155,78,175,SYS-0020,300,33.0,3950.66
SHP-000078,2026-01-27,Roadstar Logistics,SO-000088,CUST-0057,156,78,176,ACT-0001,100,55.0,2375.15
SHP-000977,2026-01-27,BlueLine Transport,SO-001126,CUST-0183,1953,977,2251,DRV-0008,200,2.0,260.06
SHP-000977,2026-01-27,BlueLine Transport,SO-001126,CUST-0183,1954,977,2252,DRV-0019,100,4.0,1404.59
SHP-001164,2026-01-27,Roadstar Logistics,SO-001344,CUST-0049,2327,1164,2687,DRV-0016,200,4.0,381.8
SHP-001164,2026-01-27,Roadstar Logistics,SO-001344,CUST-0049,2328,1164,2688,DRV-0027,100,9.0,1168.75
SHP-002062,2026-01-27,BlueLine Transport,SO-002382,CUST-0175,4123,2062,4763,AFT-0044,100,13.0,1002.16
SHP-002062,2026-01-27,BlueLine Transport,SO-002382,CUST-0175,4124,2062,4764,AFT-0055,100,22.0,281.39
SHP-003204,2026-01-27,Roadstar Logistics,SO-003704,CUST-0089,6407,3204,7407,AFT-0026,100,9.0,194.56
SHP-003204,2026-01-27,Roadstar Logistics,SO-003704,CUST-0089,6408,3204,7408,AFT-0037,100,13.0,3077.35
SHP-004100,2026-01-27,BlueLine Transport,SO-004742,CUST-0215,8199,4100,9483,ACT-0014,200,22.0,544.47
SHP-004100,2026-01-27,BlueLine Transport,SO-004742,CUST-0215,8200,4100,9484,ACT-0025,100,33.0,2796.19
SHP-004671,2026-01-27,ParcelPro,SO-005403,CUST-0172,9341,4671,10805,ACT-0005,100,2.0,789.17
SHP-004671,2026-01-27,ParcelPro,SO-005403,CUST-0172,9342,4671,10806,ACT-0016,200,4.0,217.24
SHP-005183,2026-01-27,BlueLine Transport,SO-005998,CUST-0207,10365,5183,11995,DRV-0040,200,2.0,218.97
SHP-005183,2026-01-27,BlueLine Transport,SO-005998,CUST-0207,10366,5183,11996,DRV-0051,100,4.0,3162.97
SHP-005756,2026-01-27,ParcelPro,SO-006659,CUST-0164,11511,5756,13317,DRV-0031,100,13.0,1392.98
SHP-005756,2026-01-27,ParcelPro,SO-006659,CUST-0164,11512,5756,13318,DRV-0042,200,22.0,409.54
SHP-006327,2026-01-27,Roadstar Logistics,SO-007320,CUST-0121,12653,6327,14639,DRV-0022,200,55.0,4199.01
SHP-006327,2026-01-27,Roadstar Logistics,SO-007320,CUST-0121,12654,6327,14640,DRV-0033,100,2.0,1124.9
SHP-007225,2026-01-27,BlueLine Transport,SO-008358,CUST-0007,14449,7225,16715,AFT-0050,100,4.0,2471.31
SHP-007225,2026-01-27,BlueLine Transport,SO-008358,CUST-0007,14450,7225,16716,CTL-0001,300,9.0,2176.28
SHP-007796,2026-01-27,ParcelPro,SO-009019,CUST-0204,15591,7796,18037,AFT-0041,100,22.0,1163.02
SHP-007796,2026-01-27,ParcelPro,SO-009019,CUST-0204,15592,7796,18038,AFT-0052,100,33.0,315.62
SHP-008368,2026-01-27,Roadstar Logistics,SO-009680,CUST-0161,16735,8368,19359,AFT-0032,100,2.0,665.09
SHP-008368,2026-01-27,Roadstar Logistics,SO-009680,CUST-0161,16736,8368,19360,AFT-0043,100,4.0,701.72
SHP-000187,2026-01-28,Roadstar Logistics,SO-000212,CUST-0005,373,187,423,AFT-0024,300,13.0,584.52
SHP-000187,2026-01-28,Roadstar Logistics,SO-000212,CUST-0005,374,187,424,AFT-0035,100,22.0,2292.51
SHP-000758,2026-01-28,Midwest Freight,SO-000873,CUST-0202,1515,758,1745,AFT-0015,300,55.0,1124.21
SHP-000758,2026-01-28,Midwest Freight,SO-000873,CUST-0202,1516,758,1746,AFT-0026,100,2.0,194.56
SHP-001656,2026-01-28,ParcelPro,SO-001911,CUST-0088,3311,1656,3821,ACT-0003,100,4.0,1998.31
SHP-001656,2026-01-28,ParcelPro,SO-001911,CUST-0088,3312,1656,3822,ACT-0014,200,9.0,544.47
SHP-002224,2026-01-28,Roadstar Logistics,SO-002572,CUST-0045,4447,2224,5143,SYS-0024,300,22.0,5743.44
SHP-002224,2026-01-28,Roadstar Logistics,SO-002572,CUST-0045,4448,2224,5144,ACT-0005,100,33.0,789.17
SHP-002795,2026-01-28,Midwest Freight,SO-003233,CUST-0002,5589,2795,6465,SYS-0015,100,2.0,5502.56
SHP-002795,2026-01-28,Midwest Freight,SO-003233,CUST-0002,5590,2795,6466,SYS-0026,300,4.0,1401.71
SHP-003881,2026-01-28,Midwest Freight,SO-004489,CUST-0234,7761,3881,8977,DRV-0011,100,13.0,823.38
SHP-003881,2026-01-28,Midwest Freight,SO-004489,CUST-0234,7762,3881,8978,DRV-0022,200,22.0,4199.01
SHP-004778,2026-01-28,ParcelPro,SO-005527,CUST-0120,9555,4778,11053,AFT-0039,300,33.0,8553.4
SHP-004778,2026-01-28,ParcelPro,SO-005527,CUST-0120,9556,4778,11054,AFT-0050,100,55.0,2471.31
SHP-005920,2026-01-28,Midwest Freight,SO-006849,CUST-0034,11839,5920,13697,AFT-0021,300,22.0,395.23
SHP-005920,2026-01-28,Midwest Freight,SO-006849,CUST-0034,11840,5920,13698,AFT-0032,100,33.0,665.09
SHP-006816,2026-01-28,ParcelPro,SO-007887,CUST-0160,13631,6816,15773,ACT-0009,100,55.0,364.09
SHP-006816,2026-01-28,ParcelPro,SO-007887,CUST-0160,13632,6816,15774,ACT-0020,200,2.0,626.2
SHP-007903,2026-01-28,ParcelPro,SO-009143,CUST-0152,15805,7903,18285,DRV-0035,100,9.0,904.12
SHP-007903,2026-01-28,ParcelPro,SO-009143,CUST-0152,15806,7903,18286,DRV-0046,200,13.0,877.32
SHP-008475,2026-01-28,Roadstar Logistics,SO-009804,CUST-0109,16949,8475,19607,DRV-0026,200,33.0,638.78
SHP-008475,2026-01-28,Roadstar Logistics,SO-009804,CUST-0109,16950,8475,19608,DRV-0037,100,55.0,4469.48
SHP-000351,2026-01-29,BlueLine Transport,SO-000402,CUST-0115,701,351,803,SYS-0004,300,22.0,271.87
SHP-000351,2026-01-29,BlueLine Transport,SO-000402,CUST-0115,702,351,804,SYS-0015,100,33.0,5502.56
SHP-001819,2026-01-29,Midwest Freight,SO-002101,CUST-0198,3637,1819,4201,CTL-0023,300,9.0,1243.13
SHP-001819,2026-01-29,Midwest Freight,SO-002101,CUST-0198,3638,1819,4202,CTL-0034,300,13.0,1946.56
SHP-002903,2026-01-29,Midwest Freight,SO-003357,CUST-0190,5805,2903,6713,AFT-0019,100,33.0,769.7
SHP-002903,2026-01-29,Midwest Freight,SO-003357,CUST-0190,5806,2903,6714,AFT-0030,300,55.0,342.02
SHP-003475,2026-01-29,BlueLine Transport,SO-004018,CUST-0147,6949,3475,8035,AFT-0010,100,4.0,221.83
SHP-003475,2026-01-29,BlueLine Transport,SO-004018,CUST-0147,6950,3475,8036,AFT-0021,300,9.0,395.23
SHP-004941,2026-01-29,Midwest Freight,SO-005717,CUST-0230,9881,4941,11433,SYS-0019,100,55.0,1798.13
SHP-004941,2026-01-29,Midwest Freight,SO-005717,CUST-0230,9882,4941,11434,SYS-0030,300,2.0,3308.83
SHP-005511,2026-01-29,BlueLine Transport,SO-006378,CUST-0187,11021,5511,12755,SYS-0010,300,9.0,1017.55
SHP-005511,2026-01-29,BlueLine Transport,SO-006378,CUST-0187,11022,5511,12756,SYS-0021,100,13.0,1935.92
SHP-006026,2026-01-29,Midwest Freight,SO-006973,CUST-0222,12051,6026,13945,DRV-0015,100,9.0,1233.73
SHP-006026,2026-01-29,Midwest Freight,SO-006973,CUST-0222,12052,6026,13946,DRV-0026,200,13.0,638.78
SHP-006599,2026-01-29,BlueLine Transport,SO-007634,CUST-0179,13197,6599,15267,DRV-0006,200,33.0,1777.77
SHP-006599,2026-01-29,BlueLine Transport,SO-007634,CUST-0179,13198,6599,15268,DRV-0017,100,55.0,777.04
SHP-008640,2026-01-29,BlueLine Transport,SO-009994,CUST-0219,17279,8640,19987,AFT-0016,100,55.0,1691.61
SHP-008640,2026-01-29,BlueLine Transport,SO-009994,CUST-0219,17280,8640,19988,AFT-0027,300,2.0,328.06
SHP-001031,2026-01-30,ParcelPro,SO-001187,CUST-0020,2061,1031,2373,ACT-0059,100,33.0,860.8
SHP-001031,2026-01-30,ParcelPro,SO-001187,CUST-0020,2062,1031,2374,AFT-0010,100,55.0,221.83
SHP-001600,2026-01-30,Roadstar Logistics,SO-001848,CUST-0217,3199,1600,3695,ACT-0050,200,4.0,1066.65
SHP-001600,2026-01-30,Roadstar Logistics,SO-001848,CUST-0217,3200,1600,3696,AFT-0001,100,9.0,1725.19
SHP-002496,2026-01-30,BlueLine Transport,SO-002886,CUST-0103,4991,2496,5771,SYS-0008,300,13.0,218.0
SHP-002496,2026-01-30,BlueLine Transport,SO-002886,CUST-0103,4992,2496,5772,SYS-0019,100,22.0,1798.13
SHP-003067,2026-01-30,ParcelPro,SO-003547,CUST-0060,6133,3067,7093,DRV-0059,100,55.0,4086.27
SHP-003067,2026-01-30,ParcelPro,SO-003547,CUST-0060,6134,3067,7094,SYS-0010,300,2.0,1017.55
SHP-003639,2026-01-30,Roadstar Logistics,SO-004208,CUST-0017,7277,3639,8415,DRV-0050,200,9.0,3137.29
SHP-003639,2026-01-30,Roadstar Logistics,SO-004208,CUST-0017,7278,3639,8416,SYS-0001,100,13.0,484.28
SHP-004724,2026-01-30,Roadstar Logistics,SO-005464,CUST-0009,9447,4724,10927,CTL-0026,300,33.0,1044.37
SHP-004724,2026-01-30,Roadstar Logistics,SO-005464,CUST-0009,9448,4724,10928,CTL-0037,300,55.0,4331.48
SHP-005620,2026-01-30,BlueLine Transport,SO-006502,CUST-0135,11239,5620,13003,AFT-0014,100,2.0,936.0
SHP-005620,2026-01-30,BlueLine Transport,SO-006502,CUST-0135,11240,5620,13004,AFT-0025,100,4.0,475.85
SHP-006193,2026-01-30,ParcelPro,SO-007163,CUST-0092,12385,6193,14325,AFT-0005,100,13.0,2334.92
SHP-006193,2026-01-30,ParcelPro,SO-007163,CUST-0092,12386,6193,14326,AFT-0016,100,22.0,1691.61
SHP-006762,2026-01-30,Roadstar Logistics,SO-007824,CUST-0049,13523,6762,15647,ACT-0056,200,55.0,618.58
SHP-006762,2026-01-30,Roadstar Logistics,SO-007824,CUST-0049,13524,6762,15648,AFT-0007,100,2.0,295.96
SHP-007659,2026-01-30,BlueLine Transport,SO-008862,CUST-0175,15317,7659,17723,SYS-0014,300,4.0,847.06
SHP-007659,2026-01-30,BlueLine Transport,SO-008862,CUST-0175,15318,7659,17724,SYS-0025,100,9.0,523.8
SHP-000050,2026-01-31,ParcelPro,SO-000055,CUST-0216,99,50,109,DRV-0057,100,2.0,3870.18
SHP-000050,2026-01-31,ParcelPro,SO-000055,CUST-0216,100,50,110,SYS-0008,300,4.0,218.0
SHP-000622,2026-01-31,Roadstar Logistics,SO-000716,CUST-0173,1243,622,1431,DRV-0048,200,13.0,916.05
SHP-000622,2026-01-31,Roadstar Logistics,SO-000716,CUST-0173,1244,622,1432,DRV-0059,100,22.0,4086.27
SHP-002089,2026-01-31,ParcelPro,SO-002415,CUST-0016,4177,2089,4829,CTL-0007,300,4.0,2206.98
SHP-002089,2026-01-31,ParcelPro,SO-002415,CUST-0016,4178,2089,4830,CTL-0018,300,9.0,685.06
SHP-002659,2026-01-31,Roadstar Logistics,SO-003076,CUST-0213,5317,2659,6151,AFT-0058,100,22.0,248.59
SHP-002659,2026-01-31,Roadstar Logistics,SO-003076,CUST-0213,5318,2659,6152,CTL-0009,300,33.0,1465.6
SHP-003175,2026-01-31,ParcelPro,SO-003671,CUST-0008,6349,3175,7341,AFT-0003,300,22.0,4514.04
SHP-003175,2026-01-31,ParcelPro,SO-003671,CUST-0008,6350,3175,7342,AFT-0014,100,33.0,936.0
SHP-003747,2026-01-31,Roadstar Logistics,SO-004332,CUST-0205,7493,3747,8663,ACT-0054,200,2.0,3824.58
SHP-003747,2026-01-31,Roadstar Logistics,SO-004332,CUST-0205,7494,3747,8664,AFT-0005,100,4.0,2334.92
SHP-004315,2026-01-31,Midwest Freight,SO-004993,CUST-0162,8629,4315,9985,ACT-0045,100,13.0,311.98
SHP-004315,2026-01-31,Midwest Freight,SO-004993,CUST-0162,8630,4315,9986,ACT-0056,200,22.0,618.58
SHP-005213,2026-01-31,ParcelPro,SO-006031,CUST-0048,10425,5213,12061,SYS-0003,100,33.0,789.98
SHP-005213,2026-01-31,ParcelPro,SO-006031,CUST-0048,10426,5213,12062,SYS-0014,300,55.0,847.06
SHP-005784,2026-01-31,Roadstar Logistics,SO-006692,CUST-0005,11567,5784,13383,DRV-0054,200,4.0,2389.07
SHP-005784,2026-01-31,Roadstar Logistics,SO-006692,CUST-0005,11568,5784,13384,SYS-0005,100,9.0,295.22
SHP-006356,2026-01-31,Midwest Freight,SO-007353,CUST-0202,12711,6356,14705,DRV-0045,100,22.0,378.8
SHP-006356,2026-01-31,Midwest Freight,SO-007353,CUST-0202,12712,6356,14706,DRV-0056,200,33.0,2993.16
SHP-006869,2026-01-31,Roadstar Logistics,SO-007948,CUST-0237,13737,6869,15895,CTL-0030,300,22.0,2928.54
SHP-006869,2026-01-31,Roadstar Logistics,SO-007948,CUST-0237,13738,6869,15896,DRV-0001,100,33.0,1077.99
SHP-007442,2026-01-31,Midwest Freight,SO-008609,CUST-0194,14883,7442,17217,CTL-0021,300,2.0,849.25
SHP-007442,2026-01-31,Midwest Freight,SO-008609,CUST-0194,14884,7442,17218,CTL-0032,300,4.0,1947.94
SHP-008340,2026-01-31,ParcelPro,SO-009647,CUST-0080,16679,8340,19293,AFT-0009,300,9.0,622.76
SHP-008340,2026-01-31,ParcelPro,SO-009647,CUST-0080,16680,8340,19294,AFT-0020,100,13.0,783.79
SHP-000214,2026-02-01,Midwest Freight,SO-000245,CUST-0086,427,214,489,AFT-0047,100,4.0,1876.46
SHP-000214,2026-02-01,Midwest Freight,SO-000245,CUST-0086,428,214,490,AFT-0058,100,9.0,248.59
SHP-000786,2026-02-01,BlueLine Transport,SO-000906,CUST-0043,1571,786,1811,AFT-0038,100,22.0,1359.58
SHP-000786,2026-02-01,BlueLine Transport,SO-000906,CUST-0043,1572,786,1812,AFT-0049,100,33.0,719.94
SHP-001872,2026-02-01,BlueLine Transport,SO-002162,CUST-0035,3743,1872,4323,ACT-0034,200,2.0,338.7
SHP-001872,2026-02-01,BlueLine Transport,SO-002162,CUST-0035,3744,1872,4324,ACT-0045,100,4.0,311.98
SHP-003340,2026-02-01,Midwest Freight,SO-003861,CUST-0118,6679,3340,7721,DRV-0043,100,33.0,581.68
SHP-003340,2026-02-01,Midwest Freight,SO-003861,CUST-0118,6680,3340,7722,DRV-0054,200,55.0,2389.07
SHP-006464,2026-02-01,Midwest Freight,SO-007477,CUST-0150,12927,6464,14953,ACT-0049,100,9.0,830.3
SHP-006464,2026-02-01,Midwest Freight,SO-007477,CUST-0150,12928,6464,14954,ACT-0060,200,13.0,218.01
SHP-007034,2026-02-01,BlueLine Transport,SO-008138,CUST-0107,14067,7034,16275,ACT-0040,200,33.0,199.82
SHP-007034,2026-02-01,BlueLine Transport,SO-008138,CUST-0107,14068,7034,16276,ACT-0051,100,55.0,4550.3
SHP-008504,2026-02-01,Midwest Freight,SO-009837,CUST-0190,17007,8504,19673,DRV-0049,100,13.0,1199.79
SHP-008504,2026-02-01,Midwest Freight,SO-009837,CUST-0190,17008,8504,19674,DRV-0060,200,22.0,373.77
SHP-000894,2026-02-02,BlueLine Transport,SO-001030,CUST-0231,1787,894,2059,DRV-0032,200,9.0,242.87
SHP-000894,2026-02-02,BlueLine Transport,SO-001030,CUST-0231,1788,894,2060,DRV-0043,100,13.0,581.68
SHP-001465,2026-02-02,ParcelPro,SO-001691,CUST-0188,2929,1465,3381,DRV-0023,100,33.0,1456.75
SHP-001465,2026-02-02,ParcelPro,SO-001691,CUST-0188,2930,1465,3382,DRV-0034,200,55.0,423.99
SHP-002036,2026-02-02,Roadstar Logistics,SO-002352,CUST-0145,4071,2036,4703,DRV-0014,200,4.0,976.85
SHP-002036,2026-02-02,Roadstar Logistics,SO-002352,CUST-0145,4072,2036,4704,DRV-0025,100,9.0,2240.87
SHP-002931,2026-02-02,BlueLine Transport,SO-003390,CUST-0031,5861,2931,6779,AFT-0042,300,13.0,299.23
SHP-002931,2026-02-02,BlueLine Transport,SO-003390,CUST-0031,5862,2931,6780,AFT-0053,100,22.0,484.99
SHP-003503,2026-02-02,ParcelPro,SO-004051,CUST-0228,7005,3503,8101,AFT-0033,300,55.0,997.68
SHP-003503,2026-02-02,ParcelPro,SO-004051,CUST-0228,7006,3503,8102,AFT-0044,100,2.0,1002.16
SHP-004017,2026-02-02,BlueLine Transport,SO-004646,CUST-0023,8033,4017,9291,ACT-0038,200,55.0,422.98
SHP-004017,2026-02-02,BlueLine Transport,SO-004646,CUST-0023,8034,4017,9292,ACT-0049,100,2.0,830.3
SHP-004588,2026-02-02,ParcelPro,SO-005307,CUST-0220,9175,4588,10613,ACT-0029,100,9.0,923.26
SHP-004588,2026-02-02,ParcelPro,SO-005307,CUST-0220,9176,4588,10614,ACT-0040,200,13.0,199.82
SHP-005157,2026-02-02,Roadstar Logistics,SO-005968,CUST-0177,10313,5157,11935,ACT-0020,200,33.0,626.2
SHP-005157,2026-02-02,Roadstar Logistics,SO-005968,CUST-0177,10314,5157,11936,ACT-0031,100,55.0,2523.05
SHP-006056,2026-02-02,BlueLine Transport,SO-007006,CUST-0063,12111,6056,14011,DRV-0038,200,2.0,544.32
SHP-006056,2026-02-02,BlueLine Transport,SO-007006,CUST-0063,12112,6056,14012,DRV-0049,100,4.0,1199.79
SHP-007198,2026-02-02,Roadstar Logistics,SO-008328,CUST-0217,14395,7198,16655,DRV-0020,200,55.0,956.8
SHP-007198,2026-02-02,Roadstar Logistics,SO-008328,CUST-0217,14396,7198,16656,DRV-0031,100,2.0,1392.98
SHP-007713,2026-02-02,ParcelPro,SO-008923,CUST-0012,15425,7713,17845,CTL-0005,300,55.0,1064.96
SHP-007713,2026-02-02,ParcelPro,SO-008923,CUST-0012,15426,7713,17846,CTL-0016,300,2.0,273.05
SHP-008285,2026-02-02,Roadstar Logistics,SO-009584,CUST-0209,16569,8285,19167,AFT-0056,100,9.0,386.1
SHP-008285,2026-02-02,Roadstar Logistics,SO-009584,CUST-0209,16570,8285,19168,CTL-0007,300,13.0,2206.98
SHP-000487,2026-02-03,ParcelPro,SO-000559,CUST-0144,973,487,1117,AFT-0031,100,2.0,310.16
SHP-000487,2026-02-03,ParcelPro,SO-000559,CUST-0144,974,487,1118,AFT-0042,300,4.0,299.23
SHP-001058,2026-02-03,Roadstar Logistics,SO-001220,CUST-0101,2115,1058,2439,AFT-0022,100,13.0,225.36
SHP-001058,2026-02-03,Roadstar Logistics,SO-001220,CUST-0101,2116,1058,2440,AFT-0033,300,22.0,997.68
SHP-001629,2026-02-03,Midwest Freight,SO-001881,CUST-0058,3257,1629,3761,AFT-0013,100,55.0,2946.6
SHP-001629,2026-02-03,Midwest Freight,SO-001881,CUST-0058,3258,1629,3762,AFT-0024,300,2.0,584.52
SHP-002713,2026-02-03,Midwest Freight,SO-003137,CUST-0050,5425,2713,6273,ACT-0009,100,9.0,364.09
SHP-002713,2026-02-03,Midwest Freight,SO-003137,CUST-0050,5426,2713,6274,ACT-0020,200,13.0,626.2
SHP-003610,2026-02-03,ParcelPro,SO-004175,CUST-0176,7219,3610,8349,DRV-0027,100,22.0,1168.75
SHP-003610,2026-02-03,ParcelPro,SO-004175,CUST-0176,7220,3610,8350,DRV-0038,200,33.0,544.32
SHP-004182,2026-02-03,Roadstar Logistics,SO-004836,CUST-0133,8363,4182,9671,DRV-0018,200,2.0,1468.74
SHP-004182,2026-02-03,Roadstar Logistics,SO-004836,CUST-0133,8364,4182,9672,DRV-0029,100,4.0,1617.15
SHP-004752,2026-02-03,Midwest Freight,SO-005497,CUST-0090,9503,4752,10993,DRV-0009,100,13.0,304.81
SHP-004752,2026-02-03,Midwest Freight,SO-005497,CUST-0090,9504,4752,10994,DRV-0020,200,22.0,956.8
SHP-005648,2026-02-03,ParcelPro,SO-006535,CUST-0216,11295,5648,13069,AFT-0037,100,33.0,3077.35
SHP-005648,2026-02-03,ParcelPro,SO-006535,CUST-0216,11296,5648,13070,AFT-0048,300,55.0,2594.19
SHP-006735,2026-02-03,ParcelPro,SO-007791,CUST-0208,13469,6735,15581,ACT-0033,100,4.0,1322.16
SHP-006735,2026-02-03,ParcelPro,SO-007791,CUST-0208,13470,6735,15582,ACT-0044,200,9.0,191.13
SHP-007305,2026-02-03,Roadstar Logistics,SO-008452,CUST-0165,14609,7305,16903,ACT-0024,200,22.0,1998.42
SHP-007305,2026-02-03,Roadstar Logistics,SO-008452,CUST-0165,14610,7305,16904,ACT-0035,100,33.0,1963.86
SHP-007876,2026-02-03,Midwest Freight,SO-009113,CUST-0122,15751,7876,18225,ACT-0015,100,2.0,1074.85
SHP-007876,2026-02-03,Midwest Freight,SO-009113,CUST-0122,15752,7876,18226,ACT-0026,200,4.0,1654.16
SHP-001736,2026-02-04,Midwest Freight,SO-002005,CUST-0006,3471,1736,4009,DRV-0007,100,22.0,1355.9
SHP-001736,2026-02-04,Midwest Freight,SO-002005,CUST-0006,3472,1736,4010,DRV-0018,200,33.0,1468.74
SHP-002305,2026-02-04,BlueLine Transport,SO-002666,CUST-0203,4609,2305,5331,CTL-0038,300,2.0,1627.96
SHP-002305,2026-02-04,BlueLine Transport,SO-002666,CUST-0203,4610,2305,5332,DRV-0009,100,4.0,304.81
SHP-003775,2026-02-04,Midwest Freight,SO-004365,CUST-0046,7549,3775,8729,AFT-0017,100,33.0,1705.89
SHP-003775,2026-02-04,Midwest Freight,SO-004365,CUST-0046,7550,3775,8730,AFT-0028,100,55.0,349.76
SHP-004344,2026-02-04,BlueLine Transport,SO-005026,CUST-0003,8687,4344,10051,AFT-0008,100,4.0,242.31
SHP-004344,2026-02-04,BlueLine Transport,SO-005026,CUST-0003,8688,4344,10052,AFT-0019,100,9.0,769.7
SHP-004859,2026-02-04,Midwest Freight,SO-005621,CUST-0038,9717,4859,11241,ACT-0013,100,4.0,371.79
SHP-004859,2026-02-04,Midwest Freight,SO-005621,CUST-0038,9718,4859,11242,ACT-0024,200,9.0,1998.42
SHP-005429,2026-02-04,BlueLine Transport,SO-006282,CUST-0235,10857,5429,12563,ACT-0004,200,22.0,202.92
SHP-005429,2026-02-04,BlueLine Transport,SO-006282,CUST-0235,10858,5429,12564,ACT-0015,100,33.0,1074.85
SHP-006899,2026-02-04,Midwest Freight,SO-007981,CUST-0078,13797,6899,15961,DRV-0013,100,9.0,534.23
SHP-006899,2026-02-04,Midwest Freight,SO-007981,CUST-0078,13798,6899,15962,DRV-0024,200,13.0,1625.62
SHP-007470,2026-02-04,BlueLine Transport,SO-008642,CUST-0035,14939,7470,17283,DRV-0004,200,33.0,766.25
SHP-007470,2026-02-04,BlueLine Transport,SO-008642,CUST-0035,14940,7470,17284,DRV-0015,100,55.0,1233.73
SHP-008557,2026-02-04,BlueLine Transport,SO-009898,CUST-0027,17113,8557,19795,AFT-0040,100,4.0,567.45
SHP-008557,2026-02-04,BlueLine Transport,SO-009898,CUST-0027,17114,8557,19796,AFT-0051,300,9.0,1343.81
SHP-000432,2026-02-05,Roadstar Logistics,SO-000496,CUST-0033,863,432,991,CTL-0018,300,2.0,685.06
SHP-000432,2026-02-05,Roadstar Logistics,SO-000496,CUST-0033,864,432,992,CTL-0029,300,4.0,746.13
SHP-001328,2026-02-05,BlueLine Transport,SO-001534,CUST-0159,2655,1328,3067,AFT-0006,300,9.0,5754.99
SHP-001328,2026-02-05,BlueLine Transport,SO-001534,CUST-0159,2656,1328,3068,AFT-0017,100,13.0,1705.89
SHP-001900,2026-02-05,ParcelPro,SO-002195,CUST-0116,3799,1900,4389,ACT-0057,100,33.0,2621.51
SHP-001900,2026-02-05,ParcelPro,SO-002195,CUST-0116,3800,1900,4390,AFT-0008,100,55.0,242.31
SHP-003557,2026-02-05,Roadstar Logistics,SO-004112,CUST-0065,7113,3557,8223,SYS-0014,300,22.0,847.06
SHP-003557,2026-02-05,Roadstar Logistics,SO-004112,CUST-0065,7114,3557,8224,SYS-0025,100,33.0,523.8
SHP-004451,2026-02-05,BlueLine Transport,SO-005150,CUST-0191,8901,4451,10299,DRV-0002,200,55.0,2270.82
SHP-004451,2026-02-05,BlueLine Transport,SO-005150,CUST-0191,8902,4451,10300,DRV-0013,100,2.0,534.23
SHP-005023,2026-02-05,ParcelPro,SO-005811,CUST-0148,10045,5023,11621,CTL-0033,300,9.0,3676.55
SHP-005023,2026-02-05,ParcelPro,SO-005811,CUST-0148,10046,5023,11622,DRV-0004,200,13.0,766.25
SHP-005593,2026-02-05,Roadstar Logistics,SO-006472,CUST-0105,11185,5593,12943,CTL-0024,300,33.0,782.21
SHP-005593,2026-02-05,Roadstar Logistics,SO-006472,CUST-0105,11186,5593,12944,CTL-0035,300,55.0,3084.65
SHP-006492,2026-02-05,BlueLine Transport,SO-007510,CUST-0231,12983,6492,15019,AFT-0012,300,2.0,1004.49
SHP-006492,2026-02-05,BlueLine Transport,SO-007510,CUST-0231,12984,6492,15020,AFT-0023,100,4.0,273.18
SHP-007577,2026-02-05,BlueLine Transport,SO-008766,CUST-0223,15153,7577,17531,ACT-0008,200,13.0,227.79
SHP-007577,2026-02-05,BlueLine Transport,SO-008766,CUST-0223,15154,7577,17532,ACT-0019,100,22.0,1249.06
SHP-008148,2026-02-05,ParcelPro,SO-009427,CUST-0180,16295,8148,18853,SYS-0029,100,55.0,1160.41
SHP-008148,2026-02-05,ParcelPro,SO-009427,CUST-0180,16296,8148,18854,ACT-0010,200,2.0,2233.37
SHP-000024,2026-02-06,Midwest Freight,SO-000025,CUST-0186,47,24,49,ACT-0037,100,33.0,3791.36
SHP-000024,2026-02-06,Midwest Freight,SO-000025,CUST-0186,48,24,50,ACT-0048,200,55.0,383.41
SHP-000923,2026-02-06,ParcelPro,SO-001063,CUST-0072,1845,923,2125,DRV-0055,100,2.0,5400.43
SHP-000923,2026-02-06,ParcelPro,SO-001063,CUST-0072,1846,923,2126,SYS-0006,300,4.0,436.61
SHP-002008,2026-02-06,ParcelPro,SO-002319,CUST-0064,4015,2008,4637,CTL-0031,300,13.0,1954.36
SHP-002008,2026-02-06,ParcelPro,SO-002319,CUST-0064,4016,2008,4638,DRV-0002,200,22.0,2270.82
SHP-002576,2026-02-06,Roadstar Logistics,SO-002980,CUST-0021,5151,2576,5959,CTL-0022,300,55.0,2070.12
SHP-002576,2026-02-06,Roadstar Logistics,SO-002980,CUST-0021,5152,2576,5960,CTL-0033,300,2.0,3676.55
SHP-003148,2026-02-06,Midwest Freight,SO-003641,CUST-0218,6295,3148,7281,CTL-0013,300,9.0,269.64
SHP-003148,2026-02-06,Midwest Freight,SO-003641,CUST-0218,6296,3148,7282,CTL-0024,300,13.0,782.21
SHP-004046,2026-02-06,ParcelPro,SO-004679,CUST-0104,8091,4046,9357,AFT-0001,100,22.0,1725.19
SHP-004046,2026-02-06,ParcelPro,SO-004679,CUST-0104,8092,4046,9358,AFT-0012,300,33.0,1004.49
SHP-004616,2026-02-06,Roadstar Logistics,SO-005340,CUST-0061,9231,4616,10679,ACT-0052,200,2.0,646.56
SHP-004616,2026-02-06,Roadstar Logistics,SO-005340,CUST-0061,9232,4616,10680,AFT-0003,300,4.0,4514.04
SHP-006273,2026-02-06,Midwest Freight,SO-007257,CUST-0010,12545,6273,14513,SYS-0009,100,55.0,550.07
SHP-006273,2026-02-06,Midwest Freight,SO-007257,CUST-0010,12546,6273,14514,SYS-0020,300,2.0,3950.66
SHP-007170,2026-02-06,ParcelPro,SO-008295,CUST-0136,14339,7170,16589,CTL-0037,300,4.0,4331.48
SHP-007170,2026-02-06,ParcelPro,SO-008295,CUST-0136,14340,7170,16590,DRV-0008,200,9.0,260.06
SHP-007742,2026-02-06,Roadstar Logistics,SO-008956,CUST-0093,15483,7742,17911,CTL-0028,300,22.0,2359.35
SHP-007742,2026-02-06,Roadstar Logistics,SO-008956,CUST-0093,15484,7742,17912,CTL-0039,300,33.0,1883.77
SHP-008313,2026-02-06,Midwest Freight,SO-009617,CUST-0050,16625,8313,19233,CTL-0019,300,2.0,1008.86
SHP-008313,2026-02-06,Midwest Freight,SO-009617,CUST-0050,16626,8313,19234,CTL-0030,300,4.0,2928.54
SHP-000131,2026-02-07,Midwest Freight,SO-000149,CUST-0134,261,131,297,CTL-0011,300,13.0,2846.92
SHP-000131,2026-02-07,Midwest Freight,SO-000149,CUST-0134,262,131,298,CTL-0022,300,22.0,2070.12
SHP-000704,2026-02-07,BlueLine Transport,SO-000810,CUST-0091,1407,704,1619,CTL-0002,300,55.0,1099.52
SHP-000704,2026-02-07,BlueLine Transport,SO-000810,CUST-0091,1408,704,1620,CTL-0013,300,2.0,269.64
SHP-002171,2026-02-07,Midwest Freight,SO-002509,CUST-0174,4341,2171,5017,ACT-0041,100,22.0,443.53
SHP-002171,2026-02-07,Midwest Freight,SO-002509,CUST-0174,4342,2171,5018,ACT-0052,200,33.0,646.56
SHP-002741,2026-02-07,BlueLine Transport,SO-003170,CUST-0131,5481,2741,6339,ACT-0032,200,2.0,232.68
SHP-002741,2026-02-07,BlueLine Transport,SO-003170,CUST-0131,5482,2741,6340,ACT-0043,100,4.0,499.75
SHP-005293,2026-02-07,Midwest Freight,SO-006125,CUST-0206,10585,5293,12249,CTL-0017,300,4.0,246.26
SHP-005293,2026-02-07,Midwest Freight,SO-006125,CUST-0206,10586,5293,12250,CTL-0028,300,9.0,2359.35
SHP-005866,2026-02-07,BlueLine Transport,SO-006786,CUST-0163,11731,5866,13571,CTL-0008,300,22.0,710.8
SHP-005866,2026-02-07,BlueLine Transport,SO-006786,CUST-0163,11732,5866,13572,CTL-0019,300,33.0,1008.86
SHP-007333,2026-02-07,Midwest Freight,SO-008485,CUST-0006,14665,7333,16969,ACT-0047,100,9.0,766.28
SHP-007333,2026-02-07,Midwest Freight,SO-008485,CUST-0006,14666,7333,16970,ACT-0058,200,13.0,360.61
SHP-000295,2026-02-08,ParcelPro,SO-000339,CUST-0004,589,295,677,ACT-0021,100,22.0,928.12
SHP-000295,2026-02-08,ParcelPro,SO-000339,CUST-0004,590,295,678,ACT-0032,200,33.0,232.68
SHP-000868,2026-02-08,Roadstar Logistics,SO-001000,CUST-0201,1735,868,1999,ACT-0012,200,2.0,310.47
SHP-000868,2026-02-08,Roadstar Logistics,SO-001000,CUST-0201,1736,868,2000,ACT-0023,100,4.0,2312.23
SHP-001764,2026-02-08,BlueLine Transport,SO-002038,CUST-0087,3527,1764,4075,DRV-0030,200,9.0,447.73
SHP-001764,2026-02-08,BlueLine Transport,SO-002038,CUST-0087,3528,1764,4076,DRV-0041,100,13.0,271.46
SHP-002848,2026-02-08,BlueLine Transport,SO-003294,CUST-0079,5695,2848,6587,CTL-0006,300,33.0,1608.4
SHP-002848,2026-02-08,BlueLine Transport,SO-003294,CUST-0079,5696,2848,6588,CTL-0017,300,55.0,246.26
SHP-003419,2026-02-08,ParcelPro,SO-003955,CUST-0036,6837,3419,7909,AFT-0057,300,4.0,618.6
SHP-003419,2026-02-08,ParcelPro,SO-003955,CUST-0036,6838,3419,7910,CTL-0008,300,9.0,710.8
SHP-003991,2026-02-08,Roadstar Logistics,SO-004616,CUST-0233,7981,3991,9231,AFT-0048,300,22.0,2594.19
SHP-003991,2026-02-08,Roadstar Logistics,SO-004616,CUST-0233,7982,3991,9232,AFT-0059,100,33.0,270.09
SHP-004888,2026-02-08,BlueLine Transport,SO-005654,CUST-0119,9775,4888,11307,ACT-0036,200,55.0,207.18
SHP-004888,2026-02-08,BlueLine Transport,SO-005654,CUST-0119,9776,4888,11308,ACT-0047,100,2.0,766.28
SHP-005457,2026-02-08,ParcelPro,SO-006315,CUST-0076,10913,5457,12629,ACT-0027,100,9.0,2777.79
SHP-005457,2026-02-08,ParcelPro,SO-006315,CUST-0076,10914,5457,12630,ACT-0038,200,13.0,422.98
SHP-006029,2026-02-08,Roadstar Logistics,SO-006976,CUST-0033,12057,6029,13951,ACT-0018,200,33.0,1053.86
SHP-006029,2026-02-08,Roadstar Logistics,SO-006976,CUST-0033,12058,6029,13952,ACT-0029,100,55.0,923.26
SHP-006544,2026-02-08,ParcelPro,SO-007571,CUST-0068,13087,6544,15141,DRV-0053,100,33.0,2495.92
SHP-006544,2026-02-08,ParcelPro,SO-007571,CUST-0068,13088,6544,15142,SYS-0004,300,55.0,271.87
SHP-007115,2026-02-08,Roadstar Logistics,SO-008232,CUST-0025,14229,7115,16463,DRV-0044,200,4.0,219.04
SHP-007115,2026-02-08,Roadstar Logistics,SO-008232,CUST-0025,14230,7115,16464,DRV-0055,100,9.0,5400.43
SHP-008012,2026-02-08,BlueLine Transport,SO-009270,CUST-0151,16023,8012,18539,CTL-0012,300,13.0,4482.68
SHP-008012,2026-02-08,BlueLine Transport,SO-009270,CUST-0151,16024,8012,18540,CTL-0023,300,22.0,1243.13
SHP-008586,2026-02-08,ParcelPro,SO-009931,CUST-0108,17171,8586,19861,CTL-0003,300,55.0,1770.15
SHP-008586,2026-02-08,ParcelPro,SO-009931,CUST-0108,17172,8586,19862,CTL-0014,300,2.0,376.32
SHP-000460,2026-02-09,Midwest Freight,SO-000529,CUST-0114,919,460,1057,DRV-0001,100,33.0,1077.99
SHP-000460,2026-02-09,Midwest Freight,SO-000529,CUST-0114,920,460,1058,DRV-0012,200,55.0,236.26
SHP-000975,2026-02-09,Roadstar Logistics,SO-001124,CUST-0149,1949,975,2247,AFT-0046,100,33.0,664.15
SHP-000975,2026-02-09,Roadstar Logistics,SO-001124,CUST-0149,1950,975,2248,AFT-0057,300,55.0,618.6
SHP-002440,2026-02-09,ParcelPro,SO-002823,CUST-0232,4879,2440,5645,ACT-0025,100,13.0,2796.19
SHP-002440,2026-02-09,ParcelPro,SO-002823,CUST-0232,4880,2440,5646,ACT-0036,200,22.0,207.18
SHP-003013,2026-02-09,Roadstar Logistics,SO-003484,CUST-0189,6025,3013,6967,ACT-0016,200,55.0,217.24
SHP-003013,2026-02-09,Roadstar Logistics,SO-003484,CUST-0189,6026,3013,6968,ACT-0027,100,2.0,2777.79
SHP-003585,2026-02-09,Midwest Freight,SO-004145,CUST-0146,7169,3585,8289,ACT-0007,100,9.0,2766.72
SHP-003585,2026-02-09,Midwest Freight,SO-004145,CUST-0146,7170,3585,8290,ACT-0018,200,13.0,1053.86
SHP-004479,2026-02-09,ParcelPro,SO-005183,CUST-0032,8957,4479,10365,DRV-0025,100,22.0,2240.87
SHP-004479,2026-02-09,ParcelPro,SO-005183,CUST-0032,8958,4479,10366,DRV-0036,200,33.0,1497.18
SHP-005565,2026-02-09,ParcelPro,SO-006439,CUST-0024,11129,5565,12877,CTL-0001,300,2.0,2176.28
SHP-005565,2026-02-09,ParcelPro,SO-006439,CUST-0024,11130,5565,12878,CTL-0012,300,4.0,4482.68
SHP-006137,2026-02-09,Roadstar Logistics,SO-007100,CUST-0221,12273,6137,14199,AFT-0052,100,13.0,315.62
SHP-006137,2026-02-09,Roadstar Logistics,SO-007100,CUST-0221,12274,6137,14200,CTL-0003,300,22.0,1770.15
SHP-006710,2026-02-09,Midwest Freight,SO-007761,CUST-0178,13419,6710,15521,AFT-0043,100,55.0,701.72
SHP-006710,2026-02-09,Midwest Freight,SO-007761,CUST-0178,13420,6710,15522,AFT-0054,300,2.0,278.7
SHP-007605,2026-02-09,ParcelPro,SO-008799,CUST-0064,15209,7605,17597,ACT-0031,100,4.0,2523.05
SHP-007605,2026-02-09,ParcelPro,SO-008799,CUST-0064,15210,7605,17598,ACT-0042,200,9.0,643.48
SHP-008176,2026-02-09,Roadstar Logistics,SO-009460,CUST-0021,16351,8176,18919,ACT-0022,200,22.0,990.4
SHP-008176,2026-02-09,Roadstar Logistics,SO-009460,CUST-0021,16352,8176,18920,ACT-0033,100,33.0,1322.16
SHP-000567,2026-02-10,Midwest Freight,SO-000653,CUST-0062,1133,567,1305,ACT-0005,100,13.0,789.17
SHP-000567,2026-02-10,Midwest Freight,SO-000653,CUST-0062,1134,567,1306,ACT-0016,200,22.0,217.24
SHP-001139,2026-02-10,BlueLine Transport,SO-001314,CUST-0019,2277,1139,2627,SYS-0026,300,55.0,1401.71
SHP-001139,2026-02-10,BlueLine Transport,SO-001314,CUST-0019,2278,1139,2628,ACT-0007,100,2.0,2766.72
SHP-002604,2026-02-10,Midwest Freight,SO-003013,CUST-0102,5207,2604,6025,DRV-0005,100,22.0,1162.73
SHP-002604,2026-02-10,Midwest Freight,SO-003013,CUST-0102,5208,2604,6026,DRV-0016,200,33.0,381.8
SHP-003691,2026-02-10,Midwest Freight,SO-004269,CUST-0094,7381,3691,8537,AFT-0041,100,2.0,1163.02
SHP-003691,2026-02-10,Midwest Freight,SO-004269,CUST-0094,7382,3691,8538,AFT-0052,100,4.0,315.62
SHP-005730,2026-02-10,Midwest Freight,SO-006629,CUST-0134,11459,5730,13257,ACT-0011,100,4.0,416.59
SHP-005730,2026-02-10,Midwest Freight,SO-006629,CUST-0134,11460,5730,13258,ACT-0022,200,9.0,990.4
SHP-006301,2026-02-10,BlueLine Transport,SO-007290,CUST-0091,12601,6301,14579,ACT-0002,200,22.0,398.44
SHP-006301,2026-02-10,BlueLine Transport,SO-007290,CUST-0091,12602,6301,14580,ACT-0013,100,33.0,371.79
SHP-007386,2026-02-10,BlueLine Transport,SO-008546,CUST-0083,14771,7386,17091,DRV-0028,200,2.0,2358.69
SHP-007386,2026-02-10,BlueLine Transport,SO-008546,CUST-0083,14772,7386,17092,DRV-0039,100,4.0,385.26
SHP-000160,2026-02-11,BlueLine Transport,SO-000182,CUST-0215,319,160,363,CTL-0034,300,4.0,1946.56
SHP-000160,2026-02-11,BlueLine Transport,SO-000182,CUST-0215,320,160,364,DRV-0005,100,9.0,1162.73
SHP-000733,2026-02-11,ParcelPro,SO-000843,CUST-0172,1465,733,1685,CTL-0025,300,22.0,1240.54
SHP-000733,2026-02-11,ParcelPro,SO-000843,CUST-0172,1466,733,1686,CTL-0036,300,33.0,3755.26
SHP-001302,2026-02-11,Roadstar Logistics,SO-001504,CUST-0129,2603,1302,3007,CTL-0016,300,2.0,273.05
SHP-001302,2026-02-11,Roadstar Logistics,SO-001504,CUST-0129,2604,1302,3008,CTL-0027,300,4.0,1052.17
SHP-001817,2026-02-11,ParcelPro,SO-002099,CUST-0164,3633,1817,4197,AFT-0021,300,2.0,395.23
SHP-001817,2026-02-11,ParcelPro,SO-002099,CUST-0164,3634,1817,4198,AFT-0032,100,4.0,665.09
SHP-002387,2026-02-11,Roadstar Logistics,SO-002760,CUST-0121,4773,2387,5519,AFT-0012,300,13.0,1004.49
SHP-002387,2026-02-11,Roadstar Logistics,SO-002760,CUST-0121,4774,2387,5520,AFT-0023,100,22.0,273.18
SHP-003285,2026-02-11,BlueLine Transport,SO-003798,CUST-0007,6569,3285,7595,SYS-0030,300,33.0,3308.83
SHP-003285,2026-02-11,BlueLine Transport,SO-003798,CUST-0007,6570,3285,7596,ACT-0011,100,55.0,416.59
SHP-003856,2026-02-11,ParcelPro,SO-004459,CUST-0204,7711,3856,8917,SYS-0021,100,4.0,1935.92
SHP-003856,2026-02-11,ParcelPro,SO-004459,CUST-0204,7712,3856,8918,ACT-0002,200,9.0,398.44
SHP-004425,2026-02-11,Roadstar Logistics,SO-005120,CUST-0161,8849,4425,10239,SYS-0012,300,22.0,544.4
SHP-004425,2026-02-11,Roadstar Logistics,SO-005120,CUST-0161,8850,4425,10240,SYS-0023,100,33.0,2333.9
SHP-005321,2026-02-11,BlueLine Transport,SO-006158,CUST-0047,10641,5321,12315,CTL-0040,300,55.0,3693.39
SHP-005321,2026-02-11,BlueLine Transport,SO-006158,CUST-0047,10642,5321,12316,DRV-0011,100,2.0,823.38
SHP-006409,2026-02-11,BlueLine Transport,SO-007414,CUST-0039,12817,6409,14827,AFT-0036,300,9.0,950.62
SHP-006409,2026-02-11,BlueLine Transport,SO-007414,CUST-0039,12818,6409,14828,AFT-0047,100,13.0,1876.46
SHP-007552,2026-02-11,Roadstar Logistics,SO-008736,CUST-0193,15103,7552,17471,AFT-0018,300,4.0,583.67
SHP-007552,2026-02-11,Roadstar Logistics,SO-008736,CUST-0193,15104,7552,17472,AFT-0029,100,9.0,438.34
SHP-008449,2026-02-11,BlueLine Transport,SO-009774,CUST-0079,16897,8449,19547,ACT-0006,200,13.0,521.36
SHP-008449,2026-02-11,BlueLine Transport,SO-009774,CUST-0079,16898,8449,19548,ACT-0017,100,22.0,632.55
SHP-000840,2026-02-12,ParcelPro,SO-000967,CUST-0120,1679,840,1933,SYS-0019,100,9.0,1798.13
SHP-000840,2026-02-12,ParcelPro,SO-000967,CUST-0120,1680,840,1934,SYS-0030,300,13.0,3308.83
SHP-001409,2026-02-12,Roadstar Logistics,SO-001628,CUST-0077,2817,1409,3255,SYS-0010,300,33.0,1017.55
SHP-001409,2026-02-12,Roadstar Logistics,SO-001628,CUST-0077,2818,1409,3256,SYS-0021,100,55.0,1935.92
SHP-001982,2026-02-12,Midwest Freight,SO-002289,CUST-0034,3963,1982,4577,SYS-0001,100,4.0,484.28
SHP-001982,2026-02-12,Midwest Freight,SO-002289,CUST-0034,3964,1982,4578,SYS-0012,300,9.0,544.4
SHP-002876,2026-02-12,ParcelPro,SO-003327,CUST-0160,5751,2876,6653,CTL-0029,300,13.0,746.13
SHP-002876,2026-02-12,ParcelPro,SO-003327,CUST-0160,5752,2876,6654,CTL-0040,300,22.0,3693.39
SHP-003448,2026-02-12,Roadstar Logistics,SO-003988,CUST-0117,6895,3448,7975,CTL-0020,300,55.0,687.1
SHP-003448,2026-02-12,Roadstar Logistics,SO-003988,CUST-0117,6896,3448,7976,CTL-0031,300,2.0,1954.36
SHP-004533,2026-02-12,Roadstar Logistics,SO-005244,CUST-0109,9065,4533,10487,AFT-0016,100,9.0,1691.61
SHP-004533,2026-02-12,Roadstar Logistics,SO-005244,CUST-0109,9066,4533,10488,AFT-0027,300,13.0,328.06
SHP-005104,2026-02-12,Midwest Freight,SO-005905,CUST-0066,10207,5104,11809,AFT-0007,100,33.0,295.96
SHP-005104,2026-02-12,Midwest Freight,SO-005905,CUST-0066,10208,5104,11810,AFT-0018,300,55.0,583.67
SHP-006001,2026-02-12,ParcelPro,SO-006943,CUST-0192,12001,6001,13885,SYS-0025,100,2.0,523.8
SHP-006001,2026-02-12,ParcelPro,SO-006943,CUST-0192,12002,6001,13886,ACT-0006,200,4.0,521.36
SHP-006573,2026-02-12,Roadstar Logistics,SO-007604,CUST-0149,13145,6573,15207,SYS-0016,300,13.0,2022.21
SHP-006573,2026-02-12,Roadstar Logistics,SO-007604,CUST-0149,13146,6573,15208,SYS-0027,100,22.0,1000.55
SHP-007143,2026-02-12,Midwest Freight,SO-008265,CUST-0106,14285,7143,16529,SYS-0007,100,55.0,900.07
SHP-007143,2026-02-12,Midwest Freight,SO-008265,CUST-0106,14286,7143,16530,SYS-0018,300,2.0,631.4
SHP-008040,2026-02-12,ParcelPro,SO-009303,CUST-0232,16079,8040,18605,CTL-0035,300,4.0,3084.65
SHP-008040,2026-02-12,ParcelPro,SO-009303,CUST-0232,16080,8040,18606,DRV-0006,200,9.0,1777.77
SHP-008229,2026-02-12,Midwest Freight,SO-009521,CUST-0098,16457,8229,19041,DRV-0003,100,9.0,1969.66
SHP-008229,2026-02-12,Midwest Freight,SO-009521,CUST-0098,16458,8229,19042,DRV-0014,200,13.0,976.85
SHP-001004,2026-02-13,Midwest Freight,SO-001157,CUST-0230,2007,1004,2313,CTL-0009,300,13.0,1465.6
SHP-001004,2026-02-13,Midwest Freight,SO-001157,CUST-0230,2008,1004,2314,CTL-0020,300,22.0,687.1
SHP-001574,2026-02-13,BlueLine Transport,SO-001818,CUST-0187,3147,1574,3635,AFT-0060,300,55.0,381.82
SHP-001574,2026-02-13,BlueLine Transport,SO-001818,CUST-0187,3148,1574,3636,CTL-0011,300,2.0,2846.92
SHP-002657,2026-02-13,BlueLine Transport,SO-003074,CUST-0179,5313,2657,6147,ACT-0056,200,9.0,618.58
SHP-002657,2026-02-13,BlueLine Transport,SO-003074,CUST-0179,5314,2657,6148,AFT-0007,100,13.0,295.96
SHP-004127,2026-02-13,Midwest Freight,SO-004773,CUST-0022,8253,4127,9545,SYS-0005,100,2.0,295.22
SHP-004127,2026-02-13,Midwest Freight,SO-004773,CUST-0022,8254,4127,9546,SYS-0016,300,4.0,2022.21
SHP-004698,2026-02-13,BlueLine Transport,SO-005434,CUST-0219,9395,4698,10867,DRV-0056,200,13.0,2993.16
SHP-004698,2026-02-13,BlueLine Transport,SO-005434,CUST-0219,9396,4698,10868,SYS-0007,100,22.0,900.07
SHP-006166,2026-02-13,Midwest Freight,SO-007133,CUST-0062,12331,6166,14265,CTL-0015,300,4.0,505.32
SHP-006166,2026-02-13,Midwest Freight,SO-007133,CUST-0062,12332,6166,14266,CTL-0026,300,9.0,1044.37
SHP-007252,2026-02-13,Midwest Freight,SO-008389,CUST-0054,14503,7252,16777,AFT-0011,100,22.0,459.76
SHP-007252,2026-02-13,Midwest Freight,SO-008389,CUST-0054,14504,7252,16778,AFT-0022,100,33.0,225.36
SHP-007823,2026-02-13,BlueLine Transport,SO-009050,CUST-0011,15645,7823,18099,AFT-0002,100,2.0,1635.19
SHP-007823,2026-02-13,BlueLine Transport,SO-009050,CUST-0011,15646,7823,18100,AFT-0013,100,4.0,2946.6
SHP-000595,2026-02-14,BlueLine Transport,SO-000686,CUST-0143,1189,595,1371,ACT-0028,200,4.0,213.58
SHP-000595,2026-02-14,BlueLine Transport,SO-000686,CUST-0143,1190,595,1372,ACT-0039,100,9.0,759.88
SHP-001682,2026-02-14,BlueLine Transport,SO-001942,CUST-0135,3363,1682,3883,DRV-0054,200,22.0,2389.07
SHP-001682,2026-02-14,BlueLine Transport,SO-001942,CUST-0135,3364,1682,3884,SYS-0005,100,33.0,295.22
SHP-002251,2026-02-14,ParcelPro,SO-002603,CUST-0092,4501,2251,5205,DRV-0045,100,2.0,378.8
SHP-002251,2026-02-14,ParcelPro,SO-002603,CUST-0092,4502,2251,5206,DRV-0056,200,4.0,2993.16
SHP-003720,2026-02-14,BlueLine Transport,SO-004302,CUST-0175,7439,3720,8603,CTL-0004,300,33.0,1388.28
SHP-003720,2026-02-14,BlueLine Transport,SO-004302,CUST-0175,7440,3720,8604,CTL-0015,300,55.0,505.32
SHP-004289,2026-02-14,ParcelPro,SO-004963,CUST-0132,8577,4289,9925,AFT-0055,100,4.0,281.39
SHP-004289,2026-02-14,ParcelPro,SO-004963,CUST-0132,8578,4289,9926,CTL-0006,300,9.0,1608.4
SHP-005375,2026-02-14,ParcelPro,SO-006219,CUST-0124,10749,5375,12437,ACT-0051,100,22.0,4550.3
SHP-005375,2026-02-14,ParcelPro,SO-006219,CUST-0124,10750,5375,12438,AFT-0002,100,33.0,1635.19
SHP-005947,2026-02-14,Roadstar Logistics,SO-006880,CUST-0081,11893,5947,13759,ACT-0042,200,2.0,643.48
SHP-005947,2026-02-14,Roadstar Logistics,SO-006880,CUST-0081,11894,5947,13760,ACT-0053,100,4.0,457.71
SHP-006843,2026-02-14,BlueLine Transport,SO-007918,CUST-0207,13685,6843,15835,DRV-0060,200,9.0,373.77
SHP-006843,2026-02-14,BlueLine Transport,SO-007918,CUST-0207,13686,6843,15836,SYS-0011,100,13.0,1020.49
SHP-007416,2026-02-14,ParcelPro,SO-008579,CUST-0164,14831,7416,17157,DRV-0051,100,33.0,3162.97
SHP-007416,2026-02-14,ParcelPro,SO-008579,CUST-0164,14832,7416,17158,SYS-0002,300,55.0,1223.7
SHP-007986,2026-02-14,Roadstar Logistics,SO-009240,CUST-0121,15971,7986,18479,DRV-0042,200,4.0,409.54
SHP-007986,2026-02-14,Roadstar Logistics,SO-009240,CUST-0121,15972,7986,18480,DRV-0053,100,9.0,2495.92
SHP-000379,2026-02-15,Midwest Freight,SO-000433,CUST-0162,757,379,865,DRV-0025,100,2.0,2240.87
SHP-000379,2026-02-15,Midwest Freight,SO-000433,CUST-0162,758,379,866,DRV-0036,200,4.0,1497.18
SHP-001274,2026-02-15,ParcelPro,SO-001471,CUST-0048,2547,1274,2941,AFT-0053,100,9.0,484.99
SHP-001274,2026-02-15,ParcelPro,SO-001471,CUST-0048,2548,1274,2942,CTL-0004,300,13.0,1388.28
SHP-001846,2026-02-15,Roadstar Logistics,SO-002132,CUST-0005,3691,1846,4263,AFT-0044,100,33.0,1002.16
SHP-001846,2026-02-15,Roadstar Logistics,SO-002132,CUST-0005,3692,1846,4264,AFT-0055,100,55.0,281.39
SHP-002414,2026-02-15,Midwest Freight,SO-002793,CUST-0202,4827,2414,5585,AFT-0035,100,4.0,2292.51
SHP-002414,2026-02-15,Midwest Freight,SO-002793,CUST-0202,4828,2414,5586,AFT-0046,100,9.0,664.15
SHP-003313,2026-02-15,ParcelPro,SO-003831,CUST-0088,6625,3313,7661,ACT-0023,100,13.0,2312.23
SHP-003313,2026-02-15,ParcelPro,SO-003831,CUST-0088,6626,3313,7662,ACT-0034,200,22.0,338.7
SHP-003501,2026-02-15,Midwest Freight,SO-004049,CUST-0194,7001,3501,8097,ACT-0031,100,22.0,2523.05
SHP-003501,2026-02-15,Midwest Freight,SO-004049,CUST-0194,7002,3501,8098,ACT-0042,200,33.0,643.48
SHP-004397,2026-02-15,ParcelPro,SO-005087,CUST-0080,8793,4397,10173,DRV-0049,100,55.0,1199.79
SHP-004397,2026-02-15,ParcelPro,SO-005087,CUST-0080,8794,4397,10174,DRV-0060,200,2.0,373.77
SHP-004968,2026-02-15,Roadstar Logistics,SO-005748,CUST-0037,9935,4968,11495,DRV-0040,200,9.0,218.97
SHP-004968,2026-02-15,Roadstar Logistics,SO-005748,CUST-0037,9936,4968,11496,DRV-0051,100,13.0,3162.97
SHP-006437,2026-02-15,ParcelPro,SO-007447,CUST-0120,12873,6437,14893,AFT-0059,100,2.0,270.09
SHP-006437,2026-02-15,ParcelPro,SO-007447,CUST-0120,12874,6437,14894,CTL-0010,300,4.0,2841.49
SHP-007007,2026-02-15,Roadstar Logistics,SO-008108,CUST-0077,14013,7007,16215,AFT-0050,100,13.0,2471.31
SHP-007007,2026-02-15,Roadstar Logistics,SO-008108,CUST-0077,14014,7007,16216,CTL-0001,300,22.0,2176.28
SHP-008094,2026-02-15,Roadstar Logistics,SO-009364,CUST-0069,16187,8094,18727,ACT-0046,200,55.0,543.39
SHP-008094,2026-02-15,Roadstar Logistics,SO-009364,CUST-0069,16188,8094,18728,ACT-0057,100,2.0,2621.51
SHP-001437,2026-02-16,Midwest Freight,SO-001661,CUST-0158,2873,1437,3321,ACT-0003,100,13.0,1998.31
SHP-001437,2026-02-16,Midwest Freight,SO-001661,CUST-0158,2874,1437,3322,ACT-0014,200,22.0,544.47
SHP-002522,2026-02-16,Midwest Freight,SO-002917,CUST-0150,5043,2522,5833,DRV-0029,100,55.0,1617.15
SHP-002522,2026-02-16,Midwest Freight,SO-002917,CUST-0150,5044,2522,5834,DRV-0040,200,2.0,218.97
SHP-003095,2026-02-16,BlueLine Transport,SO-003578,CUST-0107,6189,3095,7155,DRV-0020,200,9.0,956.8
SHP-003095,2026-02-16,BlueLine Transport,SO-003578,CUST-0107,6190,3095,7156,DRV-0031,100,13.0,1392.98
SHP-004562,2026-02-16,Midwest Freight,SO-005277,CUST-0190,9123,4562,10553,AFT-0039,300,2.0,8553.4
SHP-004562,2026-02-16,Midwest Freight,SO-005277,CUST-0190,9124,4562,10554,AFT-0050,100,4.0,2471.31
SHP-005131,2026-02-16,BlueLine Transport,SO-005938,CUST-0147,10261,5131,11875,AFT-0030,300,13.0,342.02
SHP-005131,2026-02-16,BlueLine Transport,SO-005938,CUST-0147,10262,5131,11876,AFT-0041,100,22.0,1163.02
SHP-006219,2026-02-16,BlueLine Transport,SO-007194,CUST-0139,12437,6219,14387,ACT-0026,200,55.0,1654.16
SHP-006219,2026-02-16,BlueLine Transport,SO-007194,CUST-0139,12438,6219,14388,ACT-0037,100,2.0,3791.36
SHP-007686,2026-02-16,Midwest Freight,SO-008893,CUST-0222,15371,7686,17785,DRV-0035,100,22.0,904.12
SHP-007686,2026-02-16,Midwest Freight,SO-008893,CUST-0222,15372,7686,17786,DRV-0046,200,33.0,877.32
SHP-000134,2026-02-17,Roadstar Logistics,SO-000152,CUST-0185,267,134,303,SYS-0004,300,55.0,271.87
SHP-000134,2026-02-17,Roadstar Logistics,SO-000152,CUST-0185,268,134,304,SYS-0015,100,2.0,5502.56
SHP-000649,2026-02-17,ParcelPro,SO-000747,CUST-0220,1297,649,1493,DRV-0009,100,55.0,304.81
SHP-000649,2026-02-17,ParcelPro,SO-000747,CUST-0220,1298,649,1494,DRV-0020,200,2.0,956.8
SHP-001220,2026-02-17,Roadstar Logistics,SO-001408,CUST-0177,2439,1220,2815,CTL-0040,300,9.0,3693.39
SHP-001220,2026-02-17,Roadstar Logistics,SO-001408,CUST-0177,2440,1220,2816,DRV-0011,100,13.0,823.38
SHP-002117,2026-02-17,BlueLine Transport,SO-002446,CUST-0063,4233,2117,4891,AFT-0028,100,22.0,349.76
SHP-002117,2026-02-17,BlueLine Transport,SO-002446,CUST-0063,4234,2117,4892,AFT-0039,300,33.0,8553.4
SHP-002687,2026-02-17,ParcelPro,SO-003107,CUST-0020,5373,2687,6213,AFT-0019,100,2.0,769.7
SHP-002687,2026-02-17,ParcelPro,SO-003107,CUST-0020,5374,2687,6214,AFT-0030,300,4.0,342.02
SHP-003259,2026-02-17,Roadstar Logistics,SO-003768,CUST-0217,6517,3259,7535,AFT-0010,100,13.0,221.83
SHP-003259,2026-02-17,Roadstar Logistics,SO-003768,CUST-0217,6518,3259,7536,AFT-0021,300,22.0,395.23
SHP-004155,2026-02-17,BlueLine Transport,SO-004806,CUST-0103,8309,4155,9611,SYS-0028,300,33.0,2113.15
SHP-004155,2026-02-17,BlueLine Transport,SO-004806,CUST-0103,8310,4155,9612,ACT-0009,100,55.0,364.09
SHP-004342,2026-02-17,Roadstar Logistics,SO-005024,CUST-0209,8683,4342,10047,ACT-0006,200,55.0,521.36
SHP-004342,2026-02-17,Roadstar Logistics,SO-005024,CUST-0209,8684,4342,10048,ACT-0017,100,2.0,632.55
SHP-005239,2026-02-17,BlueLine Transport,SO-006062,CUST-0095,10477,5239,12123,DRV-0024,200,4.0,1625.62
SHP-005239,2026-02-17,BlueLine Transport,SO-006062,CUST-0095,10478,5239,12124,DRV-0035,100,9.0,904.12
SHP-005812,2026-02-17,ParcelPro,SO-006723,CUST-0052,11623,5812,13445,DRV-0015,100,22.0,1233.73
SHP-005812,2026-02-17,ParcelPro,SO-006723,CUST-0052,11624,5812,13446,DRV-0026,200,33.0,638.78
SHP-006384,2026-02-17,Roadstar Logistics,SO-007384,CUST-0009,12767,6384,14767,DRV-0006,200,2.0,1777.77
SHP-006384,2026-02-17,Roadstar Logistics,SO-007384,CUST-0009,12768,6384,14768,DRV-0017,100,4.0,777.04
SHP-007280,2026-02-17,BlueLine Transport,SO-008422,CUST-0135,14559,7280,16843,AFT-0034,100,9.0,501.15
SHP-007280,2026-02-17,BlueLine Transport,SO-008422,CUST-0135,14560,7280,16844,AFT-0045,300,13.0,1273.82
SHP-007850,2026-02-17,ParcelPro,SO-009083,CUST-0092,15699,7850,18165,AFT-0025,100,33.0,475.85
SHP-007850,2026-02-17,ParcelPro,SO-009083,CUST-0092,15700,7850,18166,AFT-0036,300,55.0,950.62
SHP-000241,2026-02-18,Roadstar Logistics,SO-000276,CUST-0133,481,241,551,AFT-0008,100,22.0,242.31
SHP-000241,2026-02-18,Roadstar Logistics,SO-000276,CUST-0133,482,241,552,AFT-0019,100,33.0,769.7
SHP-000814,2026-02-18,Midwest Freight,SO-000937,CUST-0090,1627,814,1873,ACT-0059,100,2.0,860.8
SHP-000814,2026-02-18,Midwest Freight,SO-000937,CUST-0090,1628,814,1874,AFT-0010,100,4.0,221.83
SHP-001710,2026-02-18,ParcelPro,SO-001975,CUST-0216,3419,1710,3949,SYS-0017,100,9.0,2870.14
SHP-001710,2026-02-18,ParcelPro,SO-001975,CUST-0216,3420,1710,3950,SYS-0028,300,13.0,2113.15
SHP-002278,2026-02-18,Roadstar Logistics,SO-002636,CUST-0173,4555,2278,5271,SYS-0008,300,33.0,218.0
SHP-002278,2026-02-18,Roadstar Logistics,SO-002636,CUST-0173,4556,2278,5272,SYS-0019,100,55.0,1798.13
SHP-003367,2026-02-18,Roadstar Logistics,SO-003892,CUST-0165,6733,3367,7783,DRV-0004,200,4.0,766.25
SHP-003367,2026-02-18,Roadstar Logistics,SO-003892,CUST-0165,6734,3367,7784,DRV-0015,100,9.0,1233.73
SHP-003936,2026-02-18,Midwest Freight,SO-004553,CUST-0122,7871,3936,9105,CTL-0035,300,22.0,3084.65
SHP-003936,2026-02-18,Midwest Freight,SO-004553,CUST-0122,7872,3936,9106,DRV-0006,200,33.0,1777.77
SHP-004834,2026-02-18,ParcelPro,SO-005591,CUST-0008,9667,4834,11181,AFT-0023,100,55.0,273.18
SHP-004834,2026-02-18,ParcelPro,SO-005591,CUST-0008,9668,4834,11182,AFT-0034,100,2.0,501.15
SHP-005403,2026-02-18,Roadstar Logistics,SO-006252,CUST-0205,10805,5403,12503,AFT-0014,100,9.0,936.0
SHP-005403,2026-02-18,Roadstar Logistics,SO-006252,CUST-0205,10806,5403,12504,AFT-0025,100,13.0,475.85
SHP-005975,2026-02-18,Midwest Freight,SO-006913,CUST-0162,11949,5975,13825,AFT-0005,100,33.0,2334.92
SHP-005975,2026-02-18,Midwest Freight,SO-006913,CUST-0162,11950,5975,13826,AFT-0016,100,55.0,1691.61
SHP-006872,2026-02-18,ParcelPro,SO-007951,CUST-0048,13743,6872,15901,SYS-0023,100,2.0,2333.9
SHP-006872,2026-02-18,ParcelPro,SO-007951,CUST-0048,13744,6872,15902,ACT-0004,200,4.0,202.92
SHP-007061,2026-02-18,Midwest Freight,SO-008169,CUST-0154,14121,7061,16337,ACT-0001,100,4.0,2375.15
SHP-007061,2026-02-18,Midwest Freight,SO-008169,CUST-0154,14122,7061,16338,ACT-0012,200,9.0,310.47
SHP-007958,2026-02-18,ParcelPro,SO-009207,CUST-0040,15915,7958,18413,DRV-0019,100,13.0,1404.59
SHP-007958,2026-02-18,ParcelPro,SO-009207,CUST-0040,15916,7958,18414,DRV-0030,200,22.0,447.73
SHP-008532,2026-02-18,Roadstar Logistics,SO-009868,CUST-0237,17063,8532,19735,DRV-0010,200,55.0,364.42
SHP-008532,2026-02-18,Roadstar Logistics,SO-009868,CUST-0237,17064,8532,19736,DRV-0021,100,2.0,1026.04
SHP-000406,2026-02-19,BlueLine Transport,SO-000466,CUST-0003,811,406,931,DRV-0048,200,33.0,916.05
SHP-000406,2026-02-19,BlueLine Transport,SO-000466,CUST-0003,812,406,932,DRV-0059,100,55.0,4086.27
SHP-001491,2026-02-19,BlueLine Transport,SO-001722,CUST-0235,2981,1491,3443,CTL-0024,300,4.0,782.21
SHP-001491,2026-02-19,BlueLine Transport,SO-001722,CUST-0235,2982,1491,3444,CTL-0035,300,9.0,3084.65
SHP-002958,2026-02-19,Midwest Freight,SO-003421,CUST-0078,5915,2958,6841,AFT-0003,300,55.0,4514.04
SHP-002958,2026-02-19,Midwest Freight,SO-003421,CUST-0078,5916,2958,6842,AFT-0014,100,2.0,936.0
SHP-003531,2026-02-19,BlueLine Transport,SO-004082,CUST-0035,7061,3531,8163,ACT-0054,200,9.0,3824.58
SHP-003531,2026-02-19,BlueLine Transport,SO-004082,CUST-0035,7062,3531,8164,AFT-0005,100,13.0,2334.92
SHP-004996,2026-02-19,Midwest Freight,SO-005781,CUST-0118,9991,4996,11561,SYS-0003,100,2.0,789.98
SHP-004996,2026-02-19,Midwest Freight,SO-005781,CUST-0118,9992,4996,11562,SYS-0014,300,4.0,847.06
SHP-006084,2026-02-19,Midwest Freight,SO-007037,CUST-0110,12167,6084,14073,CTL-0039,300,13.0,1883.77
SHP-006084,2026-02-19,Midwest Freight,SO-007037,CUST-0110,12168,6084,14074,DRV-0010,200,22.0,364.42
SHP-006655,2026-02-19,BlueLine Transport,SO-007698,CUST-0067,13309,6655,15395,CTL-0030,300,55.0,2928.54
SHP-006655,2026-02-19,BlueLine Transport,SO-007698,CUST-0067,13310,6655,15396,DRV-0001,100,2.0,1077.99
SHP-008122,2026-02-19,Midwest Freight,SO-009397,CUST-0150,16243,8122,18793,AFT-0009,300,22.0,622.76
SHP-008122,2026-02-19,Midwest Freight,SO-009397,CUST-0150,16244,8122,18794,AFT-0020,100,33.0,783.79
SHP-000513,2026-02-20,BlueLine Transport,SO-000590,CUST-0191,1025,513,1179,ACT-0052,200,13.0,646.56
SHP-000513,2026-02-20,BlueLine Transport,SO-000590,CUST-0191,1026,513,1180,AFT-0003,300,22.0,4514.04
SHP-001085,2026-02-20,ParcelPro,SO-001251,CUST-0148,2169,1085,2501,ACT-0043,100,55.0,499.75
SHP-001085,2026-02-20,ParcelPro,SO-001251,CUST-0148,2170,1085,2502,ACT-0054,200,2.0,3824.58
SHP-001657,2026-02-20,Roadstar Logistics,SO-001912,CUST-0105,3313,1657,3823,ACT-0034,200,9.0,338.7
SHP-001657,2026-02-20,Roadstar Logistics,SO-001912,CUST-0105,3314,1657,3824,ACT-0045,100,13.0,311.98
SHP-002551,2026-02-20,BlueLine Transport,SO-002950,CUST-0231,5101,2551,5899,DRV-0052,200,22.0,1298.13
SHP-002551,2026-02-20,BlueLine Transport,SO-002950,CUST-0231,5102,2551,5900,SYS-0003,100,33.0,789.98
SHP-003122,2026-02-20,ParcelPro,SO-003611,CUST-0188,6243,3122,7221,DRV-0043,100,2.0,581.68
SHP-003122,2026-02-20,ParcelPro,SO-003611,CUST-0188,6244,3122,7222,DRV-0054,200,4.0,2389.07
SHP-004208,2026-02-20,ParcelPro,SO-004867,CUST-0180,8415,4208,9733,CTL-0019,300,13.0,1008.86
SHP-004208,2026-02-20,ParcelPro,SO-004867,CUST-0180,8416,4208,9734,CTL-0030,300,22.0,2928.54
SHP-004779,2026-02-20,Roadstar Logistics,SO-005528,CUST-0137,9557,4779,11055,CTL-0010,300,55.0,2841.49
SHP-004779,2026-02-20,Roadstar Logistics,SO-005528,CUST-0137,9558,4779,11056,CTL-0021,300,2.0,849.25
SHP-005675,2026-02-20,BlueLine Transport,SO-006566,CUST-0023,11349,5675,13131,ACT-0058,200,4.0,360.61
SHP-005675,2026-02-20,BlueLine Transport,SO-006566,CUST-0023,11350,5675,13132,AFT-0009,300,9.0,622.76
SHP-006247,2026-02-20,ParcelPro,SO-007227,CUST-0220,12493,6247,14453,ACT-0049,100,22.0,830.3
SHP-006247,2026-02-20,ParcelPro,SO-007227,CUST-0220,12494,6247,14454,ACT-0060,200,33.0,218.01
SHP-007715,2026-02-20,BlueLine Transport,SO-008926,CUST-0063,15429,7715,17851,DRV-0058,200,9.0,2026.68
SHP-007715,2026-02-20,BlueLine Transport,SO-008926,CUST-0063,15430,7715,17852,SYS-0009,100,13.0,550.07
SHP-007904,2026-02-20,Roadstar Logistics,SO-009144,CUST-0169,15807,7904,18287,SYS-0006,300,13.0,436.61
SHP-007904,2026-02-20,Roadstar Logistics,SO-009144,CUST-0169,15808,7904,18288,SYS-0017,100,22.0,2870.14
SHP-000679,2026-02-21,Roadstar Logistics,SO-000780,CUST-0061,1357,679,1559,DRV-0032,200,22.0,242.87
SHP-000679,2026-02-21,Roadstar Logistics,SO-000780,CUST-0061,1358,679,1560,DRV-0043,100,33.0,581.68
SHP-001247,2026-02-21,Midwest Freight,SO-001441,CUST-0018,2493,1247,2881,DRV-0023,100,2.0,1456.75
SHP-001247,2026-02-21,Midwest Freight,SO-001441,CUST-0018,2494,1247,2882,DRV-0034,200,4.0,423.99
SHP-002145,2026-02-21,ParcelPro,SO-002479,CUST-0144,4289,2145,4957,AFT-0051,300,9.0,1343.81
SHP-002145,2026-02-21,ParcelPro,SO-002479,CUST-0144,4290,2145,4958,CTL-0002,300,13.0,1099.52
SHP-002331,2026-02-21,Midwest Freight,SO-002697,CUST-0010,4661,2331,5393,AFT-0059,100,13.0,270.09
SHP-002331,2026-02-21,Midwest Freight,SO-002697,CUST-0010,4662,2331,5394,CTL-0010,300,22.0,2841.49
SHP-003231,2026-02-21,ParcelPro,SO-003735,CUST-0136,6461,3231,7469,ACT-0047,100,33.0,766.28
SHP-003231,2026-02-21,ParcelPro,SO-003735,CUST-0136,6462,3231,7470,ACT-0058,200,55.0,360.61
SHP-003802,2026-02-21,Roadstar Logistics,SO-004396,CUST-0093,7603,3802,8791,ACT-0038,200,4.0,422.98
SHP-003802,2026-02-21,Roadstar Logistics,SO-004396,CUST-0093,7604,3802,8792,ACT-0049,100,9.0,830.3
SHP-004372,2026-02-21,Midwest Freight,SO-005057,CUST-0050,8743,4372,10113,ACT-0029,100,22.0,923.26
SHP-004372,2026-02-21,Midwest Freight,SO-005057,CUST-0050,8744,4372,10114,ACT-0040,200,33.0,199.82
SHP-005267,2026-02-21,ParcelPro,SO-006095,CUST-0176,10533,5267,12189,DRV-0047,100,55.0,3735.12
SHP-005267,2026-02-21,ParcelPro,SO-006095,CUST-0176,10534,5267,12190,DRV-0058,200,2.0,2026.68
SHP-005840,2026-02-21,Roadstar Logistics,SO-006756,CUST-0133,11679,5840,13511,DRV-0038,200,9.0,544.32
SHP-005840,2026-02-21,Roadstar Logistics,SO-006756,CUST-0133,11680,5840,13512,DRV-0049,100,13.0,1199.79
SHP-006926,2026-02-21,Roadstar Logistics,SO-008012,CUST-0125,13851,6926,16023,CTL-0014,300,33.0,376.32
SHP-006926,2026-02-21,Roadstar Logistics,SO-008012,CUST-0125,13852,6926,16024,CTL-0025,300,55.0,1240.54
SHP-007497,2026-02-21,Midwest Freight,SO-008673,CUST-0082,14993,7497,17345,CTL-0005,300,4.0,1064.96
SHP-007497,2026-02-21,Midwest Freight,SO-008673,CUST-0082,14994,7497,17346,CTL-0016,300,9.0,273.05
SHP-008395,2026-02-21,ParcelPro,SO-009711,CUST-0208,16789,8395,19421,ACT-0053,100,13.0,457.71
SHP-008395,2026-02-21,ParcelPro,SO-009711,CUST-0208,16790,8395,19422,AFT-0004,100,22.0,2143.65
SHP-000268,2026-02-22,Midwest Freight,SO-000309,CUST-0214,535,268,617,AFT-0031,100,9.0,310.16
SHP-000268,2026-02-22,Midwest Freight,SO-000309,CUST-0214,536,268,618,AFT-0042,300,13.0,299.23
SHP-001355,2026-02-22,Midwest Freight,SO-001565,CUST-0206,2709,1355,3129,ACT-0027,100,33.0,2777.79
SHP-001355,2026-02-22,Midwest Freight,SO-001565,CUST-0206,2710,1355,3130,ACT-0038,200,55.0,422.98
SHP-001928,2026-02-22,BlueLine Transport,SO-002226,CUST-0163,3855,1928,4451,ACT-0018,200,4.0,1053.86
SHP-001928,2026-02-22,BlueLine Transport,SO-002226,CUST-0163,3856,1928,4452,ACT-0029,100,9.0,923.26
SHP-003394,2026-02-22,Midwest Freight,SO-003925,CUST-0006,6787,3394,7849,DRV-0027,100,55.0,1168.75
SHP-003394,2026-02-22,Midwest Freight,SO-003925,CUST-0006,6788,3394,7850,DRV-0038,200,2.0,544.32
SHP-003964,2026-02-22,BlueLine Transport,SO-004586,CUST-0203,7927,3964,9171,DRV-0018,200,9.0,1468.74
SHP-003964,2026-02-22,BlueLine Transport,SO-004586,CUST-0203,7928,3964,9172,DRV-0029,100,13.0,1617.15
SHP-005050,2026-02-22,BlueLine Transport,SO-005842,CUST-0195,10099,5050,11683,AFT-0054,300,33.0,278.7
SHP-005050,2026-02-22,BlueLine Transport,SO-005842,CUST-0195,10100,5050,11684,CTL-0005,300,55.0,1064.96
SHP-006519,2026-02-22,Midwest Freight,SO-007541,CUST-0038,13037,6519,15081,ACT-0033,100,13.0,1322.16
SHP-006519,2026-02-22,Midwest Freight,SO-007541,CUST-0038,13038,6519,15082,ACT-0044,200,22.0,191.13
SHP-007089,2026-02-22,BlueLine Transport,SO-008202,CUST-0235,14177,7089,16403,ACT-0024,200,55.0,1998.42
SHP-007089,2026-02-22,BlueLine Transport,SO-008202,CUST-0235,14178,7089,16404,ACT-0035,100,2.0,1963.86
SHP-008560,2026-02-22,Midwest Freight,SO-009901,CUST-0078,17119,8560,19801,DRV-0033,100,22.0,1124.9
SHP-008560,2026-02-22,Midwest Freight,SO-009901,CUST-0078,17120,8560,19802,DRV-0044,200,33.0,219.04
SHP-000051,2026-02-23,Roadstar Logistics,SO-000056,CUST-0233,101,51,111,SYS-0028,300,4.0,2113.15
SHP-000051,2026-02-23,Roadstar Logistics,SO-000056,CUST-0233,102,51,112,ACT-0009,100,9.0,364.09
SHP-000950,2026-02-23,BlueLine Transport,SO-001094,CUST-0119,1899,950,2187,DRV-0016,200,13.0,381.8
SHP-000950,2026-02-23,BlueLine Transport,SO-001094,CUST-0119,1900,950,2188,DRV-0027,100,22.0,1168.75
SHP-001521,2026-02-23,ParcelPro,SO-001755,CUST-0076,3041,1521,3509,DRV-0007,100,55.0,1355.9
SHP-001521,2026-02-23,ParcelPro,SO-001755,CUST-0076,3042,1521,3510,DRV-0018,200,2.0,1468.74
SHP-002090,2026-02-23,Roadstar Logistics,SO-002416,CUST-0033,4179,2090,4831,CTL-0038,300,9.0,1627.96
SHP-002090,2026-02-23,Roadstar Logistics,SO-002416,CUST-0033,4180,2090,4832,DRV-0009,100,13.0,304.81
SHP-002986,2026-02-23,BlueLine Transport,SO-003454,CUST-0159,5971,2986,6907,AFT-0026,100,22.0,194.56
SHP-002986,2026-02-23,BlueLine Transport,SO-003454,CUST-0159,5972,2986,6908,AFT-0037,100,33.0,3077.35
SHP-004073,2026-02-23,BlueLine Transport,SO-004710,CUST-0151,8145,4073,9419,ACT-0022,200,2.0,990.4
SHP-004073,2026-02-23,BlueLine Transport,SO-004710,CUST-0151,8146,4073,9420,ACT-0033,100,4.0,1322.16
SHP-004644,2026-02-23,ParcelPro,SO-005371,CUST-0108,9287,4644,10741,ACT-0013,100,13.0,371.79
SHP-004644,2026-02-23,ParcelPro,SO-005371,CUST-0108,9288,4644,10742,ACT-0024,200,22.0,1998.42
SHP-005214,2026-02-23,Roadstar Logistics,SO-006032,CUST-0065,10427,5214,12063,ACT-0004,200,55.0,202.92
SHP-005214,2026-02-23,Roadstar Logistics,SO-006032,CUST-0065,10428,5214,12064,ACT-0015,100,2.0,1074.85
SHP-006111,2026-02-23,BlueLine Transport,SO-007070,CUST-0191,12221,6111,14139,DRV-0022,200,4.0,4199.01
SHP-006111,2026-02-23,BlueLine Transport,SO-007070,CUST-0191,12222,6111,14140,DRV-0033,100,9.0,1124.9
SHP-006683,2026-02-23,ParcelPro,SO-007731,CUST-0148,13365,6683,15461,DRV-0013,100,22.0,534.23
SHP-006683,2026-02-23,ParcelPro,SO-007731,CUST-0148,13366,6683,15462,DRV-0024,200,33.0,1625.62
SHP-007769,2026-02-23,ParcelPro,SO-008987,CUST-0140,15537,7769,17973,AFT-0049,100,2.0,719.94
SHP-007769,2026-02-23,ParcelPro,SO-008987,CUST-0140,15538,7769,17974,AFT-0060,300,4.0,381.82
SHP-008341,2026-02-23,Roadstar Logistics,SO-009648,CUST-0097,16681,8341,19295,AFT-0040,100,13.0,567.45
SHP-008341,2026-02-23,Roadstar Logistics,SO-009648,CUST-0097,16682,8341,19296,AFT-0051,300,22.0,1343.81
SHP-000541,2026-02-24,ParcelPro,SO-000623,CUST-0032,1081,541,1245,AFT-0015,300,4.0,1124.21
SHP-000541,2026-02-24,ParcelPro,SO-000623,CUST-0032,1082,541,1246,AFT-0026,100,9.0,194.56
SHP-001113,2026-02-24,Roadstar Logistics,SO-001284,CUST-0229,2225,1113,2567,AFT-0006,300,22.0,5754.99
SHP-001113,2026-02-24,Roadstar Logistics,SO-001284,CUST-0229,2226,1113,2568,AFT-0017,100,33.0,1705.89
SHP-002198,2026-02-24,Roadstar Logistics,SO-002540,CUST-0221,4395,2198,5079,ACT-0002,200,2.0,398.44
SHP-002198,2026-02-24,Roadstar Logistics,SO-002540,CUST-0221,4396,2198,5080,ACT-0013,100,4.0,371.79
SHP-002768,2026-02-24,Midwest Freight,SO-003201,CUST-0178,5535,2768,6401,SYS-0023,100,13.0,2333.9
SHP-002768,2026-02-24,Midwest Freight,SO-003201,CUST-0178,5536,2768,6402,ACT-0004,200,22.0,202.92
SHP-003666,2026-02-24,ParcelPro,SO-004239,CUST-0064,7331,3666,8477,DRV-0011,100,33.0,823.38
SHP-003666,2026-02-24,ParcelPro,SO-004239,CUST-0064,7332,3666,8478,DRV-0022,200,55.0,4199.01
SHP-004235,2026-02-24,Roadstar Logistics,SO-004900,CUST-0021,8469,4235,9799,DRV-0002,200,4.0,2270.82
SHP-004235,2026-02-24,Roadstar Logistics,SO-004900,CUST-0021,8470,4235,9800,DRV-0013,100,9.0,534.23
SHP-004807,2026-02-24,Midwest Freight,SO-005561,CUST-0218,9613,4807,11121,CTL-0033,300,22.0,3676.55
SHP-004807,2026-02-24,Midwest Freight,SO-005561,CUST-0218,9614,4807,11122,DRV-0004,200,33.0,766.25
SHP-006789,2026-02-24,ParcelPro,SO-007855,CUST-0096,13577,6789,15709,ACT-0017,100,9.0,632.55
SHP-006789,2026-02-24,ParcelPro,SO-007855,CUST-0096,13578,6789,15710,ACT-0028,200,13.0,213.58
SHP-007361,2026-02-24,Roadstar Logistics,SO-008516,CUST-0053,14721,7361,17031,ACT-0008,200,33.0,227.79
SHP-007361,2026-02-24,Roadstar Logistics,SO-008516,CUST-0053,14722,7361,17032,ACT-0019,100,55.0,1249.06
SHP-007932,2026-02-24,Midwest Freight,SO-009177,CUST-0010,15863,7932,18353,SYS-0029,100,4.0,1160.41
SHP-007932,2026-02-24,Midwest Freight,SO-009177,CUST-0010,15864,7932,18354,ACT-0010,200,9.0,2233.37
SHP-000322,2026-02-25,BlueLine Transport,SO-000370,CUST-0051,643,322,739,SYS-0012,300,2.0,544.4
SHP-000322,2026-02-25,BlueLine Transport,SO-000370,CUST-0051,644,322,740,SYS-0023,100,4.0,2333.9
SHP-001791,2026-02-25,Midwest Freight,SO-002069,CUST-0134,3581,1791,4137,CTL-0031,300,33.0,1954.36
SHP-001791,2026-02-25,Midwest Freight,SO-002069,CUST-0134,3582,1791,4138,DRV-0002,200,55.0,2270.82
SHP-002361,2026-02-25,BlueLine Transport,SO-002730,CUST-0091,4721,2361,5459,CTL-0022,300,4.0,2070.12
SHP-002361,2026-02-25,BlueLine Transport,SO-002730,CUST-0091,4722,2361,5460,CTL-0033,300,9.0,3676.55
SHP-003830,2026-02-25,Midwest Freight,SO-004429,CUST-0174,7659,3830,8857,AFT-0001,100,55.0,1725.19
SHP-003830,2026-02-25,Midwest Freight,SO-004429,CUST-0174,7660,3830,8858,AFT-0012,300,2.0,1004.49
SHP-004915,2026-02-25,Midwest Freight,SO-005685,CUST-0166,9829,4915,11369,SYS-0027,100,9.0,1000.55
SHP-004915,2026-02-25,Midwest Freight,SO-005685,CUST-0166,9830,4915,11370,ACT-0008,200,13.0,227.79
SHP-005484,2026-02-25,BlueLine Transport,SO-006346,CUST-0123,10967,5484,12691,SYS-0018,300,33.0,631.4
SHP-005484,2026-02-25,BlueLine Transport,SO-006346,CUST-0123,10968,5484,12692,SYS-0029,100,55.0,1160.41
SHP-006953,2026-02-25,Midwest Freight,SO-008045,CUST-0206,13905,6953,16089,CTL-0037,300,13.0,4331.48
SHP-006953,2026-02-25,Midwest Freight,SO-008045,CUST-0206,13906,6953,16090,DRV-0008,200,22.0,260.06
SHP-007525,2026-02-25,BlueLine Transport,SO-008706,CUST-0163,15049,7525,17411,CTL-0028,300,55.0,2359.35
SHP-007525,2026-02-25,BlueLine Transport,SO-008706,CUST-0163,15050,7525,17412,CTL-0039,300,2.0,1883.77
SHP-000488,2026-02-26,Roadstar Logistics,SO-000560,CUST-0161,975,488,1119,CTL-0002,300,4.0,1099.52
SHP-000488,2026-02-26,Roadstar Logistics,SO-000560,CUST-0161,976,488,1120,CTL-0013,300,9.0,269.64
SHP-001956,2026-02-26,ParcelPro,SO-002259,CUST-0004,3911,1956,4517,ACT-0041,100,55.0,443.53
SHP-001956,2026-02-26,ParcelPro,SO-002259,CUST-0004,3912,1956,4518,ACT-0052,200,2.0,646.56
SHP-003040,2026-02-26,ParcelPro,SO-003515,CUST-0236,6079,3040,7029,SYS-0007,100,9.0,900.07
SHP-003040,2026-02-26,ParcelPro,SO-003515,CUST-0236,6080,3040,7030,SYS-0018,300,13.0,631.4
SHP-003611,2026-02-26,Roadstar Logistics,SO-004176,CUST-0193,7221,3611,8351,DRV-0058,200,33.0,2026.68
SHP-003611,2026-02-26,Roadstar Logistics,SO-004176,CUST-0193,7222,3611,8352,SYS-0009,100,55.0,550.07
SHP-004507,2026-02-26,BlueLine Transport,SO-005214,CUST-0079,9013,4507,10427,CTL-0026,300,2.0,1044.37
SHP-004507,2026-02-26,BlueLine Transport,SO-005214,CUST-0079,9014,4507,10428,CTL-0037,300,4.0,4331.48
SHP-005078,2026-02-26,ParcelPro,SO-005875,CUST-0036,10155,5078,11749,CTL-0017,300,13.0,246.26
SHP-005078,2026-02-26,ParcelPro,SO-005875,CUST-0036,10156,5078,11750,CTL-0028,300,22.0,2359.35
SHP-005649,2026-02-26,Roadstar Logistics,SO-006536,CUST-0233,11297,5649,13071,CTL-0008,300,55.0,710.8
SHP-005649,2026-02-26,Roadstar Logistics,SO-006536,CUST-0233,11298,5649,13072,CTL-0019,300,2.0,1008.86
SHP-006736,2026-02-26,Roadstar Logistics,SO-007792,CUST-0225,13471,6736,15583,AFT-0004,100,9.0,2143.65
SHP-006736,2026-02-26,Roadstar Logistics,SO-007792,CUST-0225,13472,6736,15584,AFT-0015,300,13.0,1124.21
SHP-007632,2026-02-26,BlueLine Transport,SO-008830,CUST-0111,15263,7632,17659,SYS-0022,300,22.0,4965.2
SHP-007632,2026-02-26,BlueLine Transport,SO-008830,CUST-0111,15264,7632,17660,ACT-0003,100,33.0,1998.31
SHP-008204,2026-02-26,ParcelPro,SO-009491,CUST-0068,16407,8204,18981,SYS-0013,100,2.0,871.78
SHP-008204,2026-02-26,ParcelPro,SO-009491,CUST-0068,16408,8204,18982,SYS-0024,300,4.0,5743.44
SHP-000079,2026-02-27,Midwest Freight,SO-000089,CUST-0074,157,79,177,ACT-0021,100,55.0,928.12
SHP-000079,2026-02-27,Midwest Freight,SO-000089,CUST-0074,158,79,178,ACT-0032,200,2.0,232.68
SHP-000978,2026-02-27,ParcelPro,SO-001127,CUST-0200,1955,978,2253,DRV-0039,100,4.0,385.26
SHP-000978,2026-02-27,ParcelPro,SO-001127,CUST-0200,1956,978,2254,DRV-0050,200,9.0,3137.29
SHP-001165,2026-02-27,Midwest Freight,SO-001345,CUST-0066,2329,1165,2689,DRV-0047,100,9.0,3735.12
SHP-001165,2026-02-27,Midwest Freight,SO-001345,CUST-0066,2330,1165,2690,DRV-0058,200,13.0,2026.68
SHP-002063,2026-02-27,ParcelPro,SO-002383,CUST-0192,4125,2063,4765,CTL-0015,300,22.0,505.32
SHP-002063,2026-02-27,ParcelPro,SO-002383,CUST-0192,4126,2063,4766,CTL-0026,300,33.0,1044.37
SHP-002631,2026-02-27,Roadstar Logistics,SO-003044,CUST-0149,5261,2631,6087,CTL-0006,300,2.0,1608.4
SHP-002631,2026-02-27,Roadstar Logistics,SO-003044,CUST-0149,5262,2631,6088,CTL-0017,300,4.0,246.26
SHP-003205,2026-02-27,Midwest Freight,SO-003705,CUST-0106,6409,3205,7409,AFT-0057,300,13.0,618.6
SHP-003205,2026-02-27,Midwest Freight,SO-003705,CUST-0106,6410,3205,7410,CTL-0008,300,22.0,710.8
SHP-004672,2026-02-27,Roadstar Logistics,SO-005404,CUST-0189,9343,4672,10807,ACT-0036,200,4.0,207.18
SHP-004672,2026-02-27,Roadstar Logistics,SO-005404,CUST-0189,9344,4672,10808,ACT-0047,100,9.0,766.28
SHP-005184,2026-02-27,ParcelPro,SO-005999,CUST-0224,10367,5184,11997,SYS-0011,100,4.0,1020.49
SHP-005184,2026-02-27,ParcelPro,SO-005999,CUST-0224,10368,5184,11998,SYS-0022,300,9.0,4965.2
SHP-005757,2026-02-27,Roadstar Logistics,SO-006660,CUST-0181,11513,5757,13319,SYS-0002,300,22.0,1223.7
SHP-005757,2026-02-27,Roadstar Logistics,SO-006660,CUST-0181,11514,5757,13320,SYS-0013,100,33.0,871.78
SHP-006328,2026-02-27,Midwest Freight,SO-007321,CUST-0138,12655,6328,14641,DRV-0053,100,2.0,2495.92
SHP-006328,2026-02-27,Midwest Freight,SO-007321,CUST-0138,12656,6328,14642,SYS-0004,300,4.0,271.87
SHP-007226,2026-02-27,ParcelPro,SO-008359,CUST-0024,14451,7226,16717,CTL-0021,300,9.0,849.25
SHP-007226,2026-02-27,ParcelPro,SO-008359,CUST-0024,14452,7226,16718,CTL-0032,300,13.0,1947.94
SHP-007797,2026-02-27,Roadstar Logistics,SO-009020,CUST-0221,15593,7797,18039,CTL-0012,300,33.0,4482.68
SHP-007797,2026-02-27,Roadstar Logistics,SO-009020,CUST-0221,15594,7797,18040,CTL-0023,300,55.0,1243.13
SHP-008369,2026-02-27,Midwest Freight,SO-009681,CUST-0178,16737,8369,19361,CTL-0003,300,4.0,1770.15
SHP-008369,2026-02-27,Midwest Freight,SO-009681,CUST-0178,16738,8369,19362,CTL-0014,300,9.0,376.32
SHP-000188,2026-02-28,Midwest Freight,SO-000213,CUST-0022,375,188,425,AFT-0055,100,22.0,281.39
SHP-000188,2026-02-28,Midwest Freight,SO-000213,CUST-0022,376,188,426,CTL-0006,300,33.0,1608.4
SHP-000759,2026-02-28,BlueLine Transport,SO-000874,CUST-0219,1517,759,1747,AFT-0046,100,2.0,664.15
SHP-000759,2026-02-28,BlueLine Transport,SO-000874,CUST-0219,1518,759,1748,AFT-0057,300,4.0,618.6
SHP-002225,2026-02-28,Midwest Freight,SO-002573,CUST-0062,4449,2225,5145,ACT-0025,100,33.0,2796.19
SHP-002225,2026-02-28,Midwest Freight,SO-002573,CUST-0062,4450,2225,5146,ACT-0036,200,55.0,207.18
SHP-002796,2026-02-28,BlueLine Transport,SO-003234,CUST-0019,5591,2796,6467,ACT-0016,200,4.0,217.24
SHP-002796,2026-02-28,BlueLine Transport,SO-003234,CUST-0019,5592,2796,6468,ACT-0027,100,9.0,2777.79
SHP-003882,2026-02-28,BlueLine Transport,SO-004490,CUST-0011,7763,3882,8979,DRV-0042,200,22.0,409.54
SHP-003882,2026-02-28,BlueLine Transport,SO-004490,CUST-0011,7764,3882,8980,DRV-0053,100,33.0,2495.92
SHP-005349,2026-02-28,Midwest Freight,SO-006189,CUST-0094,10697,5349,12377,CTL-0001,300,9.0,2176.28
SHP-005349,2026-02-28,Midwest Freight,SO-006189,CUST-0094,10698,5349,12378,CTL-0012,300,13.0,4482.68
SHP-005921,2026-02-28,BlueLine Transport,SO-006850,CUST-0051,11841,5921,13699,AFT-0052,100,33.0,315.62
SHP-005921,2026-02-28,BlueLine Transport,SO-006850,CUST-0051,11842,5921,13700,CTL-0003,300,55.0,1770.15
SHP-008476,2026-02-28,Midwest Freight,SO-009805,CUST-0126,16951,8476,19609,DRV-0057,100,55.0,3870.18
SHP-008476,2026-02-28,Midwest Freight,SO-009805,CUST-0126,16952,8476,19610,SYS-0008,300,2.0,218.0
SHP-000352,2026-03-01,ParcelPro,SO-000403,CUST-0132,703,352,805,ACT-0005,100,33.0,789.17
SHP-000352,2026-03-01,ParcelPro,SO-000403,CUST-0132,704,352,806,ACT-0016,200,55.0,217.24
SHP-000924,2026-03-01,Roadstar Logistics,SO-001064,CUST-0089,1847,924,2127,SYS-0026,300,4.0,1401.71
SHP-000924,2026-03-01,Roadstar Logistics,SO-001064,CUST-0089,1848,924,2128,ACT-0007,100,9.0,2766.72
SHP-001820,2026-03-01,BlueLine Transport,SO-002102,CUST-0215,3639,1820,4203,DRV-0014,200,13.0,976.85
SHP-001820,2026-03-01,BlueLine Transport,SO-002102,CUST-0215,3640,1820,4204,DRV-0025,100,22.0,2240.87
SHP-002009,2026-03-01,Roadstar Logistics,SO-002320,CUST-0081,4017,2009,4639,DRV-0022,200,22.0,4199.01
SHP-002009,2026-03-01,Roadstar Logistics,SO-002320,CUST-0081,4018,2009,4640,DRV-0033,100,33.0,1124.9
SHP-002904,2026-03-01,BlueLine Transport,SO-003358,CUST-0207,5807,2904,6715,AFT-0050,100,55.0,2471.31
SHP-002904,2026-03-01,BlueLine Transport,SO-003358,CUST-0207,5808,2904,6716,CTL-0001,300,2.0,2176.28
SHP-003476,2026-03-01,ParcelPro,SO-004019,CUST-0164,6951,3476,8037,AFT-0041,100,9.0,1163.02
SHP-003476,2026-03-01,ParcelPro,SO-004019,CUST-0164,6952,3476,8038,AFT-0052,100,13.0,315.62
SHP-004047,2026-03-01,Roadstar Logistics,SO-004680,CUST-0121,8093,4047,9359,AFT-0032,100,33.0,665.09
SHP-004047,2026-03-01,Roadstar Logistics,SO-004680,CUST-0121,8094,4047,9360,AFT-0043,100,55.0,701.72
SHP-004942,2026-03-01,BlueLine Transport,SO-005718,CUST-0007,9883,4942,11435,ACT-0020,200,2.0,626.2
SHP-004942,2026-03-01,BlueLine Transport,SO-005718,CUST-0007,9884,4942,11436,ACT-0031,100,4.0,2523.05
SHP-005512,2026-03-01,ParcelPro,SO-006379,CUST-0204,11023,5512,12757,ACT-0011,100,13.0,416.59
SHP-005512,2026-03-01,ParcelPro,SO-006379,CUST-0204,11024,5512,12758,ACT-0022,200,22.0,990.4
SHP-006027,2026-03-01,BlueLine Transport,SO-006974,CUST-0239,12053,6027,13947,DRV-0046,200,13.0,877.32
SHP-006027,2026-03-01,BlueLine Transport,SO-006974,CUST-0239,12054,6027,13948,DRV-0057,100,22.0,3870.18
SHP-006600,2026-03-01,ParcelPro,SO-007635,CUST-0196,13199,6600,15269,DRV-0037,100,55.0,4469.48
SHP-006600,2026-03-01,ParcelPro,SO-007635,CUST-0196,13200,6600,15270,DRV-0048,200,2.0,916.05
SHP-008068,2026-03-01,BlueLine Transport,SO-009334,CUST-0039,16135,8068,18667,AFT-0056,100,22.0,386.1
SHP-008068,2026-03-01,BlueLine Transport,SO-009334,CUST-0039,16136,8068,18668,CTL-0007,300,33.0,2206.98
SHP-008641,2026-03-01,ParcelPro,SO-009995,CUST-0236,17281,8641,19989,AFT-0047,100,2.0,1876.46
SHP-008641,2026-03-01,ParcelPro,SO-009995,CUST-0236,17282,8641,19990,AFT-0058,100,4.0,248.59
SHP-001032,2026-03-02,Roadstar Logistics,SO-001188,CUST-0037,2063,1032,2375,AFT-0030,300,55.0,342.02
SHP-001032,2026-03-02,Roadstar Logistics,SO-001188,CUST-0037,2064,1032,2376,AFT-0041,100,2.0,1163.02
SHP-001601,2026-03-02,Midwest Freight,SO-001849,CUST-0234,3201,1601,3697,AFT-0021,300,9.0,395.23
SHP-001601,2026-03-02,Midwest Freight,SO-001849,CUST-0234,3202,1601,3698,AFT-0032,100,13.0,665.09
SHP-002497,2026-03-02,ParcelPro,SO-002887,CUST-0120,4993,2497,5773,ACT-0009,100,22.0,364.09
SHP-002497,2026-03-02,ParcelPro,SO-002887,CUST-0120,4994,2497,5774,ACT-0020,200,33.0,626.2
SHP-003068,2026-03-02,Roadstar Logistics,SO-003548,CUST-0077,6135,3068,7095,SYS-0030,300,2.0,3308.83
SHP-003068,2026-03-02,Roadstar Logistics,SO-003548,CUST-0077,6136,3068,7096,ACT-0011,100,4.0,416.59
SHP-003640,2026-03-02,Midwest Freight,SO-004209,CUST-0034,7279,3640,8417,SYS-0021,100,13.0,1935.92
SHP-003640,2026-03-02,Midwest Freight,SO-004209,CUST-0034,7280,3640,8418,ACT-0002,200,22.0,398.44
SHP-004725,2026-03-02,Midwest Freight,SO-005465,CUST-0026,9449,4725,10929,DRV-0017,100,55.0,777.04
SHP-004725,2026-03-02,Midwest Freight,SO-005465,CUST-0026,9450,4725,10930,DRV-0028,200,2.0,2358.69
SHP-005621,2026-03-02,ParcelPro,SO-006503,CUST-0152,11241,5621,13005,AFT-0045,300,4.0,1273.82
SHP-005621,2026-03-02,ParcelPro,SO-006503,CUST-0152,11242,5621,13006,AFT-0056,100,9.0,386.1
SHP-006194,2026-03-02,Roadstar Logistics,SO-007164,CUST-0109,12387,6194,14327,AFT-0036,300,22.0,950.62
SHP-006194,2026-03-02,Roadstar Logistics,SO-007164,CUST-0109,12388,6194,14328,AFT-0047,100,33.0,1876.46
SHP-006763,2026-03-02,Midwest Freight,SO-007825,CUST-0066,13525,6763,15649,AFT-0027,300,2.0,328.06
SHP-006763,2026-03-02,Midwest Freight,SO-007825,CUST-0066,13526,6763,15650,AFT-0038,100,4.0,1359.58
SHP-007660,2026-03-02,ParcelPro,SO-008863,CUST-0192,15319,7660,17725,ACT-0015,100,9.0,1074.85
SHP-007660,2026-03-02,ParcelPro,SO-008863,CUST-0192,15320,7660,17726,ACT-0026,200,13.0,1654.16
SHP-000623,2026-03-03,Midwest Freight,SO-000717,CUST-0190,1245,623,1433,SYS-0019,100,22.0,1798.13
SHP-000623,2026-03-03,Midwest Freight,SO-000717,CUST-0190,1246,623,1434,SYS-0030,300,33.0,3308.83
SHP-001193,2026-03-03,BlueLine Transport,SO-001378,CUST-0147,2385,1193,2755,SYS-0010,300,2.0,1017.55
SHP-001193,2026-03-03,BlueLine Transport,SO-001378,CUST-0147,2386,1193,2756,SYS-0021,100,4.0,1935.92
SHP-003748,2026-03-03,Midwest Freight,SO-004333,CUST-0222,7495,3748,8665,AFT-0025,100,4.0,475.85
SHP-003748,2026-03-03,Midwest Freight,SO-004333,CUST-0222,7496,3748,8666,AFT-0036,300,9.0,950.62
SHP-004316,2026-03-03,BlueLine Transport,SO-004994,CUST-0179,8631,4316,9987,AFT-0016,100,22.0,1691.61
SHP-004316,2026-03-03,BlueLine Transport,SO-004994,CUST-0179,8632,4316,9988,AFT-0027,300,33.0,328.06
SHP-005785,2026-03-03,Midwest Freight,SO-006693,CUST-0022,11569,5785,13385,SYS-0025,100,9.0,523.8
SHP-005785,2026-03-03,Midwest Freight,SO-006693,CUST-0022,11570,5785,13386,ACT-0006,200,13.0,521.36
SHP-006357,2026-03-03,BlueLine Transport,SO-007354,CUST-0219,12713,6357,14707,SYS-0016,300,33.0,2022.21
SHP-006357,2026-03-03,BlueLine Transport,SO-007354,CUST-0219,12714,6357,14708,SYS-0027,100,55.0,1000.55
SHP-006870,2026-03-03,Midwest Freight,SO-007949,CUST-0014,13739,6870,15897,DRV-0021,100,33.0,1026.04
SHP-006870,2026-03-03,Midwest Freight,SO-007949,CUST-0014,13740,6870,15898,DRV-0032,200,55.0,242.87
SHP-007443,2026-03-03,BlueLine Transport,SO-008610,CUST-0211,14885,7443,17219,DRV-0012,200,4.0,236.26
SHP-007443,2026-03-03,BlueLine Transport,SO-008610,CUST-0211,14886,7443,17220,DRV-0023,100,9.0,1456.75
SHP-000215,2026-03-04,BlueLine Transport,SO-000246,CUST-0103,429,215,491,CTL-0018,300,9.0,685.06
SHP-000215,2026-03-04,BlueLine Transport,SO-000246,CUST-0103,430,215,492,CTL-0029,300,13.0,746.13
SHP-000787,2026-03-04,ParcelPro,SO-000907,CUST-0060,1573,787,1813,CTL-0009,300,33.0,1465.6
SHP-000787,2026-03-04,ParcelPro,SO-000907,CUST-0060,1574,787,1814,CTL-0020,300,55.0,687.1
SHP-001873,2026-03-04,ParcelPro,SO-002163,CUST-0052,3745,1873,4325,AFT-0005,100,4.0,2334.92
SHP-001873,2026-03-04,ParcelPro,SO-002163,CUST-0052,3746,1873,4326,AFT-0016,100,9.0,1691.61
SHP-002441,2026-03-04,Roadstar Logistics,SO-002824,CUST-0009,4881,2441,5647,ACT-0056,200,22.0,618.58
SHP-002441,2026-03-04,Roadstar Logistics,SO-002824,CUST-0009,4882,2441,5648,AFT-0007,100,33.0,295.96
SHP-003341,2026-03-04,BlueLine Transport,SO-003862,CUST-0135,6681,3341,7723,SYS-0014,300,55.0,847.06
SHP-003341,2026-03-04,BlueLine Transport,SO-003862,CUST-0135,6682,3341,7724,SYS-0025,100,2.0,523.8
SHP-003909,2026-03-04,ParcelPro,SO-004523,CUST-0092,7817,3909,9045,SYS-0005,100,9.0,295.22
SHP-003909,2026-03-04,ParcelPro,SO-004523,CUST-0092,7818,3909,9046,SYS-0016,300,13.0,2022.21
SHP-004480,2026-03-04,Roadstar Logistics,SO-005184,CUST-0049,8959,4480,10367,DRV-0056,200,33.0,2993.16
SHP-004480,2026-03-04,Roadstar Logistics,SO-005184,CUST-0049,8960,4480,10368,SYS-0007,100,55.0,900.07
SHP-005566,2026-03-04,Roadstar Logistics,SO-006440,CUST-0041,11131,5566,12879,CTL-0032,300,4.0,1947.94
SHP-005566,2026-03-04,Roadstar Logistics,SO-006440,CUST-0041,11132,5566,12880,DRV-0003,100,9.0,1969.66
SHP-006465,2026-03-04,BlueLine Transport,SO-007478,CUST-0167,12929,6465,14955,AFT-0020,100,13.0,783.79
SHP-006465,2026-03-04,BlueLine Transport,SO-007478,CUST-0167,12930,6465,14956,AFT-0031,100,22.0,310.16
SHP-007035,2026-03-04,ParcelPro,SO-008139,CUST-0124,14069,7035,16277,AFT-0011,100,55.0,459.76
SHP-007035,2026-03-04,ParcelPro,SO-008139,CUST-0124,14070,7035,16278,AFT-0022,100,2.0,225.36
SHP-007606,2026-03-04,Roadstar Logistics,SO-008800,CUST-0081,15211,7606,17599,AFT-0002,100,9.0,1635.19
SHP-007606,2026-03-04,Roadstar Logistics,SO-008800,CUST-0081,15212,7606,17600,AFT-0013,100,13.0,2946.6
SHP-008505,2026-03-04,BlueLine Transport,SO-009838,CUST-0207,17009,8505,19675,SYS-0020,300,22.0,3950.66
SHP-008505,2026-03-04,BlueLine Transport,SO-009838,CUST-0207,17010,8505,19676,ACT-0001,100,33.0,2375.15
SHP-000895,2026-03-05,ParcelPro,SO-001031,CUST-0008,1789,895,2061,SYS-0003,100,13.0,789.98
SHP-000895,2026-03-05,ParcelPro,SO-001031,CUST-0008,1790,895,2062,SYS-0014,300,22.0,847.06
SHP-001466,2026-03-05,Roadstar Logistics,SO-001692,CUST-0205,2931,1466,3383,DRV-0054,200,55.0,2389.07
SHP-001466,2026-03-05,Roadstar Logistics,SO-001692,CUST-0205,2932,1466,3384,SYS-0005,100,2.0,295.22
SHP-002037,2026-03-05,Midwest Freight,SO-002353,CUST-0162,4073,2037,4705,DRV-0045,100,9.0,378.8
SHP-002037,2026-03-05,Midwest Freight,SO-002353,CUST-0162,4074,2037,4706,DRV-0056,200,13.0,2993.16
SHP-002932,2026-03-05,ParcelPro,SO-003391,CUST-0048,5863,2932,6781,CTL-0013,300,22.0,269.64
SHP-002932,2026-03-05,ParcelPro,SO-003391,CUST-0048,5864,2932,6782,CTL-0024,300,33.0,782.21
SHP-003504,2026-03-05,Roadstar Logistics,SO-004052,CUST-0005,7007,3504,8103,CTL-0004,300,2.0,1388.28
SHP-003504,2026-03-05,Roadstar Logistics,SO-004052,CUST-0005,7008,3504,8104,CTL-0015,300,4.0,505.32
SHP-004018,2026-03-05,ParcelPro,SO-004647,CUST-0040,8035,4018,9293,AFT-0009,300,2.0,622.76
SHP-004018,2026-03-05,ParcelPro,SO-004647,CUST-0040,8036,4018,9294,AFT-0020,100,4.0,783.79
SHP-004589,2026-03-05,Roadstar Logistics,SO-005308,CUST-0237,9177,4589,10615,ACT-0060,200,13.0,218.01
SHP-004589,2026-03-05,Roadstar Logistics,SO-005308,CUST-0237,9178,4589,10616,AFT-0011,100,22.0,459.76
SHP-005158,2026-03-05,Midwest Freight,SO-005969,CUST-0194,10315,5158,11937,ACT-0051,100,55.0,4550.3
SHP-005158,2026-03-05,Midwest Freight,SO-005969,CUST-0194,10316,5158,11938,AFT-0002,100,2.0,1635.19
SHP-006057,2026-03-05,ParcelPro,SO-007007,CUST-0080,12113,6057,14013,SYS-0009,100,4.0,550.07
SHP-006057,2026-03-05,ParcelPro,SO-007007,CUST-0080,12114,6057,14014,SYS-0020,300,9.0,3950.66
SHP-006628,2026-03-05,Roadstar Logistics,SO-007668,CUST-0037,13255,6628,15335,DRV-0060,200,22.0,373.77
SHP-006628,2026-03-05,Roadstar Logistics,SO-007668,CUST-0037,13256,6628,15336,SYS-0011,100,33.0,1020.49
SHP-007199,2026-03-05,Midwest Freight,SO-008329,CUST-0234,14397,7199,16657,DRV-0051,100,2.0,3162.97
SHP-007199,2026-03-05,Midwest Freight,SO-008329,CUST-0234,14398,7199,16658,SYS-0002,300,4.0,1223.7
SHP-007714,2026-03-05,Roadstar Logistics,SO-008924,CUST-0029,15427,7714,17847,CTL-0036,300,2.0,3755.26
SHP-007714,2026-03-05,Roadstar Logistics,SO-008924,CUST-0029,15428,7714,17848,DRV-0007,100,4.0,1355.9
SHP-008286,2026-03-05,Midwest Freight,SO-009585,CUST-0226,16571,8286,19169,CTL-0027,300,13.0,1052.17
SHP-008286,2026-03-05,Midwest Freight,SO-009585,CUST-0226,16572,8286,19170,CTL-0038,300,22.0,1627.96
SHP-001059,2026-03-06,Midwest Freight,SO-001221,CUST-0118,2117,1059,2441,AFT-0053,100,22.0,484.99
SHP-001059,2026-03-06,Midwest Freight,SO-001221,CUST-0118,2118,1059,2442,CTL-0004,300,33.0,1388.28
SHP-001630,2026-03-06,BlueLine Transport,SO-001882,CUST-0075,3259,1630,3763,AFT-0044,100,2.0,1002.16
SHP-001630,2026-03-06,BlueLine Transport,SO-001882,CUST-0075,3260,1630,3764,AFT-0055,100,4.0,281.39
SHP-002714,2026-03-06,BlueLine Transport,SO-003138,CUST-0067,5427,2714,6275,ACT-0040,200,13.0,199.82
SHP-002714,2026-03-06,BlueLine Transport,SO-003138,CUST-0067,5428,2714,6276,ACT-0051,100,22.0,4550.3
SHP-004183,2026-03-06,Midwest Freight,SO-004837,CUST-0150,8365,4183,9673,DRV-0049,100,4.0,1199.79
SHP-004183,2026-03-06,Midwest Freight,SO-004837,CUST-0150,8366,4183,9674,DRV-0060,200,9.0,373.77
SHP-004753,2026-03-06,BlueLine Transport,SO-005498,CUST-0107,9505,4753,10995,DRV-0040,200,22.0,218.97
SHP-004753,2026-03-06,BlueLine Transport,SO-005498,CUST-0107,9506,4753,10996,DRV-0051,100,33.0,3162.97
SHP-007306,2026-03-06,Midwest Freight,SO-008453,CUST-0182,14611,7306,16905,ACT-0055,100,33.0,2134.85
SHP-007306,2026-03-06,Midwest Freight,SO-008453,CUST-0182,14612,7306,16906,AFT-0006,300,55.0,5754.99
SHP-007877,2026-03-06,BlueLine Transport,SO-009114,CUST-0139,15753,7877,18227,ACT-0046,200,4.0,543.39
SHP-007877,2026-03-06,BlueLine Transport,SO-009114,CUST-0139,15754,7877,18228,ACT-0057,100,9.0,2621.51
SHP-000651,2026-03-07,BlueLine Transport,SO-000750,CUST-0031,1301,651,1499,ACT-0012,200,9.0,310.47
SHP-000651,2026-03-07,BlueLine Transport,SO-000750,CUST-0031,1302,651,1500,ACT-0023,100,13.0,2312.23
SHP-000841,2026-03-07,Roadstar Logistics,SO-000968,CUST-0137,1681,841,1935,ACT-0020,200,13.0,626.2
SHP-000841,2026-03-07,Roadstar Logistics,SO-000968,CUST-0137,1682,841,1936,ACT-0031,100,22.0,2523.05
SHP-002306,2026-03-07,ParcelPro,SO-002667,CUST-0220,4611,2306,5333,DRV-0029,100,4.0,1617.15
SHP-002306,2026-03-07,ParcelPro,SO-002667,CUST-0220,4612,2306,5334,DRV-0040,200,9.0,218.97
SHP-002877,2026-03-07,Roadstar Logistics,SO-003328,CUST-0177,5753,2877,6655,DRV-0020,200,22.0,956.8
SHP-002877,2026-03-07,Roadstar Logistics,SO-003328,CUST-0177,5754,2877,6656,DRV-0031,100,33.0,1392.98
SHP-003776,2026-03-07,BlueLine Transport,SO-004366,CUST-0063,7551,3776,8731,AFT-0048,300,55.0,2594.19
SHP-003776,2026-03-07,BlueLine Transport,SO-004366,CUST-0063,7552,3776,8732,AFT-0059,100,2.0,270.09
SHP-004345,2026-03-07,ParcelPro,SO-005027,CUST-0020,8689,4345,10053,AFT-0039,300,9.0,8553.4
SHP-004345,2026-03-07,ParcelPro,SO-005027,CUST-0020,8690,4345,10054,AFT-0050,100,13.0,2471.31
SHP-004860,2026-03-07,BlueLine Transport,SO-005622,CUST-0055,9719,4860,11243,ACT-0044,200,9.0,191.13
SHP-004860,2026-03-07,BlueLine Transport,SO-005622,CUST-0055,9720,4860,11244,ACT-0055,100,13.0,2134.85
SHP-005430,2026-03-07,ParcelPro,SO-006283,CUST-0012,10859,5430,12565,ACT-0035,100,33.0,1963.86
SHP-005430,2026-03-07,ParcelPro,SO-006283,CUST-0012,10860,5430,12566,ACT-0046,200,55.0,543.39
SHP-006002,2026-03-07,Roadstar Logistics,SO-006944,CUST-0209,12003,6002,13887,ACT-0026,200,4.0,1654.16
SHP-006002,2026-03-07,Roadstar Logistics,SO-006944,CUST-0209,12004,6002,13888,ACT-0037,100,9.0,3791.36
SHP-006900,2026-03-07,BlueLine Transport,SO-007982,CUST-0095,13799,6900,15963,DRV-0044,200,13.0,219.04
SHP-006900,2026-03-07,BlueLine Transport,SO-007982,CUST-0095,13800,6900,15964,DRV-0055,100,22.0,5400.43
SHP-007471,2026-03-07,ParcelPro,SO-008643,CUST-0052,14941,7471,17285,DRV-0035,100,55.0,904.12
SHP-007471,2026-03-07,ParcelPro,SO-008643,CUST-0052,14942,7471,17286,DRV-0046,200,2.0,877.32
SHP-008041,2026-03-07,Roadstar Logistics,SO-009304,CUST-0009,16081,8041,18607,DRV-0026,200,9.0,638.78
SHP-008041,2026-03-07,Roadstar Logistics,SO-009304,CUST-0009,16082,8041,18608,DRV-0037,100,13.0,4469.48
SHP-008558,2026-03-07,ParcelPro,SO-009899,CUST-0044,17115,8558,19797,CTL-0011,300,9.0,2846.92
SHP-008558,2026-03-07,ParcelPro,SO-009899,CUST-0044,17116,8558,19798,CTL-0022,300,13.0,2070.12
SHP-000433,2026-03-08,Midwest Freight,SO-000497,CUST-0050,865,433,993,DRV-0009,100,4.0,304.81
SHP-000433,2026-03-08,Midwest Freight,SO-000497,CUST-0050,866,433,994,DRV-0020,200,9.0,956.8
SHP-001329,2026-03-08,ParcelPro,SO-001535,CUST-0176,2657,1329,3069,AFT-0037,100,13.0,3077.35
SHP-001329,2026-03-08,ParcelPro,SO-001535,CUST-0176,2658,1329,3070,AFT-0048,300,22.0,2594.19
SHP-001901,2026-03-08,Roadstar Logistics,SO-002196,CUST-0133,3801,1901,4391,AFT-0028,100,55.0,349.76
SHP-001901,2026-03-08,Roadstar Logistics,SO-002196,CUST-0133,3802,1901,4392,AFT-0039,300,2.0,8553.4
SHP-002469,2026-03-08,Midwest Freight,SO-002857,CUST-0090,4937,2469,5713,AFT-0019,100,9.0,769.7
SHP-002469,2026-03-08,Midwest Freight,SO-002857,CUST-0090,4938,2469,5714,AFT-0030,300,13.0,342.02
SHP-003558,2026-03-08,Midwest Freight,SO-004113,CUST-0082,7115,3558,8225,ACT-0015,100,33.0,1074.85
SHP-003558,2026-03-08,Midwest Freight,SO-004113,CUST-0082,7116,3558,8226,ACT-0026,200,55.0,1654.16
SHP-005024,2026-03-08,Roadstar Logistics,SO-005812,CUST-0165,10047,5024,11623,DRV-0024,200,13.0,1625.62
SHP-005024,2026-03-08,Roadstar Logistics,SO-005812,CUST-0165,10048,5024,11624,DRV-0035,100,22.0,904.12
SHP-005594,2026-03-08,Midwest Freight,SO-006473,CUST-0122,11187,5594,12945,DRV-0015,100,55.0,1233.73
SHP-005594,2026-03-08,Midwest Freight,SO-006473,CUST-0122,11188,5594,12946,DRV-0026,200,2.0,638.78
SHP-006493,2026-03-08,ParcelPro,SO-007511,CUST-0008,12985,6493,15021,AFT-0043,100,4.0,701.72
SHP-006493,2026-03-08,ParcelPro,SO-007511,CUST-0008,12986,6493,15022,AFT-0054,300,9.0,278.7
SHP-007578,2026-03-08,ParcelPro,SO-008767,CUST-0240,15155,7578,17533,ACT-0039,100,22.0,759.88
SHP-007578,2026-03-08,ParcelPro,SO-008767,CUST-0240,15156,7578,17534,ACT-0050,200,33.0,1066.65
SHP-008149,2026-03-08,Roadstar Logistics,SO-009428,CUST-0197,16297,8149,18855,ACT-0030,200,2.0,443.77
SHP-008149,2026-03-08,Roadstar Logistics,SO-009428,CUST-0197,16298,8149,18856,ACT-0041,100,4.0,443.53
SHP-000025,2026-03-09,BlueLine Transport,SO-000026,CUST-0203,49,25,51,AFT-0008,100,55.0,242.31
SHP-000025,2026-03-09,BlueLine Transport,SO-000026,CUST-0203,50,25,52,AFT-0019,100,2.0,769.7
SHP-001494,2026-03-09,Midwest Freight,SO-001725,CUST-0046,2987,1494,3449,SYS-0017,100,22.0,2870.14
SHP-001494,2026-03-09,Midwest Freight,SO-001725,CUST-0046,2988,1494,3450,SYS-0028,300,33.0,2113.15
SHP-002577,2026-03-09,Midwest Freight,SO-002981,CUST-0038,5153,2577,5961,DRV-0013,100,2.0,534.23
SHP-002577,2026-03-09,Midwest Freight,SO-002981,CUST-0038,5154,2577,5962,DRV-0024,200,4.0,1625.62
SHP-003149,2026-03-09,BlueLine Transport,SO-003642,CUST-0235,6297,3149,7283,DRV-0004,200,13.0,766.25
SHP-003149,2026-03-09,BlueLine Transport,SO-003642,CUST-0235,6298,3149,7284,DRV-0015,100,22.0,1233.73
SHP-004617,2026-03-09,Midwest Freight,SO-005341,CUST-0078,9233,4617,10681,AFT-0023,100,4.0,273.18
SHP-004617,2026-03-09,Midwest Freight,SO-005341,CUST-0078,9234,4617,10682,AFT-0034,100,9.0,501.15
SHP-005186,2026-03-09,BlueLine Transport,SO-006002,CUST-0035,10371,5186,12003,AFT-0014,100,22.0,936.0
SHP-005186,2026-03-09,BlueLine Transport,SO-006002,CUST-0035,10372,5186,12004,AFT-0025,100,33.0,475.85
SHP-005701,2026-03-09,Midwest Freight,SO-006597,CUST-0070,11401,5701,13193,ACT-0019,100,22.0,1249.06
SHP-005701,2026-03-09,Midwest Freight,SO-006597,CUST-0070,11402,5701,13194,ACT-0030,200,33.0,443.77
SHP-006274,2026-03-09,BlueLine Transport,SO-007258,CUST-0027,12547,6274,14515,ACT-0010,200,2.0,2233.37
SHP-006274,2026-03-09,BlueLine Transport,SO-007258,CUST-0027,12548,6274,14516,ACT-0021,100,4.0,928.12
SHP-007743,2026-03-09,Midwest Freight,SO-008957,CUST-0110,15485,7743,17913,DRV-0019,100,33.0,1404.59
SHP-007743,2026-03-09,Midwest Freight,SO-008957,CUST-0110,15486,7743,17914,DRV-0030,200,55.0,447.73
SHP-008314,2026-03-09,BlueLine Transport,SO-009618,CUST-0067,16627,8314,19235,DRV-0010,200,4.0,364.42
SHP-008314,2026-03-09,BlueLine Transport,SO-009618,CUST-0067,16628,8314,19236,DRV-0021,100,9.0,1026.04
SHP-000705,2026-03-10,ParcelPro,SO-000811,CUST-0108,1409,705,1621,CTL-0033,300,2.0,3676.55
SHP-000705,2026-03-10,ParcelPro,SO-000811,CUST-0108,1410,705,1622,DRV-0004,200,4.0,766.25
SHP-001275,2026-03-10,Roadstar Logistics,SO-001472,CUST-0065,2549,1275,2943,CTL-0024,300,13.0,782.21
SHP-001275,2026-03-10,Roadstar Logistics,SO-001472,CUST-0065,2550,1275,2944,CTL-0035,300,22.0,3084.65
SHP-002172,2026-03-10,BlueLine Transport,SO-002510,CUST-0191,4343,2172,5019,AFT-0012,300,33.0,1004.49
SHP-002172,2026-03-10,BlueLine Transport,SO-002510,CUST-0191,4344,2172,5020,AFT-0023,100,55.0,273.18
SHP-002742,2026-03-10,ParcelPro,SO-003171,CUST-0148,5483,2742,6341,AFT-0003,300,4.0,4514.04
SHP-002742,2026-03-10,ParcelPro,SO-003171,CUST-0148,5484,2742,6342,AFT-0014,100,9.0,936.0
SHP-003314,2026-03-10,Roadstar Logistics,SO-003832,CUST-0105,6627,3314,7663,ACT-0054,200,22.0,3824.58
SHP-003314,2026-03-10,Roadstar Logistics,SO-003832,CUST-0105,6628,3314,7664,AFT-0005,100,33.0,2334.92
SHP-004398,2026-03-10,Roadstar Logistics,SO-005088,CUST-0097,8795,4398,10175,SYS-0020,300,2.0,3950.66
SHP-004398,2026-03-10,Roadstar Logistics,SO-005088,CUST-0097,8796,4398,10176,ACT-0001,100,4.0,2375.15
SHP-005294,2026-03-10,BlueLine Transport,SO-006126,CUST-0223,10587,5294,12251,DRV-0008,200,9.0,260.06
SHP-005294,2026-03-10,BlueLine Transport,SO-006126,CUST-0223,10588,5294,12252,DRV-0019,100,13.0,1404.59
SHP-005867,2026-03-10,ParcelPro,SO-006787,CUST-0180,11733,5867,13573,CTL-0039,300,33.0,1883.77
SHP-005867,2026-03-10,ParcelPro,SO-006787,CUST-0180,11734,5867,13574,DRV-0010,200,55.0,364.42
SHP-006438,2026-03-10,Roadstar Logistics,SO-007448,CUST-0137,12875,6438,14895,CTL-0030,300,4.0,2928.54
SHP-006438,2026-03-10,Roadstar Logistics,SO-007448,CUST-0137,12876,6438,14896,DRV-0001,100,9.0,1077.99
SHP-007334,2026-03-10,BlueLine Transport,SO-008486,CUST-0023,14667,7334,16971,AFT-0018,300,13.0,583.67
SHP-007334,2026-03-10,BlueLine Transport,SO-008486,CUST-0023,14668,7334,16972,AFT-0029,100,22.0,438.34
SHP-008421,2026-03-10,BlueLine Transport,SO-009742,CUST-0015,16841,8421,19483,ACT-0014,200,55.0,544.47
SHP-008421,2026-03-10,BlueLine Transport,SO-009742,CUST-0015,16842,8421,19484,ACT-0025,100,2.0,2796.19
SHP-000869,2026-03-11,Midwest Freight,SO-001001,CUST-0218,1737,869,2001,ACT-0043,100,4.0,499.75
SHP-000869,2026-03-11,Midwest Freight,SO-001001,CUST-0218,1738,869,2002,ACT-0054,200,9.0,3824.58
SHP-001765,2026-03-11,ParcelPro,SO-002039,CUST-0104,3529,1765,4077,SYS-0001,100,13.0,484.28
SHP-001765,2026-03-11,ParcelPro,SO-002039,CUST-0104,3530,1765,4078,SYS-0012,300,22.0,544.4
SHP-002334,2026-03-11,Roadstar Logistics,SO-002700,CUST-0061,4667,2334,5399,DRV-0052,200,55.0,1298.13
SHP-002334,2026-03-11,Roadstar Logistics,SO-002700,CUST-0061,4668,2334,5400,SYS-0003,100,2.0,789.98
SHP-002849,2026-03-11,ParcelPro,SO-003295,CUST-0096,5697,2849,6589,CTL-0037,300,55.0,4331.48
SHP-002849,2026-03-11,ParcelPro,SO-003295,CUST-0096,5698,2849,6590,DRV-0008,200,2.0,260.06
SHP-003420,2026-03-11,Roadstar Logistics,SO-003956,CUST-0053,6839,3420,7911,CTL-0028,300,9.0,2359.35
SHP-003420,2026-03-11,Roadstar Logistics,SO-003956,CUST-0053,6840,3420,7912,CTL-0039,300,13.0,1883.77
SHP-003992,2026-03-11,Midwest Freight,SO-004617,CUST-0010,7983,3992,9233,CTL-0019,300,33.0,1008.86
SHP-003992,2026-03-11,Midwest Freight,SO-004617,CUST-0010,7984,3992,9234,CTL-0030,300,55.0,2928.54
SHP-004889,2026-03-11,ParcelPro,SO-005655,CUST-0136,9777,4889,11309,AFT-0007,100,2.0,295.96
SHP-004889,2026-03-11,ParcelPro,SO-005655,CUST-0136,9778,4889,11310,AFT-0018,300,4.0,583.67
SHP-005458,2026-03-11,Roadstar Logistics,SO-006316,CUST-0093,10915,5458,12631,ACT-0058,200,13.0,360.61
SHP-005458,2026-03-11,Roadstar Logistics,SO-006316,CUST-0093,10916,5458,12632,AFT-0009,300,22.0,622.76
SHP-006030,2026-03-11,Midwest Freight,SO-006977,CUST-0050,12059,6030,13953,ACT-0049,100,55.0,830.3
SHP-006030,2026-03-11,Midwest Freight,SO-006977,CUST-0050,12060,6030,13954,ACT-0060,200,2.0,218.01
SHP-006545,2026-03-11,Roadstar Logistics,SO-007572,CUST-0085,13089,6545,15143,SYS-0024,300,55.0,5743.44
SHP-006545,2026-03-11,Roadstar Logistics,SO-007572,CUST-0085,13090,6545,15144,ACT-0005,100,2.0,789.17
SHP-007116,2026-03-11,Midwest Freight,SO-008233,CUST-0042,14231,7116,16465,SYS-0015,100,9.0,5502.56
SHP-007116,2026-03-11,Midwest Freight,SO-008233,CUST-0042,14232,7116,16466,SYS-0026,300,13.0,1401.71
SHP-008013,2026-03-11,ParcelPro,SO-009271,CUST-0168,16025,8013,18541,DRV-0003,100,22.0,1969.66
SHP-008013,2026-03-11,ParcelPro,SO-009271,CUST-0168,16026,8013,18542,DRV-0014,200,33.0,976.85
SHP-008587,2026-03-11,Roadstar Logistics,SO-009932,CUST-0125,17173,8587,19863,CTL-0034,300,2.0,1946.56
SHP-008587,2026-03-11,Roadstar Logistics,SO-009932,CUST-0125,17174,8587,19864,DRV-0005,100,4.0,1162.73
SHP-000461,2026-03-12,BlueLine Transport,SO-000530,CUST-0131,921,461,1059,DRV-0032,200,55.0,242.87
SHP-000461,2026-03-12,BlueLine Transport,SO-000530,CUST-0131,922,461,1060,DRV-0043,100,2.0,581.68
SHP-001547,2026-03-12,BlueLine Transport,SO-001786,CUST-0123,3093,1547,3571,CTL-0008,300,9.0,710.8
SHP-001547,2026-03-12,BlueLine Transport,SO-001786,CUST-0123,3094,1547,3572,CTL-0019,300,13.0,1008.86
SHP-003586,2026-03-12,BlueLine Transport,SO-004146,CUST-0163,7171,3586,8291,ACT-0038,200,13.0,422.98
SHP-003586,2026-03-12,BlueLine Transport,SO-004146,CUST-0163,7172,3586,8292,ACT-0049,100,22.0,830.3
SHP-006138,2026-03-12,Midwest Freight,SO-007101,CUST-0238,12275,6138,14201,CTL-0023,300,22.0,1243.13
SHP-006138,2026-03-12,Midwest Freight,SO-007101,CUST-0238,12276,6138,14202,CTL-0034,300,33.0,1946.56
SHP-006711,2026-03-12,BlueLine Transport,SO-007762,CUST-0195,13421,6711,15523,CTL-0014,300,2.0,376.32
SHP-006711,2026-03-12,BlueLine Transport,SO-007762,CUST-0195,13422,6711,15524,CTL-0025,300,4.0,1240.54
SHP-008177,2026-03-12,Midwest Freight,SO-009461,CUST-0038,16353,8177,18921,ACT-0053,100,33.0,457.71
SHP-008177,2026-03-12,Midwest Freight,SO-009461,CUST-0038,16354,8177,18922,AFT-0004,100,55.0,2143.65
SHP-000568,2026-03-13,BlueLine Transport,SO-000654,CUST-0079,1135,568,1307,ACT-0036,200,22.0,207.18
SHP-000568,2026-03-13,BlueLine Transport,SO-000654,CUST-0079,1136,568,1308,ACT-0047,100,33.0,766.28
SHP-001140,2026-03-13,ParcelPro,SO-001315,CUST-0036,2279,1140,2629,ACT-0027,100,2.0,2777.79
SHP-001140,2026-03-13,ParcelPro,SO-001315,CUST-0036,2280,1140,2630,ACT-0038,200,4.0,422.98
SHP-001711,2026-03-13,Roadstar Logistics,SO-001976,CUST-0233,3421,1711,3951,ACT-0018,200,13.0,1053.86
SHP-001711,2026-03-13,Roadstar Logistics,SO-001976,CUST-0233,3422,1711,3952,ACT-0029,100,22.0,923.26
SHP-002605,2026-03-13,BlueLine Transport,SO-003014,CUST-0119,5209,2605,6027,DRV-0036,200,33.0,1497.18
SHP-002605,2026-03-13,BlueLine Transport,SO-003014,CUST-0119,5210,2605,6028,DRV-0047,100,55.0,3735.12
SHP-003178,2026-03-13,ParcelPro,SO-003675,CUST-0076,6355,3178,7349,DRV-0027,100,4.0,1168.75
SHP-003178,2026-03-13,ParcelPro,SO-003675,CUST-0076,6356,3178,7350,DRV-0038,200,9.0,544.32
SHP-003692,2026-03-13,BlueLine Transport,SO-004270,CUST-0111,7383,3692,8539,CTL-0012,300,4.0,4482.68
SHP-003692,2026-03-13,BlueLine Transport,SO-004270,CUST-0111,7384,3692,8540,CTL-0023,300,9.0,1243.13
SHP-004262,2026-03-13,ParcelPro,SO-004931,CUST-0068,8523,4262,9861,CTL-0003,300,22.0,1770.15
SHP-004262,2026-03-13,ParcelPro,SO-004931,CUST-0068,8524,4262,9862,CTL-0014,300,33.0,376.32
SHP-004835,2026-03-13,Roadstar Logistics,SO-005592,CUST-0025,9669,4835,11183,AFT-0054,300,2.0,278.7
SHP-004835,2026-03-13,Roadstar Logistics,SO-005592,CUST-0025,9670,4835,11184,CTL-0005,300,4.0,1064.96
SHP-006302,2026-03-13,ParcelPro,SO-007291,CUST-0108,12603,6302,14581,ACT-0033,100,33.0,1322.16
SHP-006302,2026-03-13,ParcelPro,SO-007291,CUST-0108,12604,6302,14582,ACT-0044,200,55.0,191.13
SHP-006873,2026-03-13,Roadstar Logistics,SO-007952,CUST-0065,13745,6873,15903,ACT-0024,200,4.0,1998.42
SHP-006873,2026-03-13,Roadstar Logistics,SO-007952,CUST-0065,13746,6873,15904,ACT-0035,100,9.0,1963.86
SHP-007387,2026-03-13,ParcelPro,SO-008547,CUST-0100,14773,7387,17093,DRV-0059,100,4.0,4086.27
SHP-007387,2026-03-13,ParcelPro,SO-008547,CUST-0100,14774,7387,17094,SYS-0010,300,9.0,1017.55
SHP-007959,2026-03-13,Roadstar Logistics,SO-009208,CUST-0057,15917,7959,18415,DRV-0050,200,22.0,3137.29
SHP-007959,2026-03-13,Roadstar Logistics,SO-009208,CUST-0057,15918,7959,18416,SYS-0001,100,33.0,484.28
SHP-000161,2026-03-14,ParcelPro,SO-000183,CUST-0232,321,161,365,DRV-0025,100,9.0,2240.87
SHP-000161,2026-03-14,ParcelPro,SO-000183,CUST-0232,322,161,366,DRV-0036,200,13.0,1497.18
SHP-000734,2026-03-14,Roadstar Logistics,SO-000844,CUST-0189,1467,734,1687,DRV-0016,200,33.0,381.8
SHP-000734,2026-03-14,Roadstar Logistics,SO-000844,CUST-0189,1468,734,1688,DRV-0027,100,55.0,1168.75
SHP-001303,2026-03-14,Midwest Freight,SO-001505,CUST-0146,2605,1303,3009,DRV-0007,100,4.0,1355.9
SHP-001303,2026-03-14,Midwest Freight,SO-001505,CUST-0146,2606,1303,3010,DRV-0018,200,9.0,1468.74
SHP-002388,2026-03-14,Midwest Freight,SO-002761,CUST-0138,4775,2388,5521,AFT-0043,100,22.0,701.72
SHP-002388,2026-03-14,Midwest Freight,SO-002761,CUST-0138,4776,2388,5522,AFT-0054,300,33.0,278.7
SHP-003286,2026-03-14,ParcelPro,SO-003799,CUST-0024,6571,3286,7597,ACT-0031,100,55.0,2523.05
SHP-003286,2026-03-14,ParcelPro,SO-003799,CUST-0024,6572,3286,7598,ACT-0042,200,2.0,643.48
SHP-003857,2026-03-14,Roadstar Logistics,SO-004460,CUST-0221,7713,3857,8919,ACT-0022,200,9.0,990.4
SHP-003857,2026-03-14,Roadstar Logistics,SO-004460,CUST-0221,7714,3857,8920,ACT-0033,100,13.0,1322.16
SHP-004426,2026-03-14,Midwest Freight,SO-005121,CUST-0178,8851,4426,10241,ACT-0013,100,33.0,371.79
SHP-004426,2026-03-14,Midwest Freight,SO-005121,CUST-0178,8852,4426,10242,ACT-0024,200,55.0,1998.42
SHP-005322,2026-03-14,ParcelPro,SO-006159,CUST-0064,10643,5322,12317,DRV-0031,100,2.0,1392.98
SHP-005322,2026-03-14,ParcelPro,SO-006159,CUST-0064,10644,5322,12318,DRV-0042,200,4.0,409.54
SHP-006410,2026-03-14,ParcelPro,SO-007415,CUST-0056,12819,6410,14829,CTL-0007,300,13.0,2206.98
SHP-006410,2026-03-14,ParcelPro,SO-007415,CUST-0056,12820,6410,14830,CTL-0018,300,22.0,685.06
SHP-006980,2026-03-14,Roadstar Logistics,SO-008076,CUST-0013,13959,6980,16151,AFT-0058,100,55.0,248.59
SHP-006980,2026-03-14,Roadstar Logistics,SO-008076,CUST-0013,13960,6980,16152,CTL-0009,300,2.0,1465.6
SHP-007553,2026-03-14,Midwest Freight,SO-008737,CUST-0210,15105,7553,17473,AFT-0049,100,9.0,719.94
SHP-007553,2026-03-14,Midwest Freight,SO-008737,CUST-0210,15106,7553,17474,AFT-0060,300,13.0,381.82
SHP-001410,2026-03-15,Midwest Freight,SO-001629,CUST-0094,2819,1410,3257,ACT-0011,100,55.0,416.59
SHP-001410,2026-03-15,Midwest Freight,SO-001629,CUST-0094,2820,1410,3258,ACT-0022,200,2.0,990.4
SHP-001983,2026-03-15,BlueLine Transport,SO-002290,CUST-0051,3965,1983,4579,ACT-0002,200,9.0,398.44
SHP-001983,2026-03-15,BlueLine Transport,SO-002290,CUST-0051,3966,1983,4580,ACT-0013,100,13.0,371.79
SHP-003449,2026-03-15,Midwest Freight,SO-003989,CUST-0134,6897,3449,7977,DRV-0011,100,2.0,823.38
SHP-003449,2026-03-15,Midwest Freight,SO-003989,CUST-0134,6898,3449,7978,DRV-0022,200,4.0,4199.01
SHP-004021,2026-03-15,BlueLine Transport,SO-004650,CUST-0091,8041,4021,9299,DRV-0002,200,13.0,2270.82
SHP-004021,2026-03-15,BlueLine Transport,SO-004650,CUST-0091,8042,4021,9300,DRV-0013,100,22.0,534.23
SHP-004534,2026-03-15,Midwest Freight,SO-005245,CUST-0126,9067,4534,10489,AFT-0047,100,13.0,1876.46
SHP-004534,2026-03-15,Midwest Freight,SO-005245,CUST-0126,9068,4534,10490,AFT-0058,100,22.0,248.59
SHP-005105,2026-03-15,BlueLine Transport,SO-005906,CUST-0083,10209,5105,11811,AFT-0038,100,55.0,1359.58
SHP-005105,2026-03-15,BlueLine Transport,SO-005906,CUST-0083,10210,5105,11812,AFT-0049,100,2.0,719.94
SHP-006574,2026-03-15,Midwest Freight,SO-007605,CUST-0166,13147,6574,15209,ACT-0017,100,22.0,632.55
SHP-006574,2026-03-15,Midwest Freight,SO-007605,CUST-0166,13148,6574,15210,ACT-0028,200,33.0,213.58
SHP-007144,2026-03-15,BlueLine Transport,SO-008266,CUST-0123,14287,7144,16531,ACT-0008,200,2.0,227.79
SHP-007144,2026-03-15,BlueLine Transport,SO-008266,CUST-0123,14288,7144,16532,ACT-0019,100,4.0,1249.06
SHP-008230,2026-03-15,BlueLine Transport,SO-009522,CUST-0115,16459,8230,19043,DRV-0034,200,13.0,423.99
SHP-008230,2026-03-15,BlueLine Transport,SO-009522,CUST-0115,16460,8230,19044,DRV-0045,100,22.0,378.8
SHP-000106,2026-03-16,Roadstar Logistics,SO-000120,CUST-0121,211,106,239,SYS-0012,300,9.0,544.4
SHP-000106,2026-03-16,Roadstar Logistics,SO-000120,CUST-0121,212,106,240,SYS-0023,100,13.0,2333.9
SHP-001005,2026-03-16,BlueLine Transport,SO-001158,CUST-0007,2009,1005,2315,CTL-0040,300,22.0,3693.39
SHP-001005,2026-03-16,BlueLine Transport,SO-001158,CUST-0007,2010,1005,2316,DRV-0011,100,33.0,823.38
SHP-002146,2026-03-16,Roadstar Logistics,SO-002480,CUST-0161,4291,2146,4959,CTL-0022,300,13.0,2070.12
SHP-002146,2026-03-16,Roadstar Logistics,SO-002480,CUST-0161,4292,2146,4960,CTL-0033,300,22.0,3676.55
SHP-003232,2026-03-16,Roadstar Logistics,SO-003736,CUST-0153,6463,3232,7471,AFT-0018,300,55.0,583.67
SHP-003232,2026-03-16,Roadstar Logistics,SO-003736,CUST-0153,6464,3232,7472,AFT-0029,100,2.0,438.34
SHP-004128,2026-03-16,BlueLine Transport,SO-004774,CUST-0039,8255,4128,9547,ACT-0006,200,4.0,521.36
SHP-004128,2026-03-16,BlueLine Transport,SO-004774,CUST-0039,8256,4128,9548,ACT-0017,100,9.0,632.55
SHP-004699,2026-03-16,ParcelPro,SO-005435,CUST-0236,9397,4699,10869,SYS-0027,100,22.0,1000.55
SHP-004699,2026-03-16,ParcelPro,SO-005435,CUST-0236,9398,4699,10870,ACT-0008,200,33.0,227.79
SHP-005268,2026-03-16,Roadstar Logistics,SO-006096,CUST-0193,10535,5268,12191,SYS-0018,300,2.0,631.4
SHP-005268,2026-03-16,Roadstar Logistics,SO-006096,CUST-0193,10536,5268,12192,SYS-0029,100,4.0,1160.41
SHP-006167,2026-03-16,BlueLine Transport,SO-007134,CUST-0079,12333,6167,14267,DRV-0006,200,9.0,1777.77
SHP-006167,2026-03-16,BlueLine Transport,SO-007134,CUST-0079,12334,6167,14268,DRV-0017,100,13.0,777.04
SHP-007253,2026-03-16,BlueLine Transport,SO-008390,CUST-0071,14505,7253,16779,AFT-0042,300,33.0,299.23
SHP-007253,2026-03-16,BlueLine Transport,SO-008390,CUST-0071,14506,7253,16780,AFT-0053,100,55.0,484.99
SHP-007824,2026-03-16,ParcelPro,SO-009051,CUST-0028,15647,7824,18101,AFT-0033,300,4.0,997.68
SHP-007824,2026-03-16,ParcelPro,SO-009051,CUST-0028,15648,7824,18102,AFT-0044,100,9.0,1002.16
SHP-008396,2026-03-16,Roadstar Logistics,SO-009712,CUST-0225,16791,8396,19423,AFT-0024,300,22.0,584.52
SHP-008396,2026-03-16,Roadstar Logistics,SO-009712,CUST-0225,16792,8396,19424,AFT-0035,100,33.0,2292.51
SHP-000596,2026-03-17,ParcelPro,SO-000687,CUST-0160,1191,596,1373,ACT-0059,100,9.0,860.8
SHP-000596,2026-03-17,ParcelPro,SO-000687,CUST-0160,1192,596,1374,AFT-0010,100,13.0,221.83
SHP-001683,2026-03-17,ParcelPro,SO-001943,CUST-0152,3365,1683,3885,SYS-0025,100,33.0,523.8
SHP-001683,2026-03-17,ParcelPro,SO-001943,CUST-0152,3366,1683,3886,ACT-0006,200,55.0,521.36
SHP-002252,2026-03-17,Roadstar Logistics,SO-002604,CUST-0109,4503,2252,5207,SYS-0016,300,4.0,2022.21
SHP-002252,2026-03-17,Roadstar Logistics,SO-002604,CUST-0109,4504,2252,5208,SYS-0027,100,9.0,1000.55
SHP-002823,2026-03-17,Midwest Freight,SO-003265,CUST-0066,5645,2823,6529,SYS-0007,100,22.0,900.07
SHP-002823,2026-03-17,Midwest Freight,SO-003265,CUST-0066,5646,2823,6530,SYS-0018,300,33.0,631.4
SHP-003721,2026-03-17,ParcelPro,SO-004303,CUST-0192,7441,3721,8605,CTL-0035,300,55.0,3084.65
SHP-003721,2026-03-17,ParcelPro,SO-004303,CUST-0192,7442,3721,8606,DRV-0006,200,2.0,1777.77
SHP-004863,2026-03-17,Midwest Freight,SO-005625,CUST-0106,9725,4863,11249,CTL-0017,300,33.0,246.26
SHP-004863,2026-03-17,Midwest Freight,SO-005625,CUST-0106,9726,4863,11250,CTL-0028,300,55.0,2359.35
SHP-005376,2026-03-17,Roadstar Logistics,SO-006220,CUST-0141,10751,5376,12439,AFT-0022,100,33.0,225.36
SHP-005376,2026-03-17,Roadstar Logistics,SO-006220,CUST-0141,10752,5376,12440,AFT-0033,300,55.0,997.68
SHP-005948,2026-03-17,Midwest Freight,SO-006881,CUST-0098,11895,5948,13761,AFT-0013,100,4.0,2946.6
SHP-005948,2026-03-17,Midwest Freight,SO-006881,CUST-0098,11896,5948,13762,AFT-0024,300,9.0,584.52
SHP-006844,2026-03-17,ParcelPro,SO-007919,CUST-0224,13687,6844,15837,ACT-0001,100,13.0,2375.15
SHP-006844,2026-03-17,ParcelPro,SO-007919,CUST-0224,13688,6844,15838,ACT-0012,200,22.0,310.47
SHP-007417,2026-03-17,Roadstar Logistics,SO-008580,CUST-0181,14833,7417,17159,SYS-0022,300,55.0,4965.2
SHP-007417,2026-03-17,Roadstar Logistics,SO-008580,CUST-0181,14834,7417,17160,ACT-0003,100,2.0,1998.31
SHP-007987,2026-03-17,Midwest Freight,SO-009241,CUST-0138,15973,7987,18481,SYS-0013,100,9.0,871.78
SHP-007987,2026-03-17,Midwest Freight,SO-009241,CUST-0138,15974,7987,18482,SYS-0024,300,13.0,5743.44
SHP-000380,2026-03-18,BlueLine Transport,SO-000434,CUST-0179,759,380,867,DRV-0056,200,4.0,2993.16
SHP-000380,2026-03-18,BlueLine Transport,SO-000434,CUST-0179,760,380,868,SYS-0007,100,9.0,900.07
SHP-001847,2026-03-18,Midwest Freight,SO-002133,CUST-0022,3693,1847,4265,CTL-0015,300,55.0,505.32
SHP-001847,2026-03-18,Midwest Freight,SO-002133,CUST-0022,3694,1847,4266,CTL-0026,300,2.0,1044.37
SHP-002415,2026-03-18,BlueLine Transport,SO-002794,CUST-0219,4829,2415,5587,CTL-0006,300,9.0,1608.4
SHP-002415,2026-03-18,BlueLine Transport,SO-002794,CUST-0219,4830,2415,5588,CTL-0017,300,13.0,246.26
SHP-004969,2026-03-18,Midwest Freight,SO-005749,CUST-0054,9937,4969,11497,SYS-0011,100,13.0,1020.49
SHP-004969,2026-03-18,Midwest Freight,SO-005749,CUST-0054,9938,4969,11498,SYS-0022,300,22.0,4965.2
SHP-005540,2026-03-18,BlueLine Transport,SO-006410,CUST-0011,11079,5540,12819,SYS-0002,300,55.0,1223.7
SHP-005540,2026-03-18,BlueLine Transport,SO-006410,CUST-0011,11080,5540,12820,SYS-0013,100,2.0,871.78
SHP-008095,2026-03-18,Midwest Freight,SO-009365,CUST-0086,16189,8095,18729,AFT-0017,100,2.0,1705.89
SHP-008095,2026-03-18,Midwest Freight,SO-009365,CUST-0086,16190,8095,18730,AFT-0028,100,4.0,349.76
SHP-000542,2026-03-19,Roadstar Logistics,SO-000624,CUST-0049,1083,542,1247,AFT-0046,100,9.0,664.15
SHP-000542,2026-03-19,Roadstar Logistics,SO-000624,CUST-0049,1084,542,1248,AFT-0057,300,13.0,618.6
SHP-001438,2026-03-19,BlueLine Transport,SO-001662,CUST-0175,2875,1438,3323,ACT-0034,200,22.0,338.7
SHP-001438,2026-03-19,BlueLine Transport,SO-001662,CUST-0175,2876,1438,3324,ACT-0045,100,33.0,311.98
SHP-002523,2026-03-19,BlueLine Transport,SO-002918,CUST-0167,5045,2523,5835,DRV-0060,200,2.0,373.77
SHP-002523,2026-03-19,BlueLine Transport,SO-002918,CUST-0167,5046,2523,5836,SYS-0011,100,4.0,1020.49
SHP-003096,2026-03-19,ParcelPro,SO-003579,CUST-0124,6191,3096,7157,DRV-0051,100,13.0,3162.97
SHP-003096,2026-03-19,ParcelPro,SO-003579,CUST-0124,6192,3096,7158,SYS-0002,300,22.0,1223.7
SHP-003667,2026-03-19,Roadstar Logistics,SO-004240,CUST-0081,7333,3667,8479,DRV-0042,200,55.0,409.54
SHP-003667,2026-03-19,Roadstar Logistics,SO-004240,CUST-0081,7334,3667,8480,DRV-0053,100,2.0,2495.92
SHP-004563,2026-03-19,BlueLine Transport,SO-005278,CUST-0207,9125,4563,10555,CTL-0010,300,4.0,2841.49
SHP-004563,2026-03-19,BlueLine Transport,SO-005278,CUST-0207,9126,4563,10556,CTL-0021,300,9.0,849.25
SHP-005132,2026-03-19,ParcelPro,SO-005939,CUST-0164,10263,5132,11877,CTL-0001,300,22.0,2176.28
SHP-005132,2026-03-19,ParcelPro,SO-005939,CUST-0164,10264,5132,11878,CTL-0012,300,33.0,4482.68
SHP-005704,2026-03-19,Roadstar Logistics,SO-006600,CUST-0121,11407,5704,13199,AFT-0052,100,2.0,315.62
SHP-005704,2026-03-19,Roadstar Logistics,SO-006600,CUST-0121,11408,5704,13200,CTL-0003,300,4.0,1770.15
SHP-006220,2026-03-19,ParcelPro,SO-007195,CUST-0156,12439,6220,14389,ACT-0057,100,2.0,2621.51
SHP-006220,2026-03-19,ParcelPro,SO-007195,CUST-0156,12440,6220,14390,AFT-0008,100,4.0,242.31
SHP-006790,2026-03-19,Roadstar Logistics,SO-007856,CUST-0113,13579,6790,15711,ACT-0048,200,13.0,383.41
SHP-006790,2026-03-19,Roadstar Logistics,SO-007856,CUST-0113,13580,6790,15712,ACT-0059,100,22.0,860.8
SHP-007687,2026-03-19,BlueLine Transport,SO-008894,CUST-0239,15373,7687,17787,SYS-0006,300,33.0,436.61
SHP-007687,2026-03-19,BlueLine Transport,SO-008894,CUST-0239,15374,7687,17788,SYS-0017,100,55.0,2870.14
SHP-008260,2026-03-19,ParcelPro,SO-009555,CUST-0196,16519,8260,19109,DRV-0057,100,4.0,3870.18
SHP-008260,2026-03-19,ParcelPro,SO-009555,CUST-0196,16520,8260,19110,SYS-0008,300,9.0,218.0
SHP-001221,2026-03-20,Midwest Freight,SO-001409,CUST-0194,2441,1221,2817,DRV-0031,100,13.0,1392.98
SHP-001221,2026-03-20,Midwest Freight,SO-001409,CUST-0194,2442,1221,2818,DRV-0042,200,22.0,409.54
SHP-002118,2026-03-20,ParcelPro,SO-002447,CUST-0080,4235,2118,4893,AFT-0059,100,33.0,270.09
SHP-002118,2026-03-20,ParcelPro,SO-002447,CUST-0080,4236,2118,4894,CTL-0010,300,55.0,2841.49
SHP-002688,2026-03-20,Roadstar Logistics,SO-003108,CUST-0037,5375,2688,6215,AFT-0050,100,4.0,2471.31
SHP-002688,2026-03-20,Roadstar Logistics,SO-003108,CUST-0037,5376,2688,6216,CTL-0001,300,9.0,2176.28
SHP-003260,2026-03-20,Midwest Freight,SO-003769,CUST-0234,6519,3260,7537,AFT-0041,100,22.0,1163.02
SHP-003260,2026-03-20,Midwest Freight,SO-003769,CUST-0234,6520,3260,7538,AFT-0052,100,33.0,315.62
SHP-004156,2026-03-20,ParcelPro,SO-004807,CUST-0120,8311,4156,9613,ACT-0029,100,55.0,923.26
SHP-004156,2026-03-20,ParcelPro,SO-004807,CUST-0120,8312,4156,9614,ACT-0040,200,2.0,199.82
SHP-005240,2026-03-20,ParcelPro,SO-006063,CUST-0112,10479,5240,12125,DRV-0055,100,9.0,5400.43
SHP-005240,2026-03-20,ParcelPro,SO-006063,CUST-0112,10480,5240,12126,SYS-0006,300,13.0,436.61
SHP-005813,2026-03-20,Roadstar Logistics,SO-006724,CUST-0069,11625,5813,13447,DRV-0046,200,33.0,877.32
SHP-005813,2026-03-20,Roadstar Logistics,SO-006724,CUST-0069,11626,5813,13448,DRV-0057,100,55.0,3870.18
SHP-006385,2026-03-20,Midwest Freight,SO-007385,CUST-0026,12769,6385,14769,DRV-0037,100,4.0,4469.48
SHP-006385,2026-03-20,Midwest Freight,SO-007385,CUST-0026,12770,6385,14770,DRV-0048,200,9.0,916.05
SHP-007281,2026-03-20,ParcelPro,SO-008423,CUST-0152,14561,7281,16845,CTL-0005,300,13.0,1064.96
SHP-007281,2026-03-20,ParcelPro,SO-008423,CUST-0152,14562,7281,16846,CTL-0016,300,22.0,273.05
SHP-007851,2026-03-20,Roadstar Logistics,SO-009084,CUST-0109,15701,7851,18167,AFT-0056,100,55.0,386.1
SHP-007851,2026-03-20,Roadstar Logistics,SO-009084,CUST-0109,15702,7851,18168,CTL-0007,300,2.0,2206.98
SHP-000242,2026-03-21,Midwest Freight,SO-000277,CUST-0150,483,242,553,AFT-0039,300,33.0,8553.4
SHP-000242,2026-03-21,Midwest Freight,SO-000277,CUST-0150,484,242,554,AFT-0050,100,55.0,2471.31
SHP-000815,2026-03-21,BlueLine Transport,SO-000938,CUST-0107,1629,815,1875,AFT-0030,300,4.0,342.02
SHP-000815,2026-03-21,BlueLine Transport,SO-000938,CUST-0107,1630,815,1876,AFT-0041,100,9.0,1163.02
SHP-002279,2026-03-21,Midwest Freight,SO-002637,CUST-0190,4557,2279,5273,ACT-0009,100,55.0,364.09
SHP-002279,2026-03-21,Midwest Freight,SO-002637,CUST-0190,4558,2279,5274,ACT-0020,200,2.0,626.2
SHP-003937,2026-03-21,BlueLine Transport,SO-004554,CUST-0139,7873,3937,9107,DRV-0026,200,33.0,638.78
SHP-003937,2026-03-21,BlueLine Transport,SO-004554,CUST-0139,7874,3937,9108,DRV-0037,100,55.0,4469.48
SHP-005404,2026-03-21,Midwest Freight,SO-006253,CUST-0222,10807,5404,12505,AFT-0045,300,13.0,1273.82
SHP-005404,2026-03-21,Midwest Freight,SO-006253,CUST-0222,10808,5404,12506,AFT-0056,100,22.0,386.1
SHP-005976,2026-03-21,BlueLine Transport,SO-006914,CUST-0179,11951,5976,13827,AFT-0036,300,55.0,950.62
SHP-005976,2026-03-21,BlueLine Transport,SO-006914,CUST-0179,11952,5976,13828,AFT-0047,100,2.0,1876.46
SHP-007062,2026-03-21,BlueLine Transport,SO-008170,CUST-0171,14123,7062,16339,ACT-0032,200,9.0,232.68
SHP-007062,2026-03-21,BlueLine Transport,SO-008170,CUST-0171,14124,7062,16340,ACT-0043,100,13.0,499.75
SHP-008533,2026-03-21,Midwest Freight,SO-009869,CUST-0014,17065,8533,19737,DRV-0041,100,2.0,271.46
SHP-008533,2026-03-21,Midwest Freight,SO-009869,CUST-0014,17066,8533,19738,DRV-0052,200,4.0,1298.13
SHP-000407,2026-03-22,ParcelPro,SO-000467,CUST-0020,813,407,933,SYS-0019,100,55.0,1798.13
SHP-000407,2026-03-22,ParcelPro,SO-000467,CUST-0020,814,407,934,SYS-0030,300,2.0,3308.83
SHP-000979,2026-03-22,Roadstar Logistics,SO-001128,CUST-0217,1957,979,2255,SYS-0010,300,9.0,1017.55
SHP-000979,2026-03-22,Roadstar Logistics,SO-001128,CUST-0217,1958,979,2256,SYS-0021,100,13.0,1935.92
SHP-001492,2026-03-22,ParcelPro,SO-001723,CUST-0012,2983,1492,3445,DRV-0015,100,9.0,1233.73
SHP-001492,2026-03-22,ParcelPro,SO-001723,CUST-0012,2984,1492,3446,DRV-0026,200,13.0,638.78
SHP-002064,2026-03-22,Roadstar Logistics,SO-002384,CUST-0209,4127,2064,4767,DRV-0006,200,33.0,1777.77
SHP-002064,2026-03-22,Roadstar Logistics,SO-002384,CUST-0209,4128,2064,4768,DRV-0017,100,55.0,777.04
SHP-002959,2026-03-22,BlueLine Transport,SO-003422,CUST-0095,5917,2959,6843,AFT-0034,100,2.0,501.15
SHP-002959,2026-03-22,BlueLine Transport,SO-003422,CUST-0095,5918,2959,6844,AFT-0045,300,4.0,1273.82
SHP-003532,2026-03-22,ParcelPro,SO-004083,CUST-0052,7063,3532,8165,AFT-0025,100,13.0,475.85
SHP-003532,2026-03-22,ParcelPro,SO-004083,CUST-0052,7064,3532,8166,AFT-0036,300,22.0,950.62
SHP-004101,2026-03-22,Roadstar Logistics,SO-004744,CUST-0009,8201,4101,9487,AFT-0016,100,55.0,1691.61
SHP-004101,2026-03-22,Roadstar Logistics,SO-004744,CUST-0009,8202,4101,9488,AFT-0027,300,2.0,328.06
SHP-004997,2026-03-22,BlueLine Transport,SO-005782,CUST-0135,9993,4997,11563,ACT-0004,200,4.0,202.92
SHP-004997,2026-03-22,BlueLine Transport,SO-005782,CUST-0135,9994,4997,11564,ACT-0015,100,9.0,1074.85
SHP-006656,2026-03-22,ParcelPro,SO-007699,CUST-0084,13311,6656,15397,DRV-0021,100,2.0,1026.04
SHP-006656,2026-03-22,ParcelPro,SO-007699,CUST-0084,13312,6656,15398,DRV-0032,200,4.0,242.87
SHP-007227,2026-03-22,Roadstar Logistics,SO-008360,CUST-0041,14453,7227,16719,DRV-0012,200,13.0,236.26
SHP-007227,2026-03-22,Roadstar Logistics,SO-008360,CUST-0041,14454,7227,16720,DRV-0023,100,22.0,1456.75
SHP-008123,2026-03-22,BlueLine Transport,SO-009398,CUST-0167,16245,8123,18795,AFT-0040,100,33.0,567.45
SHP-008123,2026-03-22,BlueLine Transport,SO-009398,CUST-0167,16246,8123,18796,AFT-0051,300,55.0,1343.81
SHP-000514,2026-03-23,ParcelPro,SO-000591,CUST-0208,1027,514,1181,AFT-0023,100,22.0,273.18
SHP-000514,2026-03-23,ParcelPro,SO-000591,CUST-0208,1028,514,1182,AFT-0034,100,33.0,501.15
SHP-001086,2026-03-23,Roadstar Logistics,SO-001252,CUST-0165,2171,1086,2503,AFT-0014,100,2.0,936.0
SHP-001086,2026-03-23,Roadstar Logistics,SO-001252,CUST-0165,2172,1086,2504,AFT-0025,100,4.0,475.85
SHP-001658,2026-03-23,Midwest Freight,SO-001913,CUST-0122,3315,1658,3825,AFT-0005,100,13.0,2334.92
SHP-001658,2026-03-23,Midwest Freight,SO-001913,CUST-0122,3316,1658,3826,AFT-0016,100,22.0,1691.61
SHP-002552,2026-03-23,ParcelPro,SO-002951,CUST-0008,5103,2552,5901,SYS-0023,100,33.0,2333.9
SHP-002552,2026-03-23,ParcelPro,SO-002951,CUST-0008,5104,2552,5902,ACT-0004,200,55.0,202.92
SHP-003123,2026-03-23,Roadstar Logistics,SO-003612,CUST-0205,6245,3123,7223,SYS-0014,300,4.0,847.06
SHP-003123,2026-03-23,Roadstar Logistics,SO-003612,CUST-0205,6246,3123,7224,SYS-0025,100,9.0,523.8
SHP-004209,2026-03-23,Roadstar Logistics,SO-004868,CUST-0197,8417,4209,9735,DRV-0010,200,22.0,364.42
SHP-004209,2026-03-23,Roadstar Logistics,SO-004868,CUST-0197,8418,4209,9736,DRV-0021,100,33.0,1026.04
SHP-004780,2026-03-23,Midwest Freight,SO-005529,CUST-0154,9559,4780,11057,DRV-0001,100,2.0,1077.99
SHP-004780,2026-03-23,Midwest Freight,SO-005529,CUST-0154,9560,4780,11058,DRV-0012,200,4.0,236.26
SHP-005676,2026-03-23,ParcelPro,SO-006567,CUST-0040,11351,5676,13133,AFT-0029,100,9.0,438.34
SHP-005676,2026-03-23,ParcelPro,SO-006567,CUST-0040,11352,5676,13134,AFT-0040,100,13.0,567.45
SHP-006248,2026-03-23,Roadstar Logistics,SO-007228,CUST-0237,12495,6248,14455,AFT-0020,100,33.0,783.79
SHP-006248,2026-03-23,Roadstar Logistics,SO-007228,CUST-0237,12496,6248,14456,AFT-0031,100,55.0,310.16
SHP-006817,2026-03-23,Midwest Freight,SO-007889,CUST-0194,13633,6817,15777,AFT-0011,100,4.0,459.76
SHP-006817,2026-03-23,Midwest Freight,SO-007889,CUST-0194,13634,6817,15778,AFT-0022,100,9.0,225.36
SHP-007716,2026-03-23,ParcelPro,SO-008927,CUST-0080,15431,7716,17853,SYS-0029,100,13.0,1160.41
SHP-007716,2026-03-23,ParcelPro,SO-008927,CUST-0080,15432,7716,17854,ACT-0010,200,22.0,2233.37
SHP-007905,2026-03-23,Midwest Freight,SO-009145,CUST-0186,15809,7905,18289,ACT-0007,100,22.0,2766.72
SHP-007905,2026-03-23,Midwest Freight,SO-009145,CUST-0186,15810,7905,18290,ACT-0018,200,33.0,1053.86
SHP-000680,2026-03-24,Midwest Freight,SO-000781,CUST-0078,1359,680,1561,SYS-0003,100,33.0,789.98
SHP-000680,2026-03-24,Midwest Freight,SO-000781,CUST-0078,1360,680,1562,SYS-0014,300,55.0,847.06
SHP-001248,2026-03-24,BlueLine Transport,SO-001442,CUST-0035,2495,1248,2883,DRV-0054,200,4.0,2389.07
SHP-001248,2026-03-24,BlueLine Transport,SO-001442,CUST-0035,2496,1248,2884,SYS-0005,100,9.0,295.22
SHP-002332,2026-03-24,BlueLine Transport,SO-002698,CUST-0027,4663,2332,5395,CTL-0030,300,22.0,2928.54
SHP-002332,2026-03-24,BlueLine Transport,SO-002698,CUST-0027,4664,2332,5396,DRV-0001,100,33.0,1077.99
SHP-003803,2026-03-24,Midwest Freight,SO-004397,CUST-0110,7605,3803,8793,AFT-0009,300,9.0,622.76
SHP-003803,2026-03-24,Midwest Freight,SO-004397,CUST-0110,7606,3803,8794,AFT-0020,100,13.0,783.79
SHP-004373,2026-03-24,BlueLine Transport,SO-005058,CUST-0067,8745,4373,10115,ACT-0060,200,33.0,218.01
SHP-004373,2026-03-24,BlueLine Transport,SO-005058,CUST-0067,8746,4373,10116,AFT-0011,100,55.0,459.76
SHP-005841,2026-03-24,Midwest Freight,SO-006757,CUST-0150,11681,5841,13513,SYS-0009,100,13.0,550.07
SHP-005841,2026-03-24,Midwest Freight,SO-006757,CUST-0150,11682,5841,13514,SYS-0020,300,22.0,3950.66
SHP-006927,2026-03-24,Midwest Freight,SO-008013,CUST-0142,13853,6927,16025,DRV-0005,100,55.0,1162.73
SHP-006927,2026-03-24,Midwest Freight,SO-008013,CUST-0142,13854,6927,16026,DRV-0016,200,2.0,381.8
SHP-007498,2026-03-24,BlueLine Transport,SO-008674,CUST-0099,14995,7498,17347,CTL-0036,300,9.0,3755.26
SHP-007498,2026-03-24,BlueLine Transport,SO-008674,CUST-0099,14996,7498,17348,DRV-0007,100,13.0,1355.9
SHP-000269,2026-03-25,BlueLine Transport,SO-000310,CUST-0231,537,269,619,CTL-0002,300,13.0,1099.52
SHP-000269,2026-03-25,BlueLine Transport,SO-000310,CUST-0231,538,269,620,CTL-0013,300,22.0,269.64
SHP-001356,2026-03-25,BlueLine Transport,SO-001566,CUST-0223,2711,1356,3131,ACT-0058,200,55.0,360.61
SHP-001356,2026-03-25,BlueLine Transport,SO-001566,CUST-0223,2712,1356,3132,AFT-0009,300,2.0,622.76
SHP-002498,2026-03-25,Roadstar Logistics,SO-002888,CUST-0137,4995,2498,5775,ACT-0040,200,33.0,199.82
SHP-002498,2026-03-25,Roadstar Logistics,SO-002888,CUST-0137,4996,2498,5776,ACT-0051,100,55.0,4550.3
SHP-003395,2026-03-25,BlueLine Transport,SO-003926,CUST-0023,6789,3395,7851,DRV-0058,200,2.0,2026.68
SHP-003395,2026-03-25,BlueLine Transport,SO-003926,CUST-0023,6790,3395,7852,SYS-0009,100,4.0,550.07
SHP-003965,2026-03-25,ParcelPro,SO-004587,CUST-0220,7929,3965,9173,DRV-0049,100,13.0,1199.79
SHP-003965,2026-03-25,ParcelPro,SO-004587,CUST-0220,7930,3965,9174,DRV-0060,200,22.0,373.77
SHP-005051,2026-03-25,ParcelPro,SO-005843,CUST-0212,10101,5051,11685,CTL-0025,300,55.0,1240.54
SHP-005051,2026-03-25,ParcelPro,SO-005843,CUST-0212,10102,5051,11686,CTL-0036,300,2.0,3755.26
SHP-005622,2026-03-25,Roadstar Logistics,SO-006504,CUST-0169,11243,5622,13007,CTL-0016,300,9.0,273.05
SHP-005622,2026-03-25,Roadstar Logistics,SO-006504,CUST-0169,11244,5622,13008,CTL-0027,300,13.0,1052.17
SHP-006520,2026-03-25,BlueLine Transport,SO-007542,CUST-0055,13039,6520,15083,AFT-0004,100,22.0,2143.65
SHP-006520,2026-03-25,BlueLine Transport,SO-007542,CUST-0055,13040,6520,15084,AFT-0015,300,33.0,1124.21
SHP-007090,2026-03-25,ParcelPro,SO-008203,CUST-0012,14179,7090,16405,ACT-0055,100,2.0,2134.85
SHP-007090,2026-03-25,ParcelPro,SO-008203,CUST-0012,14180,7090,16406,AFT-0006,300,4.0,5754.99
SHP-007661,2026-03-25,Roadstar Logistics,SO-008864,CUST-0209,15321,7661,17727,ACT-0046,200,13.0,543.39
SHP-007661,2026-03-25,Roadstar Logistics,SO-008864,CUST-0209,15322,7661,17728,ACT-0057,100,22.0,2621.51
SHP-008561,2026-03-25,BlueLine Transport,SO-009902,CUST-0095,17121,8561,19803,SYS-0004,300,33.0,271.87
SHP-008561,2026-03-25,BlueLine Transport,SO-009902,CUST-0095,17122,8561,19804,SYS-0015,100,55.0,5502.56
SHP-000052,2026-03-26,Midwest Freight,SO-000057,CUST-0010,103,52,113,ACT-0029,100,9.0,923.26
SHP-000052,2026-03-26,Midwest Freight,SO-000057,CUST-0010,104,52,114,ACT-0040,200,13.0,199.82
SHP-000951,2026-03-26,ParcelPro,SO-001095,CUST-0136,1901,951,2189,DRV-0047,100,22.0,3735.12
SHP-000951,2026-03-26,ParcelPro,SO-001095,CUST-0136,1902,951,2190,DRV-0058,200,33.0,2026.68
SHP-001522,2026-03-26,Roadstar Logistics,SO-001756,CUST-0093,3043,1522,3511,DRV-0038,200,2.0,544.32
SHP-001522,2026-03-26,Roadstar Logistics,SO-001756,CUST-0093,3044,1522,3512,DRV-0049,100,4.0,1199.79
SHP-002091,2026-03-26,Midwest Freight,SO-002417,CUST-0050,4181,2091,4833,DRV-0029,100,13.0,1617.15
SHP-002091,2026-03-26,Midwest Freight,SO-002417,CUST-0050,4182,2091,4834,DRV-0040,200,22.0,218.97
SHP-002987,2026-03-26,ParcelPro,SO-003455,CUST-0176,5973,2987,6909,AFT-0057,300,33.0,618.6
SHP-002987,2026-03-26,ParcelPro,SO-003455,CUST-0176,5974,2987,6910,CTL-0008,300,55.0,710.8
SHP-003176,2026-03-26,Midwest Freight,SO-003673,CUST-0042,6351,3176,7345,CTL-0005,300,55.0,1064.96
SHP-003176,2026-03-26,Midwest Freight,SO-003673,CUST-0042,6352,3176,7346,CTL-0016,300,2.0,273.05
SHP-004074,2026-03-26,ParcelPro,SO-004711,CUST-0168,8147,4074,9421,ACT-0053,100,4.0,457.71
SHP-004074,2026-03-26,ParcelPro,SO-004711,CUST-0168,8148,4074,9422,AFT-0004,100,9.0,2143.65
SHP-005215,2026-03-26,Midwest Freight,SO-006033,CUST-0082,10429,5215,12065,ACT-0035,100,2.0,1963.86
SHP-005215,2026-03-26,Midwest Freight,SO-006033,CUST-0082,10430,5215,12066,ACT-0046,200,4.0,543.39
SHP-006112,2026-03-26,ParcelPro,SO-007071,CUST-0208,12223,6112,14141,DRV-0053,100,9.0,2495.92
SHP-006112,2026-03-26,ParcelPro,SO-007071,CUST-0208,12224,6112,14142,SYS-0004,300,13.0,271.87
SHP-006684,2026-03-26,Roadstar Logistics,SO-007732,CUST-0165,13367,6684,15463,DRV-0044,200,33.0,219.04
SHP-006684,2026-03-26,Roadstar Logistics,SO-007732,CUST-0165,13368,6684,15464,DRV-0055,100,55.0,5400.43
SHP-007770,2026-03-26,Roadstar Logistics,SO-008988,CUST-0157,15539,7770,17975,CTL-0020,300,4.0,687.1
SHP-007770,2026-03-26,Roadstar Logistics,SO-008988,CUST-0157,15540,7770,17976,CTL-0031,300,9.0,1954.36
SHP-008342,2026-03-26,Midwest Freight,SO-009649,CUST-0114,16683,8342,19297,CTL-0011,300,22.0,2846.92
SHP-008342,2026-03-26,Midwest Freight,SO-009649,CUST-0114,16684,8342,19298,CTL-0022,300,33.0,2070.12
SHP-001114,2026-03-27,Midwest Freight,SO-001285,CUST-0006,2227,1114,2569,AFT-0037,100,33.0,3077.35
SHP-001114,2026-03-27,Midwest Freight,SO-001285,CUST-0006,2228,1114,2570,AFT-0048,300,55.0,2594.19
SHP-002199,2026-03-27,Midwest Freight,SO-002541,CUST-0238,4397,2199,5081,ACT-0033,100,4.0,1322.16
SHP-002199,2026-03-27,Midwest Freight,SO-002541,CUST-0238,4398,2199,5082,ACT-0044,200,9.0,191.13
SHP-002769,2026-03-27,BlueLine Transport,SO-003202,CUST-0195,5537,2769,6403,ACT-0024,200,22.0,1998.42
SHP-002769,2026-03-27,BlueLine Transport,SO-003202,CUST-0195,5538,2769,6404,ACT-0035,100,33.0,1963.86
SHP-004236,2026-03-27,Midwest Freight,SO-004901,CUST-0038,8471,4236,9801,DRV-0033,100,9.0,1124.9
SHP-004236,2026-03-27,Midwest Freight,SO-004901,CUST-0038,8472,4236,9802,DRV-0044,200,13.0,219.04
SHP-004808,2026-03-27,BlueLine Transport,SO-005562,CUST-0235,9615,4808,11123,DRV-0024,200,33.0,1625.62
SHP-004808,2026-03-27,BlueLine Transport,SO-005562,CUST-0235,9616,4808,11124,DRV-0035,100,55.0,904.12
SHP-005894,2026-03-27,BlueLine Transport,SO-006818,CUST-0227,11787,5894,13635,AFT-0060,300,4.0,381.82
SHP-005894,2026-03-27,BlueLine Transport,SO-006818,CUST-0227,11788,5894,13636,CTL-0011,300,9.0,2846.92
SHP-007933,2026-03-27,BlueLine Transport,SO-009178,CUST-0027,15865,7933,18355,ACT-0030,200,9.0,443.77
SHP-007933,2026-03-27,BlueLine Transport,SO-009178,CUST-0027,15866,7933,18356,ACT-0041,100,13.0,443.53
SHP-000323,2026-03-28,ParcelPro,SO-000371,CUST-0068,645,323,741,ACT-0013,100,4.0,371.79
SHP-000323,2026-03-28,ParcelPro,SO-000371,CUST-0068,646,323,742,ACT-0024,200,9.0,1998.42
SHP-000896,2026-03-28,Roadstar Logistics,SO-001032,CUST-0025,1791,896,2063,ACT-0004,200,22.0,202.92
SHP-000896,2026-03-28,Roadstar Logistics,SO-001032,CUST-0025,1792,896,2064,ACT-0015,100,33.0,1074.85
SHP-001792,2026-03-28,BlueLine Transport,SO-002070,CUST-0151,3583,1792,4139,DRV-0022,200,55.0,4199.01
SHP-001792,2026-03-28,BlueLine Transport,SO-002070,CUST-0151,3584,1792,4140,DRV-0033,100,2.0,1124.9
SHP-002362,2026-03-28,ParcelPro,SO-002731,CUST-0108,4723,2362,5461,DRV-0013,100,9.0,534.23
SHP-002362,2026-03-28,ParcelPro,SO-002731,CUST-0108,4724,2362,5462,DRV-0024,200,13.0,1625.62
SHP-002933,2026-03-28,Roadstar Logistics,SO-003392,CUST-0065,5865,2933,6783,DRV-0004,200,33.0,766.25
SHP-002933,2026-03-28,Roadstar Logistics,SO-003392,CUST-0065,5866,2933,6784,DRV-0015,100,55.0,1233.73
SHP-003831,2026-03-28,BlueLine Transport,SO-004430,CUST-0191,7661,3831,8859,AFT-0032,100,2.0,665.09
SHP-003831,2026-03-28,BlueLine Transport,SO-004430,CUST-0191,7662,3831,8860,AFT-0043,100,4.0,701.72
SHP-004019,2026-03-28,Roadstar Logistics,SO-004648,CUST-0057,8037,4019,9295,AFT-0040,100,4.0,567.45
SHP-004019,2026-03-28,Roadstar Logistics,SO-004648,CUST-0057,8038,4019,9296,AFT-0051,300,9.0,1343.81
SHP-004916,2026-03-28,BlueLine Transport,SO-005686,CUST-0183,9831,4916,11371,ACT-0028,200,13.0,213.58
SHP-004916,2026-03-28,BlueLine Transport,SO-005686,CUST-0183,9832,4916,11372,ACT-0039,100,22.0,759.88
SHP-005485,2026-03-28,ParcelPro,SO-006347,CUST-0140,10969,5485,12693,ACT-0019,100,55.0,1249.06
SHP-005485,2026-03-28,ParcelPro,SO-006347,CUST-0140,10970,5485,12694,ACT-0030,200,2.0,443.77
SHP-006058,2026-03-28,Roadstar Logistics,SO-007008,CUST-0097,12115,6058,14015,ACT-0010,200,9.0,2233.37
SHP-006058,2026-03-28,Roadstar Logistics,SO-007008,CUST-0097,12116,6058,14016,ACT-0021,100,13.0,928.12
SHP-006954,2026-03-28,BlueLine Transport,SO-008046,CUST-0223,13907,6954,16091,DRV-0028,200,22.0,2358.69
SHP-006954,2026-03-28,BlueLine Transport,SO-008046,CUST-0223,13908,6954,16092,DRV-0039,100,33.0,385.26
SHP-007526,2026-03-28,ParcelPro,SO-008707,CUST-0180,15051,7526,17413,DRV-0019,100,2.0,1404.59
SHP-007526,2026-03-28,ParcelPro,SO-008707,CUST-0180,15052,7526,17414,DRV-0030,200,4.0,447.73
SHP-008614,2026-03-28,ParcelPro,SO-009963,CUST-0172,17227,8614,19925,AFT-0055,100,13.0,281.39
SHP-008614,2026-03-28,ParcelPro,SO-009963,CUST-0172,17228,8614,19926,CTL-0006,300,22.0,1608.4
SHP-001383,2026-03-29,ParcelPro,SO-001599,CUST-0064,2765,1383,3197,AFT-0021,300,22.0,395.23
SHP-001383,2026-03-29,ParcelPro,SO-001599,CUST-0064,2766,1383,3198,AFT-0032,100,33.0,665.09
SHP-001957,2026-03-29,Roadstar Logistics,SO-002260,CUST-0021,3913,1957,4519,AFT-0012,300,2.0,1004.49
SHP-001957,2026-03-29,Roadstar Logistics,SO-002260,CUST-0021,3914,1957,4520,AFT-0023,100,4.0,273.18
SHP-003041,2026-03-29,Roadstar Logistics,SO-003516,CUST-0013,6081,3041,7031,ACT-0008,200,13.0,227.79
SHP-003041,2026-03-29,Roadstar Logistics,SO-003516,CUST-0013,6082,3041,7032,ACT-0019,100,22.0,1249.06
SHP-003612,2026-03-29,Midwest Freight,SO-004177,CUST-0210,7223,3612,8353,SYS-0029,100,55.0,1160.41
SHP-003612,2026-03-29,Midwest Freight,SO-004177,CUST-0210,7224,3612,8354,ACT-0010,200,2.0,2233.37
SHP-004508,2026-03-29,ParcelPro,SO-005215,CUST-0096,9015,4508,10429,DRV-0017,100,4.0,777.04
SHP-004508,2026-03-29,ParcelPro,SO-005215,CUST-0096,9016,4508,10430,DRV-0028,200,9.0,2358.69
SHP-005079,2026-03-29,Roadstar Logistics,SO-005876,CUST-0053,10157,5079,11751,DRV-0008,200,22.0,260.06
SHP-005079,2026-03-29,Roadstar Logistics,SO-005876,CUST-0053,10158,5079,11752,DRV-0019,100,33.0,1404.59
SHP-005650,2026-03-29,Midwest Freight,SO-006537,CUST-0010,11299,5650,13073,CTL-0039,300,2.0,1883.77
SHP-005650,2026-03-29,Midwest Freight,SO-006537,CUST-0010,11300,5650,13074,DRV-0010,200,4.0,364.42
SHP-006548,2026-03-29,ParcelPro,SO-007575,CUST-0136,13095,6548,15149,AFT-0027,300,9.0,328.06
SHP-006548,2026-03-29,ParcelPro,SO-007575,CUST-0136,13096,6548,15150,AFT-0038,100,13.0,1359.58
SHP-006737,2026-03-29,Midwest Freight,SO-007793,CUST-0002,13473,6737,15585,AFT-0035,100,13.0,2292.51
SHP-006737,2026-03-29,Midwest Freight,SO-007793,CUST-0002,13474,6737,15586,AFT-0046,100,22.0,664.15
SHP-007633,2026-03-29,ParcelPro,SO-008831,CUST-0128,15265,7633,17661,ACT-0023,100,33.0,2312.23
SHP-007633,2026-03-29,ParcelPro,SO-008831,CUST-0128,15266,7633,17662,ACT-0034,200,55.0,338.7
SHP-008205,2026-03-29,Roadstar Logistics,SO-009492,CUST-0085,16409,8205,18983,ACT-0014,200,4.0,544.47
SHP-008205,2026-03-29,Roadstar Logistics,SO-009492,CUST-0085,16410,8205,18984,ACT-0025,100,9.0,2796.19
SHP-000080,2026-03-30,BlueLine Transport,SO-000090,CUST-0091,159,80,179,ACT-0052,200,2.0,646.56
SHP-000080,2026-03-30,BlueLine Transport,SO-000090,CUST-0091,160,80,180,AFT-0003,300,4.0,4514.04
SHP-001166,2026-03-30,BlueLine Transport,SO-001346,CUST-0083,2331,1166,2691,SYS-0018,300,13.0,631.4
SHP-001166,2026-03-30,BlueLine Transport,SO-001346,CUST-0083,2332,1166,2692,SYS-0029,100,22.0,1160.41
SHP-002632,2026-03-30,Midwest Freight,SO-003045,CUST-0166,5263,2632,6089,CTL-0037,300,4.0,4331.48
SHP-002632,2026-03-30,Midwest Freight,SO-003045,CUST-0166,5264,2632,6090,DRV-0008,200,9.0,260.06
SHP-004673,2026-03-30,Midwest Freight,SO-005405,CUST-0206,9345,4673,10809,AFT-0007,100,9.0,295.96
SHP-004673,2026-03-30,Midwest Freight,SO-005405,CUST-0206,9346,4673,10810,AFT-0018,300,13.0,583.67
SHP-005758,2026-03-30,Midwest Freight,SO-006661,CUST-0198,11515,5758,13321,ACT-0003,100,33.0,1998.31
SHP-005758,2026-03-30,Midwest Freight,SO-006661,CUST-0198,11516,5758,13322,ACT-0014,200,55.0,544.47
SHP-006329,2026-03-30,BlueLine Transport,SO-007322,CUST-0155,12657,6329,14643,SYS-0024,300,4.0,5743.44
SHP-006329,2026-03-30,BlueLine Transport,SO-007322,CUST-0155,12658,6329,14644,ACT-0005,100,9.0,789.17
SHP-007798,2026-03-30,Midwest Freight,SO-009021,CUST-0238,15595,7798,18041,DRV-0003,100,55.0,1969.66
SHP-007798,2026-03-30,Midwest Freight,SO-009021,CUST-0238,15596,7798,18042,DRV-0014,200,2.0,976.85
SHP-008370,2026-03-30,BlueLine Transport,SO-009682,CUST-0195,16739,8370,19363,CTL-0034,300,9.0,1946.56
SHP-008370,2026-03-30,BlueLine Transport,SO-009682,CUST-0195,16740,8370,19364,DRV-0005,100,13.0,1162.73
SHP-000189,2026-03-31,BlueLine Transport,SO-000214,CUST-0039,377,189,427,CTL-0026,300,33.0,1044.37
SHP-000189,2026-03-31,BlueLine Transport,SO-000214,CUST-0039,378,189,428,CTL-0037,300,55.0,4331.48
SHP-000760,2026-03-31,ParcelPro,SO-000875,CUST-0236,1519,760,1749,CTL-0017,300,4.0,246.26
SHP-000760,2026-03-31,ParcelPro,SO-000875,CUST-0236,1520,760,1750,CTL-0028,300,9.0,2359.35
SHP-001330,2026-03-31,Roadstar Logistics,SO-001536,CUST-0193,2659,1330,3071,CTL-0008,300,22.0,710.8
SHP-001330,2026-03-31,Roadstar Logistics,SO-001536,CUST-0193,2660,1330,3072,CTL-0019,300,33.0,1008.86
SHP-002226,2026-03-31,BlueLine Transport,SO-002574,CUST-0079,4451,2226,5147,ACT-0056,200,55.0,618.58
SHP-002226,2026-03-31,BlueLine Transport,SO-002574,CUST-0079,4452,2226,5148,AFT-0007,100,2.0,295.96
SHP-002797,2026-03-31,ParcelPro,SO-003235,CUST-0036,5593,2797,6469,ACT-0047,100,9.0,766.28
SHP-002797,2026-03-31,ParcelPro,SO-003235,CUST-0036,5594,2797,6470,ACT-0058,200,13.0,360.61
SHP-003883,2026-03-31,ParcelPro,SO-004491,CUST-0028,7765,3883,8981,SYS-0013,100,33.0,871.78
SHP-003883,2026-03-31,ParcelPro,SO-004491,CUST-0028,7766,3883,8982,SYS-0024,300,55.0,5743.44
SHP-004452,2026-03-31,Roadstar Logistics,SO-005152,CUST-0225,8903,4452,10303,SYS-0004,300,4.0,271.87
SHP-004452,2026-03-31,Roadstar Logistics,SO-005152,CUST-0225,8904,4452,10304,SYS-0015,100,9.0,5502.56
SHP-005350,2026-03-31,BlueLine Transport,SO-006190,CUST-0111,10699,5350,12379,CTL-0032,300,13.0,1947.94
SHP-005350,2026-03-31,BlueLine Transport,SO-006190,CUST-0111,10700,5350,12380,DRV-0003,100,22.0,1969.66
SHP-006494,2026-03-31,Roadstar Logistics,SO-007512,CUST-0025,12987,6494,15023,CTL-0014,300,9.0,376.32
SHP-006494,2026-03-31,Roadstar Logistics,SO-007512,CUST-0025,12988,6494,15024,CTL-0025,300,13.0,1240.54
SHP-007390,2026-03-31,BlueLine Transport,SO-008550,CUST-0151,14779,7390,17099,AFT-0002,100,22.0,1635.19
SHP-007390,2026-03-31,BlueLine Transport,SO-008550,CUST-0151,14780,7390,17100,AFT-0013,100,33.0,2946.6
SHP-007579,2026-03-31,Roadstar Logistics,SO-008768,CUST-0017,15157,7579,17535,AFT-0010,100,33.0,221.83
SHP-007579,2026-03-31,Roadstar Logistics,SO-008768,CUST-0017,15158,7579,17536,AFT-0021,300,55.0,395.23
SHP-008477,2026-03-31,BlueLine Transport,SO-009806,CUST-0143,16953,8477,19611,SYS-0028,300,2.0,2113.15
SHP-008477,2026-03-31,BlueLine Transport,SO-009806,CUST-0143,16954,8477,19612,ACT-0009,100,4.0,364.09
SHP-000353,2026-04-01,Roadstar Logistics,SO-000404,CUST-0149,705,353,807,ACT-0036,200,55.0,207.18
SHP-000353,2026-04-01,Roadstar Logistics,SO-000404,CUST-0149,706,353,808,ACT-0047,100,2.0,766.28
SHP-000925,2026-04-01,Midwest Freight,SO-001065,CUST-0106,1849,925,2129,ACT-0027,100,9.0,2777.79
SHP-000925,2026-04-01,Midwest Freight,SO-001065,CUST-0106,1850,925,2130,ACT-0038,200,13.0,422.98
SHP-001821,2026-04-01,ParcelPro,SO-002103,CUST-0232,3641,1821,4205,DRV-0045,100,22.0,378.8
SHP-001821,2026-04-01,ParcelPro,SO-002103,CUST-0232,3642,1821,4206,DRV-0056,200,33.0,2993.16
SHP-002010,2026-04-01,Midwest Freight,SO-002321,CUST-0098,4019,2010,4641,DRV-0053,100,33.0,2495.92
SHP-002010,2026-04-01,Midwest Freight,SO-002321,CUST-0098,4020,2010,4642,SYS-0004,300,55.0,271.87
SHP-002905,2026-04-01,ParcelPro,SO-003359,CUST-0224,5809,2905,6717,CTL-0021,300,2.0,849.25
SHP-002905,2026-04-01,ParcelPro,SO-003359,CUST-0224,5810,2905,6718,CTL-0032,300,4.0,1947.94
SHP-003477,2026-04-01,Roadstar Logistics,SO-004020,CUST-0181,6953,3477,8039,CTL-0012,300,13.0,4482.68
SHP-003477,2026-04-01,Roadstar Logistics,SO-004020,CUST-0181,6954,3477,8040,CTL-0023,300,22.0,1243.13
SHP-004048,2026-04-01,Midwest Freight,SO-004681,CUST-0138,8095,4048,9361,CTL-0003,300,55.0,1770.15
SHP-004048,2026-04-01,Midwest Freight,SO-004681,CUST-0138,8096,4048,9362,CTL-0014,300,2.0,376.32
SHP-004943,2026-04-01,ParcelPro,SO-005719,CUST-0024,9885,4943,11437,ACT-0051,100,4.0,4550.3
SHP-004943,2026-04-01,ParcelPro,SO-005719,CUST-0024,9886,4943,11438,AFT-0002,100,9.0,1635.19
SHP-005513,2026-04-01,Roadstar Logistics,SO-006380,CUST-0221,11025,5513,12759,ACT-0042,200,22.0,643.48
SHP-005513,2026-04-01,Roadstar Logistics,SO-006380,CUST-0221,11026,5513,12760,ACT-0053,100,33.0,457.71
SHP-006601,2026-04-01,Roadstar Logistics,SO-007636,CUST-0213,13201,6601,15271,SYS-0008,300,2.0,218.0
SHP-006601,2026-04-01,Roadstar Logistics,SO-007636,CUST-0213,13202,6601,15272,SYS-0019,100,4.0,1798.13
SHP-007171,2026-04-01,Midwest Freight,SO-008297,CUST-0170,14341,7171,16593,DRV-0059,100,13.0,4086.27
SHP-007171,2026-04-01,Midwest Freight,SO-008297,CUST-0170,14342,7171,16594,SYS-0010,300,22.0,1017.55
SHP-008069,2026-04-01,ParcelPro,SO-009335,CUST-0056,16137,8069,18669,CTL-0027,300,33.0,1052.17
SHP-008069,2026-04-01,ParcelPro,SO-009335,CUST-0056,16138,8069,18670,CTL-0038,300,55.0,1627.96
SHP-001033,2026-04-02,Midwest Freight,SO-001189,CUST-0054,2065,1033,2377,CTL-0001,300,2.0,2176.28
SHP-001033,2026-04-02,Midwest Freight,SO-001189,CUST-0054,2066,1033,2378,CTL-0012,300,4.0,4482.68
SHP-001602,2026-04-02,BlueLine Transport,SO-001850,CUST-0011,3203,1602,3699,AFT-0052,100,13.0,315.62
SHP-001602,2026-04-02,BlueLine Transport,SO-001850,CUST-0011,3204,1602,3700,CTL-0003,300,22.0,1770.15
SHP-003069,2026-04-02,Midwest Freight,SO-003549,CUST-0094,6137,3069,7097,ACT-0031,100,4.0,2523.05
SHP-003069,2026-04-02,Midwest Freight,SO-003549,CUST-0094,6138,3069,7098,ACT-0042,200,9.0,643.48
SHP-003641,2026-04-02,BlueLine Transport,SO-004210,CUST-0051,7281,3641,8419,ACT-0022,200,22.0,990.4
SHP-003641,2026-04-02,BlueLine Transport,SO-004210,CUST-0051,7282,3641,8420,ACT-0033,100,33.0,1322.16
SHP-004726,2026-04-02,BlueLine Transport,SO-005466,CUST-0043,9451,4726,10931,DRV-0048,200,2.0,916.05
SHP-004726,2026-04-02,BlueLine Transport,SO-005466,CUST-0043,9452,4726,10932,DRV-0059,100,4.0,4086.27
SHP-006195,2026-04-02,Midwest Freight,SO-007165,CUST-0126,12389,6195,14329,CTL-0007,300,33.0,2206.98
SHP-006195,2026-04-02,Midwest Freight,SO-007165,CUST-0126,12390,6195,14330,CTL-0018,300,55.0,685.06
SHP-006764,2026-04-02,BlueLine Transport,SO-007826,CUST-0083,13527,6764,15651,AFT-0058,100,4.0,248.59
SHP-006764,2026-04-02,BlueLine Transport,SO-007826,CUST-0083,13528,6764,15652,CTL-0009,300,9.0,1465.6
SHP-008233,2026-04-02,Midwest Freight,SO-009525,CUST-0166,16465,8233,19049,ACT-0037,100,55.0,3791.36
SHP-008233,2026-04-02,Midwest Freight,SO-009525,CUST-0166,16466,8233,19050,ACT-0048,200,2.0,383.41
SHP-000624,2026-04-03,BlueLine Transport,SO-000718,CUST-0207,1247,624,1435,ACT-0020,200,33.0,626.2
SHP-000624,2026-04-03,BlueLine Transport,SO-000718,CUST-0207,1248,624,1436,ACT-0031,100,55.0,2523.05
SHP-001194,2026-04-03,ParcelPro,SO-001379,CUST-0164,2387,1194,2757,ACT-0011,100,4.0,416.59
SHP-001194,2026-04-03,ParcelPro,SO-001379,CUST-0164,2388,1194,2758,ACT-0022,200,9.0,990.4
SHP-002660,2026-04-03,BlueLine Transport,SO-003078,CUST-0007,5319,2660,6155,DRV-0020,200,55.0,956.8
SHP-002660,2026-04-03,BlueLine Transport,SO-003078,CUST-0007,5320,2660,6156,DRV-0031,100,2.0,1392.98
SHP-002850,2026-04-03,Roadstar Logistics,SO-003296,CUST-0113,5699,2850,6591,DRV-0028,200,2.0,2358.69
SHP-002850,2026-04-03,Roadstar Logistics,SO-003296,CUST-0113,5700,2850,6592,DRV-0039,100,4.0,385.26
SHP-003749,2026-04-03,BlueLine Transport,SO-004334,CUST-0239,7497,3749,8667,AFT-0056,100,9.0,386.1
SHP-003749,2026-04-03,BlueLine Transport,SO-004334,CUST-0239,7498,3749,8668,CTL-0007,300,13.0,2206.98
SHP-004317,2026-04-03,ParcelPro,SO-004995,CUST-0196,8633,4317,9989,AFT-0047,100,33.0,1876.46
SHP-004317,2026-04-03,ParcelPro,SO-004995,CUST-0196,8634,4317,9990,AFT-0058,100,55.0,248.59
SHP-004890,2026-04-03,Roadstar Logistics,SO-005656,CUST-0153,9779,4890,11311,AFT-0038,100,4.0,1359.58
SHP-004890,2026-04-03,Roadstar Logistics,SO-005656,CUST-0153,9780,4890,11312,AFT-0049,100,9.0,719.94
SHP-005786,2026-04-03,BlueLine Transport,SO-006694,CUST-0039,11571,5786,13387,ACT-0026,200,13.0,1654.16
SHP-005786,2026-04-03,BlueLine Transport,SO-006694,CUST-0039,11572,5786,13388,ACT-0037,100,22.0,3791.36
SHP-006358,2026-04-03,ParcelPro,SO-007355,CUST-0236,12715,6358,14709,ACT-0017,100,55.0,632.55
SHP-006358,2026-04-03,ParcelPro,SO-007355,CUST-0236,12716,6358,14710,ACT-0028,200,2.0,213.58
SHP-007444,2026-04-03,ParcelPro,SO-008611,CUST-0228,14887,7444,17221,DRV-0043,100,9.0,581.68
SHP-007444,2026-04-03,ParcelPro,SO-008611,CUST-0228,14888,7444,17222,DRV-0054,200,13.0,2389.07
SHP-008014,2026-04-03,Roadstar Logistics,SO-009272,CUST-0185,16027,8014,18543,DRV-0034,200,33.0,423.99
SHP-008014,2026-04-03,Roadstar Logistics,SO-009272,CUST-0185,16028,8014,18544,DRV-0045,100,55.0,378.8
SHP-000216,2026-04-04,ParcelPro,SO-000247,CUST-0120,431,216,493,DRV-0009,100,13.0,304.81
SHP-000216,2026-04-04,ParcelPro,SO-000247,CUST-0120,432,216,494,DRV-0020,200,22.0,956.8
SHP-000788,2026-04-04,Roadstar Logistics,SO-000908,CUST-0077,1575,788,1815,CTL-0040,300,55.0,3693.39
SHP-000788,2026-04-04,Roadstar Logistics,SO-000908,CUST-0077,1576,788,1816,DRV-0011,100,2.0,823.38
SHP-001874,2026-04-04,Roadstar Logistics,SO-002164,CUST-0069,3747,1874,4327,AFT-0036,300,9.0,950.62
SHP-001874,2026-04-04,Roadstar Logistics,SO-002164,CUST-0069,3748,1874,4328,AFT-0047,100,13.0,1876.46
SHP-002442,2026-04-04,Midwest Freight,SO-002825,CUST-0026,4883,2442,5649,AFT-0027,300,33.0,328.06
SHP-002442,2026-04-04,Midwest Freight,SO-002825,CUST-0026,4884,2442,5650,AFT-0038,100,55.0,1359.58
SHP-003342,2026-04-04,ParcelPro,SO-003863,CUST-0152,6683,3342,7725,ACT-0015,100,2.0,1074.85
SHP-003342,2026-04-04,ParcelPro,SO-003863,CUST-0152,6684,3342,7726,ACT-0026,200,4.0,1654.16
SHP-003910,2026-04-04,Roadstar Logistics,SO-004524,CUST-0109,7819,3910,9047,ACT-0006,200,13.0,521.36
SHP-003910,2026-04-04,Roadstar Logistics,SO-004524,CUST-0109,7820,3910,9048,ACT-0017,100,22.0,632.55
SHP-005567,2026-04-04,Midwest Freight,SO-006441,CUST-0058,11133,5567,12881,DRV-0023,100,9.0,1456.75
SHP-005567,2026-04-04,Midwest Freight,SO-006441,CUST-0058,11134,5567,12882,DRV-0034,200,13.0,423.99
SHP-006466,2026-04-04,ParcelPro,SO-007479,CUST-0184,12931,6466,14957,AFT-0051,300,22.0,1343.81
SHP-006466,2026-04-04,ParcelPro,SO-007479,CUST-0184,12932,6466,14958,CTL-0002,300,33.0,1099.52
SHP-007036,2026-04-04,Roadstar Logistics,SO-008140,CUST-0141,14071,7036,16279,AFT-0042,300,2.0,299.23
SHP-007036,2026-04-04,Roadstar Logistics,SO-008140,CUST-0141,14072,7036,16280,AFT-0053,100,4.0,484.99
SHP-007607,2026-04-04,Midwest Freight,SO-008801,CUST-0098,15213,7607,17601,AFT-0033,300,13.0,997.68
SHP-007607,2026-04-04,Midwest Freight,SO-008801,CUST-0098,15214,7607,17602,AFT-0044,100,22.0,1002.16
SHP-008506,2026-04-04,ParcelPro,SO-009839,CUST-0224,17011,8506,19677,ACT-0021,100,33.0,928.12
SHP-008506,2026-04-04,ParcelPro,SO-009839,CUST-0224,17012,8506,19678,ACT-0032,200,55.0,232.68
SHP-001467,2026-04-05,Midwest Freight,SO-001693,CUST-0222,2933,1467,3385,SYS-0025,100,2.0,523.8
SHP-001467,2026-04-05,Midwest Freight,SO-001693,CUST-0222,2934,1467,3386,ACT-0006,200,4.0,521.36
SHP-002038,2026-04-05,BlueLine Transport,SO-002354,CUST-0179,4075,2038,4707,SYS-0016,300,13.0,2022.21
SHP-002038,2026-04-05,BlueLine Transport,SO-002354,CUST-0179,4076,2038,4708,SYS-0027,100,22.0,1000.55
SHP-003505,2026-04-05,Midwest Freight,SO-004053,CUST-0022,7009,3505,8105,CTL-0035,300,4.0,3084.65
SHP-003505,2026-04-05,Midwest Freight,SO-004053,CUST-0022,7010,3505,8106,DRV-0006,200,9.0,1777.77
SHP-004590,2026-04-05,Midwest Freight,SO-005309,CUST-0014,9179,4590,10617,AFT-0031,100,22.0,310.16
SHP-004590,2026-04-05,Midwest Freight,SO-005309,CUST-0014,9180,4590,10618,AFT-0042,300,33.0,299.23
SHP-005159,2026-04-05,BlueLine Transport,SO-005970,CUST-0211,10317,5159,11939,AFT-0022,100,2.0,225.36
SHP-005159,2026-04-05,BlueLine Transport,SO-005970,CUST-0211,10318,5159,11940,AFT-0033,300,4.0,997.68
SHP-006629,2026-04-05,Midwest Freight,SO-007669,CUST-0054,13257,6629,15337,ACT-0001,100,33.0,2375.15
SHP-006629,2026-04-05,Midwest Freight,SO-007669,CUST-0054,13258,6629,15338,ACT-0012,200,55.0,310.47
SHP-008287,2026-04-05,BlueLine Transport,SO-009586,CUST-0003,16573,8287,19171,DRV-0018,200,22.0,1468.74
SHP-008287,2026-04-05,BlueLine Transport,SO-009586,CUST-0003,16574,8287,19172,DRV-0029,100,33.0,1617.15
SHP-000162,2026-04-06,Roadstar Logistics,SO-000184,CUST-0009,323,162,367,DRV-0056,200,13.0,2993.16
SHP-000162,2026-04-06,Roadstar Logistics,SO-000184,CUST-0009,324,162,368,SYS-0007,100,22.0,900.07
SHP-001060,2026-04-06,BlueLine Transport,SO-001222,CUST-0135,2119,1060,2443,CTL-0024,300,33.0,782.21
SHP-001060,2026-04-06,BlueLine Transport,SO-001222,CUST-0135,2120,1060,2444,CTL-0035,300,55.0,3084.65
SHP-001631,2026-04-06,ParcelPro,SO-001883,CUST-0092,3261,1631,3765,CTL-0015,300,4.0,505.32
SHP-001631,2026-04-06,ParcelPro,SO-001883,CUST-0092,3262,1631,3766,CTL-0026,300,9.0,1044.37
SHP-002715,2026-04-06,ParcelPro,SO-003139,CUST-0084,5429,2715,6277,AFT-0011,100,22.0,459.76
SHP-002715,2026-04-06,ParcelPro,SO-003139,CUST-0084,5430,2715,6278,AFT-0022,100,33.0,225.36
SHP-003287,2026-04-06,Roadstar Logistics,SO-003800,CUST-0041,6573,3287,7599,AFT-0002,100,2.0,1635.19
SHP-003287,2026-04-06,Roadstar Logistics,SO-003800,CUST-0041,6574,3287,7600,AFT-0013,100,4.0,2946.6
SHP-004184,2026-04-06,BlueLine Transport,SO-004838,CUST-0167,8367,4184,9675,SYS-0020,300,9.0,3950.66
SHP-004184,2026-04-06,BlueLine Transport,SO-004838,CUST-0167,8368,4184,9676,ACT-0001,100,13.0,2375.15
SHP-004754,2026-04-06,ParcelPro,SO-005499,CUST-0124,9507,4754,10997,SYS-0011,100,33.0,1020.49
SHP-004754,2026-04-06,ParcelPro,SO-005499,CUST-0124,9508,4754,10998,SYS-0022,300,55.0,4965.2
SHP-005323,2026-04-06,Roadstar Logistics,SO-006160,CUST-0081,10645,5323,12319,SYS-0002,300,4.0,1223.7
SHP-005323,2026-04-06,Roadstar Logistics,SO-006160,CUST-0081,10646,5323,12320,SYS-0013,100,9.0,871.78
SHP-006411,2026-04-06,Roadstar Logistics,SO-007416,CUST-0073,12821,6411,14831,CTL-0038,300,22.0,1627.96
SHP-006411,2026-04-06,Roadstar Logistics,SO-007416,CUST-0073,12822,6411,14832,DRV-0009,100,33.0,304.81
SHP-007307,2026-04-06,BlueLine Transport,SO-008454,CUST-0199,14613,7307,16907,AFT-0026,100,55.0,194.56
SHP-007307,2026-04-06,BlueLine Transport,SO-008454,CUST-0199,14614,7307,16908,AFT-0037,100,2.0,3077.35
SHP-007878,2026-04-06,ParcelPro,SO-009115,CUST-0156,15755,7878,18229,AFT-0017,100,9.0,1705.89
SHP-007878,2026-04-06,ParcelPro,SO-009115,CUST-0156,15756,7878,18230,AFT-0028,100,13.0,349.76
SHP-008450,2026-04-06,Roadstar Logistics,SO-009776,CUST-0113,16899,8450,19551,AFT-0008,100,33.0,242.31
SHP-008450,2026-04-06,Roadstar Logistics,SO-009776,CUST-0113,16900,8450,19552,AFT-0019,100,55.0,769.7
SHP-000652,2026-04-07,ParcelPro,SO-000751,CUST-0048,1303,652,1501,ACT-0043,100,13.0,499.75
SHP-000652,2026-04-07,ParcelPro,SO-000751,CUST-0048,1304,652,1502,ACT-0054,200,22.0,3824.58
SHP-001737,2026-04-07,ParcelPro,SO-002007,CUST-0040,3473,1737,4013,SYS-0009,100,55.0,550.07
SHP-001737,2026-04-07,ParcelPro,SO-002007,CUST-0040,3474,1737,4014,SYS-0020,300,2.0,3950.66
SHP-002307,2026-04-07,Roadstar Logistics,SO-002668,CUST-0237,4613,2307,5335,DRV-0060,200,9.0,373.77
SHP-002307,2026-04-07,Roadstar Logistics,SO-002668,CUST-0237,4614,2307,5336,SYS-0011,100,13.0,1020.49
SHP-002878,2026-04-07,Midwest Freight,SO-003329,CUST-0194,5755,2878,6657,DRV-0051,100,33.0,3162.97
SHP-002878,2026-04-07,Midwest Freight,SO-003329,CUST-0194,5756,2878,6658,SYS-0002,300,55.0,1223.7
SHP-003777,2026-04-07,ParcelPro,SO-004367,CUST-0080,7553,3777,8733,CTL-0019,300,2.0,1008.86
SHP-003777,2026-04-07,ParcelPro,SO-004367,CUST-0080,7554,3777,8734,CTL-0030,300,4.0,2928.54
SHP-004346,2026-04-07,Roadstar Logistics,SO-005028,CUST-0037,8691,4346,10055,CTL-0010,300,13.0,2841.49
SHP-004346,2026-04-07,Roadstar Logistics,SO-005028,CUST-0037,8692,4346,10056,CTL-0021,300,22.0,849.25
SHP-004861,2026-04-07,ParcelPro,SO-005623,CUST-0072,9721,4861,11245,AFT-0015,300,13.0,1124.21
SHP-004861,2026-04-07,ParcelPro,SO-005623,CUST-0072,9722,4861,11246,AFT-0026,100,22.0,194.56
SHP-005431,2026-04-07,Roadstar Logistics,SO-006284,CUST-0029,10861,5431,12567,AFT-0006,300,55.0,5754.99
SHP-005431,2026-04-07,Roadstar Logistics,SO-006284,CUST-0029,10862,5431,12568,AFT-0017,100,2.0,1705.89
SHP-006003,2026-04-07,Midwest Freight,SO-006945,CUST-0226,12005,6003,13889,ACT-0057,100,9.0,2621.51
SHP-006003,2026-04-07,Midwest Freight,SO-006945,CUST-0226,12006,6003,13890,AFT-0008,100,13.0,242.31
SHP-006901,2026-04-07,ParcelPro,SO-007983,CUST-0112,13801,6901,15965,SYS-0015,100,22.0,5502.56
SHP-006901,2026-04-07,ParcelPro,SO-007983,CUST-0112,13802,6901,15966,SYS-0026,300,33.0,1401.71
SHP-007472,2026-04-07,Roadstar Logistics,SO-008644,CUST-0069,14943,7472,17287,SYS-0006,300,2.0,436.61
SHP-007472,2026-04-07,Roadstar Logistics,SO-008644,CUST-0069,14944,7472,17288,SYS-0017,100,4.0,2870.14
SHP-008042,2026-04-07,Midwest Freight,SO-009305,CUST-0026,16083,8042,18609,DRV-0057,100,13.0,3870.18
SHP-008042,2026-04-07,Midwest Freight,SO-009305,CUST-0026,16084,8042,18610,SYS-0008,300,22.0,218.0
SHP-000434,2026-04-08,BlueLine Transport,SO-000498,CUST-0067,867,434,995,DRV-0040,200,9.0,218.97
SHP-000434,2026-04-08,BlueLine Transport,SO-000498,CUST-0067,868,434,996,DRV-0051,100,13.0,3162.97
SHP-001902,2026-04-08,Midwest Freight,SO-002197,CUST-0150,3803,1902,4393,AFT-0059,100,2.0,270.09
SHP-001902,2026-04-08,Midwest Freight,SO-002197,CUST-0150,3804,1902,4394,CTL-0010,300,4.0,2841.49
SHP-002470,2026-04-08,BlueLine Transport,SO-002858,CUST-0107,4939,2470,5715,AFT-0050,100,13.0,2471.31
SHP-002470,2026-04-08,BlueLine Transport,SO-002858,CUST-0107,4940,2470,5716,CTL-0001,300,22.0,2176.28
SHP-005025,2026-04-08,Midwest Freight,SO-005813,CUST-0182,10049,5025,11625,DRV-0055,100,22.0,5400.43
SHP-005025,2026-04-08,Midwest Freight,SO-005813,CUST-0182,10050,5025,11626,SYS-0006,300,33.0,436.61
SHP-005595,2026-04-08,BlueLine Transport,SO-006474,CUST-0139,11189,5595,12947,DRV-0046,200,2.0,877.32
SHP-005595,2026-04-08,BlueLine Transport,SO-006474,CUST-0139,11190,5595,12948,DRV-0057,100,4.0,3870.18
SHP-008150,2026-04-08,Midwest Freight,SO-009429,CUST-0214,16299,8150,18857,AFT-0001,100,4.0,1725.19
SHP-008150,2026-04-08,Midwest Freight,SO-009429,CUST-0214,16300,8150,18858,AFT-0012,300,9.0,1004.49
SHP-000026,2026-04-09,ParcelPro,SO-000027,CUST-0220,51,26,53,AFT-0039,300,2.0,8553.4
SHP-000026,2026-04-09,ParcelPro,SO-000027,CUST-0220,52,26,54,AFT-0050,100,4.0,2471.31
SHP-000597,2026-04-09,Roadstar Logistics,SO-000688,CUST-0177,1193,597,1375,AFT-0030,300,13.0,342.02
SHP-000597,2026-04-09,Roadstar Logistics,SO-000688,CUST-0177,1194,597,1376,AFT-0041,100,22.0,1163.02
SHP-001495,2026-04-09,BlueLine Transport,SO-001726,CUST-0063,2989,1495,3451,ACT-0018,200,33.0,1053.86
SHP-001495,2026-04-09,BlueLine Transport,SO-001726,CUST-0063,2990,1495,3452,ACT-0029,100,55.0,923.26
SHP-001684,2026-04-09,Roadstar Logistics,SO-001944,CUST-0169,3367,1684,3887,ACT-0026,200,55.0,1654.16
SHP-001684,2026-04-09,Roadstar Logistics,SO-001944,CUST-0169,3368,1684,3888,ACT-0037,100,2.0,3791.36
SHP-002578,2026-04-09,BlueLine Transport,SO-002982,CUST-0055,5155,2578,5963,DRV-0044,200,4.0,219.04
SHP-002578,2026-04-09,BlueLine Transport,SO-002982,CUST-0055,5156,2578,5964,DRV-0055,100,9.0,5400.43
SHP-003150,2026-04-09,ParcelPro,SO-003643,CUST-0012,6299,3150,7285,DRV-0035,100,22.0,904.12
SHP-003150,2026-04-09,ParcelPro,SO-003643,CUST-0012,6300,3150,7286,DRV-0046,200,33.0,877.32
SHP-003722,2026-04-09,Roadstar Logistics,SO-004304,CUST-0209,7443,3722,8607,DRV-0026,200,2.0,638.78
SHP-003722,2026-04-09,Roadstar Logistics,SO-004304,CUST-0209,7444,3722,8608,DRV-0037,100,4.0,4469.48
SHP-004618,2026-04-09,BlueLine Transport,SO-005342,CUST-0095,9235,4618,10683,AFT-0054,300,9.0,278.7
SHP-004618,2026-04-09,BlueLine Transport,SO-005342,CUST-0095,9236,4618,10684,CTL-0005,300,13.0,1064.96
SHP-005187,2026-04-09,ParcelPro,SO-006003,CUST-0052,10373,5187,12005,AFT-0045,300,33.0,1273.82
SHP-005187,2026-04-09,ParcelPro,SO-006003,CUST-0052,10374,5187,12006,AFT-0056,100,55.0,386.1
SHP-005702,2026-04-09,BlueLine Transport,SO-006598,CUST-0087,11403,5702,13195,ACT-0050,200,33.0,1066.65
SHP-005702,2026-04-09,BlueLine Transport,SO-006598,CUST-0087,11404,5702,13196,AFT-0001,100,55.0,1725.19
SHP-006845,2026-04-09,Roadstar Logistics,SO-007920,CUST-0001,13689,6845,15839,ACT-0032,200,22.0,232.68
SHP-006845,2026-04-09,Roadstar Logistics,SO-007920,CUST-0001,13690,6845,15840,ACT-0043,100,33.0,499.75
SHP-007744,2026-04-09,BlueLine Transport,SO-008958,CUST-0127,15487,7744,17915,DRV-0050,200,55.0,3137.29
SHP-007744,2026-04-09,BlueLine Transport,SO-008958,CUST-0127,15488,7744,17916,SYS-0001,100,2.0,484.28
SHP-008315,2026-04-09,ParcelPro,SO-009619,CUST-0084,16629,8315,19237,DRV-0041,100,9.0,271.46
SHP-008315,2026-04-09,ParcelPro,SO-009619,CUST-0084,16630,8315,19238,DRV-0052,200,13.0,1298.13
SHP-000706,2026-04-10,Roadstar Logistics,SO-000812,CUST-0125,1411,706,1623,DRV-0024,200,4.0,1625.62
SHP-000706,2026-04-10,Roadstar Logistics,SO-000812,CUST-0125,1412,706,1624,DRV-0035,100,9.0,904.12
SHP-001276,2026-04-10,Midwest Freight,SO-001473,CUST-0082,2551,1276,2945,DRV-0015,100,22.0,1233.73
SHP-001276,2026-04-10,Midwest Freight,SO-001473,CUST-0082,2552,1276,2946,DRV-0026,200,33.0,638.78
SHP-002173,2026-04-10,ParcelPro,SO-002511,CUST-0208,4345,2173,5021,AFT-0043,100,55.0,701.72
SHP-002173,2026-04-10,ParcelPro,SO-002511,CUST-0208,4346,2173,5022,AFT-0054,300,2.0,278.7
SHP-002743,2026-04-10,Roadstar Logistics,SO-003172,CUST-0165,5485,2743,6343,AFT-0034,100,9.0,501.15
SHP-002743,2026-04-10,Roadstar Logistics,SO-003172,CUST-0165,5486,2743,6344,AFT-0045,300,13.0,1273.82
SHP-003315,2026-04-10,Midwest Freight,SO-003833,CUST-0122,6629,3315,7665,AFT-0025,100,33.0,475.85
SHP-003315,2026-04-10,Midwest Freight,SO-003833,CUST-0122,6630,3315,7666,AFT-0036,300,55.0,950.62
SHP-004399,2026-04-10,Midwest Freight,SO-005089,CUST-0114,8797,4399,10177,ACT-0021,100,4.0,928.12
SHP-004399,2026-04-10,Midwest Freight,SO-005089,CUST-0114,8798,4399,10178,ACT-0032,200,9.0,232.68
SHP-005295,2026-04-10,ParcelPro,SO-006127,CUST-0240,10589,5295,12253,DRV-0039,100,13.0,385.26
SHP-005295,2026-04-10,ParcelPro,SO-006127,CUST-0240,10590,5295,12254,DRV-0050,200,22.0,3137.29
SHP-005868,2026-04-10,Roadstar Logistics,SO-006788,CUST-0197,11735,5868,13575,DRV-0030,200,55.0,447.73
SHP-005868,2026-04-10,Roadstar Logistics,SO-006788,CUST-0197,11736,5868,13576,DRV-0041,100,2.0,271.46
SHP-006439,2026-04-10,Midwest Freight,SO-007449,CUST-0154,12877,6439,14897,DRV-0021,100,9.0,1026.04
SHP-006439,2026-04-10,Midwest Freight,SO-007449,CUST-0154,12878,6439,14898,DRV-0032,200,13.0,242.87
SHP-007335,2026-04-10,ParcelPro,SO-008487,CUST-0040,14669,7335,16973,AFT-0049,100,22.0,719.94
SHP-007335,2026-04-10,ParcelPro,SO-008487,CUST-0040,14670,7335,16974,AFT-0060,300,33.0,381.82
SHP-008422,2026-04-10,ParcelPro,SO-009743,CUST-0032,16843,8422,19485,ACT-0045,100,2.0,311.98
SHP-008422,2026-04-10,ParcelPro,SO-009743,CUST-0032,16844,8422,19486,ACT-0056,200,4.0,618.58
SHP-000296,2026-04-11,Midwest Freight,SO-000341,CUST-0038,591,296,681,AFT-0023,100,55.0,273.18
SHP-000296,2026-04-11,Midwest Freight,SO-000341,CUST-0038,592,296,682,AFT-0034,100,2.0,501.15
SHP-000870,2026-04-11,BlueLine Transport,SO-001002,CUST-0235,1739,870,2003,AFT-0014,100,9.0,936.0
SHP-000870,2026-04-11,BlueLine Transport,SO-001002,CUST-0235,1740,870,2004,AFT-0025,100,13.0,475.85
SHP-002335,2026-04-11,Midwest Freight,SO-002701,CUST-0078,4669,2335,5401,SYS-0023,100,2.0,2333.9
SHP-002335,2026-04-11,Midwest Freight,SO-002701,CUST-0078,4670,2335,5402,ACT-0004,200,4.0,202.92
SHP-003421,2026-04-11,Midwest Freight,SO-003957,CUST-0070,6841,3421,7913,DRV-0019,100,13.0,1404.59
SHP-003421,2026-04-11,Midwest Freight,SO-003957,CUST-0070,6842,3421,7914,DRV-0030,200,22.0,447.73
SHP-003993,2026-04-11,BlueLine Transport,SO-004618,CUST-0027,7985,3993,9235,DRV-0010,200,55.0,364.42
SHP-003993,2026-04-11,BlueLine Transport,SO-004618,CUST-0027,7986,3993,9236,DRV-0021,100,2.0,1026.04
SHP-005459,2026-04-11,Midwest Freight,SO-006317,CUST-0110,10917,5459,12633,AFT-0029,100,22.0,438.34
SHP-005459,2026-04-11,Midwest Freight,SO-006317,CUST-0110,10918,5459,12634,AFT-0040,100,33.0,567.45
SHP-006031,2026-04-11,BlueLine Transport,SO-006978,CUST-0067,12061,6031,13955,AFT-0020,100,2.0,783.79
SHP-006031,2026-04-11,BlueLine Transport,SO-006978,CUST-0067,12062,6031,13956,AFT-0031,100,4.0,310.16
SHP-006546,2026-04-11,Midwest Freight,SO-007573,CUST-0102,13091,6546,15145,ACT-0025,100,2.0,2796.19
SHP-006546,2026-04-11,Midwest Freight,SO-007573,CUST-0102,13092,6546,15146,ACT-0036,200,4.0,207.18
SHP-007117,2026-04-11,BlueLine Transport,SO-008234,CUST-0059,14233,7117,16467,ACT-0016,200,13.0,217.24
SHP-007117,2026-04-11,BlueLine Transport,SO-008234,CUST-0059,14234,7117,16468,ACT-0027,100,22.0,2777.79
SHP-008588,2026-04-11,Midwest Freight,SO-009933,CUST-0142,17175,8588,19865,DRV-0025,100,4.0,2240.87
SHP-008588,2026-04-11,Midwest Freight,SO-009933,CUST-0142,17176,8588,19866,DRV-0036,200,9.0,1497.18
SHP-000462,2026-04-12,ParcelPro,SO-000531,CUST-0148,923,462,1061,SYS-0003,100,2.0,789.98
SHP-000462,2026-04-12,ParcelPro,SO-000531,CUST-0148,924,462,1062,SYS-0014,300,4.0,847.06
SHP-001548,2026-04-12,ParcelPro,SO-001787,CUST-0140,3095,1548,3573,CTL-0039,300,13.0,1883.77
SHP-001548,2026-04-12,ParcelPro,SO-001787,CUST-0140,3096,1548,3574,DRV-0010,200,22.0,364.42
SHP-003014,2026-04-12,BlueLine Transport,SO-003486,CUST-0223,6027,3014,6971,AFT-0018,300,4.0,583.67
SHP-003014,2026-04-12,BlueLine Transport,SO-003486,CUST-0223,6028,3014,6972,AFT-0029,100,9.0,438.34
SHP-003587,2026-04-12,ParcelPro,SO-004147,CUST-0180,7173,3587,8293,AFT-0009,300,22.0,622.76
SHP-003587,2026-04-12,ParcelPro,SO-004147,CUST-0180,7174,3587,8294,AFT-0020,100,33.0,783.79
SHP-004157,2026-04-12,Roadstar Logistics,SO-004808,CUST-0137,8313,4157,9615,ACT-0060,200,2.0,218.01
SHP-004157,2026-04-12,Roadstar Logistics,SO-004808,CUST-0137,8314,4157,9616,AFT-0011,100,4.0,459.76
SHP-005241,2026-04-12,Roadstar Logistics,SO-006064,CUST-0129,10481,5241,12127,SYS-0026,300,13.0,1401.71
SHP-005241,2026-04-12,Roadstar Logistics,SO-006064,CUST-0129,10482,5241,12128,ACT-0007,100,22.0,2766.72
SHP-006139,2026-04-12,BlueLine Transport,SO-007102,CUST-0015,12277,6139,14203,DRV-0014,200,33.0,976.85
SHP-006139,2026-04-12,BlueLine Transport,SO-007102,CUST-0015,12278,6139,14204,DRV-0025,100,55.0,2240.87
SHP-006712,2026-04-12,ParcelPro,SO-007763,CUST-0212,13423,6712,15525,DRV-0005,100,4.0,1162.73
SHP-006712,2026-04-12,ParcelPro,SO-007763,CUST-0212,13424,6712,15526,DRV-0016,200,9.0,381.8
SHP-007282,2026-04-12,Roadstar Logistics,SO-008424,CUST-0169,14563,7282,16847,CTL-0036,300,22.0,3755.26
SHP-007282,2026-04-12,Roadstar Logistics,SO-008424,CUST-0169,14564,7282,16848,DRV-0007,100,33.0,1355.9
SHP-008178,2026-04-12,BlueLine Transport,SO-009462,CUST-0055,16355,8178,18923,AFT-0024,300,55.0,584.52
SHP-008178,2026-04-12,BlueLine Transport,SO-009462,CUST-0055,16356,8178,18924,AFT-0035,100,2.0,2292.51
SHP-000569,2026-04-13,ParcelPro,SO-000655,CUST-0096,1137,569,1309,AFT-0007,100,33.0,295.96
SHP-000569,2026-04-13,ParcelPro,SO-000655,CUST-0096,1138,569,1310,AFT-0018,300,55.0,583.67
SHP-001141,2026-04-13,Roadstar Logistics,SO-001316,CUST-0053,2281,1141,2631,ACT-0058,200,4.0,360.61
SHP-001141,2026-04-13,Roadstar Logistics,SO-001316,CUST-0053,2282,1141,2632,AFT-0009,300,9.0,622.76
SHP-001712,2026-04-13,Midwest Freight,SO-001977,CUST-0010,3423,1712,3953,ACT-0049,100,22.0,830.3
SHP-001712,2026-04-13,Midwest Freight,SO-001977,CUST-0010,3424,1712,3954,ACT-0060,200,33.0,218.01
SHP-002606,2026-04-13,ParcelPro,SO-003015,CUST-0136,5211,2606,6029,SYS-0007,100,55.0,900.07
SHP-002606,2026-04-13,ParcelPro,SO-003015,CUST-0136,5212,2606,6030,SYS-0018,300,2.0,631.4
SHP-003179,2026-04-13,Roadstar Logistics,SO-003676,CUST-0093,6357,3179,7351,DRV-0058,200,9.0,2026.68
SHP-003179,2026-04-13,Roadstar Logistics,SO-003676,CUST-0093,6358,3179,7352,SYS-0009,100,13.0,550.07
SHP-003693,2026-04-13,ParcelPro,SO-004271,CUST-0128,7385,3693,8541,DRV-0003,100,9.0,1969.66
SHP-003693,2026-04-13,ParcelPro,SO-004271,CUST-0128,7386,3693,8542,DRV-0014,200,13.0,976.85
SHP-004263,2026-04-13,Roadstar Logistics,SO-004932,CUST-0085,8525,4263,9863,CTL-0034,300,33.0,1946.56
SHP-004263,2026-04-13,Roadstar Logistics,SO-004932,CUST-0085,8526,4263,9864,DRV-0005,100,55.0,1162.73
SHP-005731,2026-04-13,ParcelPro,SO-006631,CUST-0168,11461,5731,13261,AFT-0013,100,13.0,2946.6
SHP-005731,2026-04-13,ParcelPro,SO-006631,CUST-0168,11462,5731,13262,AFT-0024,300,22.0,584.52
SHP-006303,2026-04-13,Roadstar Logistics,SO-007292,CUST-0125,12605,6303,14583,AFT-0004,100,55.0,2143.65
SHP-006303,2026-04-13,Roadstar Logistics,SO-007292,CUST-0125,12606,6303,14584,AFT-0015,300,2.0,1124.21
SHP-006874,2026-04-13,Midwest Freight,SO-007953,CUST-0082,13747,6874,15905,ACT-0055,100,9.0,2134.85
SHP-006874,2026-04-13,Midwest Freight,SO-007953,CUST-0082,13748,6874,15906,AFT-0006,300,13.0,5754.99
SHP-007388,2026-04-13,Roadstar Logistics,SO-008548,CUST-0117,14775,7388,17095,SYS-0030,300,9.0,3308.83
SHP-007388,2026-04-13,Roadstar Logistics,SO-008548,CUST-0117,14776,7388,17096,ACT-0011,100,13.0,416.59
SHP-007960,2026-04-13,Midwest Freight,SO-009209,CUST-0074,15919,7960,18417,SYS-0021,100,33.0,1935.92
SHP-007960,2026-04-13,Midwest Freight,SO-009209,CUST-0074,15920,7960,18418,ACT-0002,200,55.0,398.44
SHP-000735,2026-04-14,Midwest Freight,SO-000845,CUST-0206,1469,735,1689,DRV-0047,100,55.0,3735.12
SHP-000735,2026-04-14,Midwest Freight,SO-000845,CUST-0206,1470,735,1690,DRV-0058,200,2.0,2026.68
SHP-001304,2026-04-14,BlueLine Transport,SO-001506,CUST-0163,2607,1304,3011,DRV-0038,200,9.0,544.32
SHP-001304,2026-04-14,BlueLine Transport,SO-001506,CUST-0163,2608,1304,3012,DRV-0049,100,13.0,1199.79
SHP-002389,2026-04-14,BlueLine Transport,SO-002762,CUST-0155,4777,2389,5523,CTL-0014,300,33.0,376.32
SHP-002389,2026-04-14,BlueLine Transport,SO-002762,CUST-0155,4778,2389,5524,CTL-0025,300,55.0,1240.54
SHP-003858,2026-04-14,Midwest Freight,SO-004461,CUST-0238,7715,3858,8921,ACT-0053,100,13.0,457.71
SHP-003858,2026-04-14,Midwest Freight,SO-004461,CUST-0238,7716,3858,8922,AFT-0004,100,22.0,2143.65
SHP-004427,2026-04-14,BlueLine Transport,SO-005122,CUST-0195,8853,4427,10243,ACT-0044,200,55.0,191.13
SHP-004427,2026-04-14,BlueLine Transport,SO-005122,CUST-0195,8854,4427,10244,ACT-0055,100,2.0,2134.85
SHP-006981,2026-04-14,Midwest Freight,SO-008077,CUST-0030,13961,6981,16153,CTL-0029,300,2.0,746.13
SHP-006981,2026-04-14,Midwest Freight,SO-008077,CUST-0030,13962,6981,16154,CTL-0040,300,4.0,3693.39
SHP-000515,2026-04-15,Roadstar Logistics,SO-000592,CUST-0225,1029,515,1183,AFT-0054,300,33.0,278.7
SHP-000515,2026-04-15,Roadstar Logistics,SO-000592,CUST-0225,1030,515,1184,CTL-0005,300,55.0,1064.96
SHP-001411,2026-04-15,BlueLine Transport,SO-001630,CUST-0111,2821,1411,3259,ACT-0042,200,2.0,643.48
SHP-001411,2026-04-15,BlueLine Transport,SO-001630,CUST-0111,2822,1411,3260,ACT-0053,100,4.0,457.71
SHP-001984,2026-04-15,ParcelPro,SO-002291,CUST-0068,3967,1984,4581,ACT-0033,100,13.0,1322.16
SHP-001984,2026-04-15,ParcelPro,SO-002291,CUST-0068,3968,1984,4582,ACT-0044,200,22.0,191.13
SHP-002553,2026-04-15,Roadstar Logistics,SO-002952,CUST-0025,5105,2553,5903,ACT-0024,200,55.0,1998.42
SHP-002553,2026-04-15,Roadstar Logistics,SO-002952,CUST-0025,5106,2553,5904,ACT-0035,100,2.0,1963.86
SHP-003450,2026-04-15,BlueLine Transport,SO-003990,CUST-0151,6899,3450,7979,DRV-0042,200,4.0,409.54
SHP-003450,2026-04-15,BlueLine Transport,SO-003990,CUST-0151,6900,3450,7980,DRV-0053,100,9.0,2495.92
SHP-004022,2026-04-15,ParcelPro,SO-004651,CUST-0108,8043,4022,9301,DRV-0033,100,22.0,1124.9
SHP-004022,2026-04-15,ParcelPro,SO-004651,CUST-0108,8044,4022,9302,DRV-0044,200,33.0,219.04
SHP-004535,2026-04-15,BlueLine Transport,SO-005246,CUST-0143,9069,4535,10491,CTL-0018,300,22.0,685.06
SHP-004535,2026-04-15,BlueLine Transport,SO-005246,CUST-0143,9070,4535,10492,CTL-0029,300,33.0,746.13
SHP-005106,2026-04-15,ParcelPro,SO-005907,CUST-0100,10211,5106,11813,CTL-0009,300,2.0,1465.6
SHP-005106,2026-04-15,ParcelPro,SO-005907,CUST-0100,10212,5106,11814,CTL-0020,300,4.0,687.1
SHP-005677,2026-04-15,Roadstar Logistics,SO-006568,CUST-0057,11353,5677,13135,AFT-0060,300,13.0,381.82
SHP-005677,2026-04-15,Roadstar Logistics,SO-006568,CUST-0057,11354,5677,13136,CTL-0011,300,22.0,2846.92
SHP-006575,2026-04-15,BlueLine Transport,SO-007606,CUST-0183,13149,6575,15211,ACT-0048,200,33.0,383.41
SHP-006575,2026-04-15,BlueLine Transport,SO-007606,CUST-0183,13150,6575,15212,ACT-0059,100,55.0,860.8
SHP-007145,2026-04-15,ParcelPro,SO-008267,CUST-0140,14289,7145,16533,ACT-0039,100,4.0,759.88
SHP-007145,2026-04-15,ParcelPro,SO-008267,CUST-0140,14290,7145,16534,ACT-0050,200,9.0,1066.65
SHP-007717,2026-04-15,Roadstar Logistics,SO-008928,CUST-0097,15433,7717,17855,ACT-0030,200,22.0,443.77
SHP-007717,2026-04-15,Roadstar Logistics,SO-008928,CUST-0097,15434,7717,17856,ACT-0041,100,33.0,443.53
SHP-008231,2026-04-15,ParcelPro,SO-009523,CUST-0132,16461,8231,19045,SYS-0005,100,22.0,295.22
SHP-008231,2026-04-15,ParcelPro,SO-009523,CUST-0132,16462,8231,19046,SYS-0016,300,33.0,2022.21
SHP-000107,2026-04-16,Midwest Freight,SO-000121,CUST-0138,213,107,241,ACT-0013,100,13.0,371.79
SHP-000107,2026-04-16,Midwest Freight,SO-000121,CUST-0138,214,107,242,ACT-0024,200,22.0,1998.42
SHP-001006,2026-04-16,ParcelPro,SO-001159,CUST-0024,2011,1006,2317,DRV-0031,100,33.0,1392.98
SHP-001006,2026-04-16,ParcelPro,SO-001159,CUST-0024,2012,1006,2318,DRV-0042,200,55.0,409.54
SHP-001575,2026-04-16,Roadstar Logistics,SO-001820,CUST-0221,3149,1575,3639,DRV-0022,200,4.0,4199.01
SHP-001575,2026-04-16,Roadstar Logistics,SO-001820,CUST-0221,3150,1575,3640,DRV-0033,100,9.0,1124.9
SHP-002147,2026-04-16,Midwest Freight,SO-002481,CUST-0178,4293,2147,4961,DRV-0013,100,22.0,534.23
SHP-002147,2026-04-16,Midwest Freight,SO-002481,CUST-0178,4294,2147,4962,DRV-0024,200,33.0,1625.62
SHP-003233,2026-04-16,Midwest Freight,SO-003737,CUST-0170,6465,3233,7473,AFT-0049,100,2.0,719.94
SHP-003233,2026-04-16,Midwest Freight,SO-003737,CUST-0170,6466,3233,7474,AFT-0060,300,4.0,381.82
SHP-004129,2026-04-16,ParcelPro,SO-004775,CUST-0056,8257,4129,9549,ACT-0037,100,9.0,3791.36
SHP-004129,2026-04-16,ParcelPro,SO-004775,CUST-0056,8258,4129,9550,ACT-0048,200,13.0,383.41
SHP-004700,2026-04-16,Roadstar Logistics,SO-005436,CUST-0013,9399,4700,10871,ACT-0028,200,33.0,213.58
SHP-004700,2026-04-16,Roadstar Logistics,SO-005436,CUST-0013,9400,4700,10872,ACT-0039,100,55.0,759.88
SHP-005269,2026-04-16,Midwest Freight,SO-006097,CUST-0210,10537,5269,12193,ACT-0019,100,4.0,1249.06
SHP-005269,2026-04-16,Midwest Freight,SO-006097,CUST-0210,10538,5269,12194,ACT-0030,200,9.0,443.77
SHP-006168,2026-04-16,ParcelPro,SO-007135,CUST-0096,12335,6168,14269,DRV-0037,100,13.0,4469.48
SHP-006168,2026-04-16,ParcelPro,SO-007135,CUST-0096,12336,6168,14270,DRV-0048,200,22.0,916.05
SHP-007254,2026-04-16,ParcelPro,SO-008391,CUST-0088,14507,7254,16781,CTL-0013,300,55.0,269.64
SHP-007254,2026-04-16,ParcelPro,SO-008391,CUST-0088,14508,7254,16782,CTL-0024,300,2.0,782.21
SHP-007825,2026-04-16,Roadstar Logistics,SO-009052,CUST-0045,15649,7825,18103,CTL-0004,300,9.0,1388.28
SHP-007825,2026-04-16,Roadstar Logistics,SO-009052,CUST-0045,15650,7825,18104,CTL-0015,300,13.0,505.32
SHP-008397,2026-04-16,Midwest Freight,SO-009713,CUST-0002,16793,8397,19425,AFT-0055,100,33.0,281.39
SHP-008397,2026-04-16,Midwest Freight,SO-009713,CUST-0002,16794,8397,19426,CTL-0006,300,55.0,1608.4
SHP-002253,2026-04-17,Midwest Freight,SO-002605,CUST-0126,4505,2253,5209,ACT-0017,100,9.0,632.55
SHP-002253,2026-04-17,Midwest Freight,SO-002605,CUST-0126,4506,2253,5210,ACT-0028,200,13.0,213.58
SHP-002824,2026-04-17,BlueLine Transport,SO-003266,CUST-0083,5647,2824,6531,ACT-0008,200,33.0,227.79
SHP-002824,2026-04-17,BlueLine Transport,SO-003266,CUST-0083,5648,2824,6532,ACT-0019,100,55.0,1249.06
SHP-004290,2026-04-17,Midwest Freight,SO-004965,CUST-0166,8579,4290,9929,DRV-0017,100,13.0,777.04
SHP-004290,2026-04-17,Midwest Freight,SO-004965,CUST-0166,8580,4290,9930,DRV-0028,200,22.0,2358.69
SHP-004864,2026-04-17,BlueLine Transport,SO-005626,CUST-0123,9727,4864,11251,DRV-0008,200,55.0,260.06
SHP-004864,2026-04-17,BlueLine Transport,SO-005626,CUST-0123,9728,4864,11252,DRV-0019,100,2.0,1404.59
SHP-005377,2026-04-17,Midwest Freight,SO-006221,CUST-0158,10753,5377,12441,AFT-0053,100,55.0,484.99
SHP-005377,2026-04-17,Midwest Freight,SO-006221,CUST-0158,10754,5377,12442,CTL-0004,300,2.0,1388.28
SHP-005949,2026-04-17,BlueLine Transport,SO-006882,CUST-0115,11897,5949,13763,AFT-0044,100,9.0,1002.16
SHP-005949,2026-04-17,BlueLine Transport,SO-006882,CUST-0115,11898,5949,13764,AFT-0055,100,13.0,281.39
SHP-007418,2026-04-17,Midwest Freight,SO-008581,CUST-0198,14835,7418,17161,ACT-0023,100,2.0,2312.23
SHP-007418,2026-04-17,Midwest Freight,SO-008581,CUST-0198,14836,7418,17162,ACT-0034,200,4.0,338.7
SHP-007988,2026-04-17,BlueLine Transport,SO-009242,CUST-0155,15975,7988,18483,ACT-0014,200,13.0,544.47
SHP-007988,2026-04-17,BlueLine Transport,SO-009242,CUST-0155,15976,7988,18484,ACT-0025,100,22.0,2796.19
SHP-000381,2026-04-18,ParcelPro,SO-000435,CUST-0196,761,381,869,SYS-0027,100,9.0,1000.55
SHP-000381,2026-04-18,ParcelPro,SO-000435,CUST-0196,762,381,870,ACT-0008,200,13.0,227.79
SHP-000952,2026-04-18,Roadstar Logistics,SO-001096,CUST-0153,1903,952,2191,SYS-0018,300,33.0,631.4
SHP-000952,2026-04-18,Roadstar Logistics,SO-001096,CUST-0153,1904,952,2192,SYS-0029,100,55.0,1160.41
SHP-001848,2026-04-18,BlueLine Transport,SO-002134,CUST-0039,3695,1848,4267,DRV-0006,200,2.0,1777.77
SHP-001848,2026-04-18,BlueLine Transport,SO-002134,CUST-0039,3696,1848,4268,DRV-0017,100,4.0,777.04
SHP-002416,2026-04-18,ParcelPro,SO-002795,CUST-0236,4831,2416,5589,CTL-0037,300,13.0,4331.48
SHP-002416,2026-04-18,ParcelPro,SO-002795,CUST-0236,4832,2416,5590,DRV-0008,200,22.0,260.06
SHP-002988,2026-04-18,Roadstar Logistics,SO-003456,CUST-0193,5975,2988,6911,CTL-0028,300,55.0,2359.35
SHP-002988,2026-04-18,Roadstar Logistics,SO-003456,CUST-0193,5976,2988,6912,CTL-0039,300,2.0,1883.77
SHP-004075,2026-04-18,Roadstar Logistics,SO-004712,CUST-0185,8149,4075,9423,AFT-0024,300,9.0,584.52
SHP-004075,2026-04-18,Roadstar Logistics,SO-004712,CUST-0185,8150,4075,9424,AFT-0035,100,13.0,2292.51
SHP-004970,2026-04-18,BlueLine Transport,SO-005750,CUST-0071,9939,4970,11499,ACT-0012,200,22.0,310.47
SHP-004970,2026-04-18,BlueLine Transport,SO-005750,CUST-0071,9940,4970,11500,ACT-0023,100,33.0,2312.23
SHP-005541,2026-04-18,ParcelPro,SO-006411,CUST-0028,11081,5541,12821,ACT-0003,100,2.0,1998.31
SHP-005541,2026-04-18,ParcelPro,SO-006411,CUST-0028,11082,5541,12822,ACT-0014,200,4.0,544.47
SHP-007008,2026-04-18,BlueLine Transport,SO-008110,CUST-0111,14015,7008,16219,DRV-0012,200,33.0,236.26
SHP-007008,2026-04-18,BlueLine Transport,SO-008110,CUST-0111,14016,7008,16220,DRV-0023,100,55.0,1456.75
SHP-008096,2026-04-18,BlueLine Transport,SO-009366,CUST-0103,16191,8096,18731,AFT-0048,300,4.0,2594.19
SHP-008096,2026-04-18,BlueLine Transport,SO-009366,CUST-0103,16192,8096,18732,AFT-0059,100,9.0,270.09
SHP-000543,2026-04-19,Midwest Freight,SO-000625,CUST-0066,1085,543,1249,CTL-0017,300,13.0,246.26
SHP-000543,2026-04-19,Midwest Freight,SO-000625,CUST-0066,1086,543,1250,CTL-0028,300,22.0,2359.35
SHP-001439,2026-04-19,ParcelPro,SO-001663,CUST-0192,2877,1439,3325,AFT-0005,100,33.0,2334.92
SHP-001439,2026-04-19,ParcelPro,SO-001663,CUST-0192,2878,1439,3326,AFT-0016,100,55.0,1691.61
SHP-002524,2026-04-19,ParcelPro,SO-002919,CUST-0184,5047,2524,5837,ACT-0001,100,4.0,2375.15
SHP-002524,2026-04-19,ParcelPro,SO-002919,CUST-0184,5048,2524,5838,ACT-0012,200,9.0,310.47
SHP-003097,2026-04-19,Roadstar Logistics,SO-003580,CUST-0141,6193,3097,7159,SYS-0022,300,22.0,4965.2
SHP-003097,2026-04-19,Roadstar Logistics,SO-003580,CUST-0141,6194,3097,7160,ACT-0003,100,33.0,1998.31
SHP-003668,2026-04-19,Midwest Freight,SO-004241,CUST-0098,7335,3668,8481,SYS-0013,100,2.0,871.78
SHP-003668,2026-04-19,Midwest Freight,SO-004241,CUST-0098,7336,3668,8482,SYS-0024,300,4.0,5743.44
SHP-004564,2026-04-19,ParcelPro,SO-005279,CUST-0224,9127,4564,10557,DRV-0001,100,9.0,1077.99
SHP-004564,2026-04-19,ParcelPro,SO-005279,CUST-0224,9128,4564,10558,DRV-0012,200,13.0,236.26
SHP-005133,2026-04-19,Roadstar Logistics,SO-005940,CUST-0181,10265,5133,11879,CTL-0032,300,33.0,1947.94
SHP-005133,2026-04-19,Roadstar Logistics,SO-005940,CUST-0181,10266,5133,11880,DRV-0003,100,55.0,1969.66
SHP-005705,2026-04-19,Midwest Freight,SO-006601,CUST-0138,11409,5705,13201,CTL-0023,300,4.0,1243.13
SHP-005705,2026-04-19,Midwest Freight,SO-006601,CUST-0138,11410,5705,13202,CTL-0034,300,9.0,1946.56
SHP-006221,2026-04-19,Roadstar Logistics,SO-007196,CUST-0173,12441,6221,14391,AFT-0028,100,4.0,349.76
SHP-006221,2026-04-19,Roadstar Logistics,SO-007196,CUST-0173,12442,6221,14392,AFT-0039,300,9.0,8553.4
SHP-006791,2026-04-19,Midwest Freight,SO-007857,CUST-0130,13581,6791,15713,AFT-0019,100,22.0,769.7
SHP-006791,2026-04-19,Midwest Freight,SO-007857,CUST-0130,13582,6791,15714,AFT-0030,300,33.0,342.02
SHP-007688,2026-04-19,ParcelPro,SO-008895,CUST-0016,15375,7688,17789,ACT-0007,100,55.0,2766.72
SHP-007688,2026-04-19,ParcelPro,SO-008895,CUST-0016,15376,7688,17790,ACT-0018,200,2.0,1053.86
SHP-008261,2026-04-19,Roadstar Logistics,SO-009556,CUST-0213,16521,8261,19111,SYS-0028,300,9.0,2113.15
SHP-008261,2026-04-19,Roadstar Logistics,SO-009556,CUST-0213,16522,8261,19112,ACT-0009,100,13.0,364.09
SHP-000135,2026-04-20,BlueLine Transport,SO-000154,CUST-0219,269,135,307,ACT-0036,200,4.0,207.18
SHP-000135,2026-04-20,BlueLine Transport,SO-000154,CUST-0219,270,135,308,ACT-0047,100,9.0,766.28
SHP-000650,2026-04-20,Midwest Freight,SO-000749,CUST-0014,1299,650,1497,SYS-0011,100,4.0,1020.49
SHP-000650,2026-04-20,Midwest Freight,SO-000749,CUST-0014,1300,650,1498,SYS-0022,300,9.0,4965.2
SHP-001222,2026-04-20,BlueLine Transport,SO-001410,CUST-0211,2443,1222,2819,SYS-0002,300,22.0,1223.7
SHP-001222,2026-04-20,BlueLine Transport,SO-001410,CUST-0211,2444,1222,2820,SYS-0013,100,33.0,871.78
SHP-002689,2026-04-20,Midwest Freight,SO-003109,CUST-0054,5377,2689,6217,CTL-0021,300,9.0,849.25
SHP-002689,2026-04-20,Midwest Freight,SO-003109,CUST-0054,5378,2689,6218,CTL-0032,300,13.0,1947.94
SHP-003261,2026-04-20,BlueLine Transport,SO-003770,CUST-0011,6521,3261,7539,CTL-0012,300,33.0,4482.68
SHP-003261,2026-04-20,BlueLine Transport,SO-003770,CUST-0011,6522,3261,7540,CTL-0023,300,55.0,1243.13
SHP-005814,2026-04-20,Midwest Freight,SO-006725,CUST-0086,11627,5814,13449,SYS-0017,100,55.0,2870.14
SHP-005814,2026-04-20,Midwest Freight,SO-006725,CUST-0086,11628,5814,13450,SYS-0028,300,2.0,2113.15
SHP-006386,2026-04-20,BlueLine Transport,SO-007386,CUST-0043,12771,6386,14771,SYS-0008,300,9.0,218.0
SHP-006386,2026-04-20,BlueLine Transport,SO-007386,CUST-0043,12772,6386,14772,SYS-0019,100,13.0,1798.13
SHP-007852,2026-04-20,Midwest Freight,SO-009085,CUST-0126,15703,7852,18169,CTL-0027,300,2.0,1052.17
SHP-007852,2026-04-20,Midwest Freight,SO-009085,CUST-0126,15704,7852,18170,CTL-0038,300,4.0,1627.96
SHP-000243,2026-04-21,BlueLine Transport,SO-000278,CUST-0167,485,243,555,CTL-0010,300,55.0,2841.49
SHP-000243,2026-04-21,BlueLine Transport,SO-000278,CUST-0167,486,243,556,CTL-0021,300,2.0,849.25
SHP-000816,2026-04-21,ParcelPro,SO-000939,CUST-0124,1631,816,1877,CTL-0001,300,9.0,2176.28
SHP-000816,2026-04-21,ParcelPro,SO-000939,CUST-0124,1632,816,1878,CTL-0012,300,13.0,4482.68
SHP-001384,2026-04-21,Roadstar Logistics,SO-001600,CUST-0081,2767,1384,3199,AFT-0052,100,33.0,315.62
SHP-001384,2026-04-21,Roadstar Logistics,SO-001600,CUST-0081,2768,1384,3200,CTL-0003,300,55.0,1770.15
SHP-002280,2026-04-21,BlueLine Transport,SO-002638,CUST-0207,4559,2280,5275,ACT-0040,200,2.0,199.82
SHP-002280,2026-04-21,BlueLine Transport,SO-002638,CUST-0207,4560,2280,5276,ACT-0051,100,4.0,4550.3
SHP-003368,2026-04-21,BlueLine Transport,SO-003894,CUST-0199,6735,3368,7787,SYS-0006,300,13.0,436.61
SHP-003368,2026-04-21,BlueLine Transport,SO-003894,CUST-0199,6736,3368,7788,SYS-0017,100,22.0,2870.14
SHP-003938,2026-04-21,ParcelPro,SO-004555,CUST-0156,7875,3938,9109,DRV-0057,100,55.0,3870.18
SHP-003938,2026-04-21,ParcelPro,SO-004555,CUST-0156,7876,3938,9110,SYS-0008,300,2.0,218.0
SHP-004509,2026-04-21,Roadstar Logistics,SO-005216,CUST-0113,9017,4509,10431,DRV-0048,200,9.0,916.05
SHP-004509,2026-04-21,Roadstar Logistics,SO-005216,CUST-0113,9018,4509,10432,DRV-0059,100,13.0,4086.27
SHP-005405,2026-04-21,BlueLine Transport,SO-006254,CUST-0239,10809,5405,12507,CTL-0016,300,22.0,273.05
SHP-005405,2026-04-21,BlueLine Transport,SO-006254,CUST-0239,10810,5405,12508,CTL-0027,300,33.0,1052.17
SHP-005977,2026-04-21,ParcelPro,SO-006915,CUST-0196,11953,5977,13829,CTL-0007,300,2.0,2206.98
SHP-005977,2026-04-21,ParcelPro,SO-006915,CUST-0196,11954,5977,13830,CTL-0018,300,4.0,685.06
SHP-006549,2026-04-21,Roadstar Logistics,SO-007576,CUST-0153,13097,6549,15151,AFT-0058,100,13.0,248.59
SHP-006549,2026-04-21,Roadstar Logistics,SO-007576,CUST-0153,13098,6549,15152,CTL-0009,300,22.0,1465.6
SHP-007063,2026-04-21,ParcelPro,SO-008171,CUST-0188,14125,7063,16341,AFT-0003,300,13.0,4514.04
SHP-007063,2026-04-21,ParcelPro,SO-008171,CUST-0188,14126,7063,16342,AFT-0014,100,22.0,936.0
SHP-007634,2026-04-21,Roadstar Logistics,SO-008832,CUST-0145,15267,7634,17663,ACT-0054,200,55.0,3824.58
SHP-007634,2026-04-21,Roadstar Logistics,SO-008832,CUST-0145,15268,7634,17664,AFT-0005,100,2.0,2334.92
SHP-008534,2026-04-21,BlueLine Transport,SO-009870,CUST-0031,17067,8534,19739,SYS-0012,300,4.0,544.4
SHP-008534,2026-04-21,BlueLine Transport,SO-009870,CUST-0031,17068,8534,19740,SYS-0023,100,9.0,2333.9
SHP-000408,2026-04-22,Roadstar Logistics,SO-000468,CUST-0037,815,408,935,ACT-0020,200,2.0,626.2
SHP-000408,2026-04-22,Roadstar Logistics,SO-000468,CUST-0037,816,408,936,ACT-0031,100,4.0,2523.05
SHP-000980,2026-04-22,Midwest Freight,SO-001129,CUST-0234,1959,980,2257,ACT-0011,100,13.0,416.59
SHP-000980,2026-04-22,Midwest Freight,SO-001129,CUST-0234,1960,980,2258,ACT-0022,200,22.0,990.4
SHP-001493,2026-04-22,Roadstar Logistics,SO-001724,CUST-0029,2985,1493,3447,DRV-0046,200,13.0,877.32
SHP-001493,2026-04-22,Roadstar Logistics,SO-001724,CUST-0029,2986,1493,3448,DRV-0057,100,22.0,3870.18
SHP-002065,2026-04-22,Midwest Freight,SO-002385,CUST-0226,4129,2065,4769,DRV-0037,100,55.0,4469.48
SHP-002065,2026-04-22,Midwest Freight,SO-002385,CUST-0226,4130,2065,4770,DRV-0048,200,2.0,916.05
SHP-002960,2026-04-22,ParcelPro,SO-003423,CUST-0112,5919,2960,6845,CTL-0005,300,4.0,1064.96
SHP-002960,2026-04-22,ParcelPro,SO-003423,CUST-0112,5920,2960,6846,CTL-0016,300,9.0,273.05
SHP-003533,2026-04-22,Roadstar Logistics,SO-004084,CUST-0069,7065,3533,8167,AFT-0056,100,22.0,386.1
SHP-003533,2026-04-22,Roadstar Logistics,SO-004084,CUST-0069,7066,3533,8168,CTL-0007,300,33.0,2206.98
SHP-004102,2026-04-22,Midwest Freight,SO-004745,CUST-0026,8203,4102,9489,AFT-0047,100,2.0,1876.46
SHP-004102,2026-04-22,Midwest Freight,SO-004745,CUST-0026,8204,4102,9490,AFT-0058,100,4.0,248.59
SHP-004998,2026-04-22,ParcelPro,SO-005783,CUST-0152,9995,4998,11565,ACT-0035,100,9.0,1963.86
SHP-004998,2026-04-22,ParcelPro,SO-005783,CUST-0152,9996,4998,11566,ACT-0046,200,13.0,543.39
SHP-006085,2026-04-22,ParcelPro,SO-007039,CUST-0144,12169,6085,14077,SYS-0001,100,33.0,484.28
SHP-006085,2026-04-22,ParcelPro,SO-007039,CUST-0144,12170,6085,14078,SYS-0012,300,55.0,544.4
SHP-006657,2026-04-22,Roadstar Logistics,SO-007700,CUST-0101,13313,6657,15399,DRV-0052,200,4.0,1298.13
SHP-006657,2026-04-22,Roadstar Logistics,SO-007700,CUST-0101,13314,6657,15400,SYS-0003,100,9.0,789.98
SHP-007228,2026-04-22,Midwest Freight,SO-008361,CUST-0058,14455,7228,16721,DRV-0043,100,22.0,581.68
SHP-007228,2026-04-22,Midwest Freight,SO-008361,CUST-0058,14456,7228,16722,DRV-0054,200,33.0,2389.07
SHP-008124,2026-04-22,ParcelPro,SO-009399,CUST-0184,16247,8124,18797,CTL-0011,300,55.0,2846.92
SHP-008124,2026-04-22,ParcelPro,SO-009399,CUST-0184,16248,8124,18798,CTL-0022,300,2.0,2070.12
SHP-001087,2026-04-23,Midwest Freight,SO-001253,CUST-0182,2173,1087,2505,AFT-0045,300,4.0,1273.82
SHP-001087,2026-04-23,Midwest Freight,SO-001253,CUST-0182,2174,1087,2506,AFT-0056,100,9.0,386.1
SHP-001659,2026-04-23,BlueLine Transport,SO-001914,CUST-0139,3317,1659,3827,AFT-0036,300,22.0,950.62
SHP-001659,2026-04-23,BlueLine Transport,SO-001914,CUST-0139,3318,1659,3828,AFT-0047,100,33.0,1876.46
SHP-003124,2026-04-23,Midwest Freight,SO-003613,CUST-0222,6247,3124,7225,ACT-0015,100,9.0,1074.85
SHP-003124,2026-04-23,Midwest Freight,SO-003613,CUST-0222,6248,3124,7226,ACT-0026,200,13.0,1654.16
SHP-004210,2026-04-23,Midwest Freight,SO-004869,CUST-0214,8419,4210,9737,DRV-0041,100,33.0,271.46
SHP-004210,2026-04-23,Midwest Freight,SO-004869,CUST-0214,8420,4210,9738,DRV-0052,200,55.0,1298.13
SHP-004781,2026-04-23,BlueLine Transport,SO-005530,CUST-0171,9561,4781,11059,DRV-0032,200,4.0,242.87
SHP-004781,2026-04-23,BlueLine Transport,SO-005530,CUST-0171,9562,4781,11060,DRV-0043,100,9.0,581.68
SHP-006249,2026-04-23,Midwest Freight,SO-007229,CUST-0014,12497,6249,14457,AFT-0051,300,55.0,1343.81
SHP-006249,2026-04-23,Midwest Freight,SO-007229,CUST-0014,12498,6249,14458,CTL-0002,300,2.0,1099.52
SHP-006818,2026-04-23,BlueLine Transport,SO-007890,CUST-0211,13635,6818,15779,AFT-0042,300,9.0,299.23
SHP-006818,2026-04-23,BlueLine Transport,SO-007890,CUST-0211,13636,6818,15780,AFT-0053,100,13.0,484.99
SHP-001249,2026-04-24,ParcelPro,SO-001443,CUST-0052,2497,1249,2885,SYS-0025,100,9.0,523.8
SHP-001249,2026-04-24,ParcelPro,SO-001443,CUST-0052,2498,1249,2886,ACT-0006,200,13.0,521.36
SHP-001822,2026-04-24,Roadstar Logistics,SO-002104,CUST-0009,3643,1822,4207,SYS-0016,300,33.0,2022.21
SHP-001822,2026-04-24,Roadstar Logistics,SO-002104,CUST-0009,3644,1822,4208,SYS-0027,100,55.0,1000.55
SHP-002333,2026-04-24,ParcelPro,SO-002699,CUST-0044,4665,2333,5397,DRV-0021,100,33.0,1026.04
SHP-002333,2026-04-24,ParcelPro,SO-002699,CUST-0044,4666,2333,5398,DRV-0032,200,55.0,242.87
SHP-002906,2026-04-24,Roadstar Logistics,SO-003360,CUST-0001,5811,2906,6719,DRV-0012,200,4.0,236.26
SHP-002906,2026-04-24,Roadstar Logistics,SO-003360,CUST-0001,5812,2906,6720,DRV-0023,100,9.0,1456.75
SHP-003804,2026-04-24,BlueLine Transport,SO-004398,CUST-0127,7607,3804,8795,AFT-0040,100,13.0,567.45
SHP-003804,2026-04-24,BlueLine Transport,SO-004398,CUST-0127,7608,3804,8796,AFT-0051,300,22.0,1343.81
SHP-004374,2026-04-24,ParcelPro,SO-005059,CUST-0084,8747,4374,10117,AFT-0031,100,55.0,310.16
SHP-004374,2026-04-24,ParcelPro,SO-005059,CUST-0084,8748,4374,10118,AFT-0042,300,2.0,299.23
SHP-004944,2026-04-24,Roadstar Logistics,SO-005720,CUST-0041,9887,4944,11439,AFT-0022,100,9.0,225.36
SHP-004944,2026-04-24,Roadstar Logistics,SO-005720,CUST-0041,9888,4944,11440,AFT-0033,300,13.0,997.68
SHP-005842,2026-04-24,BlueLine Transport,SO-006758,CUST-0167,11683,5842,13515,ACT-0010,200,22.0,2233.37
SHP-005842,2026-04-24,BlueLine Transport,SO-006758,CUST-0167,11684,5842,13516,ACT-0021,100,33.0,928.12
SHP-006928,2026-04-24,BlueLine Transport,SO-008014,CUST-0159,13855,6928,16027,DRV-0036,200,2.0,1497.18
SHP-006928,2026-04-24,BlueLine Transport,SO-008014,CUST-0159,13856,6928,16028,DRV-0047,100,4.0,3735.12
SHP-007499,2026-04-24,ParcelPro,SO-008675,CUST-0116,14997,7499,17349,DRV-0027,100,13.0,1168.75
SHP-007499,2026-04-24,ParcelPro,SO-008675,CUST-0116,14998,7499,17350,DRV-0038,200,22.0,544.32
SHP-008070,2026-04-24,Roadstar Logistics,SO-009336,CUST-0073,16139,8070,18671,DRV-0018,200,55.0,1468.74
SHP-008070,2026-04-24,Roadstar Logistics,SO-009336,CUST-0073,16140,8070,18672,DRV-0029,100,2.0,1617.15
SHP-000270,2026-04-25,ParcelPro,SO-000311,CUST-0008,539,270,621,CTL-0033,300,22.0,3676.55
SHP-000270,2026-04-25,ParcelPro,SO-000311,CUST-0008,540,270,622,DRV-0004,200,33.0,766.25
SHP-001357,2026-04-25,ParcelPro,SO-001567,CUST-0240,2713,1357,3133,AFT-0029,100,2.0,438.34
SHP-001357,2026-04-25,ParcelPro,SO-001567,CUST-0240,2714,1357,3134,AFT-0040,100,4.0,567.45
SHP-001929,2026-04-25,Roadstar Logistics,SO-002228,CUST-0197,3857,1929,4455,AFT-0020,100,13.0,783.79
SHP-001929,2026-04-25,Roadstar Logistics,SO-002228,CUST-0197,3858,1929,4456,AFT-0031,100,22.0,310.16
SHP-002499,2026-04-25,Midwest Freight,SO-002889,CUST-0154,4997,2499,5777,AFT-0011,100,55.0,459.76
SHP-002499,2026-04-25,Midwest Freight,SO-002889,CUST-0154,4998,2499,5778,AFT-0022,100,2.0,225.36
SHP-003966,2026-04-25,Roadstar Logistics,SO-004588,CUST-0237,7931,3966,9175,SYS-0020,300,22.0,3950.66
SHP-003966,2026-04-25,Roadstar Logistics,SO-004588,CUST-0237,7932,3966,9176,ACT-0001,100,33.0,2375.15
SHP-005052,2026-04-25,Roadstar Logistics,SO-005844,CUST-0229,10103,5052,11687,DRV-0016,200,2.0,381.8
SHP-005052,2026-04-25,Roadstar Logistics,SO-005844,CUST-0229,10104,5052,11688,DRV-0027,100,4.0,1168.75
SHP-005623,2026-04-25,Midwest Freight,SO-006505,CUST-0186,11245,5623,13009,DRV-0007,100,13.0,1355.9
SHP-005623,2026-04-25,Midwest Freight,SO-006505,CUST-0186,11246,5623,13010,DRV-0018,200,22.0,1468.74
SHP-006521,2026-04-25,ParcelPro,SO-007543,CUST-0072,13041,6521,15085,AFT-0035,100,33.0,2292.51
SHP-006521,2026-04-25,ParcelPro,SO-007543,CUST-0072,13042,6521,15086,AFT-0046,100,55.0,664.15
SHP-007091,2026-04-25,Roadstar Logistics,SO-008204,CUST-0029,14181,7091,16407,AFT-0026,100,4.0,194.56
SHP-007091,2026-04-25,Roadstar Logistics,SO-008204,CUST-0029,14182,7091,16408,AFT-0037,100,9.0,3077.35
SHP-007662,2026-04-25,Midwest Freight,SO-008865,CUST-0226,15323,7662,17729,AFT-0017,100,22.0,1705.89
SHP-007662,2026-04-25,Midwest Freight,SO-008865,CUST-0226,15324,7662,17730,AFT-0028,100,33.0,349.76
SHP-008562,2026-04-25,ParcelPro,SO-009903,CUST-0112,17123,8562,19805,ACT-0005,100,55.0,789.17
SHP-008562,2026-04-25,ParcelPro,SO-009903,CUST-0112,17124,8562,19806,ACT-0016,200,2.0,217.24
SHP-000053,2026-04-26,BlueLine Transport,SO-000058,CUST-0027,105,53,115,ACT-0060,200,13.0,218.01
SHP-000053,2026-04-26,BlueLine Transport,SO-000058,CUST-0027,106,53,116,AFT-0011,100,22.0,459.76
SHP-001523,2026-04-26,Midwest Freight,SO-001757,CUST-0110,3045,1523,3513,SYS-0009,100,4.0,550.07
SHP-001523,2026-04-26,Midwest Freight,SO-001757,CUST-0110,3046,1523,3514,SYS-0020,300,9.0,3950.66
SHP-002092,2026-04-26,BlueLine Transport,SO-002418,CUST-0067,4183,2092,4835,DRV-0060,200,22.0,373.77
SHP-002092,2026-04-26,BlueLine Transport,SO-002418,CUST-0067,4184,2092,4836,SYS-0011,100,33.0,1020.49
SHP-003177,2026-04-26,BlueLine Transport,SO-003674,CUST-0059,6353,3177,7347,CTL-0036,300,2.0,3755.26
SHP-003177,2026-04-26,BlueLine Transport,SO-003674,CUST-0059,6354,3177,7348,DRV-0007,100,4.0,1355.9
SHP-004645,2026-04-26,Midwest Freight,SO-005373,CUST-0142,9289,4645,10745,AFT-0015,300,33.0,1124.21
SHP-004645,2026-04-26,Midwest Freight,SO-005373,CUST-0142,9290,4645,10746,AFT-0026,100,55.0,194.56
SHP-005216,2026-04-26,BlueLine Transport,SO-006034,CUST-0099,10431,5216,12067,AFT-0006,300,4.0,5754.99
SHP-005216,2026-04-26,BlueLine Transport,SO-006034,CUST-0099,10432,5216,12068,AFT-0017,100,9.0,1705.89
SHP-006685,2026-04-26,Midwest Freight,SO-007733,CUST-0182,13369,6685,15465,SYS-0015,100,55.0,5502.56
SHP-006685,2026-04-26,Midwest Freight,SO-007733,CUST-0182,13370,6685,15466,SYS-0026,300,2.0,1401.71
SHP-007771,2026-04-26,Midwest Freight,SO-008989,CUST-0174,15541,7771,17977,DRV-0011,100,9.0,823.38
SHP-007771,2026-04-26,Midwest Freight,SO-008989,CUST-0174,15542,7771,17978,DRV-0022,200,13.0,4199.01
SHP-008343,2026-04-26,BlueLine Transport,SO-009650,CUST-0131,16685,8343,19299,DRV-0002,200,33.0,2270.82
SHP-008343,2026-04-26,BlueLine Transport,SO-009650,CUST-0131,16686,8343,19300,DRV-0013,100,55.0,534.23
SHP-000217,2026-04-27,Roadstar Logistics,SO-000248,CUST-0137,433,217,495,DRV-0040,200,22.0,218.97
SHP-000217,2026-04-27,Roadstar Logistics,SO-000248,CUST-0137,434,217,496,DRV-0051,100,33.0,3162.97
SHP-001115,2026-04-27,BlueLine Transport,SO-001286,CUST-0023,2229,1115,2571,CTL-0008,300,55.0,710.8
SHP-001115,2026-04-27,BlueLine Transport,SO-001286,CUST-0023,2230,1115,2572,CTL-0019,300,2.0,1008.86
SHP-002200,2026-04-27,BlueLine Transport,SO-002542,CUST-0015,4399,2200,5083,AFT-0004,100,9.0,2143.65
SHP-002200,2026-04-27,BlueLine Transport,SO-002542,CUST-0015,4400,2200,5084,AFT-0015,300,13.0,1124.21
SHP-002770,2026-04-27,ParcelPro,SO-003203,CUST-0212,5539,2770,6405,ACT-0055,100,33.0,2134.85
SHP-002770,2026-04-27,ParcelPro,SO-003203,CUST-0212,5540,2770,6406,AFT-0006,300,55.0,5754.99
SHP-003343,2026-04-27,Roadstar Logistics,SO-003864,CUST-0169,6685,3343,7727,ACT-0046,200,4.0,543.39
SHP-003343,2026-04-27,Roadstar Logistics,SO-003864,CUST-0169,6686,3343,7728,ACT-0057,100,9.0,2621.51
SHP-004237,2026-04-27,BlueLine Transport,SO-004902,CUST-0055,8473,4237,9803,SYS-0004,300,13.0,271.87
SHP-004237,2026-04-27,BlueLine Transport,SO-004902,CUST-0055,8474,4237,9804,SYS-0015,100,22.0,5502.56
SHP-004809,2026-04-27,ParcelPro,SO-005563,CUST-0012,9617,4809,11125,DRV-0055,100,55.0,5400.43
SHP-004809,2026-04-27,ParcelPro,SO-005563,CUST-0012,9618,4809,11126,SYS-0006,300,2.0,436.61
SHP-005895,2026-04-27,ParcelPro,SO-006819,CUST-0004,11789,5895,13637,CTL-0031,300,9.0,1954.36
SHP-005895,2026-04-27,ParcelPro,SO-006819,CUST-0004,11790,5895,13638,DRV-0002,200,13.0,2270.82
SHP-007362,2026-04-27,BlueLine Transport,SO-008518,CUST-0087,14723,7362,17035,AFT-0010,100,2.0,221.83
SHP-007362,2026-04-27,BlueLine Transport,SO-008518,CUST-0087,14724,7362,17036,AFT-0021,300,4.0,395.23
SHP-007934,2026-04-27,ParcelPro,SO-009179,CUST-0044,15867,7934,18357,AFT-0001,100,13.0,1725.19
SHP-007934,2026-04-27,ParcelPro,SO-009179,CUST-0044,15868,7934,18358,AFT-0012,300,22.0,1004.49
SHP-008507,2026-04-27,Roadstar Logistics,SO-009840,CUST-0001,17013,8507,19679,ACT-0052,200,55.0,646.56
SHP-008507,2026-04-27,Roadstar Logistics,SO-009840,CUST-0001,17014,8507,19680,AFT-0003,300,2.0,4514.04
SHP-000324,2026-04-28,Roadstar Logistics,SO-000372,CUST-0085,647,324,743,ACT-0044,200,9.0,191.13
SHP-000324,2026-04-28,Roadstar Logistics,SO-000372,CUST-0085,648,324,744,ACT-0055,100,13.0,2134.85
SHP-000897,2026-04-28,Midwest Freight,SO-001033,CUST-0042,1793,897,2065,ACT-0035,100,33.0,1963.86
SHP-000897,2026-04-28,Midwest Freight,SO-001033,CUST-0042,1794,897,2066,ACT-0046,200,55.0,543.39
SHP-001793,2026-04-28,ParcelPro,SO-002071,CUST-0168,3585,1793,4141,DRV-0053,100,2.0,2495.92
SHP-001793,2026-04-28,ParcelPro,SO-002071,CUST-0168,3586,1793,4142,SYS-0004,300,4.0,271.87
SHP-002363,2026-04-28,Roadstar Logistics,SO-002732,CUST-0125,4725,2363,5463,DRV-0044,200,13.0,219.04
SHP-002363,2026-04-28,Roadstar Logistics,SO-002732,CUST-0125,4726,2363,5464,DRV-0055,100,22.0,5400.43
SHP-002934,2026-04-28,Midwest Freight,SO-003393,CUST-0082,5867,2934,6785,DRV-0035,100,55.0,904.12
SHP-002934,2026-04-28,Midwest Freight,SO-003393,CUST-0082,5868,2934,6786,DRV-0046,200,2.0,877.32
SHP-003832,2026-04-28,ParcelPro,SO-004431,CUST-0208,7663,3832,8861,CTL-0003,300,4.0,1770.15
SHP-003832,2026-04-28,ParcelPro,SO-004431,CUST-0208,7664,3832,8862,CTL-0014,300,9.0,376.32
SHP-004020,2026-04-28,Midwest Freight,SO-004649,CUST-0074,8039,4020,9297,CTL-0011,300,9.0,2846.92
SHP-004020,2026-04-28,Midwest Freight,SO-004649,CUST-0074,8040,4020,9298,CTL-0022,300,13.0,2070.12
SHP-004917,2026-04-28,ParcelPro,SO-005687,CUST-0200,9833,4917,11373,ACT-0059,100,22.0,860.8
SHP-004917,2026-04-28,ParcelPro,SO-005687,CUST-0200,9834,4917,11374,AFT-0010,100,33.0,221.83
SHP-005486,2026-04-28,Roadstar Logistics,SO-006348,CUST-0157,10971,5486,12695,ACT-0050,200,2.0,1066.65
SHP-005486,2026-04-28,Roadstar Logistics,SO-006348,CUST-0157,10972,5486,12696,AFT-0001,100,4.0,1725.19
SHP-006059,2026-04-28,Midwest Freight,SO-007009,CUST-0114,12117,6059,14017,ACT-0041,100,13.0,443.53
SHP-006059,2026-04-28,Midwest Freight,SO-007009,CUST-0114,12118,6059,14018,ACT-0052,200,22.0,646.56
SHP-006955,2026-04-28,ParcelPro,SO-008047,CUST-0240,13909,6955,16093,DRV-0059,100,33.0,4086.27
SHP-006955,2026-04-28,ParcelPro,SO-008047,CUST-0240,13910,6955,16094,SYS-0010,300,55.0,1017.55
SHP-007527,2026-04-28,Roadstar Logistics,SO-008708,CUST-0197,15053,7527,17415,DRV-0050,200,4.0,3137.29
SHP-007527,2026-04-28,Roadstar Logistics,SO-008708,CUST-0197,15054,7527,17416,SYS-0001,100,9.0,484.28
SHP-008615,2026-04-28,Roadstar Logistics,SO-009964,CUST-0189,17229,8615,19927,CTL-0026,300,22.0,1044.37
SHP-008615,2026-04-28,Roadstar Logistics,SO-009964,CUST-0189,17230,8615,19928,CTL-0037,300,33.0,4331.48
SHP-000489,2026-04-29,BlueLine Transport,SO-000562,CUST-0195,977,489,1123,DRV-0024,200,13.0,1625.62
SHP-000489,2026-04-29,BlueLine Transport,SO-000562,CUST-0195,978,489,1124,DRV-0035,100,22.0,904.12
SHP-003042,2026-04-29,Midwest Freight,SO-003517,CUST-0030,6083,3042,7033,ACT-0039,100,22.0,759.88
SHP-003042,2026-04-29,Midwest Freight,SO-003517,CUST-0030,6084,3042,7034,ACT-0050,200,33.0,1066.65
SHP-003613,2026-04-29,BlueLine Transport,SO-004178,CUST-0227,7225,3613,8355,ACT-0030,200,2.0,443.77
SHP-003613,2026-04-29,BlueLine Transport,SO-004178,CUST-0227,7226,3613,8356,ACT-0041,100,4.0,443.53
SHP-005080,2026-04-29,Midwest Freight,SO-005877,CUST-0070,10159,5080,11753,DRV-0039,100,33.0,385.26
SHP-005080,2026-04-29,Midwest Freight,SO-005877,CUST-0070,10160,5080,11754,DRV-0050,200,55.0,3137.29
SHP-005651,2026-04-29,BlueLine Transport,SO-006538,CUST-0027,11301,5651,13075,DRV-0030,200,4.0,447.73
SHP-005651,2026-04-29,BlueLine Transport,SO-006538,CUST-0027,11302,5651,13076,DRV-0041,100,9.0,271.46
SHP-006738,2026-04-29,BlueLine Transport,SO-007794,CUST-0019,13475,6738,15587,CTL-0006,300,22.0,1608.4
SHP-006738,2026-04-29,BlueLine Transport,SO-007794,CUST-0019,13476,6738,15588,CTL-0017,300,33.0,246.26
SHP-008206,2026-04-29,Midwest Freight,SO-009493,CUST-0102,16411,8206,18985,ACT-0045,100,9.0,311.98
SHP-008206,2026-04-29,Midwest Freight,SO-009493,CUST-0102,16412,8206,18986,ACT-0056,200,13.0,618.58
SHP-000081,2026-04-30,ParcelPro,SO-000091,CUST-0108,161,81,181,AFT-0023,100,4.0,273.18
SHP-000081,2026-04-30,ParcelPro,SO-000091,CUST-0108,162,81,182,AFT-0034,100,9.0,501.15
SHP-000653,2026-04-30,Roadstar Logistics,SO-000752,CUST-0065,1305,653,1503,AFT-0014,100,22.0,936.0
SHP-000653,2026-04-30,Roadstar Logistics,SO-000752,CUST-0065,1306,653,1504,AFT-0025,100,33.0,475.85
SHP-001167,2026-04-30,ParcelPro,SO-001347,CUST-0100,2333,1167,2693,ACT-0019,100,22.0,1249.06
SHP-001167,2026-04-30,ParcelPro,SO-001347,CUST-0100,2334,1167,2694,ACT-0030,200,33.0,443.77
SHP-001738,2026-04-30,Roadstar Logistics,SO-002008,CUST-0057,3475,1738,4015,ACT-0010,200,2.0,2233.37
SHP-001738,2026-04-30,Roadstar Logistics,SO-002008,CUST-0057,3476,1738,4016,ACT-0021,100,4.0,928.12
SHP-002633,2026-04-30,BlueLine Transport,SO-003046,CUST-0183,5265,2633,6091,DRV-0028,200,9.0,2358.69
SHP-002633,2026-04-30,BlueLine Transport,SO-003046,CUST-0183,5266,2633,6092,DRV-0039,100,13.0,385.26
SHP-003206,2026-04-30,ParcelPro,SO-003707,CUST-0140,6411,3206,7413,DRV-0019,100,33.0,1404.59
SHP-003206,2026-04-30,ParcelPro,SO-003707,CUST-0140,6412,3206,7414,DRV-0030,200,55.0,447.73
SHP-003778,2026-04-30,Roadstar Logistics,SO-004368,CUST-0097,7555,3778,8735,DRV-0010,200,4.0,364.42
SHP-003778,2026-04-30,Roadstar Logistics,SO-004368,CUST-0097,7556,3778,8736,DRV-0021,100,9.0,1026.04
SHP-004862,2026-04-30,Roadstar Logistics,SO-005624,CUST-0089,9723,4862,11247,AFT-0046,100,22.0,664.15
SHP-004862,2026-04-30,Roadstar Logistics,SO-005624,CUST-0089,9724,4862,11248,AFT-0057,300,33.0,618.6
SHP-005759,2026-04-30,BlueLine Transport,SO-006662,CUST-0215,11517,5759,13323,ACT-0034,200,55.0,338.7
SHP-005759,2026-04-30,BlueLine Transport,SO-006662,CUST-0215,11518,5759,13324,ACT-0045,100,2.0,311.98
SHP-006330,2026-04-30,ParcelPro,SO-007323,CUST-0172,12659,6330,14645,ACT-0025,100,9.0,2796.19
SHP-006330,2026-04-30,ParcelPro,SO-007323,CUST-0172,12660,6330,14646,ACT-0036,200,13.0,207.18
SHP-006902,2026-04-30,Roadstar Logistics,SO-007984,CUST-0129,13803,6902,15967,ACT-0016,200,33.0,217.24
SHP-006902,2026-04-30,Roadstar Logistics,SO-007984,CUST-0129,13804,6902,15968,ACT-0027,100,55.0,2777.79
SHP-007799,2026-04-30,BlueLine Transport,SO-009022,CUST-0015,15597,7799,18043,DRV-0034,200,2.0,423.99
SHP-007799,2026-04-30,BlueLine Transport,SO-009022,CUST-0015,15598,7799,18044,DRV-0045,100,4.0,378.8
SHP-008371,2026-04-30,ParcelPro,SO-009683,CUST-0212,16741,8371,19365,DRV-0025,100,13.0,2240.87
SHP-008371,2026-04-30,ParcelPro,SO-009683,CUST-0212,16742,8371,19366,DRV-0036,200,22.0,1497.18
SHP-000190,2026-05-01,ParcelPro,SO-000215,CUST-0056,379,190,429,DRV-0017,100,55.0,777.04
SHP-000190,2026-05-01,ParcelPro,SO-000215,CUST-0056,380,190,430,DRV-0028,200,2.0,2358.69
SHP-000761,2026-05-01,Roadstar Logistics,SO-000876,CUST-0013,1521,761,1751,DRV-0008,200,9.0,260.06
SHP-000761,2026-05-01,Roadstar Logistics,SO-000876,CUST-0013,1522,761,1752,DRV-0019,100,13.0,1404.59
SHP-001331,2026-05-01,Midwest Freight,SO-001537,CUST-0210,2661,1331,3073,CTL-0039,300,33.0,1883.77
SHP-001331,2026-05-01,Midwest Freight,SO-001537,CUST-0210,2662,1331,3074,DRV-0010,200,55.0,364.42
SHP-002227,2026-05-01,ParcelPro,SO-002575,CUST-0096,4453,2227,5149,AFT-0027,300,2.0,328.06
SHP-002227,2026-05-01,ParcelPro,SO-002575,CUST-0096,4454,2227,5150,AFT-0038,100,4.0,1359.58
SHP-002798,2026-05-01,Roadstar Logistics,SO-003236,CUST-0053,5595,2798,6471,AFT-0018,300,13.0,583.67
SHP-002798,2026-05-01,Roadstar Logistics,SO-003236,CUST-0053,5596,2798,6472,AFT-0029,100,22.0,438.34
SHP-003884,2026-05-01,Roadstar Logistics,SO-004492,CUST-0045,7767,3884,8983,ACT-0014,200,55.0,544.47
SHP-003884,2026-05-01,Roadstar Logistics,SO-004492,CUST-0045,7768,3884,8984,ACT-0025,100,2.0,2796.19
SHP-004453,2026-05-01,Midwest Freight,SO-005153,CUST-0002,8905,4453,10305,ACT-0005,100,9.0,789.17
SHP-004453,2026-05-01,Midwest Freight,SO-005153,CUST-0002,8906,4453,10306,ACT-0016,200,13.0,217.24
SHP-005351,2026-05-01,ParcelPro,SO-006191,CUST-0128,10701,5351,12381,DRV-0023,100,22.0,1456.75
SHP-005351,2026-05-01,ParcelPro,SO-006191,CUST-0128,10702,5351,12382,DRV-0034,200,33.0,423.99
SHP-005922,2026-05-01,Roadstar Logistics,SO-006852,CUST-0085,11843,5922,13703,DRV-0014,200,2.0,976.85
SHP-005922,2026-05-01,Roadstar Logistics,SO-006852,CUST-0085,11844,5922,13704,DRV-0025,100,4.0,2240.87
SHP-006495,2026-05-01,Midwest Freight,SO-007513,CUST-0042,12989,6495,15025,DRV-0005,100,13.0,1162.73
SHP-006495,2026-05-01,Midwest Freight,SO-007513,CUST-0042,12990,6495,15026,DRV-0016,200,22.0,381.8
SHP-007580,2026-05-01,Midwest Freight,SO-008769,CUST-0034,15159,7580,17537,AFT-0041,100,55.0,1163.02
SHP-007580,2026-05-01,Midwest Freight,SO-008769,CUST-0034,15160,7580,17538,AFT-0052,100,2.0,315.62
SHP-008478,2026-05-01,ParcelPro,SO-009807,CUST-0160,16955,8478,19613,ACT-0029,100,4.0,923.26
SHP-008478,2026-05-01,ParcelPro,SO-009807,CUST-0160,16956,8478,19614,ACT-0040,200,9.0,199.82
SHP-000354,2026-05-02,Midwest Freight,SO-000405,CUST-0166,707,354,809,AFT-0007,100,2.0,295.96
SHP-000354,2026-05-02,Midwest Freight,SO-000405,CUST-0166,708,354,810,AFT-0018,300,4.0,583.67
SHP-000926,2026-05-02,BlueLine Transport,SO-001066,CUST-0123,1851,926,2131,ACT-0058,200,13.0,360.61
SHP-000926,2026-05-02,BlueLine Transport,SO-001066,CUST-0123,1852,926,2132,AFT-0009,300,22.0,622.76
SHP-002011,2026-05-02,BlueLine Transport,SO-002322,CUST-0115,4021,2011,4643,SYS-0024,300,55.0,5743.44
SHP-002011,2026-05-02,BlueLine Transport,SO-002322,CUST-0115,4022,2011,4644,ACT-0005,100,2.0,789.17
SHP-003478,2026-05-02,Midwest Freight,SO-004021,CUST-0198,6955,3478,8041,DRV-0003,100,22.0,1969.66
SHP-003478,2026-05-02,Midwest Freight,SO-004021,CUST-0198,6956,3478,8042,DRV-0014,200,33.0,976.85
SHP-004049,2026-05-02,BlueLine Transport,SO-004682,CUST-0155,8097,4049,9363,CTL-0034,300,2.0,1946.56
SHP-004049,2026-05-02,BlueLine Transport,SO-004682,CUST-0155,8098,4049,9364,DRV-0005,100,4.0,1162.73
SHP-005514,2026-05-02,Midwest Freight,SO-006381,CUST-0238,11027,5514,12761,AFT-0013,100,33.0,2946.6
SHP-005514,2026-05-02,Midwest Freight,SO-006381,CUST-0238,11028,5514,12762,AFT-0024,300,55.0,584.52
SHP-006602,2026-05-02,Midwest Freight,SO-007637,CUST-0230,13203,6602,15273,ACT-0009,100,4.0,364.09
SHP-006602,2026-05-02,Midwest Freight,SO-007637,CUST-0230,13204,6602,15274,ACT-0020,200,9.0,626.2
SHP-007172,2026-05-02,BlueLine Transport,SO-008298,CUST-0187,14343,7172,16595,SYS-0030,300,22.0,3308.83
SHP-007172,2026-05-02,BlueLine Transport,SO-008298,CUST-0187,14344,7172,16596,ACT-0011,100,33.0,416.59
SHP-008642,2026-05-02,Midwest Freight,SO-009997,CUST-0030,17283,8642,19993,DRV-0009,100,9.0,304.81
SHP-008642,2026-05-02,Midwest Freight,SO-009997,CUST-0030,17284,8642,19994,DRV-0020,200,13.0,956.8
SHP-001603,2026-05-03,ParcelPro,SO-001851,CUST-0028,3205,1603,3701,CTL-0023,300,22.0,1243.13
SHP-001603,2026-05-03,ParcelPro,SO-001851,CUST-0028,3206,1603,3702,CTL-0034,300,33.0,1946.56
SHP-002174,2026-05-03,Roadstar Logistics,SO-002512,CUST-0225,4347,2174,5023,CTL-0014,300,2.0,376.32
SHP-002174,2026-05-03,Roadstar Logistics,SO-002512,CUST-0225,4348,2174,5024,CTL-0025,300,4.0,1240.54
SHP-003070,2026-05-03,BlueLine Transport,SO-003550,CUST-0111,6139,3070,7099,AFT-0002,100,9.0,1635.19
SHP-003070,2026-05-03,BlueLine Transport,SO-003550,CUST-0111,6140,3070,7100,AFT-0013,100,13.0,2946.6
SHP-003642,2026-05-03,ParcelPro,SO-004211,CUST-0068,7283,3642,8421,ACT-0053,100,33.0,457.71
SHP-003642,2026-05-03,ParcelPro,SO-004211,CUST-0068,7284,3642,8422,AFT-0004,100,55.0,2143.65
SHP-004727,2026-05-03,ParcelPro,SO-005467,CUST-0060,9453,4727,10933,SYS-0019,100,4.0,1798.13
SHP-004727,2026-05-03,ParcelPro,SO-005467,CUST-0060,9454,4727,10934,SYS-0030,300,9.0,3308.83
SHP-005296,2026-05-03,Roadstar Logistics,SO-006128,CUST-0017,10591,5296,12255,SYS-0010,300,22.0,1017.55
SHP-005296,2026-05-03,Roadstar Logistics,SO-006128,CUST-0017,10592,5296,12256,SYS-0021,100,33.0,1935.92
SHP-006196,2026-05-03,BlueLine Transport,SO-007166,CUST-0143,12391,6196,14331,CTL-0038,300,55.0,1627.96
SHP-006196,2026-05-03,BlueLine Transport,SO-007166,CUST-0143,12392,6196,14332,DRV-0009,100,2.0,304.81
SHP-006765,2026-05-03,ParcelPro,SO-007827,CUST-0100,13529,6765,15653,CTL-0029,300,9.0,746.13
SHP-006765,2026-05-03,ParcelPro,SO-007827,CUST-0100,13530,6765,15654,CTL-0040,300,13.0,3693.39
SHP-007336,2026-05-03,Roadstar Logistics,SO-008488,CUST-0057,14671,7336,16975,CTL-0020,300,33.0,687.1
SHP-007336,2026-05-03,Roadstar Logistics,SO-008488,CUST-0057,14672,7336,16976,CTL-0031,300,55.0,1954.36
SHP-008234,2026-05-03,BlueLine Transport,SO-009526,CUST-0183,16467,8234,19051,AFT-0008,100,2.0,242.31
SHP-008234,2026-05-03,BlueLine Transport,SO-009526,CUST-0183,16468,8234,19052,AFT-0019,100,4.0,769.7
SHP-008423,2026-05-03,Roadstar Logistics,SO-009744,CUST-0049,16845,8423,19487,AFT-0016,100,4.0,1691.61
SHP-008423,2026-05-03,Roadstar Logistics,SO-009744,CUST-0049,16846,8423,19488,AFT-0027,300,9.0,328.06
SHP-000625,2026-05-04,ParcelPro,SO-000719,CUST-0224,1249,625,1437,ACT-0051,100,55.0,4550.3
SHP-000625,2026-05-04,ParcelPro,SO-000719,CUST-0224,1250,625,1438,AFT-0002,100,2.0,1635.19
SHP-001195,2026-05-04,Roadstar Logistics,SO-001380,CUST-0181,2389,1195,2759,ACT-0042,200,9.0,643.48
SHP-001195,2026-05-04,Roadstar Logistics,SO-001380,CUST-0181,2390,1195,2760,ACT-0053,100,13.0,457.71
SHP-001766,2026-05-04,Midwest Freight,SO-002041,CUST-0138,3531,1766,4081,ACT-0033,100,33.0,1322.16
SHP-001766,2026-05-04,Midwest Freight,SO-002041,CUST-0138,3532,1766,4082,ACT-0044,200,55.0,191.13
SHP-002661,2026-05-04,ParcelPro,SO-003079,CUST-0024,5321,2661,6157,DRV-0051,100,2.0,3162.97
SHP-002661,2026-05-04,ParcelPro,SO-003079,CUST-0024,5322,2661,6158,SYS-0002,300,4.0,1223.7
SHP-002851,2026-05-04,Midwest Freight,SO-003297,CUST-0130,5701,2851,6593,DRV-0059,100,4.0,4086.27
SHP-002851,2026-05-04,Midwest Freight,SO-003297,CUST-0130,5702,2851,6594,SYS-0010,300,9.0,1017.55
SHP-004318,2026-05-04,Roadstar Logistics,SO-004996,CUST-0213,8635,4318,9991,CTL-0018,300,55.0,685.06
SHP-004318,2026-05-04,Roadstar Logistics,SO-004996,CUST-0213,8636,4318,9992,CTL-0029,300,2.0,746.13
SHP-004891,2026-05-04,Midwest Freight,SO-005657,CUST-0170,9781,4891,11313,CTL-0009,300,9.0,1465.6
SHP-004891,2026-05-04,Midwest Freight,SO-005657,CUST-0170,9782,4891,11314,CTL-0020,300,13.0,687.1
SHP-005787,2026-05-04,ParcelPro,SO-006695,CUST-0056,11573,5787,13389,ACT-0057,100,22.0,2621.51
SHP-005787,2026-05-04,ParcelPro,SO-006695,CUST-0056,11574,5787,13390,AFT-0008,100,33.0,242.31
SHP-006359,2026-05-04,Roadstar Logistics,SO-007356,CUST-0013,12717,6359,14711,ACT-0048,200,2.0,383.41
SHP-006359,2026-05-04,Roadstar Logistics,SO-007356,CUST-0013,12718,6359,14712,ACT-0059,100,4.0,860.8
SHP-007445,2026-05-04,Roadstar Logistics,SO-008612,CUST-0005,14889,7445,17223,SYS-0014,300,13.0,847.06
SHP-007445,2026-05-04,Roadstar Logistics,SO-008612,CUST-0005,14890,7445,17224,SYS-0025,100,22.0,523.8
SHP-008015,2026-05-04,Midwest Freight,SO-009273,CUST-0202,16029,8015,18545,SYS-0005,100,55.0,295.22
SHP-008015,2026-05-04,Midwest Freight,SO-009273,CUST-0202,16030,8015,18546,SYS-0016,300,2.0,2022.21
SHP-000789,2026-05-05,Midwest Freight,SO-000909,CUST-0094,1577,789,1817,DRV-0031,100,2.0,1392.98
SHP-000789,2026-05-05,Midwest Freight,SO-000909,CUST-0094,1578,789,1818,DRV-0042,200,4.0,409.54
SHP-001875,2026-05-05,Midwest Freight,SO-002165,CUST-0086,3749,1875,4329,CTL-0007,300,13.0,2206.98
SHP-001875,2026-05-05,Midwest Freight,SO-002165,CUST-0086,3750,1875,4330,CTL-0018,300,22.0,685.06
SHP-002443,2026-05-05,BlueLine Transport,SO-002826,CUST-0043,4885,2443,5651,AFT-0058,100,55.0,248.59
SHP-002443,2026-05-05,BlueLine Transport,SO-002826,CUST-0043,4886,2443,5652,CTL-0009,300,2.0,1465.6
SHP-003911,2026-05-05,Midwest Freight,SO-004525,CUST-0126,7821,3911,9049,ACT-0037,100,22.0,3791.36
SHP-003911,2026-05-05,Midwest Freight,SO-004525,CUST-0126,7822,3911,9050,ACT-0048,200,33.0,383.41
SHP-004481,2026-05-05,BlueLine Transport,SO-005186,CUST-0083,8961,4481,10371,ACT-0028,200,2.0,213.58
SHP-004481,2026-05-05,BlueLine Transport,SO-005186,CUST-0083,8962,4481,10372,ACT-0039,100,4.0,759.88
SHP-005568,2026-05-05,BlueLine Transport,SO-006442,CUST-0075,11135,5568,12883,DRV-0054,200,13.0,2389.07
SHP-005568,2026-05-05,BlueLine Transport,SO-006442,CUST-0075,11136,5568,12884,SYS-0005,100,22.0,295.22
SHP-007037,2026-05-05,Midwest Freight,SO-008141,CUST-0158,14073,7037,16281,CTL-0013,300,4.0,269.64
SHP-007037,2026-05-05,Midwest Freight,SO-008141,CUST-0158,14074,7037,16282,CTL-0024,300,9.0,782.21
SHP-007608,2026-05-05,BlueLine Transport,SO-008802,CUST-0115,15215,7608,17603,CTL-0004,300,22.0,1388.28
SHP-007608,2026-05-05,BlueLine Transport,SO-008802,CUST-0115,15216,7608,17604,CTL-0015,300,33.0,505.32
SHP-000570,2026-05-06,Roadstar Logistics,SO-000656,CUST-0113,1139,570,1311,AFT-0038,100,55.0,1359.58
SHP-000570,2026-05-06,Roadstar Logistics,SO-000656,CUST-0113,1140,570,1312,AFT-0049,100,2.0,719.94
SHP-001468,2026-05-06,BlueLine Transport,SO-001694,CUST-0239,2935,1468,3387,ACT-0026,200,4.0,1654.16
SHP-001468,2026-05-06,BlueLine Transport,SO-001694,CUST-0239,2936,1468,3388,ACT-0037,100,9.0,3791.36
SHP-002039,2026-05-06,ParcelPro,SO-002355,CUST-0196,4077,2039,4709,ACT-0017,100,22.0,632.55
SHP-002039,2026-05-06,ParcelPro,SO-002355,CUST-0196,4078,2039,4710,ACT-0028,200,33.0,213.58
SHP-002607,2026-05-06,Roadstar Logistics,SO-003016,CUST-0153,5213,2607,6031,ACT-0008,200,2.0,227.79
SHP-002607,2026-05-06,Roadstar Logistics,SO-003016,CUST-0153,5214,2607,6032,ACT-0019,100,4.0,1249.06
SHP-003506,2026-05-06,BlueLine Transport,SO-004054,CUST-0039,7011,3506,8107,DRV-0026,200,9.0,638.78
SHP-003506,2026-05-06,BlueLine Transport,SO-004054,CUST-0039,7012,3506,8108,DRV-0037,100,13.0,4469.48
SHP-003694,2026-05-06,Roadstar Logistics,SO-004272,CUST-0145,7387,3694,8543,DRV-0034,200,13.0,423.99
SHP-003694,2026-05-06,Roadstar Logistics,SO-004272,CUST-0145,7388,3694,8544,DRV-0045,100,22.0,378.8
SHP-004591,2026-05-06,BlueLine Transport,SO-005310,CUST-0031,9181,4591,10619,CTL-0002,300,33.0,1099.52
SHP-004591,2026-05-06,BlueLine Transport,SO-005310,CUST-0031,9182,4591,10620,CTL-0013,300,55.0,269.64
SHP-005160,2026-05-06,ParcelPro,SO-005971,CUST-0228,10319,5160,11941,AFT-0053,100,4.0,484.99
SHP-005160,2026-05-06,ParcelPro,SO-005971,CUST-0228,10320,5160,11942,CTL-0004,300,9.0,1388.28
SHP-005732,2026-05-06,Roadstar Logistics,SO-006632,CUST-0185,11463,5732,13263,AFT-0044,100,22.0,1002.16
SHP-005732,2026-05-06,Roadstar Logistics,SO-006632,CUST-0185,11464,5732,13264,AFT-0055,100,33.0,281.39
SHP-006630,2026-05-06,BlueLine Transport,SO-007670,CUST-0071,13259,6630,15339,ACT-0032,200,55.0,232.68
SHP-006630,2026-05-06,BlueLine Transport,SO-007670,CUST-0071,13260,6630,15340,ACT-0043,100,2.0,499.75
SHP-007200,2026-05-06,ParcelPro,SO-008331,CUST-0028,14399,7200,16661,ACT-0023,100,9.0,2312.23
SHP-007200,2026-05-06,ParcelPro,SO-008331,CUST-0028,14400,7200,16662,ACT-0034,200,13.0,338.7
SHP-008288,2026-05-06,ParcelPro,SO-009587,CUST-0020,16575,8288,19173,DRV-0049,100,33.0,1199.79
SHP-008288,2026-05-06,ParcelPro,SO-009587,CUST-0020,16576,8288,19174,DRV-0060,200,55.0,373.77
SHP-000163,2026-05-07,Midwest Freight,SO-000185,CUST-0026,325,163,369,SYS-0027,100,22.0,1000.55
SHP-000163,2026-05-07,Midwest Freight,SO-000185,CUST-0026,326,163,370,ACT-0008,200,33.0,227.79
SHP-001061,2026-05-07,ParcelPro,SO-001223,CUST-0152,2121,1061,2445,DRV-0015,100,55.0,1233.73
SHP-001061,2026-05-07,ParcelPro,SO-001223,CUST-0152,2122,1061,2446,DRV-0026,200,2.0,638.78
SHP-001632,2026-05-07,Roadstar Logistics,SO-001884,CUST-0109,3263,1632,3767,DRV-0006,200,9.0,1777.77
SHP-001632,2026-05-07,Roadstar Logistics,SO-001884,CUST-0109,3264,1632,3768,DRV-0017,100,13.0,777.04
SHP-002716,2026-05-07,Roadstar Logistics,SO-003140,CUST-0101,5431,2716,6279,AFT-0042,300,33.0,299.23
SHP-002716,2026-05-07,Roadstar Logistics,SO-003140,CUST-0101,5432,2716,6280,AFT-0053,100,55.0,484.99
SHP-003288,2026-05-07,Midwest Freight,SO-003801,CUST-0058,6575,3288,7601,AFT-0033,300,4.0,997.68
SHP-003288,2026-05-07,Midwest Freight,SO-003801,CUST-0058,6576,3288,7602,AFT-0044,100,9.0,1002.16
SHP-004185,2026-05-07,ParcelPro,SO-004839,CUST-0184,8369,4185,9677,ACT-0021,100,13.0,928.12
SHP-004185,2026-05-07,ParcelPro,SO-004839,CUST-0184,8370,4185,9678,ACT-0032,200,22.0,232.68
SHP-004755,2026-05-07,Roadstar Logistics,SO-005500,CUST-0141,9509,4755,10999,ACT-0012,200,55.0,310.47
SHP-004755,2026-05-07,Roadstar Logistics,SO-005500,CUST-0141,9510,4755,11000,ACT-0023,100,2.0,2312.23
SHP-005324,2026-05-07,Midwest Freight,SO-006161,CUST-0098,10647,5324,12321,ACT-0003,100,9.0,1998.31
SHP-005324,2026-05-07,Midwest Freight,SO-006161,CUST-0098,10648,5324,12322,ACT-0014,200,13.0,544.47
SHP-006412,2026-05-07,Midwest Freight,SO-007417,CUST-0090,12823,6412,14833,DRV-0029,100,33.0,1617.15
SHP-006412,2026-05-07,Midwest Freight,SO-007417,CUST-0090,12824,6412,14834,DRV-0040,200,55.0,218.97
SHP-007308,2026-05-07,ParcelPro,SO-008455,CUST-0216,14615,7308,16909,AFT-0057,300,2.0,618.6
SHP-007308,2026-05-07,ParcelPro,SO-008455,CUST-0216,14616,7308,16910,CTL-0008,300,4.0,710.8
SHP-007879,2026-05-07,Roadstar Logistics,SO-009116,CUST-0173,15757,7879,18231,AFT-0048,300,13.0,2594.19
SHP-007879,2026-05-07,Roadstar Logistics,SO-009116,CUST-0173,15758,7879,18232,AFT-0059,100,22.0,270.09
SHP-008451,2026-05-07,Midwest Freight,SO-009777,CUST-0130,16901,8451,19553,AFT-0039,300,55.0,8553.4
SHP-008451,2026-05-07,Midwest Freight,SO-009777,CUST-0130,16902,8451,19554,AFT-0050,100,2.0,2471.31
SHP-000842,2026-05-08,BlueLine Transport,SO-000970,CUST-0171,1683,842,1939,AFT-0022,100,33.0,225.36
SHP-000842,2026-05-08,BlueLine Transport,SO-000970,CUST-0171,1684,842,1940,AFT-0033,300,55.0,997.68
SHP-002879,2026-05-08,BlueLine Transport,SO-003330,CUST-0211,5757,2879,6659,SYS-0022,300,55.0,4965.2
SHP-002879,2026-05-08,BlueLine Transport,SO-003330,CUST-0211,5758,2879,6660,ACT-0003,100,2.0,1998.31
SHP-004347,2026-05-08,Midwest Freight,SO-005029,CUST-0054,8693,4347,10057,DRV-0001,100,22.0,1077.99
SHP-004347,2026-05-08,Midwest Freight,SO-005029,CUST-0054,8694,4347,10058,DRV-0012,200,33.0,236.26
SHP-005432,2026-05-08,Midwest Freight,SO-006285,CUST-0046,10863,5432,12569,AFT-0037,100,2.0,3077.35
SHP-005432,2026-05-08,Midwest Freight,SO-006285,CUST-0046,10864,5432,12570,AFT-0048,300,4.0,2594.19
SHP-006004,2026-05-08,BlueLine Transport,SO-006946,CUST-0003,12007,6004,13891,AFT-0028,100,13.0,349.76
SHP-006004,2026-05-08,BlueLine Transport,SO-006946,CUST-0003,12008,6004,13892,AFT-0039,300,22.0,8553.4
SHP-007473,2026-05-08,Midwest Freight,SO-008645,CUST-0086,14945,7473,17289,ACT-0007,100,4.0,2766.72
SHP-007473,2026-05-08,Midwest Freight,SO-008645,CUST-0086,14946,7473,17290,ACT-0018,200,9.0,1053.86
SHP-008043,2026-05-08,BlueLine Transport,SO-009306,CUST-0043,16085,8043,18611,SYS-0028,300,22.0,2113.15
SHP-008043,2026-05-08,BlueLine Transport,SO-009306,CUST-0043,16086,8043,18612,ACT-0009,100,33.0,364.09
SHP-000435,2026-05-09,ParcelPro,SO-000499,CUST-0084,869,435,997,SYS-0011,100,13.0,1020.49
SHP-000435,2026-05-09,ParcelPro,SO-000499,CUST-0084,870,435,998,SYS-0022,300,22.0,4965.2
SHP-001007,2026-05-09,Roadstar Logistics,SO-001160,CUST-0041,2013,1007,2319,SYS-0002,300,55.0,1223.7
SHP-001007,2026-05-09,Roadstar Logistics,SO-001160,CUST-0041,2014,1007,2320,SYS-0013,100,2.0,871.78
SHP-001903,2026-05-09,BlueLine Transport,SO-002198,CUST-0167,3805,1903,4395,CTL-0030,300,4.0,2928.54
SHP-001903,2026-05-09,BlueLine Transport,SO-002198,CUST-0167,3806,1903,4396,DRV-0001,100,9.0,1077.99
SHP-002471,2026-05-09,ParcelPro,SO-002859,CUST-0124,4941,2471,5717,CTL-0021,300,22.0,849.25
SHP-002471,2026-05-09,ParcelPro,SO-002859,CUST-0124,4942,2471,5718,CTL-0032,300,33.0,1947.94
SHP-003559,2026-05-09,ParcelPro,SO-004115,CUST-0116,7117,3559,8229,AFT-0017,100,2.0,1705.89
SHP-003559,2026-05-09,ParcelPro,SO-004115,CUST-0116,7118,3559,8230,AFT-0028,100,4.0,349.76
SHP-004130,2026-05-09,Roadstar Logistics,SO-004776,CUST-0073,8259,4130,9551,AFT-0008,100,13.0,242.31
SHP-004130,2026-05-09,Roadstar Logistics,SO-004776,CUST-0073,8260,4130,9552,AFT-0019,100,22.0,769.7
SHP-005596,2026-05-09,ParcelPro,SO-006475,CUST-0156,11191,5596,12949,SYS-0017,100,4.0,2870.14
SHP-005596,2026-05-09,ParcelPro,SO-006475,CUST-0156,11192,5596,12950,SYS-0028,300,9.0,2113.15
SHP-006169,2026-05-09,Roadstar Logistics,SO-007136,CUST-0113,12337,6169,14271,SYS-0008,300,22.0,218.0
SHP-006169,2026-05-09,Roadstar Logistics,SO-007136,CUST-0113,12338,6169,14272,SYS-0019,100,33.0,1798.13
SHP-007255,2026-05-09,Roadstar Logistics,SO-008392,CUST-0105,14509,7255,16783,DRV-0004,200,2.0,766.25
SHP-007255,2026-05-09,Roadstar Logistics,SO-008392,CUST-0105,14510,7255,16784,DRV-0015,100,4.0,1233.73
SHP-008151,2026-05-09,BlueLine Transport,SO-009430,CUST-0231,16301,8151,18859,AFT-0032,100,9.0,665.09
SHP-008151,2026-05-09,BlueLine Transport,SO-009430,CUST-0231,16302,8151,18860,AFT-0043,100,13.0,701.72
SHP-000027,2026-05-10,Roadstar Logistics,SO-000028,CUST-0237,53,27,55,CTL-0010,300,4.0,2841.49
SHP-000027,2026-05-10,Roadstar Logistics,SO-000028,CUST-0237,54,27,56,CTL-0021,300,9.0,849.25
SHP-000598,2026-05-10,Midwest Freight,SO-000689,CUST-0194,1195,598,1377,CTL-0001,300,22.0,2176.28
SHP-000598,2026-05-10,Midwest Freight,SO-000689,CUST-0194,1196,598,1378,CTL-0012,300,33.0,4482.68
SHP-001496,2026-05-10,ParcelPro,SO-001727,CUST-0080,2991,1496,3453,ACT-0049,100,55.0,830.3
SHP-001496,2026-05-10,ParcelPro,SO-001727,CUST-0080,2992,1496,3454,ACT-0060,200,2.0,218.01
SHP-001685,2026-05-10,Midwest Freight,SO-001945,CUST-0186,3369,1685,3889,ACT-0057,100,2.0,2621.51
SHP-001685,2026-05-10,Midwest Freight,SO-001945,CUST-0186,3370,1685,3890,AFT-0008,100,4.0,242.31
SHP-002579,2026-05-10,ParcelPro,SO-002983,CUST-0072,5157,2579,5965,SYS-0015,100,9.0,5502.56
SHP-002579,2026-05-10,ParcelPro,SO-002983,CUST-0072,5158,2579,5966,SYS-0026,300,13.0,1401.71
SHP-003151,2026-05-10,Roadstar Logistics,SO-003644,CUST-0029,6301,3151,7287,SYS-0006,300,33.0,436.61
SHP-003151,2026-05-10,Roadstar Logistics,SO-003644,CUST-0029,6302,3151,7288,SYS-0017,100,55.0,2870.14
SHP-003723,2026-05-10,Midwest Freight,SO-004305,CUST-0226,7445,3723,8609,DRV-0057,100,4.0,3870.18
SHP-003723,2026-05-10,Midwest Freight,SO-004305,CUST-0226,7446,3723,8610,SYS-0008,300,9.0,218.0
SHP-004619,2026-05-10,ParcelPro,SO-005343,CUST-0112,9237,4619,10685,CTL-0025,300,13.0,1240.54
SHP-004619,2026-05-10,ParcelPro,SO-005343,CUST-0112,9238,4619,10686,CTL-0036,300,22.0,3755.26
SHP-005188,2026-05-10,Roadstar Logistics,SO-006004,CUST-0069,10375,5188,12007,CTL-0016,300,55.0,273.05
SHP-005188,2026-05-10,Roadstar Logistics,SO-006004,CUST-0069,10376,5188,12008,CTL-0027,300,2.0,1052.17
SHP-005703,2026-05-10,ParcelPro,SO-006599,CUST-0104,11405,5703,13197,AFT-0021,300,55.0,395.23
SHP-005703,2026-05-10,ParcelPro,SO-006599,CUST-0104,11406,5703,13198,AFT-0032,100,2.0,665.09
SHP-006275,2026-05-10,Roadstar Logistics,SO-007260,CUST-0061,12549,6275,14519,AFT-0012,300,9.0,1004.49
SHP-006275,2026-05-10,Roadstar Logistics,SO-007260,CUST-0061,12550,6275,14520,AFT-0023,100,13.0,273.18
SHP-006846,2026-05-10,Midwest Freight,SO-007921,CUST-0018,13691,6846,15841,AFT-0003,300,33.0,4514.04
SHP-006846,2026-05-10,Midwest Freight,SO-007921,CUST-0018,13692,6846,15842,AFT-0014,100,55.0,936.0
SHP-008316,2026-05-10,Roadstar Logistics,SO-009620,CUST-0101,16631,8316,19239,SYS-0012,300,13.0,544.4
SHP-008316,2026-05-10,Roadstar Logistics,SO-009620,CUST-0101,16632,8316,19240,SYS-0023,100,22.0,2333.9
SHP-000707,2026-05-11,Midwest Freight,SO-000813,CUST-0142,1413,707,1625,DRV-0055,100,9.0,5400.43
SHP-000707,2026-05-11,Midwest Freight,SO-000813,CUST-0142,1414,707,1626,SYS-0006,300,13.0,436.61
SHP-001277,2026-05-11,BlueLine Transport,SO-001474,CUST-0099,2553,1277,2947,DRV-0046,200,33.0,877.32
SHP-001277,2026-05-11,BlueLine Transport,SO-001474,CUST-0099,2554,1277,2948,DRV-0057,100,55.0,3870.18
SHP-002744,2026-05-11,Midwest Freight,SO-003173,CUST-0182,5487,2744,6345,CTL-0005,300,13.0,1064.96
SHP-002744,2026-05-11,Midwest Freight,SO-003173,CUST-0182,5488,2744,6346,CTL-0016,300,22.0,273.05
SHP-003316,2026-05-11,BlueLine Transport,SO-003834,CUST-0139,6631,3316,7667,AFT-0056,100,55.0,386.1
SHP-003316,2026-05-11,BlueLine Transport,SO-003834,CUST-0139,6632,3316,7668,CTL-0007,300,2.0,2206.98
SHP-004400,2026-05-11,BlueLine Transport,SO-005090,CUST-0131,8799,4400,10179,ACT-0052,200,9.0,646.56
SHP-004400,2026-05-11,BlueLine Transport,SO-005090,CUST-0131,8800,4400,10180,AFT-0003,300,13.0,4514.04
SHP-005869,2026-05-11,Midwest Freight,SO-006789,CUST-0214,11737,5869,13577,SYS-0001,100,2.0,484.28
SHP-005869,2026-05-11,Midwest Freight,SO-006789,CUST-0214,11738,5869,13578,SYS-0012,300,4.0,544.4
SHP-006440,2026-05-11,BlueLine Transport,SO-007450,CUST-0171,12879,6440,14899,DRV-0052,200,13.0,1298.13
SHP-006440,2026-05-11,BlueLine Transport,SO-007450,CUST-0171,12880,6440,14900,SYS-0003,100,22.0,789.98
SHP-000297,2026-05-12,BlueLine Transport,SO-000342,CUST-0055,593,297,683,AFT-0054,300,2.0,278.7
SHP-000297,2026-05-12,BlueLine Transport,SO-000342,CUST-0055,594,297,684,CTL-0005,300,4.0,1064.96
SHP-001440,2026-05-12,Roadstar Logistics,SO-001664,CUST-0209,2879,1440,3327,AFT-0036,300,55.0,950.62
SHP-001440,2026-05-12,Roadstar Logistics,SO-001664,CUST-0209,2880,1440,3328,AFT-0047,100,2.0,1876.46
SHP-002336,2026-05-12,BlueLine Transport,SO-002702,CUST-0095,4671,2336,5403,ACT-0024,200,4.0,1998.42
SHP-002336,2026-05-12,BlueLine Transport,SO-002702,CUST-0095,4672,2336,5404,ACT-0035,100,9.0,1963.86
SHP-002525,2026-05-12,Roadstar Logistics,SO-002920,CUST-0201,5049,2525,5839,ACT-0032,200,9.0,232.68
SHP-002525,2026-05-12,Roadstar Logistics,SO-002920,CUST-0201,5050,2525,5840,ACT-0043,100,13.0,499.75
SHP-003422,2026-05-12,BlueLine Transport,SO-003958,CUST-0087,6843,3422,7915,DRV-0050,200,22.0,3137.29
SHP-003422,2026-05-12,BlueLine Transport,SO-003958,CUST-0087,6844,3422,7916,SYS-0001,100,33.0,484.28
SHP-003994,2026-05-12,ParcelPro,SO-004619,CUST-0044,7987,3994,9237,DRV-0041,100,2.0,271.46
SHP-003994,2026-05-12,ParcelPro,SO-004619,CUST-0044,7988,3994,9238,DRV-0052,200,4.0,1298.13
SHP-004565,2026-05-12,Roadstar Logistics,SO-005280,CUST-0001,9129,4565,10559,DRV-0032,200,13.0,242.87
SHP-004565,2026-05-12,Roadstar Logistics,SO-005280,CUST-0001,9130,4565,10560,DRV-0043,100,22.0,581.68
SHP-005460,2026-05-12,BlueLine Transport,SO-006318,CUST-0127,10919,5460,12635,AFT-0060,300,33.0,381.82
SHP-005460,2026-05-12,BlueLine Transport,SO-006318,CUST-0127,10920,5460,12636,CTL-0011,300,55.0,2846.92
SHP-006032,2026-05-12,ParcelPro,SO-006979,CUST-0084,12063,6032,13957,AFT-0051,300,4.0,1343.81
SHP-006032,2026-05-12,ParcelPro,SO-006979,CUST-0084,12064,6032,13958,CTL-0002,300,9.0,1099.52
SHP-006547,2026-05-12,BlueLine Transport,SO-007574,CUST-0119,13093,6547,15147,ACT-0056,200,4.0,618.58
SHP-006547,2026-05-12,BlueLine Transport,SO-007574,CUST-0119,13094,6547,15148,AFT-0007,100,9.0,295.96
SHP-007118,2026-05-12,ParcelPro,SO-008235,CUST-0076,14235,7118,16469,ACT-0047,100,22.0,766.28
SHP-007118,2026-05-12,ParcelPro,SO-008235,CUST-0076,14236,7118,16470,ACT-0058,200,33.0,360.61
SHP-007689,2026-05-12,Roadstar Logistics,SO-008896,CUST-0033,15377,7689,17791,ACT-0038,200,2.0,422.98
SHP-007689,2026-05-12,Roadstar Logistics,SO-008896,CUST-0033,15378,7689,17792,ACT-0049,100,4.0,830.3
SHP-008589,2026-05-12,BlueLine Transport,SO-009934,CUST-0159,17177,8589,19867,DRV-0056,200,9.0,2993.16
SHP-008589,2026-05-12,BlueLine Transport,SO-009934,CUST-0159,17178,8589,19868,SYS-0007,100,13.0,900.07
SHP-000463,2026-05-13,Roadstar Logistics,SO-000532,CUST-0165,925,463,1063,ACT-0004,200,4.0,202.92
SHP-000463,2026-05-13,Roadstar Logistics,SO-000532,CUST-0165,926,463,1064,ACT-0015,100,9.0,1074.85
SHP-001549,2026-05-13,Roadstar Logistics,SO-001788,CUST-0157,3097,1549,3575,DRV-0030,200,22.0,447.73
SHP-001549,2026-05-13,Roadstar Logistics,SO-001788,CUST-0157,3098,1549,3576,DRV-0041,100,33.0,271.46
SHP-002119,2026-05-13,Midwest Freight,SO-002449,CUST-0114,4237,2119,4897,DRV-0021,100,2.0,1026.04
SHP-002119,2026-05-13,Midwest Freight,SO-002449,CUST-0114,4238,2119,4898,DRV-0032,200,4.0,242.87
SHP-003015,2026-05-13,ParcelPro,SO-003487,CUST-0240,6029,3015,6973,AFT-0049,100,9.0,719.94
SHP-003015,2026-05-13,ParcelPro,SO-003487,CUST-0240,6030,3015,6974,AFT-0060,300,13.0,381.82
SHP-004158,2026-05-13,Midwest Freight,SO-004809,CUST-0154,8315,4158,9617,AFT-0031,100,4.0,310.16
SHP-004158,2026-05-13,Midwest Freight,SO-004809,CUST-0154,8316,4158,9618,AFT-0042,300,9.0,299.23
SHP-005242,2026-05-13,Midwest Freight,SO-006065,CUST-0146,10483,5242,12129,ACT-0027,100,22.0,2777.79
SHP-005242,2026-05-13,Midwest Freight,SO-006065,CUST-0146,10484,5242,12130,ACT-0038,200,33.0,422.98
SHP-006140,2026-05-13,ParcelPro,SO-007103,CUST-0032,12279,6140,14205,DRV-0045,100,55.0,378.8
SHP-006140,2026-05-13,ParcelPro,SO-007103,CUST-0032,12280,6140,14206,DRV-0056,200,2.0,2993.16
SHP-006713,2026-05-13,Roadstar Logistics,SO-007764,CUST-0229,13425,6713,15527,DRV-0036,200,9.0,1497.18
SHP-006713,2026-05-13,Roadstar Logistics,SO-007764,CUST-0229,13426,6713,15528,DRV-0047,100,13.0,3735.12
SHP-007283,2026-05-13,Midwest Freight,SO-008425,CUST-0186,14565,7283,16849,DRV-0027,100,33.0,1168.75
SHP-007283,2026-05-13,Midwest Freight,SO-008425,CUST-0186,14566,7283,16850,DRV-0038,200,55.0,544.32
SHP-008179,2026-05-13,ParcelPro,SO-009463,CUST-0072,16357,8179,18925,AFT-0055,100,2.0,281.39
SHP-008179,2026-05-13,ParcelPro,SO-009463,CUST-0072,16358,8179,18926,CTL-0006,300,4.0,1608.4
SHP-001142,2026-05-14,Midwest Freight,SO-001317,CUST-0070,2283,1142,2633,AFT-0029,100,9.0,438.34
SHP-001142,2026-05-14,Midwest Freight,SO-001317,CUST-0070,2284,1142,2634,AFT-0040,100,13.0,567.45
SHP-001713,2026-05-14,BlueLine Transport,SO-001978,CUST-0027,3425,1713,3955,AFT-0020,100,33.0,783.79
SHP-001713,2026-05-14,BlueLine Transport,SO-001978,CUST-0027,3426,1713,3956,AFT-0031,100,55.0,310.16
SHP-003180,2026-05-14,Midwest Freight,SO-003677,CUST-0110,6359,3180,7353,SYS-0029,100,13.0,1160.41
SHP-003180,2026-05-14,Midwest Freight,SO-003677,CUST-0110,6360,3180,7354,ACT-0010,200,22.0,2233.37
SHP-004264,2026-05-14,Midwest Freight,SO-004933,CUST-0102,8527,4264,9865,DRV-0025,100,55.0,2240.87
SHP-004264,2026-05-14,Midwest Freight,SO-004933,CUST-0102,8528,4264,9866,DRV-0036,200,2.0,1497.18
SHP-004836,2026-05-14,BlueLine Transport,SO-005594,CUST-0059,9671,4836,11187,DRV-0016,200,9.0,381.8
SHP-004836,2026-05-14,BlueLine Transport,SO-005594,CUST-0059,9672,4836,11188,DRV-0027,100,13.0,1168.75
SHP-006875,2026-05-14,BlueLine Transport,SO-007954,CUST-0099,13749,6875,15907,AFT-0026,100,13.0,194.56
SHP-006875,2026-05-14,BlueLine Transport,SO-007954,CUST-0099,13750,6875,15908,AFT-0037,100,22.0,3077.35
SHP-007389,2026-05-14,Midwest Freight,SO-008549,CUST-0134,14777,7389,17097,ACT-0031,100,13.0,2523.05
SHP-007389,2026-05-14,Midwest Freight,SO-008549,CUST-0134,14778,7389,17098,ACT-0042,200,22.0,643.48
SHP-007961,2026-05-14,BlueLine Transport,SO-009210,CUST-0091,15921,7961,18419,ACT-0022,200,55.0,990.4
SHP-007961,2026-05-14,BlueLine Transport,SO-009210,CUST-0091,15922,7961,18420,ACT-0033,100,2.0,1322.16
SHP-000736,2026-05-15,BlueLine Transport,SO-000846,CUST-0223,1471,736,1691,SYS-0018,300,2.0,631.4
SHP-000736,2026-05-15,BlueLine Transport,SO-000846,CUST-0223,1472,736,1692,SYS-0029,100,4.0,1160.41
SHP-001305,2026-05-15,ParcelPro,SO-001507,CUST-0180,2609,1305,3013,SYS-0009,100,13.0,550.07
SHP-001305,2026-05-15,ParcelPro,SO-001507,CUST-0180,2610,1305,3014,SYS-0020,300,22.0,3950.66
SHP-002390,2026-05-15,ParcelPro,SO-002763,CUST-0172,4779,2390,5525,DRV-0005,100,55.0,1162.73
SHP-002390,2026-05-15,ParcelPro,SO-002763,CUST-0172,4780,2390,5526,DRV-0016,200,2.0,381.8
SHP-002961,2026-05-15,Roadstar Logistics,SO-003424,CUST-0129,5921,2961,6847,CTL-0036,300,9.0,3755.26
SHP-002961,2026-05-15,Roadstar Logistics,SO-003424,CUST-0129,5922,2961,6848,DRV-0007,100,13.0,1355.9
SHP-003859,2026-05-15,BlueLine Transport,SO-004462,CUST-0015,7717,3859,8923,AFT-0024,300,22.0,584.52
SHP-003859,2026-05-15,BlueLine Transport,SO-004462,CUST-0015,7718,3859,8924,AFT-0035,100,33.0,2292.51
SHP-004428,2026-05-15,ParcelPro,SO-005123,CUST-0212,8855,4428,10245,AFT-0015,300,2.0,1124.21
SHP-004428,2026-05-15,ParcelPro,SO-005123,CUST-0212,8856,4428,10246,AFT-0026,100,4.0,194.56
SHP-004999,2026-05-15,Roadstar Logistics,SO-005784,CUST-0169,9997,4999,11567,AFT-0006,300,13.0,5754.99
SHP-004999,2026-05-15,Roadstar Logistics,SO-005784,CUST-0169,9998,4999,11568,AFT-0017,100,22.0,1705.89
SHP-006086,2026-05-15,Roadstar Logistics,SO-007040,CUST-0161,12171,6086,14079,ACT-0002,200,55.0,398.44
SHP-006086,2026-05-15,Roadstar Logistics,SO-007040,CUST-0161,12172,6086,14080,ACT-0013,100,2.0,371.79
SHP-006982,2026-05-15,BlueLine Transport,SO-008078,CUST-0047,13963,6982,16155,DRV-0020,200,4.0,956.8
SHP-006982,2026-05-15,BlueLine Transport,SO-008078,CUST-0047,13964,6982,16156,DRV-0031,100,9.0,1392.98
SHP-007554,2026-05-15,ParcelPro,SO-008739,CUST-0004,15107,7554,17477,DRV-0011,100,22.0,823.38
SHP-007554,2026-05-15,ParcelPro,SO-008739,CUST-0004,15108,7554,17478,DRV-0022,200,33.0,4199.01
SHP-008125,2026-05-15,Roadstar Logistics,SO-009400,CUST-0201,16249,8125,18799,DRV-0002,200,2.0,2270.82
SHP-008125,2026-05-15,Roadstar Logistics,SO-009400,CUST-0201,16250,8125,18800,DRV-0013,100,4.0,534.23
SHP-000326,2026-05-16,ParcelPro,SO-000375,CUST-0136,651,326,749,CTL-0017,300,33.0,246.26
SHP-000326,2026-05-16,ParcelPro,SO-000375,CUST-0136,652,326,750,CTL-0028,300,55.0,2359.35
SHP-000516,2026-05-16,Midwest Freight,SO-000593,CUST-0002,1031,516,1185,CTL-0025,300,55.0,1240.54
SHP-000516,2026-05-16,Midwest Freight,SO-000593,CUST-0002,1032,516,1186,CTL-0036,300,2.0,3755.26
SHP-001412,2026-05-16,ParcelPro,SO-001631,CUST-0128,2823,1412,3261,AFT-0013,100,4.0,2946.6
SHP-001412,2026-05-16,ParcelPro,SO-001631,CUST-0128,2824,1412,3262,AFT-0024,300,9.0,584.52
SHP-001985,2026-05-16,Roadstar Logistics,SO-002292,CUST-0085,3969,1985,4583,AFT-0004,100,22.0,2143.65
SHP-001985,2026-05-16,Roadstar Logistics,SO-002292,CUST-0085,3970,1985,4584,AFT-0015,300,33.0,1124.21
SHP-002554,2026-05-16,Midwest Freight,SO-002953,CUST-0042,5107,2554,5905,ACT-0055,100,2.0,2134.85
SHP-002554,2026-05-16,Midwest Freight,SO-002953,CUST-0042,5108,2554,5906,AFT-0006,300,4.0,5754.99
SHP-003451,2026-05-16,ParcelPro,SO-003991,CUST-0168,6901,3451,7981,SYS-0013,100,9.0,871.78
SHP-003451,2026-05-16,ParcelPro,SO-003991,CUST-0168,6902,3451,7982,SYS-0024,300,13.0,5743.44
SHP-004023,2026-05-16,Roadstar Logistics,SO-004652,CUST-0125,8045,4023,9303,SYS-0004,300,33.0,271.87
SHP-004023,2026-05-16,Roadstar Logistics,SO-004652,CUST-0125,8046,4023,9304,SYS-0015,100,55.0,5502.56
SHP-004536,2026-05-16,ParcelPro,SO-005247,CUST-0160,9071,4536,10493,DRV-0009,100,33.0,304.81
SHP-004536,2026-05-16,ParcelPro,SO-005247,CUST-0160,9072,4536,10494,DRV-0020,200,55.0,956.8
SHP-005107,2026-05-16,Roadstar Logistics,SO-005908,CUST-0117,10213,5107,11815,CTL-0040,300,4.0,3693.39
SHP-005107,2026-05-16,Roadstar Logistics,SO-005908,CUST-0117,10214,5107,11816,DRV-0011,100,9.0,823.38
SHP-005678,2026-05-16,Midwest Freight,SO-006569,CUST-0074,11355,5678,13137,CTL-0031,300,22.0,1954.36
SHP-005678,2026-05-16,Midwest Freight,SO-006569,CUST-0074,11356,5678,13138,DRV-0002,200,33.0,2270.82
SHP-006576,2026-05-16,ParcelPro,SO-007607,CUST-0200,13151,6576,15213,AFT-0019,100,55.0,769.7
SHP-006576,2026-05-16,ParcelPro,SO-007607,CUST-0200,13152,6576,15214,AFT-0030,300,2.0,342.02
SHP-007146,2026-05-16,Roadstar Logistics,SO-008268,CUST-0157,14291,7146,16535,AFT-0010,100,9.0,221.83
SHP-007146,2026-05-16,Roadstar Logistics,SO-008268,CUST-0157,14292,7146,16536,AFT-0021,300,13.0,395.23
SHP-007718,2026-05-16,Midwest Freight,SO-008929,CUST-0114,15435,7718,17857,AFT-0001,100,33.0,1725.19
SHP-007718,2026-05-16,Midwest Freight,SO-008929,CUST-0114,15436,7718,17858,AFT-0012,300,55.0,1004.49
SHP-008232,2026-05-16,Roadstar Logistics,SO-009524,CUST-0149,16463,8232,19047,ACT-0006,200,33.0,521.36
SHP-008232,2026-05-16,Roadstar Logistics,SO-009524,CUST-0149,16464,8232,19048,ACT-0017,100,55.0,632.55
SHP-000108,2026-05-17,BlueLine Transport,SO-000122,CUST-0155,215,108,243,ACT-0044,200,22.0,191.13
SHP-000108,2026-05-17,BlueLine Transport,SO-000122,CUST-0155,216,108,244,ACT-0055,100,33.0,2134.85
SHP-001576,2026-05-17,Midwest Freight,SO-001821,CUST-0238,3151,1576,3641,DRV-0053,100,9.0,2495.92
SHP-001576,2026-05-17,Midwest Freight,SO-001821,CUST-0238,3152,1576,3642,SYS-0004,300,13.0,271.87
SHP-003234,2026-05-17,BlueLine Transport,SO-003738,CUST-0187,6467,3234,7475,CTL-0020,300,4.0,687.1
SHP-003234,2026-05-17,BlueLine Transport,SO-003738,CUST-0187,6468,3234,7476,CTL-0031,300,9.0,1954.36
SHP-004701,2026-05-17,Midwest Freight,SO-005437,CUST-0030,9401,4701,10873,ACT-0059,100,55.0,860.8
SHP-004701,2026-05-17,Midwest Freight,SO-005437,CUST-0030,9402,4701,10874,AFT-0010,100,2.0,221.83
SHP-005270,2026-05-17,BlueLine Transport,SO-006098,CUST-0227,10539,5270,12195,ACT-0050,200,9.0,1066.65
SHP-005270,2026-05-17,BlueLine Transport,SO-006098,CUST-0227,10540,5270,12196,AFT-0001,100,13.0,1725.19
SHP-007826,2026-05-17,Midwest Freight,SO-009053,CUST-0062,15651,7826,18105,CTL-0035,300,13.0,3084.65
SHP-007826,2026-05-17,Midwest Freight,SO-009053,CUST-0062,15652,7826,18106,DRV-0006,200,22.0,1777.77
SHP-008398,2026-05-17,BlueLine Transport,SO-009714,CUST-0019,16795,8398,19427,CTL-0026,300,55.0,1044.37
SHP-008398,2026-05-17,BlueLine Transport,SO-009714,CUST-0019,16796,8398,19428,CTL-0037,300,2.0,4331.48
SHP-000271,2026-05-18,Roadstar Logistics,SO-000312,CUST-0025,541,271,623,DRV-0024,200,33.0,1625.62
SHP-000271,2026-05-18,Roadstar Logistics,SO-000312,CUST-0025,542,271,624,DRV-0035,100,55.0,904.12
SHP-001169,2026-05-18,BlueLine Transport,SO-001350,CUST-0151,2337,1169,2699,AFT-0052,100,2.0,315.62
SHP-001169,2026-05-18,BlueLine Transport,SO-001350,CUST-0151,2338,1169,2700,CTL-0003,300,4.0,1770.15
SHP-001358,2026-05-18,Roadstar Logistics,SO-001568,CUST-0017,2715,1358,3135,AFT-0060,300,4.0,381.82
SHP-001358,2026-05-18,Roadstar Logistics,SO-001568,CUST-0017,2716,1358,3136,CTL-0011,300,9.0,2846.92
SHP-002254,2026-05-18,BlueLine Transport,SO-002606,CUST-0143,4507,2254,5211,ACT-0048,200,13.0,383.41
SHP-002254,2026-05-18,BlueLine Transport,SO-002606,CUST-0143,4508,2254,5212,ACT-0059,100,22.0,860.8
SHP-002825,2026-05-18,ParcelPro,SO-003267,CUST-0100,5649,2825,6533,ACT-0039,100,55.0,759.88
SHP-002825,2026-05-18,ParcelPro,SO-003267,CUST-0100,5650,2825,6534,ACT-0050,200,2.0,1066.65
SHP-003396,2026-05-18,Roadstar Logistics,SO-003928,CUST-0057,6791,3396,7855,ACT-0030,200,9.0,443.77
SHP-003396,2026-05-18,Roadstar Logistics,SO-003928,CUST-0057,6792,3396,7856,ACT-0041,100,13.0,443.53
SHP-004291,2026-05-18,BlueLine Transport,SO-004966,CUST-0183,8581,4291,9931,DRV-0048,200,22.0,916.05
SHP-004291,2026-05-18,BlueLine Transport,SO-004966,CUST-0183,8582,4291,9932,DRV-0059,100,33.0,4086.27
SHP-005950,2026-05-18,ParcelPro,SO-006883,CUST-0132,11899,5950,13765,CTL-0015,300,13.0,505.32
SHP-005950,2026-05-18,ParcelPro,SO-006883,CUST-0132,11900,5950,13766,CTL-0026,300,22.0,1044.37
SHP-006522,2026-05-18,Roadstar Logistics,SO-007544,CUST-0089,13043,6522,15087,CTL-0006,300,55.0,1608.4
SHP-006522,2026-05-18,Roadstar Logistics,SO-007544,CUST-0089,13044,6522,15088,CTL-0017,300,2.0,246.26
SHP-007419,2026-05-18,BlueLine Transport,SO-008582,CUST-0215,14837,7419,17163,ACT-0054,200,4.0,3824.58
SHP-007419,2026-05-18,BlueLine Transport,SO-008582,CUST-0215,14838,7419,17164,AFT-0005,100,9.0,2334.92
SHP-007989,2026-05-18,ParcelPro,SO-009243,CUST-0172,15977,7989,18485,ACT-0045,100,22.0,311.98
SHP-007989,2026-05-18,ParcelPro,SO-009243,CUST-0172,15978,7989,18486,ACT-0056,200,33.0,618.58
SHP-008563,2026-05-18,Roadstar Logistics,SO-009904,CUST-0129,17125,8563,19807,ACT-0036,200,2.0,207.18
SHP-008563,2026-05-18,Roadstar Logistics,SO-009904,CUST-0129,17126,8563,19808,ACT-0047,100,4.0,766.28
SHP-000382,2026-05-19,Roadstar Logistics,SO-000436,CUST-0213,763,382,871,ACT-0028,200,13.0,213.58
SHP-000382,2026-05-19,Roadstar Logistics,SO-000436,CUST-0213,764,382,872,ACT-0039,100,22.0,759.88
SHP-000953,2026-05-19,Midwest Freight,SO-001097,CUST-0170,1905,953,2193,ACT-0019,100,55.0,1249.06
SHP-000953,2026-05-19,Midwest Freight,SO-001097,CUST-0170,1906,953,2194,ACT-0030,200,2.0,443.77
SHP-001849,2026-05-19,ParcelPro,SO-002135,CUST-0056,3697,1849,4269,DRV-0037,100,4.0,4469.48
SHP-001849,2026-05-19,ParcelPro,SO-002135,CUST-0056,3698,1849,4270,DRV-0048,200,9.0,916.05
SHP-002417,2026-05-19,Roadstar Logistics,SO-002796,CUST-0013,4833,2417,5591,DRV-0028,200,22.0,2358.69
SHP-002417,2026-05-19,Roadstar Logistics,SO-002796,CUST-0013,4834,2417,5592,DRV-0039,100,33.0,385.26
SHP-002989,2026-05-19,Midwest Freight,SO-003457,CUST-0210,5977,2989,6913,DRV-0019,100,2.0,1404.59
SHP-002989,2026-05-19,Midwest Freight,SO-003457,CUST-0210,5978,2989,6914,DRV-0030,200,4.0,447.73
SHP-004076,2026-05-19,Midwest Freight,SO-004713,CUST-0202,8151,4076,9425,AFT-0055,100,13.0,281.39
SHP-004076,2026-05-19,Midwest Freight,SO-004713,CUST-0202,8152,4076,9426,CTL-0006,300,22.0,1608.4
SHP-004971,2026-05-19,ParcelPro,SO-005751,CUST-0088,9941,4971,11501,ACT-0043,100,33.0,499.75
SHP-004971,2026-05-19,ParcelPro,SO-005751,CUST-0088,9942,4971,11502,ACT-0054,200,55.0,3824.58
SHP-005542,2026-05-19,Roadstar Logistics,SO-006412,CUST-0045,11083,5542,12823,ACT-0034,200,4.0,338.7
SHP-005542,2026-05-19,Roadstar Logistics,SO-006412,CUST-0045,11084,5542,12824,ACT-0045,100,9.0,311.98
SHP-006113,2026-05-19,Midwest Freight,SO-007073,CUST-0002,12225,6113,14145,ACT-0025,100,22.0,2796.19
SHP-006113,2026-05-19,Midwest Freight,SO-007073,CUST-0002,12226,6113,14146,ACT-0036,200,33.0,207.18
SHP-007009,2026-05-19,ParcelPro,SO-008111,CUST-0128,14017,7009,16221,DRV-0043,100,55.0,581.68
SHP-007009,2026-05-19,ParcelPro,SO-008111,CUST-0128,14018,7009,16222,DRV-0054,200,2.0,2389.07
SHP-000544,2026-05-20,BlueLine Transport,SO-000626,CUST-0083,1087,544,1251,DRV-0008,200,22.0,260.06
SHP-000544,2026-05-20,BlueLine Transport,SO-000626,CUST-0083,1088,544,1252,DRV-0019,100,33.0,1404.59
SHP-002013,2026-05-20,Midwest Freight,SO-002325,CUST-0166,4025,2013,4649,AFT-0027,300,9.0,328.06
SHP-002013,2026-05-20,Midwest Freight,SO-002325,CUST-0166,4026,2013,4650,AFT-0038,100,13.0,1359.58
SHP-003098,2026-05-20,Midwest Freight,SO-003581,CUST-0158,6195,3098,7161,ACT-0023,100,33.0,2312.23
SHP-003098,2026-05-20,Midwest Freight,SO-003581,CUST-0158,6196,3098,7162,ACT-0034,200,55.0,338.7
SHP-003669,2026-05-20,BlueLine Transport,SO-004242,CUST-0115,7337,3669,8483,ACT-0014,200,4.0,544.47
SHP-003669,2026-05-20,BlueLine Transport,SO-004242,CUST-0115,7338,3669,8484,ACT-0025,100,9.0,2796.19
SHP-005134,2026-05-20,Midwest Freight,SO-005941,CUST-0198,10267,5134,11881,DRV-0023,100,55.0,1456.75
SHP-005134,2026-05-20,Midwest Freight,SO-005941,CUST-0198,10268,5134,11882,DRV-0034,200,2.0,423.99
SHP-005706,2026-05-20,BlueLine Transport,SO-006602,CUST-0155,11411,5706,13203,DRV-0014,200,9.0,976.85
SHP-005706,2026-05-20,BlueLine Transport,SO-006602,CUST-0155,11412,5706,13204,DRV-0025,100,13.0,2240.87
SHP-006222,2026-05-20,Midwest Freight,SO-007197,CUST-0190,12443,6222,14393,AFT-0059,100,9.0,270.09
SHP-006222,2026-05-20,Midwest Freight,SO-007197,CUST-0190,12444,6222,14394,CTL-0010,300,13.0,2841.49
SHP-006792,2026-05-20,BlueLine Transport,SO-007858,CUST-0147,13583,6792,15715,AFT-0050,100,33.0,2471.31
SHP-006792,2026-05-20,BlueLine Transport,SO-007858,CUST-0147,13584,6792,15716,CTL-0001,300,55.0,2176.28
SHP-008262,2026-05-20,Midwest Freight,SO-009557,CUST-0230,16523,8262,19113,ACT-0029,100,13.0,923.26
SHP-008262,2026-05-20,Midwest Freight,SO-009557,CUST-0230,16524,8262,19114,ACT-0040,200,22.0,199.82
SHP-000136,2026-05-21,ParcelPro,SO-000155,CUST-0236,271,136,309,AFT-0007,100,9.0,295.96
SHP-000136,2026-05-21,ParcelPro,SO-000155,CUST-0236,272,136,310,AFT-0018,300,13.0,583.67
SHP-001794,2026-05-21,Roadstar Logistics,SO-002072,CUST-0185,3587,1794,4143,SYS-0024,300,4.0,5743.44
SHP-001794,2026-05-21,Roadstar Logistics,SO-002072,CUST-0185,3588,1794,4144,ACT-0005,100,9.0,789.17
SHP-002690,2026-05-21,BlueLine Transport,SO-003110,CUST-0071,5379,2690,6219,DRV-0012,200,13.0,236.26
SHP-002690,2026-05-21,BlueLine Transport,SO-003110,CUST-0071,5380,2690,6220,DRV-0023,100,22.0,1456.75
SHP-003262,2026-05-21,ParcelPro,SO-003771,CUST-0028,6523,3262,7541,DRV-0003,100,55.0,1969.66
SHP-003262,2026-05-21,ParcelPro,SO-003771,CUST-0028,6524,3262,7542,DRV-0014,200,2.0,976.85
SHP-003833,2026-05-21,Roadstar Logistics,SO-004432,CUST-0225,7665,3833,8863,CTL-0034,300,9.0,1946.56
SHP-003833,2026-05-21,Roadstar Logistics,SO-004432,CUST-0225,7666,3833,8864,DRV-0005,100,13.0,1162.73
SHP-004918,2026-05-21,Roadstar Logistics,SO-005688,CUST-0217,9835,4918,11375,AFT-0030,300,33.0,342.02
SHP-004918,2026-05-21,Roadstar Logistics,SO-005688,CUST-0217,9836,4918,11376,AFT-0041,100,55.0,1163.02
SHP-005815,2026-05-21,BlueLine Transport,SO-006726,CUST-0103,11629,5815,13451,ACT-0018,200,2.0,1053.86
SHP-005815,2026-05-21,BlueLine Transport,SO-006726,CUST-0103,11630,5815,13452,ACT-0029,100,4.0,923.26
SHP-006387,2026-05-21,ParcelPro,SO-007387,CUST-0060,12773,6387,14773,ACT-0009,100,13.0,364.09
SHP-006387,2026-05-21,ParcelPro,SO-007387,CUST-0060,12774,6387,14774,ACT-0020,200,22.0,626.2
SHP-006956,2026-05-21,Roadstar Logistics,SO-008048,CUST-0017,13911,6956,16095,SYS-0030,300,55.0,3308.83
SHP-006956,2026-05-21,Roadstar Logistics,SO-008048,CUST-0017,13912,6956,16096,ACT-0011,100,2.0,416.59
SHP-007853,2026-05-21,BlueLine Transport,SO-009086,CUST-0143,15705,7853,18171,DRV-0018,200,4.0,1468.74
SHP-007853,2026-05-21,BlueLine Transport,SO-009086,CUST-0143,15706,7853,18172,DRV-0029,100,9.0,1617.15
SHP-000244,2026-05-22,ParcelPro,SO-000279,CUST-0184,487,244,557,DRV-0001,100,2.0,1077.99
SHP-000244,2026-05-22,ParcelPro,SO-000279,CUST-0184,488,244,558,DRV-0012,200,4.0,236.26
SHP-000817,2026-05-22,Roadstar Logistics,SO-000940,CUST-0141,1633,817,1879,CTL-0032,300,13.0,1947.94
SHP-000817,2026-05-22,Roadstar Logistics,SO-000940,CUST-0141,1634,817,1880,DRV-0003,100,22.0,1969.66
SHP-001385,2026-05-22,Midwest Freight,SO-001601,CUST-0098,2769,1385,3201,CTL-0023,300,55.0,1243.13
SHP-001385,2026-05-22,Midwest Freight,SO-001601,CUST-0098,2770,1385,3202,CTL-0034,300,2.0,1946.56
SHP-002281,2026-05-22,ParcelPro,SO-002639,CUST-0224,4561,2281,5277,AFT-0011,100,4.0,459.76
SHP-002281,2026-05-22,ParcelPro,SO-002639,CUST-0224,4562,2281,5278,AFT-0022,100,9.0,225.36
SHP-002852,2026-05-22,Roadstar Logistics,SO-003300,CUST-0181,5703,2852,6599,AFT-0002,100,22.0,1635.19
SHP-002852,2026-05-22,Roadstar Logistics,SO-003300,CUST-0181,5704,2852,6600,AFT-0013,100,33.0,2946.6
SHP-003369,2026-05-22,ParcelPro,SO-003895,CUST-0216,6737,3369,7789,ACT-0007,100,22.0,2766.72
SHP-003369,2026-05-22,ParcelPro,SO-003895,CUST-0216,6738,3369,7790,ACT-0018,200,33.0,1053.86
SHP-004510,2026-05-22,Midwest Freight,SO-005217,CUST-0130,9019,4510,10433,SYS-0019,100,13.0,1798.13
SHP-004510,2026-05-22,Midwest Freight,SO-005217,CUST-0130,9020,4510,10434,SYS-0030,300,22.0,3308.83
SHP-005406,2026-05-22,ParcelPro,SO-006255,CUST-0016,10811,5406,12509,DRV-0007,100,33.0,1355.9
SHP-005406,2026-05-22,ParcelPro,SO-006255,CUST-0016,10812,5406,12510,DRV-0018,200,55.0,1468.74
SHP-005978,2026-05-22,Roadstar Logistics,SO-006916,CUST-0213,11955,5978,13831,CTL-0038,300,4.0,1627.96
SHP-005978,2026-05-22,Roadstar Logistics,SO-006916,CUST-0213,11956,5978,13832,DRV-0009,100,9.0,304.81
SHP-006550,2026-05-22,Midwest Freight,SO-007577,CUST-0170,13099,6550,15153,CTL-0029,300,22.0,746.13
SHP-006550,2026-05-22,Midwest Freight,SO-007577,CUST-0170,13100,6550,15154,CTL-0040,300,33.0,3693.39
SHP-007064,2026-05-22,Roadstar Logistics,SO-008172,CUST-0205,14127,7064,16343,AFT-0034,100,22.0,501.15
SHP-007064,2026-05-22,Roadstar Logistics,SO-008172,CUST-0205,14128,7064,16344,AFT-0045,300,33.0,1273.82
SHP-007635,2026-05-22,Midwest Freight,SO-008833,CUST-0162,15269,7635,17665,AFT-0025,100,2.0,475.85
SHP-007635,2026-05-22,Midwest Freight,SO-008833,CUST-0162,15270,7635,17666,AFT-0036,300,4.0,950.62
SHP-008535,2026-05-22,ParcelPro,SO-009871,CUST-0048,17069,8535,19741,ACT-0013,100,9.0,371.79
SHP-008535,2026-05-22,ParcelPro,SO-009871,CUST-0048,17070,8535,19742,ACT-0024,200,13.0,1998.42
SHP-000409,2026-05-23,Midwest Freight,SO-000469,CUST-0054,817,409,937,ACT-0051,100,4.0,4550.3
SHP-000409,2026-05-23,Midwest Freight,SO-000469,CUST-0054,818,409,938,AFT-0002,100,9.0,1635.19
SHP-000981,2026-05-23,BlueLine Transport,SO-001130,CUST-0011,1961,981,2259,ACT-0042,200,22.0,643.48
SHP-000981,2026-05-23,BlueLine Transport,SO-001130,CUST-0011,1962,981,2260,ACT-0053,100,33.0,457.71
SHP-002066,2026-05-23,BlueLine Transport,SO-002386,CUST-0003,4131,2066,4771,SYS-0008,300,2.0,218.0
SHP-002066,2026-05-23,BlueLine Transport,SO-002386,CUST-0003,4132,2066,4772,SYS-0019,100,4.0,1798.13
SHP-003534,2026-05-23,Midwest Freight,SO-004085,CUST-0086,7067,3534,8169,CTL-0027,300,33.0,1052.17
SHP-003534,2026-05-23,Midwest Freight,SO-004085,CUST-0086,7068,3534,8170,CTL-0038,300,55.0,1627.96
SHP-004103,2026-05-23,BlueLine Transport,SO-004746,CUST-0043,8205,4103,9491,CTL-0018,300,4.0,685.06
SHP-004103,2026-05-23,BlueLine Transport,SO-004746,CUST-0043,8206,4103,9492,CTL-0029,300,9.0,746.13
SHP-007229,2026-05-23,BlueLine Transport,SO-008362,CUST-0075,14457,7229,16723,SYS-0014,300,33.0,847.06
SHP-007229,2026-05-23,BlueLine Transport,SO-008362,CUST-0075,14458,7229,16724,SYS-0025,100,55.0,523.8
SHP-000191,2026-05-24,Roadstar Logistics,SO-000216,CUST-0073,381,191,431,DRV-0048,200,2.0,916.05
SHP-000191,2026-05-24,Roadstar Logistics,SO-000216,CUST-0073,382,191,432,DRV-0059,100,4.0,4086.27
SHP-001088,2026-05-24,BlueLine Transport,SO-001254,CUST-0199,2175,1088,2507,CTL-0016,300,9.0,273.05
SHP-001088,2026-05-24,BlueLine Transport,SO-001254,CUST-0199,2176,1088,2508,CTL-0027,300,13.0,1052.17
SHP-001660,2026-05-24,ParcelPro,SO-001915,CUST-0156,3319,1660,3829,CTL-0007,300,33.0,2206.98
SHP-001660,2026-05-24,ParcelPro,SO-001915,CUST-0156,3320,1660,3830,CTL-0018,300,55.0,685.06
SHP-002228,2026-05-24,Roadstar Logistics,SO-002576,CUST-0113,4455,2228,5151,AFT-0058,100,4.0,248.59
SHP-002228,2026-05-24,Roadstar Logistics,SO-002576,CUST-0113,4456,2228,5152,CTL-0009,300,9.0,1465.6
SHP-003125,2026-05-24,BlueLine Transport,SO-003614,CUST-0239,6249,3125,7227,ACT-0046,200,13.0,543.39
SHP-003125,2026-05-24,BlueLine Transport,SO-003614,CUST-0239,6250,3125,7228,ACT-0057,100,22.0,2621.51
SHP-003696,2026-05-24,ParcelPro,SO-004275,CUST-0196,7391,3696,8549,ACT-0037,100,55.0,3791.36
SHP-003696,2026-05-24,ParcelPro,SO-004275,CUST-0196,7392,3696,8550,ACT-0048,200,2.0,383.41
SHP-004211,2026-05-24,BlueLine Transport,SO-004870,CUST-0231,8421,4211,9739,SYS-0012,300,55.0,544.4
SHP-004211,2026-05-24,BlueLine Transport,SO-004870,CUST-0231,8422,4211,9740,SYS-0023,100,2.0,2333.9
SHP-004782,2026-05-24,ParcelPro,SO-005531,CUST-0188,9563,4782,11061,SYS-0003,100,9.0,789.98
SHP-004782,2026-05-24,ParcelPro,SO-005531,CUST-0188,9564,4782,11062,SYS-0014,300,13.0,847.06
SHP-005352,2026-05-24,Roadstar Logistics,SO-006192,CUST-0145,10703,5352,12383,DRV-0054,200,33.0,2389.07
SHP-005352,2026-05-24,Roadstar Logistics,SO-006192,CUST-0145,10704,5352,12384,SYS-0005,100,55.0,295.22
SHP-006250,2026-05-24,BlueLine Transport,SO-007230,CUST-0031,12499,6250,14459,CTL-0022,300,2.0,2070.12
SHP-006250,2026-05-24,BlueLine Transport,SO-007230,CUST-0031,12500,6250,14460,CTL-0033,300,4.0,3676.55
SHP-006819,2026-05-24,ParcelPro,SO-007891,CUST-0228,13637,6819,15781,CTL-0013,300,13.0,269.64
SHP-006819,2026-05-24,ParcelPro,SO-007891,CUST-0228,13638,6819,15782,CTL-0024,300,22.0,782.21
SHP-007391,2026-05-24,Roadstar Logistics,SO-008552,CUST-0185,14781,7391,17103,CTL-0004,300,55.0,1388.28
SHP-007391,2026-05-24,Roadstar Logistics,SO-008552,CUST-0185,14782,7391,17104,CTL-0015,300,2.0,505.32
SHP-007906,2026-05-24,ParcelPro,SO-009147,CUST-0220,15811,7906,18293,AFT-0009,300,55.0,622.76
SHP-007906,2026-05-24,ParcelPro,SO-009147,CUST-0220,15812,7906,18294,AFT-0020,100,2.0,783.79
SHP-008479,2026-05-24,Roadstar Logistics,SO-009808,CUST-0177,16957,8479,19615,ACT-0060,200,9.0,218.01
SHP-008479,2026-05-24,Roadstar Logistics,SO-009808,CUST-0177,16958,8479,19616,AFT-0011,100,13.0,459.76
SHP-000681,2026-05-25,ParcelPro,SO-000783,CUST-0112,1361,681,1565,ACT-0035,100,2.0,1963.86
SHP-000681,2026-05-25,ParcelPro,SO-000783,CUST-0112,1362,681,1566,ACT-0046,200,4.0,543.39
SHP-001250,2026-05-25,Roadstar Logistics,SO-001444,CUST-0069,2499,1250,2887,ACT-0026,200,13.0,1654.16
SHP-001250,2026-05-25,Roadstar Logistics,SO-001444,CUST-0069,2500,1250,2888,ACT-0037,100,22.0,3791.36
SHP-001823,2026-05-25,Midwest Freight,SO-002105,CUST-0026,3645,1823,4209,ACT-0017,100,55.0,632.55
SHP-001823,2026-05-25,Midwest Freight,SO-002105,CUST-0026,3646,1823,4210,ACT-0028,200,2.0,213.58
SHP-002907,2026-05-25,Midwest Freight,SO-003361,CUST-0018,5813,2907,6721,DRV-0043,100,9.0,581.68
SHP-002907,2026-05-25,Midwest Freight,SO-003361,CUST-0018,5814,2907,6722,DRV-0054,200,13.0,2389.07
SHP-003805,2026-05-25,ParcelPro,SO-004399,CUST-0144,7609,3805,8797,CTL-0011,300,22.0,2846.92
SHP-003805,2026-05-25,ParcelPro,SO-004399,CUST-0144,7610,3805,8798,CTL-0022,300,33.0,2070.12
SHP-004375,2026-05-25,Roadstar Logistics,SO-005060,CUST-0101,8749,4375,10119,CTL-0002,300,2.0,1099.52
SHP-004375,2026-05-25,Roadstar Logistics,SO-005060,CUST-0101,8750,4375,10120,CTL-0013,300,4.0,269.64
SHP-004945,2026-05-25,Midwest Freight,SO-005721,CUST-0058,9889,4945,11441,AFT-0053,100,13.0,484.99
SHP-004945,2026-05-25,Midwest Freight,SO-005721,CUST-0058,9890,4945,11442,CTL-0004,300,22.0,1388.28
SHP-005843,2026-05-25,ParcelPro,SO-006759,CUST-0184,11685,5843,13517,ACT-0041,100,33.0,443.53
SHP-005843,2026-05-25,ParcelPro,SO-006759,CUST-0184,11686,5843,13518,ACT-0052,200,55.0,646.56
SHP-006929,2026-05-25,ParcelPro,SO-008015,CUST-0176,13857,6929,16029,SYS-0007,100,4.0,900.07
SHP-006929,2026-05-25,ParcelPro,SO-008015,CUST-0176,13858,6929,16030,SYS-0018,300,9.0,631.4
SHP-007500,2026-05-25,Roadstar Logistics,SO-008676,CUST-0133,14999,7500,17351,DRV-0058,200,22.0,2026.68
SHP-007500,2026-05-25,Roadstar Logistics,SO-008676,CUST-0133,15000,7500,17352,SYS-0009,100,33.0,550.07
SHP-008071,2026-05-25,Midwest Freight,SO-009337,CUST-0090,16141,8071,18673,DRV-0049,100,2.0,1199.79
SHP-008071,2026-05-25,Midwest Freight,SO-009337,CUST-0090,16142,8071,18674,DRV-0060,200,4.0,373.77
SHP-001930,2026-05-26,Midwest Freight,SO-002229,CUST-0214,3859,1930,4457,AFT-0051,300,22.0,1343.81
SHP-001930,2026-05-26,Midwest Freight,SO-002229,CUST-0214,3860,1930,4458,CTL-0002,300,33.0,1099.52
SHP-003967,2026-05-26,Midwest Freight,SO-004589,CUST-0014,7933,3967,9177,ACT-0021,100,33.0,928.12
SHP-003967,2026-05-26,Midwest Freight,SO-004589,CUST-0014,7934,3967,9178,ACT-0032,200,55.0,232.68
SHP-004538,2026-05-26,BlueLine Transport,SO-005250,CUST-0211,9075,4538,10499,ACT-0012,200,4.0,310.47
SHP-004538,2026-05-26,BlueLine Transport,SO-005250,CUST-0211,9076,4538,10500,ACT-0023,100,9.0,2312.23
SHP-005053,2026-05-26,Midwest Freight,SO-005845,CUST-0006,10105,5053,11689,DRV-0047,100,4.0,3735.12
SHP-005053,2026-05-26,Midwest Freight,SO-005845,CUST-0006,10106,5053,11690,DRV-0058,200,9.0,2026.68
SHP-005624,2026-05-26,BlueLine Transport,SO-006506,CUST-0203,11247,5624,13011,DRV-0038,200,22.0,544.32
SHP-005624,2026-05-26,BlueLine Transport,SO-006506,CUST-0203,11248,5624,13012,DRV-0049,100,33.0,1199.79
SHP-007092,2026-05-26,Midwest Freight,SO-008205,CUST-0046,14183,7092,16409,AFT-0057,300,9.0,618.6
SHP-007092,2026-05-26,Midwest Freight,SO-008205,CUST-0046,14184,7092,16410,CTL-0008,300,13.0,710.8
SHP-007663,2026-05-26,BlueLine Transport,SO-008866,CUST-0003,15325,7663,17731,AFT-0048,300,33.0,2594.19
SHP-007663,2026-05-26,BlueLine Transport,SO-008866,CUST-0003,15326,7663,17732,AFT-0059,100,55.0,270.09
SHP-000054,2026-05-27,ParcelPro,SO-000059,CUST-0044,107,54,117,AFT-0031,100,22.0,310.16
SHP-000054,2026-05-27,ParcelPro,SO-000059,CUST-0044,108,54,118,AFT-0042,300,33.0,299.23
SHP-000626,2026-05-27,Roadstar Logistics,SO-000720,CUST-0001,1251,626,1439,AFT-0022,100,2.0,225.36
SHP-000626,2026-05-27,Roadstar Logistics,SO-000720,CUST-0001,1252,626,1440,AFT-0033,300,4.0,997.68
SHP-001524,2026-05-27,BlueLine Transport,SO-001758,CUST-0127,3047,1524,3515,ACT-0010,200,9.0,2233.37
SHP-001524,2026-05-27,BlueLine Transport,SO-001758,CUST-0127,3048,1524,3516,ACT-0021,100,13.0,928.12
SHP-002093,2026-05-27,ParcelPro,SO-002419,CUST-0084,4185,2093,4837,ACT-0001,100,33.0,2375.15
SHP-002093,2026-05-27,ParcelPro,SO-002419,CUST-0084,4186,2093,4838,ACT-0012,200,55.0,310.47
SHP-002662,2026-05-27,Roadstar Logistics,SO-003080,CUST-0041,5323,2662,6159,SYS-0022,300,4.0,4965.2
SHP-002662,2026-05-27,Roadstar Logistics,SO-003080,CUST-0041,5324,2662,6160,ACT-0003,100,9.0,1998.31
SHP-003750,2026-05-27,Roadstar Logistics,SO-004336,CUST-0033,7499,3750,8671,DRV-0018,200,22.0,1468.74
SHP-003750,2026-05-27,Roadstar Logistics,SO-004336,CUST-0033,7500,3750,8672,DRV-0029,100,33.0,1617.15
SHP-004646,2026-05-27,BlueLine Transport,SO-005374,CUST-0159,9291,4646,10747,AFT-0046,100,55.0,664.15
SHP-004646,2026-05-27,BlueLine Transport,SO-005374,CUST-0159,9292,4646,10748,AFT-0057,300,2.0,618.6
SHP-005788,2026-05-27,Roadstar Logistics,SO-006696,CUST-0073,11575,5788,13391,AFT-0028,100,33.0,349.76
SHP-005788,2026-05-27,Roadstar Logistics,SO-006696,CUST-0073,11576,5788,13392,AFT-0039,300,55.0,8553.4
SHP-006686,2026-05-27,BlueLine Transport,SO-007734,CUST-0199,13371,6686,15467,ACT-0016,200,2.0,217.24
SHP-006686,2026-05-27,BlueLine Transport,SO-007734,CUST-0199,13372,6686,15468,ACT-0027,100,4.0,2777.79
SHP-007772,2026-05-27,BlueLine Transport,SO-008990,CUST-0191,15543,7772,17979,DRV-0042,200,13.0,409.54
SHP-007772,2026-05-27,BlueLine Transport,SO-008990,CUST-0191,15544,7772,17980,DRV-0053,100,22.0,2495.92
SHP-008344,2026-05-27,ParcelPro,SO-009651,CUST-0148,16687,8344,19301,DRV-0033,100,55.0,1124.9
SHP-008344,2026-05-27,ParcelPro,SO-009651,CUST-0148,16688,8344,19302,DRV-0044,200,2.0,219.04
SHP-000218,2026-05-28,Midwest Freight,SO-000249,CUST-0154,435,218,497,SYS-0011,100,33.0,1020.49
SHP-000218,2026-05-28,Midwest Freight,SO-000249,CUST-0154,436,218,498,SYS-0022,300,55.0,4965.2
SHP-001116,2026-05-28,ParcelPro,SO-001287,CUST-0040,2231,1116,2573,CTL-0039,300,2.0,1883.77
SHP-001116,2026-05-28,ParcelPro,SO-001287,CUST-0040,2232,1116,2574,DRV-0010,200,4.0,364.42
SHP-002201,2026-05-28,ParcelPro,SO-002543,CUST-0032,4401,2201,5085,AFT-0035,100,13.0,2292.51
SHP-002201,2026-05-28,ParcelPro,SO-002543,CUST-0032,4402,2201,5086,AFT-0046,100,22.0,664.15
SHP-002771,2026-05-28,Roadstar Logistics,SO-003204,CUST-0229,5541,2771,6407,AFT-0026,100,55.0,194.56
SHP-002771,2026-05-28,Roadstar Logistics,SO-003204,CUST-0229,5542,2771,6408,AFT-0037,100,2.0,3077.35
SHP-003344,2026-05-28,Midwest Freight,SO-003865,CUST-0186,6687,3344,7729,AFT-0017,100,9.0,1705.89
SHP-003344,2026-05-28,Midwest Freight,SO-003865,CUST-0186,6688,3344,7730,AFT-0028,100,13.0,349.76
SHP-004238,2026-05-28,ParcelPro,SO-004903,CUST-0072,8475,4238,9805,ACT-0005,100,22.0,789.17
SHP-004238,2026-05-28,ParcelPro,SO-004903,CUST-0072,8476,4238,9806,ACT-0016,200,33.0,217.24
SHP-004810,2026-05-28,Roadstar Logistics,SO-005564,CUST-0029,9619,4810,11127,SYS-0026,300,2.0,1401.71
SHP-004810,2026-05-28,Roadstar Logistics,SO-005564,CUST-0029,9620,4810,11128,ACT-0007,100,4.0,2766.72
SHP-005378,2026-05-28,Midwest Freight,SO-006225,CUST-0226,10755,5378,12449,SYS-0017,100,13.0,2870.14
SHP-005378,2026-05-28,Midwest Freight,SO-006225,CUST-0226,10756,5378,12450,SYS-0028,300,22.0,2113.15
SHP-005896,2026-05-28,Roadstar Logistics,SO-006820,CUST-0021,11791,5896,13639,DRV-0022,200,13.0,4199.01
SHP-005896,2026-05-28,Roadstar Logistics,SO-006820,CUST-0021,11792,5896,13640,DRV-0033,100,22.0,1124.9
SHP-006467,2026-05-28,Midwest Freight,SO-007481,CUST-0218,12933,6467,14961,DRV-0013,100,55.0,534.23
SHP-006467,2026-05-28,Midwest Freight,SO-007481,CUST-0218,12934,6467,14962,DRV-0024,200,2.0,1625.62
SHP-007363,2026-05-28,ParcelPro,SO-008519,CUST-0104,14725,7363,17037,AFT-0041,100,4.0,1163.02
SHP-007363,2026-05-28,ParcelPro,SO-008519,CUST-0104,14726,7363,17038,AFT-0052,100,9.0,315.62
SHP-008508,2026-05-28,Midwest Freight,SO-009841,CUST-0018,17015,8508,19681,AFT-0023,100,2.0,273.18
SHP-008508,2026-05-28,Midwest Freight,SO-009841,CUST-0018,17016,8508,19682,AFT-0034,100,4.0,501.15
SHP-000325,2026-05-29,Midwest Freight,SO-000373,CUST-0102,649,325,745,AFT-0015,300,13.0,1124.21
SHP-000325,2026-05-29,Midwest Freight,SO-000373,CUST-0102,650,325,746,AFT-0026,100,22.0,194.56
SHP-000898,2026-05-29,BlueLine Transport,SO-001034,CUST-0059,1795,898,2067,AFT-0006,300,55.0,5754.99
SHP-000898,2026-05-29,BlueLine Transport,SO-001034,CUST-0059,1796,898,2068,AFT-0017,100,2.0,1705.89
SHP-002364,2026-05-29,Midwest Freight,SO-002733,CUST-0142,4727,2364,5465,SYS-0015,100,22.0,5502.56
SHP-002364,2026-05-29,Midwest Freight,SO-002733,CUST-0142,4728,2364,5466,SYS-0026,300,33.0,1401.71
SHP-002935,2026-05-29,BlueLine Transport,SO-003394,CUST-0099,5869,2935,6787,SYS-0006,300,2.0,436.61
SHP-002935,2026-05-29,BlueLine Transport,SO-003394,CUST-0099,5870,2935,6788,SYS-0017,100,4.0,2870.14
SHP-005487,2026-05-29,Midwest Freight,SO-006349,CUST-0174,10973,5487,12697,AFT-0021,300,4.0,395.23
SHP-005487,2026-05-29,Midwest Freight,SO-006349,CUST-0174,10974,5487,12698,AFT-0032,100,9.0,665.09
SHP-006060,2026-05-29,BlueLine Transport,SO-007010,CUST-0131,12119,6060,14019,AFT-0012,300,22.0,1004.49
SHP-006060,2026-05-29,BlueLine Transport,SO-007010,CUST-0131,12120,6060,14020,AFT-0023,100,33.0,273.18
SHP-007528,2026-05-29,Midwest Freight,SO-008709,CUST-0214,15055,7528,17417,SYS-0021,100,9.0,1935.92
SHP-007528,2026-05-29,Midwest Freight,SO-008709,CUST-0214,15056,7528,17418,ACT-0002,200,13.0,398.44
SHP-008616,2026-05-29,Midwest Freight,SO-009965,CUST-0206,17231,8616,19929,DRV-0017,100,33.0,777.04
SHP-008616,2026-05-29,Midwest Freight,SO-009965,CUST-0206,17232,8616,19930,DRV-0028,200,55.0,2358.69
SHP-000490,2026-05-30,ParcelPro,SO-000563,CUST-0212,979,490,1125,DRV-0055,100,22.0,5400.43
SHP-000490,2026-05-30,ParcelPro,SO-000563,CUST-0212,980,490,1126,SYS-0006,300,33.0,436.61
SHP-001958,2026-05-30,BlueLine Transport,SO-002262,CUST-0055,3915,1958,4523,CTL-0014,300,9.0,376.32
SHP-001958,2026-05-30,BlueLine Transport,SO-002262,CUST-0055,3916,1958,4524,CTL-0025,300,13.0,1240.54
SHP-003043,2026-05-30,BlueLine Transport,SO-003518,CUST-0047,6085,3043,7035,AFT-0010,100,33.0,221.83
SHP-003043,2026-05-30,BlueLine Transport,SO-003518,CUST-0047,6086,3043,7036,AFT-0021,300,55.0,395.23
SHP-003614,2026-05-30,ParcelPro,SO-004179,CUST-0004,7227,3614,8357,AFT-0001,100,4.0,1725.19
SHP-003614,2026-05-30,ParcelPro,SO-004179,CUST-0004,7228,3614,8358,AFT-0012,300,9.0,1004.49
SHP-004186,2026-05-30,Roadstar Logistics,SO-004840,CUST-0201,8371,4186,9679,ACT-0052,200,22.0,646.56
SHP-004186,2026-05-30,Roadstar Logistics,SO-004840,CUST-0201,8372,4186,9680,AFT-0003,300,33.0,4514.04
SHP-005081,2026-05-30,BlueLine Transport,SO-005878,CUST-0087,10161,5081,11755,SYS-0010,300,55.0,1017.55
SHP-005081,2026-05-30,BlueLine Transport,SO-005878,CUST-0087,10162,5081,11756,SYS-0021,100,2.0,1935.92
SHP-005652,2026-05-30,ParcelPro,SO-006539,CUST-0044,11303,5652,13077,SYS-0001,100,9.0,484.28
SHP-005652,2026-05-30,ParcelPro,SO-006539,CUST-0044,11304,5652,13078,SYS-0012,300,13.0,544.4
SHP-006223,2026-05-30,Roadstar Logistics,SO-007200,CUST-0001,12445,6223,14399,DRV-0052,200,33.0,1298.13
SHP-006223,2026-05-30,Roadstar Logistics,SO-007200,CUST-0001,12446,6223,14400,SYS-0003,100,55.0,789.98
SHP-006739,2026-05-30,ParcelPro,SO-007795,CUST-0036,13477,6739,15589,CTL-0037,300,33.0,4331.48
SHP-006739,2026-05-30,ParcelPro,SO-007795,CUST-0036,13478,6739,15590,DRV-0008,200,55.0,260.06
SHP-007309,2026-05-30,Roadstar Logistics,SO-008456,CUST-0233,14617,7309,16911,CTL-0028,300,4.0,2359.35
SHP-007309,2026-05-30,Roadstar Logistics,SO-008456,CUST-0233,14618,7309,16912,CTL-0039,300,9.0,1883.77
SHP-008207,2026-05-30,BlueLine Transport,SO-009494,CUST-0119,16413,8207,18987,AFT-0016,100,13.0,1691.61
SHP-008207,2026-05-30,BlueLine Transport,SO-009494,CUST-0119,16414,8207,18988,AFT-0027,300,22.0,328.06
SHP-000082,2026-05-31,Roadstar Logistics,SO-000092,CUST-0125,163,82,183,AFT-0054,300,9.0,278.7
SHP-000082,2026-05-31,Roadstar Logistics,SO-000092,CUST-0125,164,82,184,CTL-0005,300,13.0,1064.96
SHP-000654,2026-05-31,Midwest Freight,SO-000753,CUST-0082,1307,654,1505,AFT-0045,300,33.0,1273.82
SHP-000654,2026-05-31,Midwest Freight,SO-000753,CUST-0082,1308,654,1506,AFT-0056,100,55.0,386.1
SHP-001168,2026-05-31,Roadstar Logistics,SO-001348,CUST-0117,2335,1168,2695,ACT-0050,200,33.0,1066.65
SHP-001168,2026-05-31,Roadstar Logistics,SO-001348,CUST-0117,2336,1168,2696,AFT-0001,100,55.0,1725.19
SHP-001739,2026-05-31,Midwest Freight,SO-002009,CUST-0074,3477,1739,4017,ACT-0041,100,4.0,443.53
SHP-001739,2026-05-31,Midwest Freight,SO-002009,CUST-0074,3478,1739,4018,ACT-0052,200,9.0,646.56
SHP-002634,2026-05-31,ParcelPro,SO-003047,CUST-0200,5267,2634,6093,DRV-0059,100,13.0,4086.27
SHP-002634,2026-05-31,ParcelPro,SO-003047,CUST-0200,5268,2634,6094,SYS-0010,300,22.0,1017.55
SHP-003207,2026-05-31,Roadstar Logistics,SO-003708,CUST-0157,6413,3207,7415,DRV-0050,200,55.0,3137.29
SHP-003207,2026-05-31,Roadstar Logistics,SO-003708,CUST-0157,6414,3207,7416,SYS-0001,100,2.0,484.28
SHP-004674,2026-05-31,ParcelPro,SO-005407,CUST-0240,9347,4674,10813,CTL-0009,300,22.0,1465.6
SHP-004674,2026-05-31,ParcelPro,SO-005407,CUST-0240,9348,4674,10814,CTL-0020,300,33.0,687.1
SHP-005760,2026-05-31,ParcelPro,SO-006663,CUST-0232,11519,5760,13325,AFT-0005,100,2.0,2334.92
SHP-005760,2026-05-31,ParcelPro,SO-006663,CUST-0232,11520,5760,13326,AFT-0016,100,4.0,1691.61
SHP-006331,2026-05-31,Roadstar Logistics,SO-007324,CUST-0189,12661,6331,14647,ACT-0056,200,13.0,618.58
SHP-006331,2026-05-31,Roadstar Logistics,SO-007324,CUST-0189,12662,6331,14648,AFT-0007,100,22.0,295.96
SHP-006903,2026-05-31,Midwest Freight,SO-007985,CUST-0146,13805,6903,15969,ACT-0047,100,55.0,766.28
SHP-006903,2026-05-31,Midwest Freight,SO-007985,CUST-0146,13806,6903,15970,ACT-0058,200,2.0,360.61
SHP-007800,2026-05-31,ParcelPro,SO-009023,CUST-0032,15599,7800,18045,SYS-0005,100,4.0,295.22
SHP-007800,2026-05-31,ParcelPro,SO-009023,CUST-0032,15600,7800,18046,SYS-0016,300,9.0,2022.21
SHP-008372,2026-05-31,Roadstar Logistics,SO-009684,CUST-0229,16743,8372,19367,DRV-0056,200,22.0,2993.16
SHP-008372,2026-05-31,Roadstar Logistics,SO-009684,CUST-0229,16744,8372,19368,SYS-0007,100,33.0,900.07
SHP-000762,2026-06-01,Midwest Freight,SO-000877,CUST-0030,1523,762,1753,DRV-0039,100,13.0,385.26
SHP-000762,2026-06-01,Midwest Freight,SO-000877,CUST-0030,1524,762,1754,DRV-0050,200,22.0,3137.29
SHP-001332,2026-06-01,BlueLine Transport,SO-001538,CUST-0227,2663,1332,3075,DRV-0030,200,55.0,447.73
SHP-001332,2026-06-01,BlueLine Transport,SO-001538,CUST-0227,2664,1332,3076,DRV-0041,100,2.0,271.46
SHP-002799,2026-06-01,Midwest Freight,SO-003237,CUST-0070,5597,2799,6473,AFT-0049,100,22.0,719.94
SHP-002799,2026-06-01,Midwest Freight,SO-003237,CUST-0070,5598,2799,6474,AFT-0060,300,33.0,381.82
SHP-003885,2026-06-01,Midwest Freight,SO-004493,CUST-0062,7769,3885,8985,ACT-0045,100,2.0,311.98
SHP-003885,2026-06-01,Midwest Freight,SO-004493,CUST-0062,7770,3885,8986,ACT-0056,200,4.0,618.58
SHP-004454,2026-06-01,BlueLine Transport,SO-005154,CUST-0019,8907,4454,10307,ACT-0036,200,13.0,207.18
SHP-004454,2026-06-01,BlueLine Transport,SO-005154,CUST-0019,8908,4454,10308,ACT-0047,100,22.0,766.28
SHP-005923,2026-06-01,Midwest Freight,SO-006853,CUST-0102,11845,5923,13705,DRV-0045,100,4.0,378.8
SHP-005923,2026-06-01,Midwest Freight,SO-006853,CUST-0102,11846,5923,13706,DRV-0056,200,9.0,2993.16
SHP-007581,2026-06-01,BlueLine Transport,SO-008770,CUST-0051,15161,7581,17539,CTL-0012,300,2.0,4482.68
SHP-007581,2026-06-01,BlueLine Transport,SO-008770,CUST-0051,15162,7581,17540,CTL-0023,300,4.0,1243.13
SHP-000355,2026-06-02,BlueLine Transport,SO-000406,CUST-0183,709,355,811,AFT-0038,100,4.0,1359.58
SHP-000355,2026-06-02,BlueLine Transport,SO-000406,CUST-0183,710,355,812,AFT-0049,100,9.0,719.94
SHP-000927,2026-06-02,ParcelPro,SO-001067,CUST-0140,1853,927,2133,AFT-0029,100,22.0,438.34
SHP-000927,2026-06-02,ParcelPro,SO-001067,CUST-0140,1854,927,2134,AFT-0040,100,33.0,567.45
SHP-001497,2026-06-02,Roadstar Logistics,SO-001728,CUST-0097,2993,1497,3455,AFT-0020,100,2.0,783.79
SHP-001497,2026-06-02,Roadstar Logistics,SO-001728,CUST-0097,2994,1497,3456,AFT-0031,100,4.0,310.16
SHP-002012,2026-06-02,ParcelPro,SO-002323,CUST-0132,4023,2012,4645,ACT-0025,100,2.0,2796.19
SHP-002012,2026-06-02,ParcelPro,SO-002323,CUST-0132,4024,2012,4646,ACT-0036,200,4.0,207.18
SHP-002580,2026-06-02,Roadstar Logistics,SO-002984,CUST-0089,5159,2580,5967,ACT-0016,200,13.0,217.24
SHP-002580,2026-06-02,Roadstar Logistics,SO-002984,CUST-0089,5160,2580,5968,ACT-0027,100,22.0,2777.79
SHP-003479,2026-06-02,BlueLine Transport,SO-004022,CUST-0215,6957,3479,8043,DRV-0034,200,33.0,423.99
SHP-003479,2026-06-02,BlueLine Transport,SO-004022,CUST-0215,6958,3479,8044,DRV-0045,100,55.0,378.8
SHP-004050,2026-06-02,ParcelPro,SO-004683,CUST-0172,8099,4050,9365,DRV-0025,100,4.0,2240.87
SHP-004050,2026-06-02,ParcelPro,SO-004683,CUST-0172,8100,4050,9366,DRV-0036,200,9.0,1497.18
SHP-004620,2026-06-02,Roadstar Logistics,SO-005344,CUST-0129,9239,4620,10687,DRV-0016,200,22.0,381.8
SHP-004620,2026-06-02,Roadstar Logistics,SO-005344,CUST-0129,9240,4620,10688,DRV-0027,100,33.0,1168.75
SHP-005515,2026-06-02,BlueLine Transport,SO-006382,CUST-0015,11029,5515,12763,AFT-0044,100,55.0,1002.16
SHP-005515,2026-06-02,BlueLine Transport,SO-006382,CUST-0015,11030,5515,12764,AFT-0055,100,2.0,281.39
SHP-006603,2026-06-02,BlueLine Transport,SO-007638,CUST-0007,13205,6603,15275,ACT-0040,200,9.0,199.82
SHP-006603,2026-06-02,BlueLine Transport,SO-007638,CUST-0007,13206,6603,15276,ACT-0051,100,13.0,4550.3
SHP-007173,2026-06-02,ParcelPro,SO-008299,CUST-0204,14345,7173,16597,ACT-0031,100,33.0,2523.05
SHP-007173,2026-06-02,ParcelPro,SO-008299,CUST-0204,14346,7173,16598,ACT-0042,200,55.0,643.48
SHP-007745,2026-06-02,Roadstar Logistics,SO-008960,CUST-0161,15489,7745,17919,ACT-0022,200,4.0,990.4
SHP-007745,2026-06-02,Roadstar Logistics,SO-008960,CUST-0161,15490,7745,17920,ACT-0033,100,9.0,1322.16
SHP-008643,2026-06-02,BlueLine Transport,SO-009998,CUST-0047,17285,8643,19995,DRV-0040,200,13.0,218.97
SHP-008643,2026-06-02,BlueLine Transport,SO-009998,CUST-0047,17286,8643,19996,DRV-0051,100,22.0,3162.97
SHP-001034,2026-06-03,ParcelPro,SO-001191,CUST-0088,2067,1034,2381,DRV-0023,100,9.0,1456.75
SHP-001034,2026-06-03,ParcelPro,SO-001191,CUST-0088,2068,1034,2382,DRV-0034,200,13.0,423.99
SHP-001604,2026-06-03,Roadstar Logistics,SO-001852,CUST-0045,3207,1604,3703,DRV-0014,200,33.0,976.85
SHP-001604,2026-06-03,Roadstar Logistics,SO-001852,CUST-0045,3208,1604,3704,DRV-0025,100,55.0,2240.87
SHP-002175,2026-06-03,Midwest Freight,SO-002513,CUST-0002,4349,2175,5025,DRV-0005,100,4.0,1162.73
SHP-002175,2026-06-03,Midwest Freight,SO-002513,CUST-0002,4350,2175,5026,DRV-0016,200,9.0,381.8
SHP-003071,2026-06-03,ParcelPro,SO-003551,CUST-0128,6141,3071,7101,AFT-0033,300,13.0,997.68
SHP-003071,2026-06-03,ParcelPro,SO-003551,CUST-0128,6142,3071,7102,AFT-0044,100,22.0,1002.16
SHP-003643,2026-06-03,Roadstar Logistics,SO-004212,CUST-0085,7285,3643,8423,AFT-0024,300,55.0,584.52
SHP-003643,2026-06-03,Roadstar Logistics,SO-004212,CUST-0085,7286,3643,8424,AFT-0035,100,2.0,2292.51
SHP-004728,2026-06-03,Roadstar Logistics,SO-005468,CUST-0077,9455,4728,10935,ACT-0020,200,9.0,626.2
SHP-004728,2026-06-03,Roadstar Logistics,SO-005468,CUST-0077,9456,4728,10936,ACT-0031,100,13.0,2523.05
SHP-005297,2026-06-03,Midwest Freight,SO-006129,CUST-0034,10593,5297,12257,ACT-0011,100,33.0,416.59
SHP-005297,2026-06-03,Midwest Freight,SO-006129,CUST-0034,10594,5297,12258,ACT-0022,200,55.0,990.4
SHP-006197,2026-06-03,ParcelPro,SO-007167,CUST-0160,12393,6197,14333,DRV-0029,100,2.0,1617.15
SHP-006197,2026-06-03,ParcelPro,SO-007167,CUST-0160,12394,6197,14334,DRV-0040,200,4.0,218.97
SHP-006766,2026-06-03,Roadstar Logistics,SO-007828,CUST-0117,13531,6766,15655,DRV-0020,200,13.0,956.8
SHP-006766,2026-06-03,Roadstar Logistics,SO-007828,CUST-0117,13532,6766,15656,DRV-0031,100,22.0,1392.98
SHP-007337,2026-06-03,Midwest Freight,SO-008489,CUST-0074,14673,7337,16977,DRV-0011,100,55.0,823.38
SHP-007337,2026-06-03,Midwest Freight,SO-008489,CUST-0074,14674,7337,16978,DRV-0022,200,2.0,4199.01
SHP-008235,2026-06-03,ParcelPro,SO-009527,CUST-0200,16469,8235,19053,AFT-0039,300,4.0,8553.4
SHP-008235,2026-06-03,ParcelPro,SO-009527,CUST-0200,16470,8235,19054,AFT-0050,100,9.0,2471.31
SHP-008424,2026-06-03,Midwest Freight,SO-009745,CUST-0066,16847,8424,19489,AFT-0047,100,9.0,1876.46
SHP-008424,2026-06-03,Midwest Freight,SO-009745,CUST-0066,16848,8424,19490,AFT-0058,100,13.0,248.59
SHP-001196,2026-06-04,Midwest Freight,SO-001381,CUST-0198,2391,1196,2761,AFT-0013,100,13.0,2946.6
SHP-001196,2026-06-04,Midwest Freight,SO-001381,CUST-0198,2392,1196,2762,AFT-0024,300,22.0,584.52
SHP-001767,2026-06-04,BlueLine Transport,SO-002042,CUST-0155,3533,1767,4083,AFT-0004,100,55.0,2143.65
SHP-001767,2026-06-04,BlueLine Transport,SO-002042,CUST-0155,3534,1767,4084,AFT-0015,300,2.0,1124.21
SHP-004319,2026-06-04,Midwest Freight,SO-004997,CUST-0230,8637,4319,9993,DRV-0009,100,2.0,304.81
SHP-004319,2026-06-04,Midwest Freight,SO-004997,CUST-0230,8638,4319,9994,DRV-0020,200,4.0,956.8
SHP-004892,2026-06-04,BlueLine Transport,SO-005658,CUST-0187,9783,4892,11315,CTL-0040,300,13.0,3693.39
SHP-004892,2026-06-04,BlueLine Transport,SO-005658,CUST-0187,9784,4892,11316,DRV-0011,100,22.0,823.38
SHP-006360,2026-06-04,Midwest Freight,SO-007357,CUST-0030,12719,6360,14713,AFT-0019,100,4.0,769.7
SHP-006360,2026-06-04,Midwest Freight,SO-007357,CUST-0030,12720,6360,14714,AFT-0030,300,9.0,342.02
SHP-007446,2026-06-04,Midwest Freight,SO-008613,CUST-0022,14891,7446,17225,ACT-0015,100,22.0,1074.85
SHP-007446,2026-06-04,Midwest Freight,SO-008613,CUST-0022,14892,7446,17226,ACT-0026,200,33.0,1654.16
SHP-008016,2026-06-04,BlueLine Transport,SO-009274,CUST-0219,16031,8016,18547,ACT-0006,200,2.0,521.36
SHP-008016,2026-06-04,BlueLine Transport,SO-009274,CUST-0219,16032,8016,18548,ACT-0017,100,4.0,632.55
SHP-000790,2026-06-05,BlueLine Transport,SO-000910,CUST-0111,1579,790,1819,SYS-0002,300,4.0,1223.7
SHP-000790,2026-06-05,BlueLine Transport,SO-000910,CUST-0111,1580,790,1820,SYS-0013,100,9.0,871.78
SHP-001876,2026-06-05,BlueLine Transport,SO-002166,CUST-0103,3751,1876,4331,CTL-0038,300,22.0,1627.96
SHP-001876,2026-06-05,BlueLine Transport,SO-002166,CUST-0103,3752,1876,4332,DRV-0009,100,33.0,304.81
SHP-002444,2026-06-05,ParcelPro,SO-002827,CUST-0060,4887,2444,5653,CTL-0029,300,2.0,746.13
SHP-002444,2026-06-05,ParcelPro,SO-002827,CUST-0060,4888,2444,5654,CTL-0040,300,4.0,3693.39
SHP-003016,2026-06-05,Roadstar Logistics,SO-003488,CUST-0017,6031,3016,6975,CTL-0020,300,13.0,687.1
SHP-003016,2026-06-05,Roadstar Logistics,SO-003488,CUST-0017,6032,3016,6976,CTL-0031,300,22.0,1954.36
SHP-003912,2026-06-05,BlueLine Transport,SO-004526,CUST-0143,7823,3912,9051,AFT-0008,100,33.0,242.31
SHP-003912,2026-06-05,BlueLine Transport,SO-004526,CUST-0143,7824,3912,9052,AFT-0019,100,55.0,769.7
SHP-004482,2026-06-05,ParcelPro,SO-005187,CUST-0100,8963,4482,10373,ACT-0059,100,4.0,860.8
SHP-004482,2026-06-05,ParcelPro,SO-005187,CUST-0100,8964,4482,10374,AFT-0010,100,9.0,221.83
SHP-006141,2026-06-05,Roadstar Logistics,SO-007104,CUST-0049,12281,6141,14207,SYS-0016,300,2.0,2022.21
SHP-006141,2026-06-05,Roadstar Logistics,SO-007104,CUST-0049,12282,6141,14208,SYS-0027,100,4.0,1000.55
SHP-007038,2026-06-05,BlueLine Transport,SO-008142,CUST-0175,14075,7038,16283,DRV-0004,200,9.0,766.25
SHP-007038,2026-06-05,BlueLine Transport,SO-008142,CUST-0175,14076,7038,16284,DRV-0015,100,13.0,1233.73
SHP-007609,2026-06-05,ParcelPro,SO-008803,CUST-0132,15217,7609,17605,CTL-0035,300,33.0,3084.65
SHP-007609,2026-06-05,ParcelPro,SO-008803,CUST-0132,15218,7609,17606,DRV-0006,200,55.0,1777.77
SHP-008180,2026-06-05,Roadstar Logistics,SO-009464,CUST-0089,16359,8180,18927,CTL-0026,300,4.0,1044.37
SHP-008180,2026-06-05,Roadstar Logistics,SO-009464,CUST-0089,16360,8180,18928,CTL-0037,300,9.0,4331.48
SHP-000571,2026-06-06,Midwest Freight,SO-000657,CUST-0130,1141,571,1313,CTL-0009,300,2.0,1465.6
SHP-000571,2026-06-06,Midwest Freight,SO-000657,CUST-0130,1142,571,1314,CTL-0020,300,4.0,687.1
SHP-001469,2026-06-06,ParcelPro,SO-001695,CUST-0016,2937,1469,3389,ACT-0057,100,9.0,2621.51
SHP-001469,2026-06-06,ParcelPro,SO-001695,CUST-0016,2938,1469,3390,AFT-0008,100,13.0,242.31
SHP-002040,2026-06-06,Roadstar Logistics,SO-002356,CUST-0213,4079,2040,4711,ACT-0048,200,33.0,383.41
SHP-002040,2026-06-06,Roadstar Logistics,SO-002356,CUST-0213,4080,2040,4712,ACT-0059,100,55.0,860.8
SHP-002608,2026-06-06,Midwest Freight,SO-003017,CUST-0170,5215,2608,6033,ACT-0039,100,4.0,759.88
SHP-002608,2026-06-06,Midwest Freight,SO-003017,CUST-0170,5216,2608,6034,ACT-0050,200,9.0,1066.65
SHP-003507,2026-06-06,ParcelPro,SO-004055,CUST-0056,7013,3507,8109,DRV-0057,100,13.0,3870.18
SHP-003507,2026-06-06,ParcelPro,SO-004055,CUST-0056,7014,3507,8110,SYS-0008,300,22.0,218.0
SHP-003695,2026-06-06,Midwest Freight,SO-004273,CUST-0162,7389,3695,8545,SYS-0005,100,22.0,295.22
SHP-003695,2026-06-06,Midwest Freight,SO-004273,CUST-0162,7390,3695,8546,SYS-0016,300,33.0,2022.21
SHP-004592,2026-06-06,ParcelPro,SO-005311,CUST-0048,9183,4592,10621,CTL-0033,300,55.0,3676.55
SHP-004592,2026-06-06,ParcelPro,SO-005311,CUST-0048,9184,4592,10622,DRV-0004,200,2.0,766.25
SHP-005161,2026-06-06,Roadstar Logistics,SO-005972,CUST-0005,10321,5161,11943,CTL-0024,300,9.0,782.21
SHP-005161,2026-06-06,Roadstar Logistics,SO-005972,CUST-0005,10322,5161,11944,CTL-0035,300,13.0,3084.65
SHP-005733,2026-06-06,Midwest Freight,SO-006633,CUST-0202,11465,5733,13265,CTL-0015,300,33.0,505.32
SHP-005733,2026-06-06,Midwest Freight,SO-006633,CUST-0202,11466,5733,13266,CTL-0026,300,55.0,1044.37
SHP-006631,2026-06-06,ParcelPro,SO-007671,CUST-0088,13261,6631,15341,AFT-0003,300,2.0,4514.04
SHP-006631,2026-06-06,ParcelPro,SO-007671,CUST-0088,13262,6631,15342,AFT-0014,100,4.0,936.0
SHP-007201,2026-06-06,Roadstar Logistics,SO-008332,CUST-0045,14401,7201,16663,ACT-0054,200,13.0,3824.58
SHP-007201,2026-06-06,Roadstar Logistics,SO-008332,CUST-0045,14402,7201,16664,AFT-0005,100,22.0,2334.92
SHP-000164,2026-06-07,BlueLine Transport,SO-000186,CUST-0043,327,164,371,ACT-0028,200,33.0,213.58
SHP-000164,2026-06-07,BlueLine Transport,SO-000186,CUST-0043,328,164,372,ACT-0039,100,55.0,759.88
SHP-001633,2026-06-07,Midwest Freight,SO-001885,CUST-0126,3265,1633,3769,DRV-0037,100,13.0,4469.48
SHP-001633,2026-06-07,Midwest Freight,SO-001885,CUST-0126,3266,1633,3770,DRV-0048,200,22.0,916.05
SHP-002717,2026-06-07,Midwest Freight,SO-003141,CUST-0118,5433,2717,6281,CTL-0013,300,55.0,269.64
SHP-002717,2026-06-07,Midwest Freight,SO-003141,CUST-0118,5434,2717,6282,CTL-0024,300,2.0,782.21
SHP-003289,2026-06-07,BlueLine Transport,SO-003802,CUST-0075,6577,3289,7603,CTL-0004,300,9.0,1388.28
SHP-003289,2026-06-07,BlueLine Transport,SO-003802,CUST-0075,6578,3289,7604,CTL-0015,300,13.0,505.32
SHP-004756,2026-06-07,Midwest Freight,SO-005501,CUST-0158,9511,4756,11001,ACT-0043,100,2.0,499.75
SHP-004756,2026-06-07,Midwest Freight,SO-005501,CUST-0158,9512,4756,11002,ACT-0054,200,4.0,3824.58
SHP-005325,2026-06-07,BlueLine Transport,SO-006162,CUST-0115,10649,5325,12323,ACT-0034,200,13.0,338.7
SHP-005325,2026-06-07,BlueLine Transport,SO-006162,CUST-0115,10650,5325,12324,ACT-0045,100,22.0,311.98
SHP-006413,2026-06-07,BlueLine Transport,SO-007418,CUST-0107,12825,6413,14835,DRV-0060,200,55.0,373.77
SHP-006413,2026-06-07,BlueLine Transport,SO-007418,CUST-0107,12826,6413,14836,SYS-0011,100,2.0,1020.49
SHP-007880,2026-06-07,Midwest Freight,SO-009117,CUST-0190,15759,7880,18233,CTL-0019,300,22.0,1008.86
SHP-007880,2026-06-07,Midwest Freight,SO-009117,CUST-0190,15760,7880,18234,CTL-0030,300,33.0,2928.54
SHP-008452,2026-06-07,BlueLine Transport,SO-009778,CUST-0147,16903,8452,19555,CTL-0010,300,2.0,2841.49
SHP-008452,2026-06-07,BlueLine Transport,SO-009778,CUST-0147,16904,8452,19556,CTL-0021,300,4.0,849.25
SHP-000327,2026-06-08,Roadstar Logistics,SO-000376,CUST-0153,653,327,751,DRV-0008,200,55.0,260.06
SHP-000327,2026-06-08,Roadstar Logistics,SO-000376,CUST-0153,654,327,752,DRV-0019,100,2.0,1404.59
SHP-000843,2026-06-08,ParcelPro,SO-000971,CUST-0188,1685,843,1941,AFT-0053,100,55.0,484.99
SHP-000843,2026-06-08,ParcelPro,SO-000971,CUST-0188,1686,843,1942,CTL-0004,300,2.0,1388.28
SHP-002308,2026-06-08,BlueLine Transport,SO-002670,CUST-0031,4615,2308,5339,ACT-0032,200,22.0,232.68
SHP-002308,2026-06-08,BlueLine Transport,SO-002670,CUST-0031,4616,2308,5340,ACT-0043,100,33.0,499.75
SHP-002880,2026-06-08,ParcelPro,SO-003331,CUST-0228,5759,2880,6661,ACT-0023,100,2.0,2312.23
SHP-002880,2026-06-08,ParcelPro,SO-003331,CUST-0228,5760,2880,6662,ACT-0034,200,4.0,338.7
SHP-003452,2026-06-08,Roadstar Logistics,SO-003992,CUST-0185,6903,3452,7983,ACT-0014,200,13.0,544.47
SHP-003452,2026-06-08,Roadstar Logistics,SO-003992,CUST-0185,6904,3452,7984,ACT-0025,100,22.0,2796.19
SHP-004348,2026-06-08,BlueLine Transport,SO-005030,CUST-0071,8695,4348,10059,DRV-0032,200,33.0,242.87
SHP-004348,2026-06-08,BlueLine Transport,SO-005030,CUST-0071,8696,4348,10060,DRV-0043,100,55.0,581.68
SHP-004537,2026-06-08,Roadstar Logistics,SO-005248,CUST-0177,9073,4537,10495,DRV-0040,200,55.0,218.97
SHP-004537,2026-06-08,Roadstar Logistics,SO-005248,CUST-0177,9074,4537,10496,DRV-0051,100,2.0,3162.97
SHP-005433,2026-06-08,BlueLine Transport,SO-006286,CUST-0063,10865,5433,12571,CTL-0008,300,4.0,710.8
SHP-005433,2026-06-08,BlueLine Transport,SO-006286,CUST-0063,10866,5433,12572,CTL-0019,300,9.0,1008.86
SHP-006005,2026-06-08,ParcelPro,SO-006947,CUST-0020,12009,6005,13893,AFT-0059,100,22.0,270.09
SHP-006005,2026-06-08,ParcelPro,SO-006947,CUST-0020,12010,6005,13894,CTL-0010,300,33.0,2841.49
SHP-006577,2026-06-08,Roadstar Logistics,SO-007608,CUST-0217,13153,6577,15215,AFT-0050,100,2.0,2471.31
SHP-006577,2026-06-08,Roadstar Logistics,SO-007608,CUST-0217,13154,6577,15216,CTL-0001,300,4.0,2176.28
SHP-007474,2026-06-08,BlueLine Transport,SO-008646,CUST-0103,14947,7474,17291,ACT-0038,200,9.0,422.98
SHP-007474,2026-06-08,BlueLine Transport,SO-008646,CUST-0103,14948,7474,17292,ACT-0049,100,13.0,830.3
SHP-008044,2026-06-08,ParcelPro,SO-009307,CUST-0060,16087,8044,18613,ACT-0029,100,33.0,923.26
SHP-008044,2026-06-08,ParcelPro,SO-009307,CUST-0060,16088,8044,18614,ACT-0040,200,55.0,199.82
SHP-000436,2026-06-09,Roadstar Logistics,SO-000500,CUST-0101,871,436,999,ACT-0012,200,22.0,310.47
SHP-000436,2026-06-09,Roadstar Logistics,SO-000500,CUST-0101,872,436,1000,ACT-0023,100,33.0,2312.23
SHP-001008,2026-06-09,Midwest Freight,SO-001161,CUST-0058,2015,1008,2321,ACT-0003,100,2.0,1998.31
SHP-001008,2026-06-09,Midwest Freight,SO-001161,CUST-0058,2016,1008,2322,ACT-0014,200,4.0,544.47
SHP-001904,2026-06-09,ParcelPro,SO-002199,CUST-0184,3807,1904,4397,DRV-0021,100,9.0,1026.04
SHP-001904,2026-06-09,ParcelPro,SO-002199,CUST-0184,3808,1904,4398,DRV-0032,200,13.0,242.87
SHP-002472,2026-06-09,Roadstar Logistics,SO-002860,CUST-0141,4943,2472,5719,DRV-0012,200,33.0,236.26
SHP-002472,2026-06-09,Roadstar Logistics,SO-002860,CUST-0141,4944,2472,5720,DRV-0023,100,55.0,1456.75
SHP-003560,2026-06-09,Roadstar Logistics,SO-004116,CUST-0133,7119,3560,8231,AFT-0048,300,4.0,2594.19
SHP-003560,2026-06-09,Roadstar Logistics,SO-004116,CUST-0133,7120,3560,8232,AFT-0059,100,9.0,270.09
SHP-005026,2026-06-09,ParcelPro,SO-005815,CUST-0216,10051,5026,11629,ACT-0027,100,55.0,2777.79
SHP-005026,2026-06-09,ParcelPro,SO-005815,CUST-0216,10052,5026,11630,ACT-0038,200,2.0,422.98
SHP-005597,2026-06-09,Roadstar Logistics,SO-006476,CUST-0173,11193,5597,12951,ACT-0018,200,9.0,1053.86
SHP-005597,2026-06-09,Roadstar Logistics,SO-006476,CUST-0173,11194,5597,12952,ACT-0029,100,13.0,923.26
SHP-006170,2026-06-09,Midwest Freight,SO-007137,CUST-0130,12339,6170,14273,ACT-0009,100,33.0,364.09
SHP-006170,2026-06-09,Midwest Freight,SO-007137,CUST-0130,12340,6170,14274,ACT-0020,200,55.0,626.2
SHP-007065,2026-06-09,ParcelPro,SO-008175,CUST-0016,14129,7065,16349,DRV-0027,100,2.0,1168.75
SHP-007065,2026-06-09,ParcelPro,SO-008175,CUST-0016,14130,7065,16350,DRV-0038,200,4.0,544.32
SHP-007256,2026-06-09,Midwest Freight,SO-008393,CUST-0122,14511,7256,16785,DRV-0035,100,4.0,904.12
SHP-007256,2026-06-09,Midwest Freight,SO-008393,CUST-0122,14512,7256,16786,DRV-0046,200,9.0,877.32
SHP-008152,2026-06-09,ParcelPro,SO-009431,CUST-0008,16303,8152,18861,CTL-0003,300,13.0,1770.15
SHP-008152,2026-06-09,ParcelPro,SO-009431,CUST-0008,16304,8152,18862,CTL-0014,300,22.0,376.32
SHP-000028,2026-06-10,Midwest Freight,SO-000029,CUST-0014,55,28,57,DRV-0001,100,9.0,1077.99
SHP-000028,2026-06-10,Midwest Freight,SO-000029,CUST-0014,56,28,58,DRV-0012,200,13.0,236.26
SHP-000599,2026-06-10,BlueLine Transport,SO-000690,CUST-0211,1197,599,1379,CTL-0032,300,33.0,1947.94
SHP-000599,2026-06-10,BlueLine Transport,SO-000690,CUST-0211,1198,599,1380,DRV-0003,100,55.0,1969.66
SHP-001686,2026-06-10,BlueLine Transport,SO-001946,CUST-0203,3371,1686,3891,AFT-0028,100,4.0,349.76
SHP-001686,2026-06-10,BlueLine Transport,SO-001946,CUST-0203,3372,1686,3892,AFT-0039,300,9.0,8553.4
SHP-003152,2026-06-10,Midwest Freight,SO-003645,CUST-0046,6303,3152,7289,ACT-0007,100,55.0,2766.72
SHP-003152,2026-06-10,Midwest Freight,SO-003645,CUST-0046,6304,3152,7290,ACT-0018,200,2.0,1053.86
SHP-003724,2026-06-10,BlueLine Transport,SO-004306,CUST-0003,7447,3724,8611,SYS-0028,300,9.0,2113.15
SHP-003724,2026-06-10,BlueLine Transport,SO-004306,CUST-0003,7448,3724,8612,ACT-0009,100,13.0,364.09
SHP-005189,2026-06-10,Midwest Freight,SO-006005,CUST-0086,10377,5189,12009,DRV-0007,100,2.0,1355.9
SHP-005189,2026-06-10,Midwest Freight,SO-006005,CUST-0086,10378,5189,12010,DRV-0018,200,4.0,1468.74
SHP-006276,2026-06-10,Midwest Freight,SO-007261,CUST-0078,12551,6276,14521,AFT-0043,100,13.0,701.72
SHP-006276,2026-06-10,Midwest Freight,SO-007261,CUST-0078,12552,6276,14522,AFT-0054,300,22.0,278.7
SHP-008317,2026-06-10,Midwest Freight,SO-009621,CUST-0118,16633,8317,19241,ACT-0013,100,22.0,371.79
SHP-008317,2026-06-10,Midwest Freight,SO-009621,CUST-0118,16634,8317,19242,ACT-0024,200,33.0,1998.42
SHP-000708,2026-06-11,BlueLine Transport,SO-000814,CUST-0159,1415,708,1627,SYS-0026,300,13.0,1401.71
SHP-000708,2026-06-11,BlueLine Transport,SO-000814,CUST-0159,1416,708,1628,ACT-0007,100,22.0,2766.72
SHP-001278,2026-06-11,ParcelPro,SO-001475,CUST-0116,2555,1278,2949,SYS-0017,100,55.0,2870.14
SHP-001278,2026-06-11,ParcelPro,SO-001475,CUST-0116,2556,1278,2950,SYS-0028,300,2.0,2113.15
SHP-001850,2026-06-11,Roadstar Logistics,SO-002136,CUST-0073,3699,1850,4271,SYS-0008,300,9.0,218.0
SHP-001850,2026-06-11,Roadstar Logistics,SO-002136,CUST-0073,3700,1850,4272,SYS-0019,100,13.0,1798.13
SHP-002745,2026-06-11,BlueLine Transport,SO-003174,CUST-0199,5489,2745,6347,CTL-0036,300,22.0,3755.26
SHP-002745,2026-06-11,BlueLine Transport,SO-003174,CUST-0199,5490,2745,6348,DRV-0007,100,33.0,1355.9
SHP-003317,2026-06-11,ParcelPro,SO-003835,CUST-0156,6633,3317,7669,CTL-0027,300,2.0,1052.17
SHP-003317,2026-06-11,ParcelPro,SO-003835,CUST-0156,6634,3317,7670,CTL-0038,300,4.0,1627.96
SHP-004401,2026-06-11,ParcelPro,SO-005091,CUST-0148,8801,4401,10181,AFT-0023,100,13.0,273.18
SHP-004401,2026-06-11,ParcelPro,SO-005091,CUST-0148,8802,4401,10182,AFT-0034,100,22.0,501.15
SHP-004972,2026-06-11,Roadstar Logistics,SO-005752,CUST-0105,9943,4972,11503,AFT-0014,100,55.0,936.0
SHP-004972,2026-06-11,Roadstar Logistics,SO-005752,CUST-0105,9944,4972,11504,AFT-0025,100,2.0,475.85
SHP-005870,2026-06-11,BlueLine Transport,SO-006790,CUST-0231,11739,5870,13579,ACT-0002,200,4.0,398.44
SHP-005870,2026-06-11,BlueLine Transport,SO-006790,CUST-0231,11740,5870,13580,ACT-0013,100,9.0,371.79
SHP-006441,2026-06-11,ParcelPro,SO-007451,CUST-0188,12881,6441,14901,SYS-0023,100,22.0,2333.9
SHP-006441,2026-06-11,ParcelPro,SO-007451,CUST-0188,12882,6441,14902,ACT-0004,200,33.0,202.92
SHP-007010,2026-06-11,Roadstar Logistics,SO-008112,CUST-0145,14019,7010,16223,SYS-0014,300,2.0,847.06
SHP-007010,2026-06-11,Roadstar Logistics,SO-008112,CUST-0145,14020,7010,16224,SYS-0025,100,4.0,523.8
SHP-007907,2026-06-11,BlueLine Transport,SO-009150,CUST-0031,15813,7907,18299,DRV-0002,200,9.0,2270.82
SHP-007907,2026-06-11,BlueLine Transport,SO-009150,CUST-0031,15814,7907,18300,DRV-0013,100,13.0,534.23
SHP-008097,2026-06-11,Roadstar Logistics,SO-009368,CUST-0137,16193,8097,18735,DRV-0010,200,13.0,364.42
SHP-008097,2026-06-11,Roadstar Logistics,SO-009368,CUST-0137,16194,8097,18736,DRV-0021,100,22.0,1026.04
SHP-000298,2026-06-12,ParcelPro,SO-000343,CUST-0072,595,298,685,CTL-0025,300,4.0,1240.54
SHP-000298,2026-06-12,ParcelPro,SO-000343,CUST-0072,596,298,686,CTL-0036,300,9.0,3755.26
SHP-000871,2026-06-12,Roadstar Logistics,SO-001004,CUST-0029,1741,871,2007,CTL-0016,300,22.0,273.05
SHP-000871,2026-06-12,Roadstar Logistics,SO-001004,CUST-0029,1742,871,2008,CTL-0027,300,33.0,1052.17
SHP-001441,2026-06-12,Midwest Freight,SO-001665,CUST-0226,2881,1441,3329,CTL-0007,300,2.0,2206.98
SHP-001441,2026-06-12,Midwest Freight,SO-001665,CUST-0226,2882,1441,3330,CTL-0018,300,4.0,685.06
SHP-002526,2026-06-12,Midwest Freight,SO-002921,CUST-0218,5051,2526,5841,AFT-0003,300,13.0,4514.04
SHP-002526,2026-06-12,Midwest Freight,SO-002921,CUST-0218,5052,2526,5842,AFT-0014,100,22.0,936.0
SHP-003423,2026-06-12,ParcelPro,SO-003959,CUST-0104,6845,3423,7917,SYS-0021,100,33.0,1935.92
SHP-003423,2026-06-12,ParcelPro,SO-003959,CUST-0104,6846,3423,7918,ACT-0002,200,55.0,398.44
SHP-003995,2026-06-12,Roadstar Logistics,SO-004620,CUST-0061,7989,3995,9239,SYS-0012,300,4.0,544.4
SHP-003995,2026-06-12,Roadstar Logistics,SO-004620,CUST-0061,7990,3995,9240,SYS-0023,100,9.0,2333.9
SHP-004566,2026-06-12,Midwest Freight,SO-005281,CUST-0018,9131,4566,10561,SYS-0003,100,22.0,789.98
SHP-004566,2026-06-12,Midwest Freight,SO-005281,CUST-0018,9132,4566,10562,SYS-0014,300,33.0,847.06
SHP-005461,2026-06-12,ParcelPro,SO-006319,CUST-0144,10921,5461,12637,CTL-0031,300,55.0,1954.36
SHP-005461,2026-06-12,ParcelPro,SO-006319,CUST-0144,10922,5461,12638,DRV-0002,200,2.0,2270.82
SHP-006033,2026-06-12,Roadstar Logistics,SO-006980,CUST-0101,12065,6033,13959,CTL-0022,300,9.0,2070.12
SHP-006033,2026-06-12,Roadstar Logistics,SO-006980,CUST-0101,12066,6033,13960,CTL-0033,300,13.0,3676.55
SHP-007119,2026-06-12,Roadstar Logistics,SO-008236,CUST-0093,14237,7119,16471,AFT-0018,300,33.0,583.67
SHP-007119,2026-06-12,Roadstar Logistics,SO-008236,CUST-0093,14238,7119,16472,AFT-0029,100,55.0,438.34
SHP-007690,2026-06-12,Midwest Freight,SO-008897,CUST-0050,15379,7690,17793,AFT-0009,300,4.0,622.76
SHP-007690,2026-06-12,Midwest Freight,SO-008897,CUST-0050,15380,7690,17794,AFT-0020,100,9.0,783.79
SHP-008590,2026-06-12,ParcelPro,SO-009935,CUST-0176,17179,8590,19869,SYS-0027,100,13.0,1000.55
SHP-008590,2026-06-12,ParcelPro,SO-009935,CUST-0176,17180,8590,19870,ACT-0008,200,22.0,227.79
