id,receipt_number,po_id,receipt_date,site_code,status,item_id,quantity,unit_price,standard_unit_cost,quality_status
1219,RCV-0001219,1339,2026-01-01,100,Received,PC-0075,374.0874,91.29,87.19,Accepted
1363,RCV-0001363,1498,2026-01-01,300,Received,RM-0083,216.3323,26.87,28.34,Accepted
1508,RCV-0001508,1657,2026-01-01,200,Received,PC-0064,839.6821,51.29,51.19,Accepted
3993,RCV-0003993,4391,2026-01-01,300,Received,RM-0016,442.2124,23.64,24.25,Accepted
4138,RCV-0004138,4550,2026-01-01,100,Received,RM-0130,91.1299,16.54,16.07,Accepted
4283,RCV-0004283,4709,2026-01-01,300,Received,RM-0007,468.3612,15.71,16.89,Accepted
6012,RCV-0006012,6613,2026-01-01,100,Received,RM-0126,703.75,11.9,12.8,Accepted
6158,RCV-0006158,6772,2026-01-01,200,Received,RM-0004,478.7839,14.2,14.43,Accepted
6302,RCV-0006302,6931,2026-01-01,200,Received,RM-0115,827.2848,30.27,29.16,Accepted
8785,RCV-0008785,9665,2026-01-01,100,Received,PC-0025,247.3241,127.85,126.46,Accepted
8929,RCV-0008929,9824,2026-01-01,300,Received,RM-0043,314.7656,22.34,20.98,Accepted
9073,RCV-0009073,9983,2026-01-01,100,Received,PC-0014,531.0486,87.38,90.46,Accepted
10801,RCV-0010801,11887,2026-01-01,300,Received,RM-0040,803.8461,17.89,18.52,Accepted
10945,RCV-0010945,12046,2026-01-01,100,Received,PC-0010,225.1026,78.92,77.37,Accepted
11986,RCV-0011986,13194,2026-01-01,100,Received,RM-0074,644.8966,19.89,20.98,Accepted
13572,RCV-0013572,14939,2026-01-01,300,Received,RM-0079,102.8785,26.25,25.07,Accepted
1004,RCV-0001004,1102,2026-01-02,100,Received,RM-0061,78.787,37.71,35.71,Accepted
2048,RCV-0002048,2250,2026-01-02,200,Received,PC-0086,52.3323,121.22,123.19,Accepted
3634,RCV-0003634,3995,2026-01-02,100,Received,PC-0092,103.2019,132.82,142.82,Accepted
3777,RCV-0003777,4154,2026-01-02,200,Received,RM-0102,343.0075,18.22,18.52,Accepted
3922,RCV-0003922,4313,2026-01-02,100,Received,PC-0083,453.6299,117.68,113.37,Accepted
5651,RCV-0005651,6217,2026-01-02,300,Received,RM-0098,241.918,15.83,15.25,Accepted
6695,RCV-0006695,7365,2026-01-02,100,Received,RM-0024,440.25,29.75,30.8,Accepted
6840,RCV-0006840,7524,2026-01-02,300,Received,RM-0139,58.3449,23.9,23.43,Accepted
8569,RCV-0008569,9428,2026-01-02,100,Received,RM-0021,381.4962,28.91,28.34,Accepted
8714,RCV-0008714,9587,2026-01-02,300,Received,RM-0135,111.0353,21.65,20.16,Accepted
11339,RCV-0011339,12480,2026-01-02,200,Received,RM-0060,265.5478,33.08,34.89,Accepted
11483,RCV-0011483,12639,2026-01-02,200,Received,PC-0036,230.3747,61.12,61.0,Accepted
11626,RCV-0011626,12798,2026-01-02,300,Received,RM-0051,246.6274,29.06,27.52,Accepted
13210,RCV-0013210,14543,2026-01-02,100,Received,RM-0057,406.2007,32.49,32.43,Accepted
13354,RCV-0013354,14702,2026-01-02,300,Received,PC-0031,214.2234,47.14,44.64,Accepted
13500,RCV-0013500,14861,2026-01-02,100,Received,RM-0048,370.5698,23.99,25.07,Accepted
1399,RCV-0001399,1536,2026-01-03,300,Received,PC-0070,307.3397,69.69,70.82,Accepted
1543,RCV-0001543,1695,2026-01-03,200,Received,RM-0080,259.677,26.87,25.89,Accepted
1687,RCV-0001687,1854,2026-01-03,100,Received,PC-0061,549.1204,134.11,142.82,Accepted
3271,RCV-0003271,3599,2026-01-03,200,Received,PC-0066,168.5435,59.92,57.73,Accepted
3417,RCV-0003417,3758,2026-01-03,100,Received,RM-0077,617.7586,22.0,23.43,Accepted
3562,RCV-0003562,3917,2026-01-03,300,Received,PC-0056,137.1487,125.57,126.46,Accepted
6193,RCV-0006193,6810,2026-01-03,200,Received,RM-0122,316.2248,35.59,34.89,Accepted
6481,RCV-0006481,7128,2026-01-03,300,Received,RM-0111,73.8494,25.24,25.89,Accepted
8066,RCV-0008066,8873,2026-01-03,100,Received,RM-0119,107.5895,34.83,32.43,Accepted
8209,RCV-0008209,9032,2026-01-03,200,Received,PC-0097,241.703,56.29,57.73,Accepted
8355,RCV-0008355,9191,2026-01-03,300,Received,RM-0107,143.1404,23.27,22.61,Accepted
10980,RCV-0010980,12084,2026-01-03,300,Received,RM-0037,211.5305,16.97,16.07,Accepted
11125,RCV-0011125,12243,2026-01-03,300,Received,PC-0005,146.8096,58.38,61.0,Accepted
11268,RCV-0011268,12402,2026-01-03,100,Received,RM-0029,466.9056,35.27,34.89,Accepted
12850,RCV-0012850,14147,2026-01-03,200,Received,RM-0034,133.6038,13.02,13.61,Accepted
13141,RCV-0013141,14465,2026-01-03,300,Received,RM-0025,98.3603,33.66,31.61,Accepted
1039,RCV-0001039,1140,2026-01-04,200,Received,PC-0042,159.8057,75.72,80.64,Accepted
1184,RCV-0001184,1299,2026-01-04,300,Received,RM-0057,505.3175,32.2,32.43,Accepted
1328,RCV-0001328,1458,2026-01-04,100,Received,PC-0033,368.1188,53.6,51.19,Accepted
2913,RCV-0002913,3203,2026-01-04,100,Received,PC-0039,207.7789,70.32,70.82,Accepted
3059,RCV-0003059,3362,2026-01-04,300,Received,RM-0054,227.3346,31.39,29.98,Accepted
3201,RCV-0003201,3521,2026-01-04,100,Received,PC-0028,254.0645,129.19,136.28,Accepted
5832,RCV-0005832,6414,2026-01-04,200,Received,RM-0094,43.6617,11.68,11.98,Accepted
5977,RCV-0005977,6573,2026-01-04,200,Received,PC-0076,199.3999,93.08,90.46,Accepted
6121,RCV-0006121,6732,2026-01-04,100,Received,RM-0085,614.0236,27.88,29.98,Accepted
7707,RCV-0007707,8477,2026-01-04,100,Received,RM-0091,46.4985,35.9,34.89,Accepted
7851,RCV-0007851,8636,2026-01-04,200,Received,PC-0072,207.5174,71.95,77.37,Accepted
8892,RCV-0008892,9784,2026-01-04,100,Received,RM-0132,256.1861,17.9,17.71,Accepted
10619,RCV-0010619,11688,2026-01-04,100,Received,RM-0015,479.7553,23.69,23.43,Accepted
10764,RCV-0010764,11847,2026-01-04,200,Received,RM-0127,262.5178,14.49,13.61,Accepted
12491,RCV-0012491,13751,2026-01-04,100,Received,RM-0011,429.8981,21.47,20.16,Accepted
13535,RCV-0013535,14899,2026-01-04,100,Received,PC-0027,498.9002,132.07,133.0,Accepted
678,RCV-0000678,744,2026-01-05,300,Received,PC-0013,129.8747,91.29,87.19,Accepted
821,RCV-0000821,903,2026-01-05,100,Received,RM-0035,613.6465,13.68,14.43,Accepted
967,RCV-0000967,1062,2026-01-05,300,Received,PC-0002,463.6058,51.29,51.19,Accepted
2553,RCV-0002553,2807,2026-01-05,300,Received,PC-0009,40.8363,70.24,74.09,Accepted
3597,RCV-0003597,3955,2026-01-05,300,Received,RM-0073,397.3136,20.74,20.16,Accepted
3742,RCV-0003742,4114,2026-01-05,100,Received,PC-0053,212.8144,108.48,116.64,Accepted
5471,RCV-0005471,6018,2026-01-05,200,Received,RM-0070,391.7742,16.47,17.71,Accepted
5615,RCV-0005615,6177,2026-01-05,100,Received,PC-0049,332.3815,101.89,103.55,Accepted
5759,RCV-0005759,6336,2026-01-05,200,Received,RM-0062,205.4528,11.58,11.16,Accepted
8244,RCV-0008244,9070,2026-01-05,300,Received,RM-0113,149.8283,27.82,27.52,Accepted
8389,RCV-0008389,9229,2026-01-05,100,Received,PC-0094,98.8219,51.02,47.91,Accepted
8533,RCV-0008533,9388,2026-01-05,100,Received,RM-0104,217.6136,19.47,20.16,Accepted
10261,RCV-0010261,11292,2026-01-05,200,Received,PC-0090,347.7457,131.65,136.28,Accepted
10405,RCV-0010405,11451,2026-01-05,200,Received,RM-0100,95.2976,17.23,16.89,Accepted
10550,RCV-0010550,11610,2026-01-05,200,Received,PC-0081,211.819,114.72,106.82,Accepted
13031,RCV-0013031,14344,2026-01-05,200,Received,RM-0031,334.511,11.68,11.16,Accepted
13175,RCV-0013175,14503,2026-01-05,300,Received,RM-0147,466.3011,28.42,29.98,Accepted
13319,RCV-0013319,14662,2026-01-05,200,Received,RM-0022,438.3227,29.22,29.16,Accepted
318,RCV-0000318,348,2026-01-06,200,Received,RM-0135,288.9839,20.2,20.16,Accepted
462,RCV-0000462,507,2026-01-06,100,Received,RM-0012,825.2527,22.15,20.98,Accepted
608,RCV-0000608,666,2026-01-06,300,Received,RM-0124,654.1671,10.68,11.16,Accepted
3094,RCV-0003094,3400,2026-01-06,100,Received,PC-0036,193.8923,56.73,61.0,Accepted
3236,RCV-0003236,3559,2026-01-06,200,Received,RM-0051,874.7525,27.08,27.52,Accepted
3381,RCV-0003381,3718,2026-01-06,200,Received,PC-0023,223.8691,124.47,119.91,Accepted
5112,RCV-0005112,5622,2026-01-06,300,Received,RM-0047,158.4958,25.17,24.25,Accepted
5257,RCV-0005257,5781,2026-01-06,200,Received,PC-0019,99.5926,100.3,106.82,Accepted
5400,RCV-0005400,5940,2026-01-06,300,Received,RM-0039,312.5582,17.59,17.71,Accepted
7885,RCV-0007885,8674,2026-01-06,200,Received,RM-0087,534.6016,30.54,31.61,Accepted
8030,RCV-0008030,8833,2026-01-06,100,Received,PC-0068,514.7993,65.57,64.28,Accepted
8174,RCV-0008174,8992,2026-01-06,300,Received,RM-0078,1002.5881,26.04,24.25,Accepted
9903,RCV-0009903,10896,2026-01-06,300,Received,PC-0064,172.799,54.98,51.19,Accepted
10046,RCV-0010046,11055,2026-01-06,100,Received,RM-0075,481.6373,21.26,21.8,Accepted
10943,RCV-0010943,12044,2026-01-06,100,Received,RM-0124,260.3893,11.18,11.16,Accepted
12671,RCV-0012671,13948,2026-01-06,100,Received,RM-0008,674.9584,17.75,17.71,Accepted
12815,RCV-0012815,14107,2026-01-06,200,Received,RM-0120,423.96,35.11,33.25,Accepted
12959,RCV-0012959,14266,2026-01-06,300,Received,PC-0098,98.6868,58.38,61.0,Accepted
103,RCV-0000103,111,2026-01-07,200,Received,PC-0087,1043.2546,127.85,126.46,Accepted
2734,RCV-0002734,3004,2026-01-07,200,Received,PC-0005,183.6548,63.32,61.0,Accepted
2878,RCV-0002878,3163,2026-01-07,300,Received,RM-0028,270.111,31.99,34.07,Accepted
3023,RCV-0003023,3322,2026-01-07,100,Received,RM-0145,104.8428,28.14,28.34,Accepted
4751,RCV-0004751,5226,2026-01-07,100,Received,RM-0025,376.9929,31.39,31.61,Accepted
5793,RCV-0005793,6374,2026-01-07,100,Received,PC-0044,228.3211,93.64,87.19,Accepted
7526,RCV-0007526,8278,2026-01-07,200,Received,RM-0064,555.6502,13.75,12.8,Accepted
7671,RCV-0007671,8437,2026-01-07,200,Received,PC-0040,73.5426,72.24,74.09,Accepted
7815,RCV-0007815,8596,2026-01-07,100,Received,RM-0056,380.508,32.53,31.61,Accepted
10439,RCV-0010439,11489,2026-01-07,300,Received,PC-0086,669.2136,130.09,123.19,Accepted
10584,RCV-0010584,11648,2026-01-07,100,Received,RM-0096,102.3697,13.02,13.61,Accepted
12310,RCV-0012310,13552,2026-01-07,300,Received,PC-0083,197.4841,108.5,113.37,Accepted
12454,RCV-0012454,13711,2026-01-07,200,Received,RM-0092,656.435,36.1,35.71,Accepted
12599,RCV-0012599,13870,2026-01-07,200,Received,PC-0074,183.1524,89.36,83.91,Accepted
497,RCV-0000497,545,2026-01-08,200,Received,RM-0131,137.5135,15.86,16.89,Accepted
642,RCV-0000642,704,2026-01-08,300,Received,RM-0008,94.5588,17.59,17.71,Accepted
2373,RCV-0002373,2608,2026-01-08,100,Received,RM-0127,215.551,13.51,13.61,Accepted
2517,RCV-0002517,2767,2026-01-08,200,Received,RM-0005,550.3567,15.97,15.25,Accepted
2662,RCV-0002662,2926,2026-01-08,200,Received,RM-0117,289.5036,29.2,30.8,Accepted
5146,RCV-0005146,5660,2026-01-08,200,Received,PC-0026,360.3781,139.33,129.73,Accepted
5436,RCV-0005436,5978,2026-01-08,100,Received,PC-0015,99.9227,96.45,93.73,Accepted
7165,RCV-0007165,7882,2026-01-08,300,Received,RM-0041,301.1988,19.9,19.34,Accepted
7310,RCV-0007310,8041,2026-01-08,200,Received,PC-0011,52.7821,75.0,80.64,Accepted
7455,RCV-0007455,8200,2026-01-08,200,Received,RM-0033,702.6288,12.6,12.8,Accepted
9937,RCV-0009937,10934,2026-01-08,300,Received,RM-0080,511.7561,24.78,25.89,Accepted
10081,RCV-0010081,11093,2026-01-08,200,Received,PC-0061,157.1638,144.39,142.82,Accepted
10225,RCV-0010225,11252,2026-01-08,300,Received,RM-0071,181.4363,19.72,18.52,Hold
12097,RCV-0012097,13315,2026-01-08,300,Received,RM-0068,836.372,15.52,16.07,Accepted
13139,RCV-0013139,14463,2026-01-08,300,Received,PC-0095,246.2421,53.6,51.19,Accepted
138,RCV-0000138,149,2026-01-09,300,Received,RM-0103,377.8817,20.25,19.34,Accepted
283,RCV-0000283,308,2026-01-09,200,Received,PC-0084,214.6393,110.57,116.64,Accepted
2013,RCV-0002013,2212,2026-01-09,100,Received,RM-0100,902.3927,16.01,16.89,Accepted
2158,RCV-0002158,2371,2026-01-09,100,Received,PC-0081,243.6058,107.03,106.82,Accepted
4786,RCV-0004786,5264,2026-01-09,200,Received,RM-0147,145.1399,30.85,29.98,Accepted
4931,RCV-0004931,5423,2026-01-09,100,Received,RM-0022,169.3226,27.12,29.16,Accepted
5075,RCV-0005075,5582,2026-01-09,300,Received,RM-0136,193.9872,20.64,20.98,Accepted
6806,RCV-0006806,7486,2026-01-09,100,Received,RM-0019,214.193,26.28,26.71,Accepted
6950,RCV-0006950,7645,2026-01-09,200,Received,RM-0133,255.3326,19.22,18.52,Accepted
7849,RCV-0007849,8634,2026-01-09,200,Received,PC-0037,144.9076,68.46,64.28,Accepted
7993,RCV-0007993,8793,2026-01-09,100,Received,RM-0053,189.6178,28.17,29.16,Accepted
9578,RCV-0009578,10538,2026-01-09,100,Received,RM-0058,532.8909,35.41,33.25,Accepted
9722,RCV-0009722,10697,2026-01-09,200,Received,PC-0033,268.3707,49.45,51.19,Accepted
11591,RCV-0011591,12760,2026-01-09,200,Received,PC-0028,265.7926,139.01,136.28,Accepted
12489,RCV-0012489,13749,2026-01-09,100,Received,PC-0080,296.5087,108.42,103.55,Accepted
12634,RCV-0012634,13908,2026-01-09,100,Received,RM-0089,219.0248,31.52,33.25,Accepted
12779,RCV-0012779,14067,2026-01-09,100,Received,PC-0070,552.9897,70.96,70.82,Accepted
1652,RCV-0001652,1816,2026-01-10,300,Received,RM-0074,53.3172,22.15,20.98,Accepted
2697,RCV-0002697,2964,2026-01-10,100,Received,RM-0002,606.3585,12.6,12.8,Accepted
2843,RCV-0002843,3123,2026-01-10,300,Received,RM-0112,55.7771,27.72,26.71,Accepted
4426,RCV-0004426,4868,2026-01-10,100,Received,RM-0120,25.1177,32.72,33.25,Accepted
4571,RCV-0004571,5027,2026-01-10,200,Received,PC-0098,346.135,63.32,61.0,Accepted
4715,RCV-0004715,5186,2026-01-10,100,Received,RM-0109,41.7238,22.77,24.25,Accepted
7344,RCV-0007344,8079,2026-01-10,300,Received,RM-0038,330.4573,16.32,16.89,Accepted
7490,RCV-0007490,8238,2026-01-10,300,Received,PC-0007,74.3448,68.9,67.55,Accepted
7635,RCV-0007635,8397,2026-01-10,200,Received,RM-0030,284.3134,38.35,35.71,Accepted
9218,RCV-0009218,10142,2026-01-10,300,Received,RM-0035,429.1196,14.72,14.43,Accepted
9362,RCV-0009362,10301,2026-01-10,100,Received,PC-0003,147.1507,58.49,54.46,Accepted
9507,RCV-0009507,10460,2026-01-10,100,Received,RM-0027,219.4294,32.42,33.25,Accepted
12131,RCV-0012131,13353,2026-01-10,200,Received,PC-0053,136.8505,116.87,116.64,Accepted
12275,RCV-0012275,13512,2026-01-10,300,Received,RM-0065,75.1748,14.37,13.61,Accepted
12418,RCV-0012418,13671,2026-01-10,100,Received,PC-0042,549.2345,77.17,80.64,Accepted
2193,RCV-0002193,2409,2026-01-11,300,Received,RM-0095,330.1353,13.29,12.8,Accepted
2337,RCV-0002337,2568,2026-01-11,200,Received,PC-0077,293.5903,88.01,93.73,Accepted
2481,RCV-0002481,2727,2026-01-11,200,Received,RM-0086,262.8433,30.58,30.8,Accepted
4066,RCV-0004066,4472,2026-01-11,100,Received,RM-0092,196.0525,33.53,35.71,Accepted
4211,RCV-0004211,4631,2026-01-11,100,Received,PC-0074,137.0968,83.32,83.91,Accepted
4355,RCV-0004355,4790,2026-01-11,300,Received,RM-0082,212.8347,28.81,27.52,Accepted
6985,RCV-0006985,7683,2026-01-11,100,Received,RM-0016,740.7855,26.04,24.25,Accepted
7130,RCV-0007130,7842,2026-01-11,100,Received,RM-0129,143.2003,14.87,15.25,Accepted
7274,RCV-0007274,8001,2026-01-11,100,Received,RM-0007,446.3601,17.38,16.89,Accepted
8858,RCV-0008858,9746,2026-01-11,300,Received,RM-0012,646.8771,20.46,20.98,Accepted
9003,RCV-0009003,9905,2026-01-11,100,Received,RM-0125,80.5641,12.33,11.98,Accepted
10044,RCV-0010044,11053,2026-01-11,100,Received,RM-0046,357.7648,22.42,23.43,Accepted
11771,RCV-0011771,12957,2026-01-11,100,Received,PC-0024,474.1117,117.89,123.19,Accepted
11915,RCV-0011915,13116,2026-01-11,100,Received,RM-0043,24.0045,21.21,20.98,Accepted
12060,RCV-0012060,13275,2026-01-11,200,Received,PC-0013,478.373,92.86,87.19,Accepted
101,RCV-0000101,109,2026-01-12,200,Received,PC-0054,484.8344,119.07,119.91,Accepted
1833,RCV-0001833,2013,2026-01-12,200,Received,RM-0071,184.069,18.39,18.52,Accepted
1977,RCV-0001977,2172,2026-01-12,300,Received,PC-0050,263.4445,111.84,106.82,Accepted
2122,RCV-0002122,2331,2026-01-12,200,Received,RM-0063,429.8685,11.36,11.98,Accepted
3707,RCV-0003707,4076,2026-01-12,200,Received,RM-0068,73.1965,16.83,16.07,Accepted
3851,RCV-0003851,4235,2026-01-12,200,Received,PC-0045,94.8412,85.76,90.46,Accepted
4749,RCV-0004749,5224,2026-01-12,200,Received,PC-0095,306.8127,49.91,51.19,Accepted
4893,RCV-0004893,5383,2026-01-12,100,Received,RM-0105,350.1442,21.59,20.98,Accepted
6625,RCV-0006625,7287,2026-01-12,200,Received,PC-0091,227.9717,143.6,139.55,Accepted
6770,RCV-0006770,7446,2026-01-12,300,Received,RM-0101,355.8511,16.47,17.71,Accepted
6913,RCV-0006913,7605,2026-01-12,200,Received,PC-0082,231.7966,108.33,110.09,Accepted
8498,RCV-0008498,9350,2026-01-12,300,Received,PC-0087,258.0633,117.61,126.46,Accepted
9396,RCV-0009396,10339,2026-01-12,200,Received,RM-0032,508.733,11.46,11.98,Accepted
9541,RCV-0009541,10498,2026-01-12,100,Received,RM-0149,232.9982,31.96,31.61,Accepted
9687,RCV-0009687,10657,2026-01-12,200,Received,RM-0023,240.2729,31.93,29.98,Accepted
11412,RCV-0011412,12561,2026-01-12,200,Received,RM-0145,172.196,30.18,28.34,Accepted
11554,RCV-0011554,12720,2026-01-12,200,Received,RM-0020,469.8342,26.58,27.52,Accepted
11699,RCV-0011699,12879,2026-01-12,100,Received,RM-0135,220.2519,20.56,20.16,Accepted
1472,RCV-0001472,1617,2026-01-13,100,Received,RM-0049,672.9061,24.54,25.89,Accepted
1615,RCV-0001615,1776,2026-01-13,300,Received,PC-0020,522.4204,110.31,110.09,Accepted
1760,RCV-0001760,1935,2026-01-13,300,Received,RM-0040,803.8461,19.56,18.52,Accepted
4391,RCV-0004391,4828,2026-01-13,200,Received,PC-0069,306.7698,62.82,67.55,Accepted
4536,RCV-0004536,4987,2026-01-13,300,Received,RM-0079,102.8785,24.67,25.07,Accepted
6266,RCV-0006266,6891,2026-01-13,300,Received,PC-0065,174.2603,53.59,54.46,Accepted
6409,RCV-0006409,7050,2026-01-13,200,Received,RM-0076,122.5279,23.47,22.61,Accepted
6554,RCV-0006554,7209,2026-01-13,100,Received,PC-0056,586.9088,118.75,126.46,Accepted
9038,RCV-0009038,9943,2026-01-13,100,Received,RM-0009,185.0056,19.72,18.52,Accepted
9182,RCV-0009182,10102,2026-01-13,300,Received,RM-0121,51.384,32.91,34.07,Accepted
9325,RCV-0009325,10261,2026-01-13,300,Received,PC-0099,279.4329,65.57,64.28,Accepted
11054,RCV-0011054,12165,2026-01-13,100,Received,RM-0118,463.1864,32.24,31.61,Accepted
11198,RCV-0011198,12324,2026-01-13,300,Received,PC-0096,336.6097,58.49,54.46,Accepted
1112,RCV-0001112,1221,2026-01-14,300,Received,RM-0026,766.5467,34.25,32.43,Accepted
3887,RCV-0003887,4273,2026-01-14,200,Received,RM-0065,139.3481,13.39,13.61,Accepted
4030,RCV-0004030,4432,2026-01-14,200,Received,PC-0041,509.6889,80.31,77.37,Accepted
4175,RCV-0004175,4591,2026-01-14,100,Received,RM-0057,406.2007,30.45,32.43,Accepted
5906,RCV-0005906,6495,2026-01-14,200,Received,PC-0038,101.8795,63.43,67.55,Accepted
6948,RCV-0006948,7643,2026-01-14,200,Received,RM-0097,566.008,14.72,14.43,Accepted
8678,RCV-0008678,9547,2026-01-14,300,Received,PC-0084,585.1024,118.97,116.64,Accepted
8967,RCV-0008967,9865,2026-01-14,300,Received,PC-0075,264.6118,85.01,87.19,Accepted
11589,RCV-0011589,12758,2026-01-14,200,Received,RM-0141,263.8155,25.12,25.07,Accepted
11734,RCV-0011734,12917,2026-01-14,200,Received,RM-0017,205.5824,26.47,25.07,Accepted
13464,RCV-0013464,14821,2026-01-14,100,Received,RM-0137,81.3583,23.02,21.8,Accepted
13609,RCV-0013609,14980,2026-01-14,200,Received,RM-0014,49.7321,21.64,22.61,Accepted
751,RCV-0000751,825,2026-01-15,100,Received,RM-0003,529.8865,13.76,13.61,Accepted
1650,RCV-0001650,1814,2026-01-15,300,Received,RM-0045,349.6021,23.47,22.61,Accepted
1796,RCV-0001796,1973,2026-01-15,200,Received,PC-0016,289.1289,91.08,97.0,Accepted
3526,RCV-0003526,3877,2026-01-15,300,Received,RM-0042,348.5618,18.93,20.16,Accepted
3671,RCV-0003671,4036,2026-01-15,100,Received,PC-0013,259.7017,86.58,87.19,Accepted
3815,RCV-0003815,4195,2026-01-15,200,Received,RM-0034,133.6038,14.25,13.61,Accepted
6300,RCV-0006300,6929,2026-01-15,300,Received,RM-0081,300.8737,27.24,26.71,Accepted
6443,RCV-0006443,7088,2026-01-15,200,Received,PC-0062,229.1128,47.94,44.64,Accepted
6589,RCV-0006589,7247,2026-01-15,100,Received,RM-0073,415.5437,19.66,20.16,Accepted
8319,RCV-0008319,9151,2026-01-15,300,Received,PC-0058,326.2061,129.68,133.0,Accepted
8462,RCV-0008462,9310,2026-01-15,300,Received,RM-0069,59.7553,17.38,16.89,Accepted
8606,RCV-0008606,9469,2026-01-15,100,Received,PC-0048,300.8991,93.26,100.28,Accepted
11088,RCV-0011088,12203,2026-01-15,200,Received,RM-0002,54.033,13.52,12.8,Accepted
11233,RCV-0011233,12362,2026-01-15,100,Received,RM-0113,379.4556,26.34,27.52,Accepted
11377,RCV-0011377,12521,2026-01-15,100,Received,PC-0093,172.4629,45.13,44.64,Accepted
13104,RCV-0013104,14425,2026-01-15,300,Received,RM-0109,451.0975,24.52,24.25,Accepted
13247,RCV-0013247,14584,2026-01-15,300,Received,PC-0089,323.9556,141.65,133.0,Accepted
1147,RCV-0001147,1259,2026-01-16,200,Received,RM-0148,271.7584,28.92,30.8,Accepted
1292,RCV-0001292,1418,2026-01-16,100,Received,RM-0023,429.5773,29.77,29.98,Accepted
1437,RCV-0001437,1577,2026-01-16,100,Received,RM-0138,326.8695,23.67,22.61,Accepted
3165,RCV-0003165,3481,2026-01-16,100,Received,RM-0020,223.6631,28.81,27.52,Accepted
3308,RCV-0003308,3640,2026-01-16,300,Received,RM-0134,394.883,18.33,19.34,Accepted
3455,RCV-0003455,3799,2026-01-16,100,Received,RM-0011,429.8981,20.2,20.16,Accepted
5941,RCV-0005941,6533,2026-01-16,200,Received,RM-0059,77.6424,33.22,34.07,Accepted
6086,RCV-0006086,6692,2026-01-16,100,Received,PC-0035,297.3253,59.4,57.73,Accepted
6230,RCV-0006230,6851,2026-01-16,300,Received,RM-0050,578.3134,24.84,26.71,Accepted
7958,RCV-0007958,8755,2026-01-16,100,Received,PC-0030,365.7906,132.82,142.82,Accepted
8103,RCV-0008103,8914,2026-01-16,100,Received,RM-0047,305.0683,23.86,24.25,Accepted
9145,RCV-0009145,10062,2026-01-16,300,Received,PC-0071,219.2335,78.91,74.09,Accepted
10729,RCV-0010729,11807,2026-01-16,300,Received,PC-0077,112.1604,94.76,93.73,Accepted
10872,RCV-0010872,11966,2026-01-16,300,Received,RM-0086,666.0621,32.8,30.8,Accepted
11017,RCV-0011017,12125,2026-01-16,100,Received,PC-0067,499.9286,58.93,61.0,Hold
12744,RCV-0012744,14029,2026-01-16,200,Received,RM-0083,453.5331,27.38,28.34,Accepted
786,RCV-0000786,863,2026-01-17,200,Received,RM-0121,132.1318,35.67,34.07,Accepted
931,RCV-0000931,1022,2026-01-17,200,Received,PC-0099,256.142,60.94,64.28,Accepted
1076,RCV-0001076,1181,2026-01-17,200,Received,RM-0110,547.8335,25.12,25.07,Accepted
2807,RCV-0002807,3085,2026-01-17,200,Received,PC-0096,96.7014,54.57,54.46,Accepted
3849,RCV-0003849,4233,2026-01-17,100,Received,PC-0009,273.7997,68.9,74.09,Accepted
3994,RCV-0003994,4392,2026-01-17,200,Received,RM-0031,334.511,10.98,11.16,Accepted
5580,RCV-0005580,6137,2026-01-17,300,Received,RM-0036,536.1225,14.18,15.25,Accepted
5723,RCV-0005723,6296,2026-01-17,300,Received,PC-0004,57.6866,56.81,57.73,Accepted
5869,RCV-0005869,6455,2026-01-17,100,Received,RM-0028,751.3556,35.36,34.07,Accepted
8496,RCV-0008496,9348,2026-01-17,300,Received,PC-0054,56.5143,127.7,119.91,Accepted
8642,RCV-0008642,9507,2026-01-17,300,Received,RM-0066,190.7082,13.94,14.43,Accepted
8786,RCV-0008786,9666,2026-01-17,100,Received,PC-0043,42.0406,85.59,83.91,Accepted
10368,RCV-0010368,11411,2026-01-17,100,Received,PC-0051,151.8314,106.35,110.09,Accepted
10513,RCV-0010513,11570,2026-01-17,300,Received,RM-0063,437.2219,12.22,11.98,Accepted
10657,RCV-0010657,11729,2026-01-17,300,Received,PC-0039,136.412,76.06,70.82,Accepted
13283,RCV-0013283,14622,2026-01-17,100,Received,RM-0106,99.4164,20.67,21.8,Accepted
13428,RCV-0013428,14781,2026-01-17,100,Received,PC-0086,118.8444,123.44,123.19,Accepted
13573,RCV-0013573,14940,2026-01-17,100,Received,RM-0095,281.2527,13.52,12.8,Accepted
426,RCV-0000426,467,2026-01-18,100,Received,RM-0093,142.199,11.18,11.16,Accepted
571,RCV-0000571,626,2026-01-18,200,Received,PC-0075,66.4683,92.07,87.19,Accepted
714,RCV-0000714,785,2026-01-18,100,Received,RM-0084,302.4596,27.91,29.16,Accepted
3344,RCV-0003344,3678,2026-01-18,100,Received,RM-0017,391.619,24.67,25.07,Accepted
3491,RCV-0003491,3837,2026-01-18,200,Received,RM-0130,203.625,16.68,16.07,Accepted
3635,RCV-0003635,3996,2026-01-18,100,Received,RM-0008,674.9584,16.63,17.71,Accepted
5221,RCV-0005221,5741,2026-01-18,100,Received,RM-0014,134.3876,23.47,22.61,Accepted
5364,RCV-0005364,5900,2026-01-18,200,Received,RM-0126,137.1021,12.02,12.8,Accepted
5508,RCV-0005508,6059,2026-01-18,300,Received,RM-0004,894.6533,14.33,14.43,Accepted
8138,RCV-0008138,8952,2026-01-18,300,Received,PC-0025,448.6888,128.99,126.46,Accepted
8282,RCV-0008282,9111,2026-01-18,100,Received,RM-0044,801.1119,23.41,21.8,Accepted
8425,RCV-0008425,9270,2026-01-18,200,Received,PC-0014,76.0803,88.2,90.46,Accepted
10010,RCV-0010010,11015,2026-01-18,100,Received,PC-0021,282.386,121.76,113.37,Accepted
10154,RCV-0010154,11174,2026-01-18,100,Received,RM-0041,222.1223,18.86,19.34,Accepted
10298,RCV-0010298,11333,2026-01-18,300,Received,PC-0010,408.0588,79.61,77.37,Accepted
12924,RCV-0012924,14226,2026-01-18,100,Received,RM-0080,600.2317,27.34,25.89,Accepted
13068,RCV-0013068,14385,2026-01-18,100,Received,PC-0060,642.9783,133.55,139.55,Accepted
13211,RCV-0013211,14544,2026-01-18,100,Received,RM-0071,555.8953,18.72,18.52,Accepted
66,RCV-0000066,71,2026-01-19,200,Received,RM-0069,526.2337,16.16,16.89,Accepted
356,RCV-0000356,389,2026-01-19,200,Received,RM-0061,305.5312,38.03,35.71,Accepted
2987,RCV-0002987,3282,2026-01-19,200,Received,PC-0092,185.4077,134.11,142.82,Accepted
3129,RCV-0003129,3441,2026-01-19,100,Received,RM-0103,283.5823,19.2,19.34,Accepted
3272,RCV-0003272,3600,2026-01-19,300,Received,PC-0083,197.4841,118.7,113.37,Accepted
4859,RCV-0004859,5345,2026-01-19,200,Received,PC-0089,255.5024,132.07,133.0,Accepted
5004,RCV-0005004,5504,2026-01-19,100,Received,RM-0099,426.5039,16.83,16.07,Accepted
6048,RCV-0006048,6652,2026-01-19,200,Received,RM-0024,103.0032,30.03,30.8,Accepted
7922,RCV-0007922,8715,2026-01-19,200,Received,RM-0021,236.8509,29.16,28.34,Accepted
8067,RCV-0008067,8874,2026-01-19,100,Received,RM-0136,402.0942,19.51,20.98,Accepted
9651,RCV-0009651,10619,2026-01-19,100,Received,RM-0143,79.331,27.48,26.71,Accepted
10691,RCV-0010691,11767,2026-01-19,300,Received,RM-0060,326.4921,33.39,34.89,Accepted
10837,RCV-0010837,11926,2026-01-19,300,Received,PC-0036,198.0812,61.67,61.0,Accepted
12563,RCV-0012563,13830,2026-01-19,200,Received,RM-0057,186.8055,32.79,32.43,Accepted
12707,RCV-0012707,13989,2026-01-19,100,Received,PC-0032,322.0296,51.02,47.91,Accepted
12851,RCV-0012851,14148,2026-01-19,300,Received,RM-0048,141.8241,24.22,25.07,Accepted
749,RCV-0000749,823,2026-01-20,100,Received,PC-0071,399.9775,73.57,74.09,Accepted
894,RCV-0000894,982,2026-01-20,300,Received,RM-0080,511.7561,27.11,25.89,Accepted
2626,RCV-0002626,2886,2026-01-20,300,Received,PC-0066,507.6509,60.44,57.73,Accepted
2771,RCV-0002771,3045,2026-01-20,200,Received,RM-0077,256.3778,22.21,23.43,Accepted
2914,RCV-0002914,3204,2026-01-20,100,Received,PC-0057,196.2393,129.99,129.73,Accepted
5398,RCV-0005398,5938,2026-01-20,100,Received,RM-0010,722.3533,18.86,19.34,Accepted
5543,RCV-0005543,6097,2026-01-20,100,Received,RM-0123,463.2093,36.75,35.71,Accepted
7419,RCV-0007419,8160,2026-01-20,200,Received,RM-0119,53.0873,30.16,32.43,Accepted
7562,RCV-0007562,8319,2026-01-20,300,Received,PC-0097,145.1103,56.81,57.73,Accepted
7708,RCV-0007708,8478,2026-01-20,100,Received,RM-0108,439.4353,24.32,23.43,Accepted
10189,RCV-0010189,11212,2026-01-20,300,Received,PC-0016,71.0984,98.07,97.0,Accepted
10333,RCV-0010333,11371,2026-01-20,100,Received,RM-0038,471.9768,17.99,16.89,Accepted
10477,RCV-0010477,11530,2026-01-20,100,Received,PC-0006,93.5147,62.09,64.28,Accepted
12203,RCV-0012203,13434,2026-01-20,300,Received,RM-0034,631.5138,13.15,13.61,Accepted
12492,RCV-0012492,13752,2026-01-20,100,Received,RM-0026,580.0569,34.83,32.43,Accepted
246,RCV-0000246,268,2026-01-21,200,Received,RM-0066,713.268,15.11,14.43,Accepted
391,RCV-0000391,427,2026-01-21,300,Received,PC-0042,271.8204,76.45,80.64,Accepted
535,RCV-0000535,586,2026-01-21,100,Received,RM-0058,532.8909,33.32,33.25,Accepted
2265,RCV-0002265,2490,2026-01-21,200,Received,PC-0039,468.7664,70.96,70.82,Accepted
2409,RCV-0002409,2649,2026-01-21,100,Received,RM-0055,55.0222,32.52,30.8,Accepted
2554,RCV-0002554,2808,2026-01-21,200,Received,PC-0028,265.7926,130.42,136.28,Accepted
5040,RCV-0005040,5542,2026-01-21,300,Received,PC-0085,261.9311,111.52,119.91,Accepted
5185,RCV-0005185,5701,2026-01-21,300,Received,RM-0094,42.875,11.79,11.98,Accepted
5328,RCV-0005328,5860,2026-01-21,300,Received,PC-0076,448.9405,93.9,90.46,Accepted
7058,RCV-0007058,7764,2026-01-21,200,Received,RM-0091,144.9798,36.22,34.89,Accepted
7203,RCV-0007203,7923,2026-01-21,100,Received,PC-0073,588.7639,75.72,80.64,Accepted
9831,RCV-0009831,10816,2026-01-21,200,Received,RM-0138,480.2937,21.84,22.61,Accepted
9973,RCV-0009973,10975,2026-01-21,200,Received,RM-0015,368.2559,23.9,23.43,Accepted
10117,RCV-0010117,11134,2026-01-21,300,Received,RM-0127,73.7841,14.62,13.61,Accepted
11845,RCV-0011845,13038,2026-01-21,300,Received,RM-0011,329.9743,21.65,20.16,Accepted
12887,RCV-0012887,14186,2026-01-21,300,Received,PC-0027,161.5101,133.27,133.0,Accepted
30,RCV-0000030,31,2026-01-22,100,Received,PC-0014,531.0486,95.53,90.46,Accepted
174,RCV-0000174,190,2026-01-22,300,Received,RM-0035,429.1196,13.81,14.43,Accepted
1905,RCV-0001905,2094,2026-01-22,100,Received,PC-0010,225.1026,74.04,77.37,Accepted
2950,RCV-0002950,3242,2026-01-22,100,Received,RM-0074,644.8966,21.78,20.98,Accepted
4679,RCV-0004679,5146,2026-01-22,300,Received,PC-0059,265.3339,141.46,136.28,Accepted
4822,RCV-0004822,5305,2026-01-22,300,Received,RM-0070,245.0986,16.63,17.71,Accepted
4967,RCV-0004967,5464,2026-01-22,200,Received,PC-0049,541.7876,102.83,103.55,Accepted
7598,RCV-0007598,8357,2026-01-22,300,Received,RM-0114,571.9653,28.91,28.34,Accepted
7743,RCV-0007743,8516,2026-01-22,300,Received,PC-0094,615.3777,51.46,47.91,Accepted
9470,RCV-0009470,10420,2026-01-22,300,Received,RM-0110,185.1124,26.93,25.07,Accepted
9615,RCV-0009615,10579,2026-01-22,300,Received,PC-0090,189.8063,132.87,136.28,Accepted
9759,RCV-0009759,10738,2026-01-22,100,Received,RM-0101,172.6698,18.22,17.71,Accepted
12238,RCV-0012238,13472,2026-01-22,200,Received,PC-0009,227.0195,74.24,74.09,Accepted
12382,RCV-0012382,13631,2026-01-22,300,Received,RM-0031,159.5642,11.78,11.16,Accepted
12527,RCV-0012527,13790,2026-01-22,100,Received,RM-0148,128.1218,29.48,30.8,Accepted
2300,RCV-0002300,2528,2026-01-23,200,Received,RM-0060,265.5478,36.22,34.89,Accepted
2445,RCV-0002445,2687,2026-01-23,200,Received,PC-0036,230.3747,57.28,61.0,Accepted
2590,RCV-0002590,2846,2026-01-23,300,Received,RM-0051,246.6274,27.33,27.52,Accepted
4319,RCV-0004319,4750,2026-01-23,300,Received,PC-0031,214.2234,44.33,44.64,Accepted
4463,RCV-0004463,4909,2026-01-23,100,Received,RM-0048,370.5698,26.25,25.07,Accepted
4608,RCV-0004608,5068,2026-01-23,300,Received,PC-0019,432.4263,101.27,106.82,Accepted
7093,RCV-0007093,7802,2026-01-23,300,Received,PC-0078,208.8433,104.18,97.0,Accepted
7238,RCV-0007238,7961,2026-01-23,300,Received,RM-0087,347.4182,30.82,31.61,Accepted
7382,RCV-0007382,8120,2026-01-23,200,Received,PC-0068,161.3313,66.14,64.28,Accepted
9110,RCV-0009110,10024,2026-01-23,200,Received,RM-0084,176.0249,30.01,29.16,Accepted
9255,RCV-0009255,10183,2026-01-23,100,Received,PC-0065,186.8925,50.65,54.46,Accepted
9399,RCV-0009399,10342,2026-01-23,300,Received,RM-0075,185.0818,21.45,21.8,Accepted
11880,RCV-0011880,13076,2026-01-23,100,Received,RM-0131,314.8822,16.16,16.89,Accepted
12024,RCV-0012024,13235,2026-01-23,200,Received,RM-0008,249.2834,17.9,17.71,Accepted
12167,RCV-0012167,13394,2026-01-23,100,Received,RM-0121,323.0903,36.28,34.07,Accepted
1941,RCV-0001941,2132,2026-01-24,300,Received,RM-0037,211.5305,15.96,16.07,Accepted
2086,RCV-0002086,2291,2026-01-24,300,Received,PC-0005,146.8096,63.87,61.0,Accepted
2229,RCV-0002229,2450,2026-01-24,100,Received,RM-0029,466.9056,33.08,34.89,Accepted
3958,RCV-0003958,4354,2026-01-24,100,Received,PC-0001,311.1291,45.42,47.91,Accepted
4103,RCV-0004103,4513,2026-01-24,300,Received,RM-0025,98.3603,31.67,31.61,Accepted
5147,RCV-0005147,5661,2026-01-24,200,Received,PC-0044,278.5976,81.09,87.19,Accepted
6877,RCV-0006877,7565,2026-01-24,300,Received,RM-0064,438.5344,11.9,12.8,Accepted
7022,RCV-0007022,7724,2026-01-24,300,Received,PC-0040,145.2442,72.9,74.09,Accepted
8751,RCV-0008751,9628,2026-01-24,300,Received,RM-0061,282.8889,35.14,35.71,Accepted
9794,RCV-0009794,10776,2026-01-24,100,Received,PC-0087,292.8444,134.68,126.46,Accepted
9938,RCV-0009938,10935,2026-01-24,200,Received,RM-0096,248.4403,13.15,13.61,Accepted
11518,RCV-0011518,12680,2026-01-24,200,Received,RM-0103,68.4981,20.6,19.34,Accepted
11662,RCV-0011662,12839,2026-01-24,100,Received,PC-0084,400.4847,112.67,116.64,Accepted
11807,RCV-0011807,12998,2026-01-24,300,Received,RM-0092,112.2266,36.42,35.71,Hold
1579,RCV-0001579,1736,2026-01-25,100,Received,RM-0015,479.7553,22.21,23.43,Accepted
1724,RCV-0001724,1895,2026-01-25,200,Received,RM-0127,262.5178,13.64,13.61,Accepted
1869,RCV-0001869,2054,2026-01-25,300,Received,RM-0005,174.2446,16.1,15.25,Accepted
4498,RCV-0004498,4947,2026-01-25,100,Received,PC-0027,498.9002,123.69,133.0,Hold
4787,RCV-0004787,5265,2026-01-25,300,Received,PC-0015,292.8547,97.29,93.73,Accepted
6373,RCV-0006373,7010,2026-01-25,200,Received,PC-0022,31.5564,114.77,116.64,Accepted
6517,RCV-0006517,7169,2026-01-25,100,Received,RM-0042,320.6988,20.93,20.16,Accepted
6662,RCV-0006662,7328,2026-01-25,100,Received,PC-0012,56.8215,78.79,83.91,Accepted
9290,RCV-0009290,10221,2026-01-25,100,Received,RM-0081,238.2032,25.8,26.71,Accepted
9434,RCV-0009434,10380,2026-01-25,300,Received,PC-0061,362.2922,145.68,142.82,Accepted
9579,RCV-0009579,10539,2026-01-25,100,Received,RM-0072,780.9896,20.77,19.34,Accepted
11161,RCV-0011161,12284,2026-01-25,100,Received,RM-0078,116.804,24.74,24.25,Accepted
11450,RCV-0011450,12602,2026-01-25,100,Received,RM-0069,221.1227,16.47,16.89,Accepted
1220,RCV-0001220,1340,2026-01-26,200,Received,PC-0090,347.7457,143.91,136.28,Accepted
1364,RCV-0001364,1499,2026-01-26,200,Received,RM-0100,95.2976,16.16,16.89,Accepted
1509,RCV-0001509,1658,2026-01-26,200,Received,PC-0081,211.819,108.0,106.82,Accepted
4139,RCV-0004139,4551,2026-01-26,300,Received,RM-0147,466.3011,31.12,29.98,Accepted
4284,RCV-0004284,4710,2026-01-26,200,Received,RM-0022,438.3227,27.38,29.16,Accepted
4427,RCV-0004427,4869,2026-01-26,100,Received,RM-0137,81.3583,21.65,21.8,Accepted
6013,RCV-0006013,6614,2026-01-26,100,Received,RM-0144,292.5042,25.84,27.52,Accepted
6159,RCV-0006159,6773,2026-01-26,200,Received,RM-0019,263.8094,26.52,26.71,Accepted
6303,RCV-0006303,6932,2026-01-26,300,Received,RM-0133,156.1591,19.39,18.52,Accepted
8930,RCV-0008930,9825,2026-01-26,300,Received,RM-0058,766.5025,35.71,33.25,Accepted
9074,RCV-0009074,9984,2026-01-26,300,Received,PC-0033,71.889,49.91,51.19,Accepted
10802,RCV-0010802,11888,2026-01-26,200,Received,RM-0055,67.4534,30.03,30.8,Accepted
10946,RCV-0010946,12047,2026-01-26,300,Received,PC-0028,272.9902,140.23,136.28,Accepted
11987,RCV-0011987,13195,2026-01-26,200,Received,RM-0089,318.9318,31.82,33.25,Accepted
858,RCV-0000858,944,2026-01-27,300,Received,PC-0064,172.799,51.75,51.19,Accepted
1005,RCV-0001005,1103,2026-01-27,100,Received,RM-0075,481.6373,23.22,21.8,Accepted
2049,RCV-0002049,2251,2026-01-27,200,Received,RM-0002,54.033,12.71,12.8,Accepted
3778,RCV-0003778,4155,2026-01-27,200,Received,RM-0120,423.96,33.02,33.25,Accepted
3923,RCV-0003923,4314,2026-01-27,300,Received,PC-0098,98.6868,63.87,61.0,Accepted
4067,RCV-0004067,4473,2026-01-27,300,Received,RM-0109,451.0975,22.99,24.25,Accepted
5652,RCV-0005652,6218,2026-01-27,100,Received,RM-0116,167.3566,31.39,29.98,Accepted
6696,RCV-0006696,7366,2026-01-27,100,Received,RM-0039,792.2917,17.27,17.71,Accepted
6841,RCV-0006841,7525,2026-01-27,200,Received,PC-0008,344.7169,72.87,70.82,Accepted
8570,RCV-0008570,9429,2026-01-27,100,Received,RM-0036,25.0824,15.69,15.25,Accepted
8715,RCV-0008715,9588,2026-01-27,200,Received,PC-0003,389.1012,50.65,54.46,Accepted
8859,RCV-0008859,9747,2026-01-27,200,Received,RM-0027,301.5058,32.72,33.25,Accepted
11340,RCV-0011340,12481,2026-01-27,200,Received,RM-0074,489.3968,20.08,20.98,Accepted
11484,RCV-0011484,12640,2026-01-27,300,Received,PC-0053,252.728,117.92,116.64,Accepted
11627,RCV-0011627,12799,2026-01-27,100,Received,RM-0066,75.8764,15.37,14.43,Accepted
13355,RCV-0013355,14703,2026-01-27,100,Received,PC-0050,476.3715,113.76,106.82,Accepted
13501,RCV-0013501,14862,2026-01-27,100,Received,RM-0063,347.097,11.57,11.98,Accepted
1400,RCV-0001400,1537,2026-01-28,300,Received,PC-0086,669.2136,122.33,123.19,Accepted
1544,RCV-0001544,1696,2026-01-28,100,Received,RM-0096,102.3697,14.25,13.61,Accepted
1688,RCV-0001688,1855,2026-01-28,300,Received,PC-0077,112.1604,88.86,93.73,Accepted
3418,RCV-0003418,3759,2026-01-28,200,Received,RM-0092,656.435,33.85,35.71,Accepted
3563,RCV-0003563,3918,2026-01-28,200,Received,PC-0074,183.1524,84.08,83.91,Accepted
3708,RCV-0003708,4077,2026-01-28,200,Received,RM-0083,453.5331,29.93,28.34,Accepted
6194,RCV-0006194,6811,2026-01-28,100,Received,RM-0140,221.7525,24.95,24.25,Accepted
6337,RCV-0006337,6970,2026-01-28,200,Received,RM-0016,245.6723,22.55,24.25,Accepted
6482,RCV-0006482,7129,2026-01-28,300,Received,RM-0129,323.9697,15.01,15.25,Accepted
8210,RCV-0008210,9033,2026-01-28,200,Received,RM-0013,442.8832,21.45,21.8,Accepted
8356,RCV-0008356,9192,2026-01-28,200,Received,RM-0125,374.1331,12.44,11.98,Accepted
8499,RCV-0008499,9351,2026-01-28,100,Received,RM-0004,294.4915,13.55,14.43,Accepted
10981,RCV-0010981,12085,2026-01-28,100,Received,RM-0052,731.8184,30.18,28.34,Accepted
11126,RCV-0011126,12244,2026-01-28,300,Received,PC-0024,162.206,119.0,123.19,Accepted
11269,RCV-0011269,12403,2026-01-28,200,Received,RM-0043,617.032,21.4,20.98,Accepted
12996,RCV-0012996,14307,2026-01-28,100,Received,PC-0020,178.5202,112.29,110.09,Accepted
13142,RCV-0013142,14466,2026-01-28,200,Received,RM-0040,506.7508,19.89,18.52,Accepted
1040,RCV-0001040,1141,2026-01-29,200,Received,PC-0061,157.1638,135.39,142.82,Accepted
1185,RCV-0001185,1300,2026-01-29,300,Received,RM-0071,181.4363,18.56,18.52,Accepted
1329,RCV-0001329,1459,2026-01-29,100,Received,PC-0051,151.8314,116.26,110.09,Accepted
3060,RCV-0003060,3363,2026-01-29,300,Received,RM-0068,836.372,16.97,16.07,Accepted
3202,RCV-0003202,3522,2026-01-29,200,Received,PC-0046,145.849,89.7,93.73,Accepted
5833,RCV-0005833,6415,2026-01-29,100,Received,RM-0112,347.3408,26.28,26.71,Accepted
5978,RCV-0005978,6574,2026-01-29,300,Received,PC-0091,193.7829,144.85,139.55,Accepted
6122,RCV-0006122,6733,2026-01-29,100,Received,RM-0102,260.8673,17.39,18.52,Accepted
7852,RCV-0007852,8637,2026-01-29,100,Received,PC-0088,598.3132,121.82,129.73,Accepted
8893,RCV-0008893,9785,2026-01-29,200,Received,RM-0149,227.4142,32.24,31.61,Accepted
10620,RCV-0010620,11689,2026-01-29,300,Received,RM-0029,256.9688,35.59,34.89,Accepted
10765,RCV-0010765,11848,2026-01-29,100,Received,RM-0146,587.6143,31.32,29.16,Accepted
10909,RCV-0010909,12007,2026-01-29,300,Received,RM-0020,434.759,26.83,27.52,Accepted
13536,RCV-0013536,14900,2026-01-29,100,Received,PC-0045,318.4368,90.64,90.46,Accepted
679,RCV-0000679,745,2026-01-30,200,Received,PC-0033,268.3707,54.06,51.19,Accepted
822,RCV-0000822,904,2026-01-30,300,Received,RM-0049,133.2569,24.78,25.89,Accepted
968,RCV-0000968,1063,2026-01-30,100,Received,PC-0021,282.386,114.62,113.37,Accepted
3743,RCV-0003743,4115,2026-01-30,100,Received,PC-0070,552.9897,66.5,70.82,Accepted
5472,RCV-0005472,6019,2026-01-30,200,Received,RM-0085,275.1974,28.15,29.98,Accepted
5616,RCV-0005616,6178,2026-01-30,100,Received,PC-0066,176.5834,57.33,57.73,Accepted
5760,RCV-0005760,6337,2026-01-30,300,Received,RM-0076,108.8811,23.67,22.61,Accepted
8245,RCV-0008245,9071,2026-01-30,300,Received,RM-0132,378.6079,18.06,17.71,Accepted
8390,RCV-0008390,9230,2026-01-30,200,Received,RM-0009,158.3371,19.89,18.52,Accepted
8534,RCV-0008534,9389,2026-01-30,100,Received,RM-0122,98.336,34.02,34.89,Accepted
10406,RCV-0010406,11452,2026-01-30,300,Received,RM-0118,479.5067,32.53,31.61,Accepted
10551,RCV-0010551,11611,2026-01-30,100,Received,PC-0097,346.4876,53.69,57.73,Accepted
13032,RCV-0013032,14345,2026-01-30,200,Received,RM-0045,262.3029,23.88,22.61,Accepted
13176,RCV-0013176,14504,2026-01-30,100,Received,PC-0016,340.4122,92.83,97.0,Accepted
13320,RCV-0013320,14663,2026-01-30,200,Received,RM-0037,115.5026,16.25,16.07,Accepted
319,RCV-0000319,349,2026-01-31,100,Received,PC-0003,147.1507,55.06,54.46,Accepted
463,RCV-0000463,508,2026-01-31,100,Received,RM-0027,219.4294,35.41,33.25,Accepted
3095,RCV-0003095,3401,2026-01-31,200,Received,PC-0053,136.8505,109.52,116.64,Accepted
3237,RCV-0003237,3560,2026-01-31,300,Received,RM-0065,75.1748,13.51,13.61,Accepted
3382,RCV-0003382,3719,2026-01-31,100,Received,PC-0042,549.2345,84.43,80.64,Accepted
5113,RCV-0005113,5623,2026-01-31,300,Received,RM-0062,50.1245,11.68,11.16,Accepted
5258,RCV-0005258,5782,2026-01-31,300,Received,PC-0038,484.2462,64.04,67.55,Accepted
5401,RCV-0005401,5941,2026-01-31,200,Received,RM-0054,436.6254,30.04,29.98,Accepted
7886,RCV-0007886,8675,2026-01-31,200,Received,RM-0104,214.4259,19.66,20.16,Accepted
8031,RCV-0008031,8834,2026-01-31,100,Received,PC-0085,211.6161,123.39,119.91,Accepted
9904,RCV-0009904,10897,2026-01-31,300,Received,PC-0081,499.5304,99.34,106.82,Accepted
10047,RCV-0010047,11056,2026-01-31,300,Received,RM-0090,283.6439,33.52,34.07,Accepted
11089,RCV-0011089,12204,2026-01-31,300,Received,RM-0017,534.1631,26.7,25.07,Accepted
12672,RCV-0012672,13949,2026-01-31,300,Received,RM-0022,613.3899,29.48,29.16,Accepted
12816,RCV-0012816,14108,2026-01-31,300,Received,RM-0137,75.3033,23.22,21.8,Accepted
12960,RCV-0012960,14267,2026-01-31,300,Received,RM-0014,465.055,21.84,22.61,Accepted
104,RCV-0000104,112,2026-02-01,300,Received,RM-0003,521.8889,13.88,13.61,Accepted
1148,RCV-0001148,1260,2026-02-01,300,Received,PC-0016,71.0984,91.96,97.0,Accepted
2735,RCV-0002735,3005,2026-02-01,100,Received,PC-0024,474.1117,128.98,123.19,Accepted
2879,RCV-0002879,3164,2026-02-01,100,Received,RM-0043,24.0045,19.89,20.98,Accepted
3024,RCV-0003024,3323,2026-02-01,200,Received,PC-0013,478.373,87.36,87.19,Accepted
4752,RCV-0004752,5227,2026-02-01,100,Received,RM-0040,367.2486,18.56,18.52,Accepted
5794,RCV-0005794,6375,2026-02-01,100,Received,PC-0063,247.586,44.56,47.91,Accepted
5942,RCV-0005942,6534,2026-02-01,200,Received,RM-0073,188.9435,19.84,20.16,Accepted
7527,RCV-0007527,8279,2026-02-01,100,Received,RM-0079,349.7617,23.32,25.07,Accepted
7672,RCV-0007672,8438,2026-02-01,100,Received,PC-0059,365.7421,134.1,136.28,Accepted
7816,RCV-0007816,8597,2026-02-01,100,Received,RM-0070,438.7767,18.38,17.71,Accepted
10440,RCV-0010440,11490,2026-02-01,300,Received,RM-0002,41.3902,13.63,12.8,Accepted
10585,RCV-0010585,11649,2026-02-01,200,Received,RM-0113,95.4907,26.58,27.52,Accepted
10730,RCV-0010730,11808,2026-02-01,300,Received,PC-0093,253.0101,45.53,44.64,Accepted
12311,RCV-0012311,13553,2026-02-01,100,Received,PC-0099,59.0453,62.09,64.28,Accepted
12455,RCV-0012455,13712,2026-02-01,100,Received,RM-0110,281.4205,25.57,25.07,Accepted
12600,RCV-0012600,13871,2026-02-01,100,Received,PC-0090,361.6588,146.36,136.28,Hold
498,RCV-0000498,546,2026-02-02,100,Received,RM-0149,232.9982,29.97,31.61,Accepted
643,RCV-0000643,705,2026-02-02,200,Received,RM-0023,240.2729,30.04,29.98,Accepted
787,RCV-0000787,864,2026-02-02,200,Received,RM-0138,480.2937,23.88,22.61,Accepted
2374,RCV-0002374,2609,2026-02-02,200,Received,RM-0145,172.196,28.4,28.34,Accepted
2518,RCV-0002518,2768,2026-02-02,200,Received,RM-0020,469.8342,29.06,27.52,Accepted
2663,RCV-0002663,2927,2026-02-02,100,Received,RM-0135,220.2519,19.29,20.16,Accepted
5292,RCV-0005292,5820,2026-02-02,300,Received,RM-0059,530.2347,33.52,34.07,Hold
5437,RCV-0005437,5979,2026-02-02,300,Received,PC-0035,228.6254,59.92,57.73,Accepted
5581,RCV-0005581,6138,2026-02-02,100,Received,RM-0051,647.7133,25.84,27.52,Accepted
7166,RCV-0007166,7883,2026-02-02,200,Received,RM-0056,761.2805,32.81,31.61,Accepted
7311,RCV-0007311,8042,2026-02-02,300,Received,PC-0030,547.2015,134.11,142.82,Accepted
7456,RCV-0007456,8201,2026-02-02,200,Received,RM-0047,269.9306,24.08,24.25,Accepted
10082,RCV-0010082,11094,2026-02-02,100,Received,PC-0078,422.5571,98.94,97.0,Accepted
10226,RCV-0010226,11253,2026-02-02,100,Received,RM-0087,198.6332,33.95,31.61,Accepted
10369,RCV-0010369,11412,2026-02-02,200,Received,PC-0067,408.0713,59.48,61.0,Accepted
11952,RCV-0011952,13157,2026-02-02,100,Received,PC-0075,374.0874,93.64,87.19,Accepted
12098,RCV-0012098,13316,2026-02-02,300,Received,RM-0083,216.3323,27.63,28.34,Accepted
12241,RCV-0012241,13475,2026-02-02,200,Received,PC-0064,839.6821,52.67,51.19,Accepted
13140,RCV-0013140,14464,2026-02-02,300,Received,RM-0010,168.4085,20.42,19.34,Accepted
139,RCV-0000139,150,2026-02-03,300,Received,RM-0121,51.384,35.98,34.07,Accepted
284,RCV-0000284,309,2026-02-03,300,Received,PC-0099,279.4329,61.52,64.28,Accepted
427,RCV-0000427,468,2026-02-03,300,Received,RM-0110,185.1124,25.35,25.07,Accepted
2014,RCV-0002014,2213,2026-02-03,100,Received,RM-0118,463.1864,30.25,31.61,Accepted
2159,RCV-0002159,2372,2026-02-03,300,Received,PC-0096,336.6097,55.06,54.46,Accepted
2302,RCV-0002302,2531,2026-02-03,100,Received,RM-0107,209.41,24.08,22.61,Accepted
4932,RCV-0004932,5424,2026-02-03,100,Received,RM-0037,249.4765,15.09,16.07,Accepted
5076,RCV-0005076,5583,2026-02-03,100,Received,PC-0005,374.7698,60.57,61.0,Accepted
5222,RCV-0005222,5742,2026-02-03,200,Received,RM-0028,484.1053,35.67,34.07,Accepted
6807,RCV-0006807,7487,2026-02-03,300,Received,RM-0033,225.0211,12.71,12.8,Accepted
6951,RCV-0006951,7646,2026-02-03,200,Received,RM-0150,75.8671,33.95,32.43,Accepted
7994,RCV-0007994,8794,2026-02-03,100,Received,RM-0067,584.9434,14.87,15.25,Accepted
9723,RCV-0009723,10698,2026-02-03,200,Received,PC-0051,54.0593,107.34,110.09,Accepted
9867,RCV-0009867,10857,2026-02-03,100,Received,RM-0064,405.3771,13.17,12.8,Accepted
10011,RCV-0010011,11016,2026-02-03,100,Received,PC-0040,290.9697,68.9,74.09,Accepted
11592,RCV-0011592,12761,2026-02-03,100,Received,PC-0047,341.6726,99.81,97.0,Accepted
12635,RCV-0012635,13909,2026-02-03,200,Received,RM-0106,285.6913,20.86,21.8,Accepted
12780,RCV-0012780,14068,2026-02-03,200,Received,PC-0086,52.3323,124.55,123.19,Accepted
67,RCV-0000067,72,2026-02-04,200,Received,RM-0084,176.0249,28.17,29.16,Accepted
2698,RCV-0002698,2965,2026-02-04,200,Received,RM-0017,205.5824,24.89,25.07,Accepted
2844,RCV-0002844,3124,2026-02-04,100,Received,RM-0131,314.8822,17.68,16.89,Accepted
4572,RCV-0004572,5028,2026-02-04,200,Received,RM-0014,49.7321,23.67,22.61,Accepted
4716,RCV-0004716,5187,2026-02-04,300,Received,RM-0126,320.3276,12.13,12.8,Accepted
4860,RCV-0004860,5346,2026-02-04,100,Received,RM-0005,411.2557,15.28,15.25,Accepted
7345,RCV-0007345,8080,2026-02-04,200,Received,RM-0053,52.3336,28.43,29.16,Accepted
7491,RCV-0007491,8239,2026-02-04,100,Received,PC-0026,199.4299,133.49,129.73,Accepted
7636,RCV-0007636,8398,2026-02-04,200,Received,RM-0044,242.4213,20.27,21.8,Accepted
9363,RCV-0009363,10302,2026-02-04,200,Received,PC-0021,351.234,105.43,113.37,Accepted
9508,RCV-0009508,10461,2026-02-04,200,Received,RM-0041,304.6676,19.03,19.34,Accepted
9652,RCV-0009652,10620,2026-02-04,100,Received,PC-0011,496.9139,83.7,80.64,Accepted
12132,RCV-0012132,13354,2026-02-04,300,Received,PC-0070,307.3397,71.6,70.82,Accepted
12276,RCV-0012276,13513,2026-02-04,200,Received,RM-0080,259.677,27.57,25.89,Accepted
12419,RCV-0012419,13672,2026-02-04,100,Received,PC-0061,549.1204,137.96,142.82,Accepted
2194,RCV-0002194,2410,2026-02-05,100,Received,RM-0113,379.4556,28.81,27.52,Accepted
2338,RCV-0002338,2569,2026-02-05,100,Received,PC-0093,172.4629,42.32,44.64,Accepted
2482,RCV-0002482,2728,2026-02-05,200,Received,RM-0103,68.4981,19.38,19.34,Accepted
4212,RCV-0004212,4632,2026-02-05,300,Received,PC-0089,323.9556,133.27,133.0,Accepted
4356,RCV-0004356,4791,2026-02-05,200,Received,RM-0099,192.6047,16.97,16.07,Accepted
4501,RCV-0004501,4950,2026-02-05,200,Received,PC-0080,51.5927,99.1,103.55,Accepted
6986,RCV-0006986,7684,2026-02-05,300,Received,RM-0030,702.1914,33.21,35.71,Accepted
7275,RCV-0007275,8002,2026-02-05,300,Received,RM-0021,25.1177,29.42,28.34,Accepted
9004,RCV-0009004,9906,2026-02-05,200,Received,RM-0143,731.3373,27.72,26.71,Accepted
9148,RCV-0009148,10065,2026-02-05,300,Received,RM-0018,467.6659,24.31,25.89,Accepted
10045,RCV-0010045,11054,2026-02-05,100,Received,RM-0061,78.787,34.5,35.71,Accepted
11772,RCV-0011772,12958,2026-02-05,200,Received,PC-0042,159.8057,77.9,80.64,Accepted
11916,RCV-0011916,13117,2026-02-05,300,Received,RM-0057,505.3175,33.08,32.43,Accepted
12061,RCV-0012061,13276,2026-02-05,100,Received,PC-0033,368.1188,54.98,51.19,Accepted
1834,RCV-0001834,2014,2026-02-06,300,Received,RM-0086,666.0621,30.86,30.8,Accepted
1978,RCV-0001978,2173,2026-02-06,100,Received,PC-0067,499.9286,64.42,61.0,Accepted
2123,RCV-0002123,2332,2026-02-06,100,Received,RM-0078,116.804,23.21,24.25,Accepted
3852,RCV-0003852,4236,2026-02-06,100,Received,PC-0064,30.8541,48.99,51.19,Accepted
4894,RCV-0004894,5384,2026-02-06,200,Received,RM-0123,169.4731,37.07,35.71,Accepted
6626,RCV-0006626,7288,2026-02-06,200,Received,RM-0007,157.5636,17.53,16.89,Accepted
6771,RCV-0006771,7447,2026-02-06,300,Received,RM-0119,512.1971,30.45,32.43,Accepted
6914,RCV-0006914,7606,2026-02-06,100,Received,PC-0098,658.9347,60.57,61.0,Accepted
9542,RCV-0009542,10499,2026-02-06,100,Received,PC-0017,202.3515,102.29,100.28,Accepted
9688,RCV-0009688,10658,2026-02-06,200,Received,RM-0038,332.3719,18.14,16.89,Accepted
11413,RCV-0011413,12562,2026-02-06,300,Received,PC-0013,129.8747,93.64,87.19,Accepted
11555,RCV-0011555,12721,2026-02-06,100,Received,RM-0035,613.6465,14.07,14.43,Accepted
1473,RCV-0001473,1618,2026-02-07,300,Received,RM-0063,437.2219,11.46,11.98,Accepted
1616,RCV-0001616,1777,2026-02-07,300,Received,PC-0039,136.412,71.6,70.82,Accepted
1761,RCV-0001761,1936,2026-02-07,200,Received,RM-0055,67.4534,32.8,30.8,Accepted
4246,RCV-0004246,4670,2026-02-07,100,Received,RM-0106,99.4164,22.63,21.8,Accepted
4392,RCV-0004392,4829,2026-02-07,100,Received,PC-0086,118.8444,115.68,123.19,Accepted
4537,RCV-0004537,4988,2026-02-07,100,Received,RM-0095,281.2527,12.71,12.8,Accepted
6267,RCV-0006267,6892,2026-02-07,300,Received,PC-0082,230.2061,109.32,110.09,Accepted
6410,RCV-0006410,7051,2026-02-07,300,Received,RM-0091,325.2771,36.53,34.89,Accepted
6555,RCV-0006555,7210,2026-02-07,300,Received,PC-0073,415.4218,76.45,80.64,Accepted
9039,RCV-0009039,9944,2026-02-07,300,Received,RM-0023,279.4404,32.2,29.98,Accepted
9183,RCV-0009183,10103,2026-02-07,100,Received,RM-0139,213.2406,22.84,23.43,Accepted
9326,RCV-0009326,10262,2026-02-07,300,Received,RM-0015,206.4002,24.11,23.43,Accepted
11055,RCV-0011055,12166,2026-02-07,200,Received,RM-0135,288.9839,20.74,20.16,Accepted
11199,RCV-0011199,12325,2026-02-07,100,Received,RM-0012,825.2527,19.51,20.98,Accepted
12239,RCV-0012239,13473,2026-02-07,100,Received,PC-0028,254.0645,137.78,136.28,Accepted
1113,RCV-0001113,1222,2026-02-08,100,Received,RM-0041,222.1223,20.6,19.34,Accepted
1257,RCV-0001257,1381,2026-02-08,300,Received,PC-0010,408.0588,74.74,77.37,Accepted
1403,RCV-0001403,1540,2026-02-08,300,Received,RM-0032,1477.499,12.22,11.98,Accepted
2301,RCV-0002301,2529,2026-02-08,200,Received,RM-0074,489.3968,21.97,20.98,Accepted
3888,RCV-0003888,4274,2026-02-08,100,Received,RM-0080,600.2317,25.71,25.89,Accepted
4031,RCV-0004031,4433,2026-02-08,100,Received,PC-0060,642.9783,146.11,139.55,Accepted
4176,RCV-0004176,4592,2026-02-08,100,Received,RM-0071,555.8953,17.56,18.52,Accepted
5907,RCV-0005907,6496,2026-02-08,200,Received,PC-0056,78.9301,119.88,126.46,Accepted
6051,RCV-0006051,6655,2026-02-08,100,Received,RM-0068,397.8418,16.1,16.07,Accepted
6949,RCV-0006949,7644,2026-02-08,100,Received,RM-0115,331.1719,30.01,29.16,Accepted
7094,RCV-0007094,7803,2026-02-08,100,Received,PC-0095,275.2117,47.61,51.19,Accepted
8679,RCV-0008679,9548,2026-02-08,100,Received,PC-0100,205.0999,69.51,67.55,Accepted
8822,RCV-0008822,9707,2026-02-08,100,Received,RM-0111,128.1103,24.08,25.89,Accepted
8968,RCV-0008968,9866,2026-02-08,100,Received,PC-0091,179.1119,137.32,139.55,Accepted
10694,RCV-0010694,11770,2026-02-08,200,Received,RM-0107,507.9276,22.25,22.61,Accepted
11590,RCV-0011590,12759,2026-02-08,300,Received,PC-0009,40.8363,74.9,74.09,Accepted
11735,RCV-0011735,12918,2026-02-08,100,Received,RM-0032,41.3805,12.76,11.98,Accepted
11881,RCV-0011881,13077,2026-02-08,200,Received,RM-0148,271.7584,29.75,30.8,Accepted
13465,RCV-0013465,14822,2026-02-08,200,Received,PC-0005,183.6548,64.97,61.0,Accepted
13610,RCV-0013610,14981,2026-02-08,300,Received,RM-0028,270.111,32.91,34.07,Accepted
752,RCV-0000752,826,2026-02-09,200,Received,RM-0018,485.7123,26.41,25.89,Accepted
1797,RCV-0001797,1974,2026-02-09,300,Received,PC-0036,198.0812,57.83,61.0,Accepted
1942,RCV-0001942,2133,2026-02-09,100,Received,RM-0052,731.8184,28.4,28.34,Accepted
3527,RCV-0003527,3878,2026-02-09,200,Received,RM-0057,186.8055,30.74,32.43,Accepted
3672,RCV-0003672,4037,2026-02-09,100,Received,PC-0032,322.0296,48.01,47.91,Accepted
3816,RCV-0003816,4196,2026-02-09,300,Received,RM-0048,141.8241,26.47,25.07,Accepted
6444,RCV-0006444,7089,2026-02-09,100,Received,PC-0079,242.0542,93.26,100.28,Accepted
6590,RCV-0006590,7248,2026-02-09,100,Received,RM-0088,78.4546,31.91,32.43,Accepted
6734,RCV-0006734,7407,2026-02-09,100,Received,PC-0069,26.2014,70.12,67.55,Accepted
8320,RCV-0008320,9152,2026-02-09,100,Received,PC-0076,215.1244,89.01,90.46,Accepted
8463,RCV-0008463,9311,2026-02-09,300,Received,RM-0084,72.5592,30.27,29.16,Accepted
8607,RCV-0008607,9470,2026-02-09,200,Received,PC-0065,218.6846,51.14,54.46,Accepted
11234,RCV-0011234,12363,2026-02-09,200,Received,RM-0131,137.5135,16.32,16.89,Accepted
11378,RCV-0011378,12522,2026-02-09,300,Received,RM-0008,94.5588,18.06,17.71,Accepted
11519,RCV-0011519,12681,2026-02-09,200,Received,RM-0121,132.1318,36.59,34.07,Accepted
13105,RCV-0013105,14426,2026-02-09,100,Received,RM-0127,215.551,13.88,13.61,Accepted
13248,RCV-0013248,14585,2026-02-09,200,Received,RM-0005,550.3567,16.38,15.25,Accepted
13393,RCV-0013393,14744,2026-02-09,200,Received,RM-0117,289.5036,30.03,30.8,Hold
1293,RCV-0001293,1419,2026-02-10,100,Received,RM-0038,471.9768,16.92,16.89,Accepted
1438,RCV-0001438,1578,2026-02-10,100,Received,PC-0006,93.5147,67.88,64.28,Accepted
1580,RCV-0001580,1737,2026-02-10,300,Received,RM-0029,256.9688,33.39,34.89,Accepted
3166,RCV-0003166,3482,2026-02-10,300,Received,RM-0034,631.5138,14.37,13.61,Accepted
3309,RCV-0003309,3641,2026-02-10,100,Received,PC-0002,242.9371,48.99,51.19,Accepted
3456,RCV-0003456,3800,2026-02-10,100,Received,RM-0026,580.0569,32.79,32.43,Accepted
6231,RCV-0006231,6852,2026-02-10,100,Received,RM-0065,207.2683,12.78,13.61,Accepted
6374,RCV-0006374,7011,2026-02-10,100,Received,PC-0041,225.9198,76.83,77.37,Accepted
7959,RCV-0007959,8756,2026-02-10,300,Received,PC-0048,309.269,94.16,100.28,Accepted
8104,RCV-0008104,8915,2026-02-10,100,Received,RM-0062,648.3587,11.08,11.16,Accepted
9146,RCV-0009146,10063,2026-02-10,200,Received,PC-0087,1043.2546,135.82,126.46,Accepted
10873,RCV-0010873,11967,2026-02-10,300,Received,RM-0103,377.8817,20.77,19.34,Accepted
11018,RCV-0011018,12126,2026-02-10,200,Received,PC-0084,214.6393,113.72,116.64,Accepted
11162,RCV-0011162,12285,2026-02-10,100,Received,RM-0093,142.199,11.48,11.16,Accepted
932,RCV-0000932,1023,2026-02-11,200,Received,RM-0015,368.2559,22.42,23.43,Accepted
1077,RCV-0001077,1182,2026-02-11,300,Received,RM-0127,73.7841,13.76,13.61,Accepted
1221,RCV-0001221,1341,2026-02-11,100,Received,RM-0006,727.8334,17.11,16.07,Accepted
2808,RCV-0002808,3086,2026-02-11,300,Received,RM-0011,329.9743,20.38,20.16,Accepted
2952,RCV-0002952,3245,2026-02-11,200,Received,RM-0124,75.6345,11.89,11.16,Accepted
3850,RCV-0003850,4234,2026-02-11,300,Received,PC-0027,161.5101,124.89,133.0,Accepted
5724,RCV-0005724,6297,2026-02-11,100,Received,PC-0023,221.8927,119.07,119.91,Accepted
5870,RCV-0005870,6456,2026-02-11,200,Received,RM-0042,73.5286,21.11,20.16,Accepted
6014,RCV-0006014,6615,2026-02-11,300,Received,PC-0012,107.7466,79.55,83.91,Accepted
7601,RCV-0007601,8360,2026-02-11,100,Received,PC-0019,201.7675,111.84,106.82,Accepted
8497,RCV-0008497,9349,2026-02-11,100,Received,PC-0072,522.3952,83.1,77.37,Accepted
8643,RCV-0008643,9508,2026-02-11,200,Received,RM-0081,141.5387,26.04,26.71,Accepted
8787,RCV-0008787,9667,2026-02-11,100,Received,PC-0062,87.0385,45.93,44.64,Accepted
10514,RCV-0010514,11571,2026-02-11,200,Received,RM-0078,133.9887,24.95,24.25,Accepted
10803,RCV-0010803,11889,2026-02-11,200,Received,RM-0069,526.2337,16.62,16.89,Accepted
13284,RCV-0013284,14623,2026-02-11,300,Received,RM-0123,144.7876,34.17,35.71,Accepted
13429,RCV-0013429,14782,2026-02-11,100,Received,RM-0002,606.3585,12.94,12.8,Accepted
13574,RCV-0013574,14941,2026-02-11,300,Received,RM-0112,55.7771,28.45,26.71,Accepted
572,RCV-0000572,627,2026-02-12,300,Received,PC-0090,189.8063,145.14,136.28,Accepted
715,RCV-0000715,786,2026-02-12,100,Received,RM-0101,172.6698,17.11,17.71,Accepted
859,RCV-0000859,945,2026-02-12,300,Received,PC-0081,499.5304,108.96,106.82,Accepted
3345,RCV-0003345,3679,2026-02-12,300,Received,RM-0031,159.5642,11.08,11.16,Accepted
3492,RCV-0003492,3838,2026-02-12,100,Received,RM-0148,128.1218,32.25,30.8,Accepted
3636,RCV-0003636,3997,2026-02-12,300,Received,RM-0022,613.3899,27.64,29.16,Accepted
5365,RCV-0005365,5901,2026-02-12,200,Received,RM-0144,202.5334,26.09,27.52,Accepted
5509,RCV-0005509,6060,2026-02-12,300,Received,RM-0019,425.3068,26.76,26.71,Accepted
5653,RCV-0005653,6219,2026-02-12,100,Received,RM-0134,183.3274,20.42,19.34,Accepted
8139,RCV-0008139,8953,2026-02-12,300,Received,PC-0043,290.3023,86.34,83.91,Accepted
8283,RCV-0008283,9112,2026-02-12,100,Received,RM-0059,108.1762,31.69,34.07,Accepted
8426,RCV-0008426,9271,2026-02-12,100,Received,PC-0034,25.1336,53.59,54.46,Accepted
10155,RCV-0010155,11175,2026-02-12,300,Received,RM-0055,477.7973,30.31,30.8,Accepted
10299,RCV-0010299,11334,2026-02-12,100,Received,PC-0029,200.7136,144.85,139.55,Accepted
12925,RCV-0012925,14227,2026-02-12,300,Received,RM-0095,330.1353,13.63,12.8,Accepted
13069,RCV-0013069,14386,2026-02-12,200,Received,PC-0077,293.5903,90.54,93.73,Accepted
13212,RCV-0013212,14545,2026-02-12,200,Received,RM-0086,262.8433,31.42,30.8,Accepted
211,RCV-0000211,231,2026-02-13,100,Received,PC-0065,186.8925,55.55,54.46,Accepted
357,RCV-0000357,390,2026-02-13,300,Received,RM-0075,185.0818,23.41,21.8,Accepted
2988,RCV-0002988,3283,2026-02-13,200,Received,RM-0008,249.2834,16.79,17.71,Accepted
3130,RCV-0003130,3442,2026-02-13,100,Received,RM-0121,323.0903,34.14,34.07,Accepted
3273,RCV-0003273,3601,2026-02-13,100,Received,PC-0099,59.0453,67.88,64.28,Accepted
5005,RCV-0005005,5505,2026-02-13,100,Received,RM-0117,449.1692,32.52,30.8,Accepted
6049,RCV-0006049,6653,2026-02-13,200,Received,RM-0039,142.0835,17.43,17.71,Accepted
7779,RCV-0007779,8557,2026-02-13,300,Received,PC-0014,435.8337,89.01,90.46,Accepted
7923,RCV-0007923,8716,2026-02-13,200,Received,RM-0036,303.6755,15.83,15.25,Accepted
8068,RCV-0008068,8875,2026-02-13,100,Received,PC-0004,412.9641,54.21,57.73,Accepted
10692,RCV-0010692,11768,2026-02-13,300,Received,RM-0074,53.3172,20.27,20.98,Accepted
10838,RCV-0010838,11927,2026-02-13,200,Received,PC-0054,484.8344,122.31,119.91,Accepted
12564,RCV-0012564,13831,2026-02-13,200,Received,RM-0071,184.069,18.89,18.52,Accepted
12708,RCV-0012708,13990,2026-02-13,300,Received,PC-0050,263.4445,114.72,106.82,Accepted
12852,RCV-0012852,14149,2026-02-13,200,Received,RM-0063,429.8685,11.68,11.98,Accepted
750,RCV-0000750,824,2026-02-14,100,Received,PC-0087,292.8444,126.71,126.46,Accepted
895,RCV-0000895,983,2026-02-14,200,Received,RM-0096,248.4403,14.37,13.61,Accepted
2627,RCV-0002627,2887,2026-02-14,100,Received,PC-0084,400.4847,123.17,116.64,Accepted
2772,RCV-0002772,3046,2026-02-14,300,Received,RM-0092,112.2266,34.17,35.71,Accepted
2915,RCV-0002915,3205,2026-02-14,100,Received,PC-0075,374.0874,88.15,87.19,Accepted
5399,RCV-0005399,5939,2026-02-14,300,Received,RM-0024,102.0985,30.31,30.8,Accepted
5544,RCV-0005544,6098,2026-02-14,200,Received,RM-0140,196.9716,25.17,24.25,Accepted
5688,RCV-0005688,6257,2026-02-14,300,Received,RM-0016,442.2124,22.77,24.25,Accepted
7420,RCV-0007420,8161,2026-02-14,200,Received,RM-0136,162.2443,19.7,20.98,Accepted
7563,RCV-0007563,8320,2026-02-14,300,Received,RM-0013,347.9794,21.65,21.8,Accepted
7709,RCV-0007709,8479,2026-02-14,100,Received,RM-0126,703.75,13.4,12.8,Accepted
10190,RCV-0010190,11213,2026-02-14,100,Received,PC-0037,558.3625,65.57,64.28,Accepted
10334,RCV-0010334,11372,2026-02-14,300,Received,RM-0052,155.2205,30.44,28.34,Accepted
10478,RCV-0010478,11531,2026-02-14,100,Received,PC-0025,247.3241,123.3,126.46,Accepted
12204,RCV-0012204,13435,2026-02-14,100,Received,RM-0049,672.9061,25.24,25.89,Accepted
12347,RCV-0012347,13594,2026-02-14,300,Received,PC-0020,522.4204,113.28,110.09,Accepted
12493,RCV-0012493,13753,2026-02-14,300,Received,RM-0040,803.8461,17.22,18.52,Accepted
247,RCV-0000247,269,2026-02-15,100,Received,RM-0081,238.2032,28.21,26.71,Accepted
392,RCV-0000392,428,2026-02-15,300,Received,PC-0061,362.2922,136.68,142.82,Accepted
536,RCV-0000536,587,2026-02-15,100,Received,RM-0072,780.9896,19.55,19.34,Accepted
2266,RCV-0002266,2491,2026-02-15,100,Received,PC-0058,279.8701,134.46,133.0,Accepted
2410,RCV-0002410,2650,2026-02-15,100,Received,RM-0069,221.1227,17.99,16.89,Accepted
2555,RCV-0002555,2809,2026-02-15,100,Received,PC-0047,341.6726,93.7,97.0,Accepted
5186,RCV-0005186,5702,2026-02-15,200,Received,RM-0112,385.6646,26.52,26.71,Accepted
5329,RCV-0005329,5861,2026-02-15,100,Received,PC-0092,103.2019,149.53,142.82,Accepted
7059,RCV-0007059,7765,2026-02-15,200,Received,RM-0108,69.5395,24.53,23.43,Accepted
7204,RCV-0007204,7924,2026-02-15,100,Received,PC-0089,519.5689,126.08,133.0,Accepted
8246,RCV-0008246,9072,2026-02-15,300,Received,RM-0149,148.4109,32.53,31.61,Accepted
9832,RCV-0009832,10817,2026-02-15,100,Received,PC-0007,234.733,65.86,67.55,Accepted
9974,RCV-0009974,10976,2026-02-15,100,Received,RM-0030,147.2127,36.75,35.71,Accepted
10118,RCV-0010118,11135,2026-02-15,200,Received,RM-0146,221.3978,27.12,29.16,Accepted
11846,RCV-0011846,13039,2026-02-15,300,Received,RM-0026,766.5467,30.16,32.43,Accepted
12888,RCV-0012888,14187,2026-02-15,200,Received,PC-0045,94.8412,91.46,90.46,Accepted
13033,RCV-0013033,14346,2026-02-15,200,Received,RM-0060,265.5478,37.16,34.89,Accepted
31,RCV-0000031,32,2026-02-16,300,Received,PC-0033,71.889,54.52,51.19,Accepted
175,RCV-0000175,191,2026-02-16,100,Received,RM-0050,485.1932,25.8,26.71,Accepted
1906,RCV-0001906,2095,2026-02-16,300,Received,PC-0028,272.9902,131.65,136.28,Accepted
3096,RCV-0003096,3402,2026-02-16,300,Received,PC-0070,307.3397,67.14,70.82,Accepted
4680,RCV-0004680,5147,2026-02-16,100,Received,PC-0077,206.0063,98.14,93.73,Accepted
4823,RCV-0004823,5306,2026-02-16,100,Received,RM-0086,249.6738,29.2,30.8,Accepted
4968,RCV-0004968,5465,2026-02-16,200,Received,PC-0066,168.5435,57.85,57.73,Accepted
7599,RCV-0007599,8358,2026-02-16,100,Received,RM-0133,44.0244,19.06,18.52,Accepted
7744,RCV-0007744,8517,2026-02-16,300,Received,RM-0009,947.6535,17.22,18.52,Accepted
7887,RCV-0007887,8676,2026-02-16,200,Received,RM-0122,316.2248,34.33,34.89,Accepted
9471,RCV-0009471,10421,2026-02-16,100,Received,RM-0128,246.4571,13.42,14.43,Accepted
9760,RCV-0009760,10739,2026-02-16,100,Received,RM-0119,107.5895,33.66,32.43,Accepted
12383,RCV-0012383,13632,2026-02-16,300,Received,RM-0045,349.6021,24.08,22.61,Accepted
12528,RCV-0012528,13791,2026-02-16,200,Received,PC-0016,289.1289,93.7,97.0,Accepted
12673,RCV-0012673,13950,2026-02-16,300,Received,RM-0037,211.5305,16.39,16.07,Accepted
2446,RCV-0002446,2688,2026-02-17,300,Received,PC-0053,252.728,110.57,116.64,Accepted
2591,RCV-0002591,2847,2026-02-17,100,Received,RM-0066,75.8764,14.46,14.43,Accepted
2736,RCV-0002736,3006,2026-02-17,200,Received,PC-0042,159.8057,85.16,80.64,Accepted
4320,RCV-0004320,4751,2026-02-17,100,Received,PC-0050,476.3715,107.03,106.82,Accepted
4464,RCV-0004464,4910,2026-02-17,100,Received,RM-0063,347.097,12.65,11.98,Accepted
4609,RCV-0004609,5069,2026-02-17,100,Received,PC-0039,207.7789,67.77,70.82,Accepted
7239,RCV-0007239,7962,2026-02-17,300,Received,RM-0104,424.5584,19.84,20.16,Accepted
7383,RCV-0007383,8121,2026-02-17,200,Received,PC-0085,281.8022,124.47,119.91,Accepted
9111,RCV-0009111,10025,2026-02-17,200,Received,RM-0101,258.8472,18.38,17.71,Accepted
9256,RCV-0009256,10184,2026-02-17,100,Received,PC-0082,282.8957,103.37,110.09,Accepted
9400,RCV-0009400,10343,2026-02-17,100,Received,RM-0091,46.4985,34.65,34.89,Accepted
12025,RCV-0012025,13236,2026-02-17,100,Received,RM-0023,429.5773,30.58,29.98,Accepted
12168,RCV-0012168,13395,2026-02-17,100,Received,RM-0138,326.8695,24.28,22.61,Accepted
12312,RCV-0012312,13554,2026-02-17,100,Received,RM-0015,479.7553,22.84,23.43,Accepted
2087,RCV-0002087,2292,2026-02-18,300,Received,PC-0024,162.206,130.09,123.19,Accepted
2230,RCV-0002230,2451,2026-02-18,200,Received,RM-0043,617.032,20.08,20.98,Accepted
2375,RCV-0002375,2610,2026-02-18,300,Received,PC-0013,129.8747,88.15,87.19,Accepted
3959,RCV-0003959,4355,2026-02-18,100,Received,PC-0020,178.5202,105.36,110.09,Accepted
4104,RCV-0004104,4514,2026-02-18,200,Received,RM-0040,506.7508,18.72,18.52,Accepted
5148,RCV-0005148,5662,2026-02-18,200,Received,PC-0063,139.6938,44.99,47.91,Accepted
6878,RCV-0006878,7566,2026-02-18,200,Received,RM-0079,651.143,23.54,25.07,Hold
7023,RCV-0007023,7725,2026-02-18,200,Received,PC-0059,490.8451,135.33,136.28,Accepted
7167,RCV-0007167,7884,2026-02-18,200,Received,RM-0070,391.7742,18.54,17.71,Accepted
8752,RCV-0008752,9629,2026-02-18,100,Received,RM-0076,332.8573,22.45,22.61,Accepted
9795,RCV-0009795,10777,2026-02-18,100,Received,RM-0003,529.8865,14.62,13.61,Accepted
9939,RCV-0009939,10936,2026-02-18,300,Received,RM-0113,149.8283,26.83,27.52,Accepted
11663,RCV-0011663,12840,2026-02-18,200,Received,PC-0099,256.142,62.67,64.28,Accepted
11808,RCV-0011808,12999,2026-02-18,200,Received,RM-0110,547.8335,25.8,25.07,Accepted
11953,RCV-0011953,13158,2026-02-18,200,Received,PC-0090,347.7457,126.74,136.28,Accepted
1725,RCV-0001725,1896,2026-02-19,100,Received,RM-0146,587.6143,29.48,29.16,Accepted
1870,RCV-0001870,2055,2026-02-19,300,Received,RM-0020,434.759,29.31,27.52,Accepted
2015,RCV-0002015,2214,2026-02-19,200,Received,RM-0135,288.9839,19.47,20.16,Accepted
4499,RCV-0004499,4948,2026-02-19,100,Received,PC-0045,318.4368,84.94,90.46,Accepted
4644,RCV-0004644,5107,2026-02-19,100,Received,RM-0060,186.802,34.65,34.89,Accepted
4788,RCV-0004788,5266,2026-02-19,100,Received,PC-0036,193.8923,63.87,61.0,Accepted
6518,RCV-0006518,7170,2026-02-19,300,Received,RM-0056,56.6494,33.1,31.61,Accepted
6663,RCV-0006663,7329,2026-02-19,200,Received,PC-0031,404.5059,42.32,44.64,Accepted
6808,RCV-0006808,7488,2026-02-19,300,Received,RM-0047,158.4958,24.3,24.25,Accepted
9291,RCV-0009291,10222,2026-02-19,300,Received,RM-0096,607.6677,13.27,13.61,Accepted
9435,RCV-0009435,10381,2026-02-19,200,Received,PC-0078,187.3751,99.81,97.0,Accepted
9580,RCV-0009580,10540,2026-02-19,200,Received,RM-0087,534.6016,29.4,31.61,Accepted
11305,RCV-0011305,12444,2026-02-19,200,Received,PC-0075,66.4683,81.09,87.19,Accepted
11451,RCV-0011451,12603,2026-02-19,100,Received,RM-0084,302.4596,28.69,29.16,Accepted
11593,RCV-0011593,12762,2026-02-19,300,Received,PC-0064,172.799,53.14,51.19,Accepted
1365,RCV-0001365,1500,2026-02-20,300,Received,RM-0118,479.5067,30.54,31.61,Accepted
1510,RCV-0001510,1659,2026-02-20,100,Received,PC-0097,346.4876,58.88,57.73,Accepted
1653,RCV-0001653,1818,2026-02-20,200,Received,RM-0107,507.9276,24.28,22.61,Accepted
4140,RCV-0004140,4552,2026-02-20,100,Received,PC-0016,340.4122,101.56,97.0,Accepted
4285,RCV-0004285,4711,2026-02-20,200,Received,RM-0037,115.5026,15.23,16.07,Accepted
4428,RCV-0004428,4870,2026-02-20,200,Received,PC-0005,183.6548,61.12,61.0,Accepted
6160,RCV-0006160,6774,2026-02-20,100,Received,RM-0034,860.8593,13.64,13.61,Accepted
6304,RCV-0006304,6933,2026-02-20,300,Received,RM-0150,138.9378,34.25,32.43,Accepted
8931,RCV-0008931,9826,2026-02-20,300,Received,RM-0072,296.8576,17.99,19.34,Accepted
9075,RCV-0009075,9985,2026-02-20,300,Received,PC-0051,206.9166,108.33,110.09,Accepted
9219,RCV-0009219,10144,2026-02-20,200,Received,RM-0064,555.6502,13.29,12.8,Accepted
10947,RCV-0010947,12048,2026-02-20,300,Received,PC-0047,417.5528,100.69,97.0,Accepted
11988,RCV-0011988,13196,2026-02-20,300,Received,RM-0106,349.4156,21.06,21.8,Accepted
2050,RCV-0002050,2252,2026-02-21,300,Received,RM-0017,534.1631,25.12,25.07,Accepted
3779,RCV-0003779,4156,2026-02-21,300,Received,RM-0137,75.3033,21.84,21.8,Accepted
3924,RCV-0003924,4315,2026-02-21,300,Received,RM-0014,465.055,23.88,22.61,Accepted
4068,RCV-0004068,4474,2026-02-21,100,Received,RM-0127,215.551,13.02,13.61,Accepted
6697,RCV-0006697,7367,2026-02-21,300,Received,RM-0053,274.7644,28.69,29.16,Accepted
6842,RCV-0006842,7526,2026-02-21,200,Received,PC-0026,360.3781,134.66,129.73,Accepted
8716,RCV-0008716,9589,2026-02-21,100,Received,PC-0022,407.371,109.52,116.64,Accepted
8860,RCV-0008860,9748,2026-02-21,300,Received,RM-0041,301.1988,19.2,19.34,Accepted
11341,RCV-0011341,12482,2026-02-21,100,Received,RM-0090,722.7212,32.91,34.07,Accepted
11485,RCV-0011485,12641,2026-02-21,100,Received,PC-0071,399.9775,75.57,74.09,Accepted
11628,RCV-0011628,12800,2026-02-21,300,Received,RM-0080,511.7561,27.81,25.89,Accepted
13356,RCV-0013356,14704,2026-02-21,300,Received,PC-0066,507.6509,62.0,57.73,Accepted
13502,RCV-0013502,14863,2026-02-21,200,Received,RM-0077,256.3778,22.84,23.43,Accepted
1401,RCV-0001401,1538,2026-02-22,300,Received,RM-0002,41.3902,12.83,12.8,Accepted
1545,RCV-0001545,1697,2026-02-22,200,Received,RM-0113,95.4907,29.06,27.52,Accepted
1689,RCV-0001689,1856,2026-02-22,300,Received,PC-0093,253.0101,42.72,44.64,Accepted
3419,RCV-0003419,3760,2026-02-22,100,Received,RM-0110,281.4205,23.99,25.07,Accepted
3564,RCV-0003564,3919,2026-02-22,100,Received,PC-0090,361.6588,137.78,136.28,Accepted
3709,RCV-0003709,4078,2026-02-22,100,Received,RM-0100,902.3927,17.99,16.89,Accepted
6195,RCV-0006195,6812,2026-02-22,300,Received,PC-0008,170.047,73.51,70.82,Accepted
6338,RCV-0006338,6971,2026-02-22,100,Received,RM-0031,532.9517,10.48,11.16,Accepted
8211,RCV-0008211,9034,2026-02-22,300,Received,RM-0027,551.1853,33.02,33.25,Accepted
8357,RCV-0008357,9193,2026-02-22,300,Received,RM-0143,261.2629,27.97,26.71,Accepted
8500,RCV-0008500,9352,2026-02-22,100,Received,RM-0019,214.193,25.32,26.71,Accepted
10982,RCV-0010982,12086,2026-02-22,200,Received,RM-0066,713.268,15.5,14.43,Accepted
11127,RCV-0011127,12245,2026-02-22,300,Received,PC-0042,271.8204,78.62,80.64,Accepted
11270,RCV-0011270,12404,2026-02-22,100,Received,RM-0058,532.8909,34.21,33.25,Accepted
12997,RCV-0012997,14308,2026-02-22,200,Received,PC-0039,468.7664,72.87,70.82,Accepted
1041,RCV-0001041,1142,2026-02-23,100,Received,PC-0078,422.5571,92.83,97.0,Accepted
1186,RCV-0001186,1301,2026-02-23,100,Received,RM-0087,198.6332,31.96,31.61,Accepted
1330,RCV-0001330,1460,2026-02-23,200,Received,PC-0067,408.0713,64.97,61.0,Accepted
3061,RCV-0003061,3364,2026-02-23,300,Received,RM-0083,216.3323,30.18,28.34,Accepted
3203,RCV-0003203,3523,2026-02-23,200,Received,PC-0064,839.6821,49.45,51.19,Accepted
4247,RCV-0004247,4671,2026-02-23,300,Received,RM-0123,144.7876,37.39,35.71,Accepted
5834,RCV-0005834,6416,2026-02-23,100,Received,RM-0130,91.1299,15.96,16.07,Accepted
5979,RCV-0005979,6575,2026-02-23,300,Received,RM-0007,468.3612,17.68,16.89,Accepted
6123,RCV-0006123,6734,2026-02-23,100,Received,RM-0120,25.1177,31.52,33.25,Accepted
7853,RCV-0007853,8638,2026-02-23,200,Received,RM-0004,478.7839,13.68,14.43,Accepted
8894,RCV-0008894,9786,2026-02-23,200,Received,PC-0017,277.3005,103.19,100.28,Accepted
9040,RCV-0009040,9945,2026-02-23,300,Received,RM-0038,330.4573,15.71,16.89,Accepted
10621,RCV-0010621,11690,2026-02-23,300,Received,RM-0043,314.7656,21.59,20.98,Accepted
10766,RCV-0010766,11849,2026-02-23,100,Received,PC-0014,531.0486,84.13,90.46,Accepted
10910,RCV-0010910,12008,2026-02-23,300,Received,RM-0035,429.1196,14.2,14.43,Accepted
13537,RCV-0013537,14901,2026-02-23,300,Received,PC-0063,211.5921,48.44,47.91,Accepted
680,RCV-0000680,746,2026-02-24,200,Received,PC-0051,54.0593,117.25,110.09,Accepted
823,RCV-0000823,905,2026-02-24,100,Received,RM-0064,405.3771,12.36,12.8,Accepted
969,RCV-0000969,1064,2026-02-24,100,Received,PC-0040,290.9697,75.57,74.09,Accepted
3598,RCV-0003598,3957,2026-02-24,200,Received,RM-0106,285.6913,22.82,21.8,Accepted
3744,RCV-0003744,4116,2026-02-24,200,Received,PC-0086,52.3323,116.78,123.19,Accepted
3889,RCV-0003889,4275,2026-02-24,300,Received,RM-0095,330.1353,12.83,12.8,Accepted
5473,RCV-0005473,6020,2026-02-24,200,Received,RM-0102,343.0075,17.56,18.52,Accepted
5617,RCV-0005617,6179,2026-02-24,100,Received,PC-0083,453.6299,113.6,113.37,Accepted
5761,RCV-0005761,6338,2026-02-24,100,Received,RM-0092,196.0525,37.71,35.71,Accepted
8391,RCV-0008391,9231,2026-02-24,100,Received,RM-0024,440.25,28.64,30.8,Accepted
8535,RCV-0008535,9390,2026-02-24,300,Received,RM-0139,58.3449,23.06,23.43,Accepted
8680,RCV-0008680,9549,2026-02-24,100,Received,RM-0016,740.7855,25.17,24.25,Accepted
10262,RCV-0010262,11294,2026-02-24,100,Received,RM-0021,381.4962,27.89,28.34,Accepted
10407,RCV-0010407,11453,2026-02-24,300,Received,RM-0135,111.0353,20.93,20.16,Accepted
10552,RCV-0010552,11612,2026-02-24,300,Received,RM-0012,646.8771,19.7,20.98,Accepted
13177,RCV-0013177,14505,2026-02-24,200,Received,PC-0036,230.3747,58.93,61.0,Accepted
13321,RCV-0013321,14664,2026-02-24,300,Received,RM-0051,246.6274,28.07,27.52,Accepted
13466,RCV-0013466,14823,2026-02-24,100,Received,PC-0024,474.1117,132.31,123.19,Accepted
320,RCV-0000320,350,2026-02-25,200,Received,PC-0021,351.234,115.64,113.37,Accepted
464,RCV-0000464,509,2026-02-25,200,Received,RM-0041,304.6676,20.77,19.34,Accepted
609,RCV-0000609,668,2026-02-25,100,Received,PC-0011,496.9139,78.62,80.64,Accepted
3238,RCV-0003238,3561,2026-02-25,200,Received,RM-0080,259.677,25.94,25.89,Accepted
3383,RCV-0003383,3720,2026-02-25,100,Received,PC-0061,549.1204,150.82,142.82,Accepted
3528,RCV-0003528,3879,2026-02-25,200,Received,RM-0071,184.069,17.72,18.52,Accepted
5114,RCV-0005114,5624,2026-02-25,100,Received,RM-0077,617.7586,24.74,23.43,Accepted
5259,RCV-0005259,5783,2026-02-25,300,Received,PC-0056,137.1487,121.02,126.46,Accepted
5402,RCV-0005402,5942,2026-02-25,200,Received,RM-0068,73.1965,16.25,16.07,Accepted
8032,RCV-0008032,8835,2026-02-25,200,Received,PC-0100,473.498,70.12,67.55,Accepted
8175,RCV-0008175,8994,2026-02-25,300,Received,RM-0111,73.8494,24.31,25.89,Accepted
8321,RCV-0008321,9153,2026-02-25,200,Received,PC-0091,227.9717,138.57,139.55,Accepted
9905,RCV-0009905,10898,2026-02-25,200,Received,PC-0097,241.703,54.21,57.73,Accepted
10048,RCV-0010048,11057,2026-02-25,300,Received,RM-0107,143.1404,22.45,22.61,Accepted
11090,RCV-0011090,12205,2026-02-25,200,Received,RM-0032,508.733,12.87,11.98,Accepted
12817,RCV-0012817,14109,2026-02-25,300,Received,PC-0005,146.8096,65.51,61.0,Accepted
12961,RCV-0012961,14268,2026-02-25,100,Received,RM-0029,466.9056,34.02,34.89,Accepted
13106,RCV-0013106,14427,2026-02-25,200,Received,RM-0145,172.196,29.16,28.34,Accepted
105,RCV-0000105,113,2026-02-26,300,Received,RM-0018,467.6659,26.64,25.89,Accepted
1149,RCV-0001149,1261,2026-02-26,100,Received,PC-0037,558.3625,61.52,64.28,Hold
2880,RCV-0002880,3165,2026-02-26,300,Received,RM-0057,505.3175,31.04,32.43,Accepted
3025,RCV-0003025,3324,2026-02-26,100,Received,PC-0033,368.1188,51.75,51.19,Accepted
3167,RCV-0003167,3483,2026-02-26,100,Received,RM-0049,672.9061,27.57,25.89,Accepted
4753,RCV-0004753,5228,2026-02-26,300,Received,RM-0054,227.3346,30.31,29.98,Accepted
5795,RCV-0005795,6376,2026-02-26,200,Received,PC-0079,151.3294,94.16,100.28,Accepted
5943,RCV-0005943,6535,2026-02-26,300,Received,RM-0088,414.9308,32.2,32.43,Accepted
7673,RCV-0007673,8439,2026-02-26,200,Received,PC-0076,199.3999,89.83,90.46,Hold
7817,RCV-0007817,8598,2026-02-26,100,Received,RM-0085,614.0236,31.39,29.98,Accepted
7960,RCV-0007960,8757,2026-02-26,300,Received,PC-0065,174.2603,51.63,54.46,Accepted
10441,RCV-0010441,11491,2026-02-26,100,Received,RM-0018,767.1449,27.81,25.89,Accepted
10586,RCV-0010586,11650,2026-02-26,100,Received,RM-0132,256.1861,17.27,17.71,Accepted
10731,RCV-0010731,11809,2026-02-26,100,Received,RM-0009,185.0056,19.06,18.52,Accepted
12456,RCV-0012456,13713,2026-02-26,200,Received,RM-0127,262.5178,14.0,13.61,Accepted
12601,RCV-0012601,13872,2026-02-26,300,Received,RM-0005,174.2446,14.18,15.25,Accepted
12745,RCV-0012745,14031,2026-02-26,100,Received,RM-0118,463.1864,31.1,31.61,Accepted
499,RCV-0000499,547,2026-02-27,100,Received,PC-0017,202.3515,95.97,100.28,Accepted
644,RCV-0000644,706,2026-02-27,200,Received,RM-0038,332.3719,17.08,16.89,Accepted
788,RCV-0000788,865,2026-02-27,100,Received,PC-0007,234.733,71.94,67.55,Accepted
2519,RCV-0002519,2769,2026-02-27,100,Received,RM-0035,613.6465,15.37,14.43,Accepted
2664,RCV-0002664,2928,2026-02-27,300,Received,PC-0002,463.6058,49.45,51.19,Accepted
2809,RCV-0002809,3087,2026-02-27,300,Received,RM-0026,766.5467,33.08,32.43,Accepted
5293,RCV-0005293,5821,2026-02-27,300,Received,RM-0073,397.3136,20.02,20.16,Accepted
5582,RCV-0005582,6139,2026-02-27,200,Received,RM-0065,139.3481,12.9,13.61,Accepted
7312,RCV-0007312,8043,2026-02-27,100,Received,PC-0049,332.3815,98.17,103.55,Accepted
7457,RCV-0007457,8202,2026-02-27,200,Received,RM-0062,205.4528,11.18,11.16,Accepted
7602,RCV-0007602,8361,2026-02-27,200,Received,PC-0038,101.8795,71.33,67.55,Accepted
10083,RCV-0010083,11095,2026-02-27,100,Received,PC-0094,98.8219,49.3,47.91,Accepted
10227,RCV-0010227,11254,2026-02-27,100,Received,RM-0104,217.6136,18.75,20.16,Accepted
10370,RCV-0010370,11413,2026-02-27,300,Received,PC-0084,585.1024,114.77,116.64,Accepted
12242,RCV-0012242,13476,2026-02-27,200,Received,PC-0081,211.819,110.88,106.82,Accepted
140,RCV-0000140,151,2026-02-28,100,Received,RM-0139,213.2406,24.95,23.43,Accepted
285,RCV-0000285,310,2026-02-28,300,Received,RM-0015,206.4002,22.63,23.43,Accepted
428,RCV-0000428,469,2026-02-28,100,Received,RM-0128,246.4571,14.72,14.43,Accepted
2160,RCV-0002160,2373,2026-02-28,100,Received,RM-0012,825.2527,21.4,20.98,Accepted
2303,RCV-0002303,2532,2026-02-28,300,Received,RM-0124,654.1671,11.99,11.16,Accepted
4933,RCV-0004933,5425,2026-02-28,200,Received,RM-0051,874.7525,26.09,27.52,Accepted
5077,RCV-0005077,5584,2026-02-28,200,Received,PC-0023,223.8691,120.15,119.91,Accepted
5223,RCV-0005223,5743,2026-02-28,300,Received,RM-0042,348.5618,21.29,20.16,Accepted
6952,RCV-0006952,7647,2026-02-28,200,Received,PC-0019,99.5926,112.8,106.82,Accepted
7995,RCV-0007995,8795,2026-02-28,300,Received,RM-0081,300.8737,26.28,26.71,Accepted
9724,RCV-0009724,10699,2026-02-28,100,Received,PC-0068,514.7993,63.25,64.28,Accepted
9868,RCV-0009868,10858,2026-02-28,300,Received,RM-0078,1002.5881,25.17,24.25,Accepted
12636,RCV-0012636,13910,2026-02-28,100,Received,RM-0124,260.3893,10.78,11.16,Accepted
12781,RCV-0012781,14069,2026-02-28,200,Received,RM-0002,54.033,13.06,12.8,Accepted
68,RCV-0000068,73,2026-03-01,200,Received,RM-0101,258.8472,17.27,17.71,Accepted
2699,RCV-0002699,2966,2026-03-01,100,Received,RM-0032,41.3805,12.0,11.98,Accepted
2845,RCV-0002845,3125,2026-03-01,200,Received,RM-0148,271.7584,32.52,30.8,Accepted
4573,RCV-0004573,5029,2026-03-01,300,Received,RM-0028,270.111,35.98,34.07,Accepted
4717,RCV-0004717,5188,2026-03-01,100,Received,RM-0145,104.8428,27.12,28.34,Accepted
4861,RCV-0004861,5347,2026-03-01,100,Received,RM-0020,223.6631,27.82,27.52,Accepted
7346,RCV-0007346,8081,2026-03-01,200,Received,RM-0067,522.3713,15.01,15.25,Accepted
7492,RCV-0007492,8240,2026-03-01,100,Received,PC-0044,228.3211,90.5,87.19,Accepted
7637,RCV-0007637,8399,2026-03-01,200,Received,RM-0059,77.6424,31.99,34.07,Accepted
9364,RCV-0009364,10303,2026-03-01,200,Received,PC-0040,73.5426,69.57,74.09,Accepted
9509,RCV-0009509,10462,2026-03-01,100,Received,RM-0056,380.508,31.39,31.61,Accepted
9653,RCV-0009653,10621,2026-03-01,100,Received,PC-0030,365.7906,149.53,142.82,Accepted
12133,RCV-0012133,13355,2026-03-01,300,Received,PC-0086,669.2136,125.65,123.19,Accepted
12277,RCV-0012277,13514,2026-03-01,100,Received,RM-0096,102.3697,14.62,13.61,Accepted
12420,RCV-0012420,13673,2026-03-01,300,Received,PC-0077,112.1604,91.39,93.73,Accepted
2195,RCV-0002195,2411,2026-03-02,200,Received,RM-0131,137.5135,17.84,16.89,Accepted
2339,RCV-0002339,2570,2026-03-02,300,Received,RM-0008,94.5588,16.95,17.71,Accepted
2483,RCV-0002483,2729,2026-03-02,200,Received,RM-0121,132.1318,34.44,34.07,Accepted
4213,RCV-0004213,4633,2026-03-02,200,Received,RM-0005,550.3567,15.42,15.25,Accepted
4357,RCV-0004357,4792,2026-03-02,200,Received,RM-0117,289.5036,32.8,30.8,Accepted
4502,RCV-0004502,4951,2026-03-02,200,Received,PC-0096,96.7014,52.61,54.46,Accepted
6987,RCV-0006987,7685,2026-03-02,300,Received,RM-0044,278.0138,20.47,21.8,Accepted
7131,RCV-0007131,7844,2026-03-02,100,Received,PC-0015,99.9227,93.07,93.73,Accepted
7276,RCV-0007276,8003,2026-03-02,300,Received,RM-0036,536.1225,15.97,15.25,Accepted
9005,RCV-0009005,9907,2026-03-02,200,Received,PC-0011,52.7821,84.43,80.64,Accepted
9149,RCV-0009149,10066,2026-03-02,200,Received,RM-0033,702.6288,12.13,12.8,Accepted
10191,RCV-0010191,11214,2026-03-02,300,Received,PC-0054,56.5143,123.39,119.91,Accepted
11773,RCV-0011773,12959,2026-03-02,200,Received,PC-0061,157.1638,139.25,142.82,Accepted
11917,RCV-0011917,13118,2026-03-02,300,Received,RM-0071,181.4363,19.06,18.52,Accepted
12062,RCV-0012062,13277,2026-03-02,100,Received,PC-0051,151.8314,102.38,110.09,Accepted
248,RCV-0000248,270,2026-03-03,300,Received,RM-0096,607.6677,14.49,13.61,Accepted
1835,RCV-0001835,2015,2026-03-03,300,Received,RM-0103,377.8817,19.55,19.34,Accepted
1979,RCV-0001979,2174,2026-03-03,200,Received,PC-0084,214.6393,124.22,116.64,Accepted
2124,RCV-0002124,2333,2026-03-03,100,Received,RM-0093,142.199,10.78,11.16,Accepted
3853,RCV-0003853,4237,2026-03-03,100,Received,PC-0081,243.6058,103.19,106.82,Accepted
4895,RCV-0004895,5385,2026-03-03,100,Received,RM-0141,355.8146,26.25,25.07,Accepted
5041,RCV-0005041,5544,2026-03-03,100,Received,RM-0017,391.619,23.77,25.07,Accepted
6627,RCV-0006627,7289,2026-03-03,100,Received,RM-0022,169.3226,30.53,29.16,Accepted
6772,RCV-0006772,7448,2026-03-03,300,Received,RM-0136,193.9872,19.89,20.98,Accepted
6915,RCV-0006915,7607,2026-03-03,100,Received,RM-0014,134.3876,22.66,22.61,Accepted
9543,RCV-0009543,10500,2026-03-03,200,Received,PC-0037,144.9076,66.14,64.28,Accepted
9689,RCV-0009689,10659,2026-03-03,100,Received,RM-0053,189.6178,27.12,29.16,Accepted
9833,RCV-0009833,10818,2026-03-03,300,Received,PC-0025,448.6888,124.44,126.46,Accepted
11414,RCV-0011414,12563,2026-03-03,200,Received,PC-0033,268.3707,47.61,51.19,Accepted
11556,RCV-0011556,12722,2026-03-03,300,Received,RM-0049,133.2569,25.48,25.89,Accepted
11700,RCV-0011700,12881,2026-03-03,100,Received,PC-0021,282.386,117.68,113.37,Accepted
1474,RCV-0001474,1619,2026-03-04,200,Received,RM-0078,133.9887,23.43,24.25,Accepted
1617,RCV-0001617,1778,2026-03-04,200,Received,PC-0058,133.5276,135.66,133.0,Accepted
1762,RCV-0001762,1937,2026-03-04,200,Received,RM-0069,526.2337,18.14,16.89,Accepted
4538,RCV-0004538,4989,2026-03-04,300,Received,RM-0112,55.7771,26.76,26.71,Accepted
4681,RCV-0004681,5148,2026-03-04,200,Received,PC-0092,185.4077,150.82,142.82,Accepted
6268,RCV-0006268,6893,2026-03-04,200,Received,PC-0098,346.135,61.12,61.0,Accepted
6411,RCV-0006411,7052,2026-03-04,100,Received,RM-0109,41.7238,25.61,24.25,Accepted
6556,RCV-0006556,7211,2026-03-04,200,Received,PC-0089,255.5024,127.28,133.0,Accepted
9184,RCV-0009184,10104,2026-03-04,300,Received,PC-0007,74.3448,66.47,67.55,Accepted
9327,RCV-0009327,10263,2026-03-04,200,Received,RM-0030,284.3134,37.07,35.71,Accepted
9472,RCV-0009472,10422,2026-03-04,300,Received,RM-0146,297.7041,27.38,29.16,Accepted
11200,RCV-0011200,12326,2026-03-04,100,Received,RM-0027,219.4294,31.22,33.25,Accepted
11344,RCV-0011344,12485,2026-03-04,100,Received,RM-0143,79.331,26.52,26.71,Accepted
12240,RCV-0012240,13474,2026-03-04,200,Received,PC-0046,145.849,95.6,93.73,Accepted
1114,RCV-0001114,1223,2026-03-05,300,Received,RM-0055,477.7973,33.08,30.8,Accepted
1258,RCV-0001258,1382,2026-03-05,100,Received,PC-0029,200.7136,136.06,139.55,Accepted
4032,RCV-0004032,4434,2026-03-05,200,Received,PC-0077,293.5903,98.98,93.73,Accepted
4177,RCV-0004177,4593,2026-03-05,200,Received,RM-0086,262.8433,29.48,30.8,Accepted
4321,RCV-0004321,4752,2026-03-05,300,Received,PC-0066,507.6509,58.37,57.73,Accepted
5908,RCV-0005908,6497,2026-03-05,100,Received,PC-0074,137.0968,80.3,83.91,Accepted
6052,RCV-0006052,6656,2026-03-05,300,Received,RM-0082,212.8347,27.82,27.52,Accepted
7095,RCV-0007095,7804,2026-03-05,100,Received,RM-0010,722.3533,18.16,19.34,Accepted
8823,RCV-0008823,9708,2026-03-05,100,Received,RM-0129,143.2003,14.32,15.25,Accepted
9112,RCV-0009112,10026,2026-03-05,200,Received,RM-0119,53.0873,33.95,32.43,Accepted
10695,RCV-0010695,11771,2026-03-05,100,Received,RM-0125,80.5641,11.9,11.98,Accepted
11736,RCV-0011736,12919,2026-03-05,100,Received,RM-0046,357.7648,25.16,23.43,Accepted
11882,RCV-0011882,13078,2026-03-05,300,Received,PC-0016,71.0984,94.58,97.0,Accepted
13611,RCV-0013611,14982,2026-03-05,100,Received,RM-0043,24.0045,20.46,20.98,Accepted
753,RCV-0000753,827,2026-03-06,100,Received,RM-0033,298.0242,13.17,12.8,Accepted
1798,RCV-0001798,1975,2026-03-06,200,Received,PC-0054,484.8344,114.75,119.91,Accepted
1943,RCV-0001943,2134,2026-03-06,200,Received,RM-0066,713.268,14.59,14.43,Hold
3673,RCV-0003673,4038,2026-03-06,300,Received,PC-0050,263.4445,108.0,106.82,Accepted
3817,RCV-0003817,4197,2026-03-06,200,Received,RM-0063,429.8685,12.76,11.98,Accepted
3960,RCV-0003960,4356,2026-03-06,200,Received,PC-0039,468.7664,68.41,70.82,Accepted
6445,RCV-0006445,7090,2026-03-06,200,Received,PC-0095,306.8127,48.07,51.19,Accepted
6591,RCV-0006591,7249,2026-03-06,100,Received,RM-0105,350.1442,20.83,20.98,Accepted
6735,RCV-0006735,7408,2026-03-06,300,Received,PC-0085,261.9311,125.55,119.91,Accepted
8464,RCV-0008464,9312,2026-03-06,300,Received,RM-0101,355.8511,18.54,17.71,Hold
8608,RCV-0008608,9471,2026-03-06,200,Received,PC-0082,231.7966,104.37,110.09,Accepted
8753,RCV-0008753,9630,2026-03-06,200,Received,RM-0091,144.9798,34.96,34.89,Accepted
11235,RCV-0011235,12364,2026-03-06,100,Received,RM-0149,232.9982,30.82,31.61,Accepted
11379,RCV-0011379,12523,2026-03-06,200,Received,RM-0023,240.2729,30.85,29.98,Accepted
11520,RCV-0011520,12682,2026-03-06,200,Received,RM-0138,480.2937,21.03,22.61,Accepted
13249,RCV-0013249,14586,2026-03-06,200,Received,RM-0020,469.8342,25.59,27.52,Accepted
13394,RCV-0013394,14745,2026-03-06,100,Received,RM-0135,220.2519,19.84,20.16,Accepted
1294,RCV-0001294,1420,2026-03-07,300,Received,RM-0052,155.2205,28.65,28.34,Accepted
1439,RCV-0001439,1579,2026-03-07,100,Received,PC-0025,247.3241,134.68,126.46,Accepted
1581,RCV-0001581,1738,2026-03-07,300,Received,RM-0043,314.7656,20.27,20.98,Accepted
3310,RCV-0003310,3642,2026-03-07,300,Received,PC-0020,522.4204,106.35,110.09,Accepted
3457,RCV-0003457,3801,2026-03-07,300,Received,RM-0040,803.8461,18.89,18.52,Accepted
3601,RCV-0003601,3960,2026-03-07,100,Received,PC-0010,225.1026,83.1,77.37,Accepted
6087,RCV-0006087,6694,2026-03-07,200,Received,PC-0069,306.7698,70.72,67.55,Accepted
6232,RCV-0006232,6853,2026-03-07,300,Received,RM-0079,102.8785,23.77,25.07,Accepted
6375,RCV-0006375,7012,2026-03-07,300,Received,PC-0059,265.3339,136.55,136.28,Accepted
8105,RCV-0008105,8916,2026-03-07,200,Received,RM-0076,122.5279,22.66,22.61,Accepted
8249,RCV-0008249,9075,2026-03-07,100,Received,PC-0056,586.9088,133.54,126.46,Accepted
9147,RCV-0009147,10064,2026-03-07,300,Received,RM-0003,521.8889,12.66,13.61,Accepted
10874,RCV-0010874,11968,2026-03-07,300,Received,RM-0121,51.384,31.69,34.07,Accepted
11019,RCV-0011019,12127,2026-03-07,300,Received,PC-0099,279.4329,63.25,64.28,Accepted
11163,RCV-0011163,12286,2026-03-07,300,Received,RM-0110,185.1124,26.02,25.07,Accepted
12891,RCV-0012891,14190,2026-03-07,300,Received,PC-0096,336.6097,56.53,54.46,Accepted
933,RCV-0000933,1024,2026-03-08,100,Received,RM-0030,147.2127,34.5,35.71,Accepted
1078,RCV-0001078,1183,2026-03-08,200,Received,RM-0146,221.3978,29.74,29.16,Accepted
1222,RCV-0001222,1342,2026-03-08,100,Received,RM-0021,381.4962,30.44,28.34,Accepted
2953,RCV-0002953,3246,2026-03-08,300,Received,RM-0142,443.2546,27.81,25.89,Accepted
3995,RCV-0003995,4394,2026-03-08,200,Received,RM-0060,265.5478,34.96,34.89,Accepted
5725,RCV-0005725,6298,2026-03-08,200,Received,PC-0041,509.6889,77.52,77.37,Accepted
5871,RCV-0005871,6457,2026-03-08,100,Received,RM-0057,406.2007,34.25,32.43,Accepted
6015,RCV-0006015,6616,2026-03-08,300,Received,PC-0031,214.2234,42.72,44.64,Accepted
8644,RCV-0008644,9509,2026-03-08,200,Received,RM-0097,566.008,14.2,14.43,Accepted
8788,RCV-0008788,9668,2026-03-08,300,Received,PC-0078,208.8433,100.69,97.0,Accepted
10515,RCV-0010515,11572,2026-03-08,200,Received,RM-0093,227.7209,11.58,11.16,Accepted
10658,RCV-0010658,11731,2026-03-08,300,Received,PC-0075,264.6118,81.87,87.19,Accepted
10804,RCV-0010804,11890,2026-03-08,200,Received,RM-0084,176.0249,28.96,29.16,Accepted
13285,RCV-0013285,14624,2026-03-08,200,Received,RM-0141,263.8155,24.22,25.07,Accepted
13430,RCV-0013430,14783,2026-03-08,200,Received,RM-0017,205.5824,25.57,25.07,Accepted
13575,RCV-0013575,14942,2026-03-08,100,Received,RM-0131,314.8822,18.14,16.89,Accepted
573,RCV-0000573,628,2026-03-09,300,Received,RM-0006,463.2601,17.26,16.07,Accepted
716,RCV-0000716,787,2026-03-09,100,Received,RM-0119,107.5895,31.62,32.43,Accepted
860,RCV-0000860,946,2026-03-09,200,Received,PC-0097,241.703,59.4,57.73,Accepted
3493,RCV-0003493,3839,2026-03-09,200,Received,PC-0016,289.1289,102.43,97.0,Accepted
3637,RCV-0003637,3998,2026-03-09,300,Received,RM-0037,211.5305,15.38,16.07,Accepted
5366,RCV-0005366,5902,2026-03-09,100,Received,PC-0013,259.7017,83.44,87.19,Accepted
5510,RCV-0005510,6061,2026-03-09,200,Received,RM-0034,133.6038,13.76,13.61,Accepted
5654,RCV-0005654,6220,2026-03-09,100,Received,PC-0001,311.1291,51.02,47.91,Accepted
8140,RCV-0008140,8954,2026-03-09,200,Received,PC-0062,229.1128,46.34,44.64,Accepted
8284,RCV-0008284,9113,2026-03-09,100,Received,RM-0073,415.5437,18.93,20.16,Accepted
8427,RCV-0008427,9272,2026-03-09,100,Received,PC-0052,468.8419,112.58,113.37,Accepted
10156,RCV-0010156,11176,2026-03-09,300,Received,RM-0069,59.7553,16.77,16.89,Accepted
10300,RCV-0010300,11335,2026-03-09,100,Received,PC-0048,300.8991,104.99,100.28,Accepted
11342,RCV-0011342,12483,2026-03-09,100,Received,RM-0107,209.41,22.04,22.61,Accepted
12926,RCV-0012926,14228,2026-03-09,100,Received,RM-0113,379.4556,29.56,27.52,Accepted
13070,RCV-0013070,14387,2026-03-09,100,Received,PC-0093,172.4629,43.52,44.64,Accepted
13213,RCV-0013213,14546,2026-03-09,200,Received,RM-0103,68.4981,19.9,19.34,Accepted
212,RCV-0000212,232,2026-03-10,100,Received,PC-0082,282.8957,113.28,110.09,Accepted
502,RCV-0000502,550,2026-03-10,200,Received,PC-0072,207.5174,76.13,77.37,Accepted
1402,RCV-0001402,1539,2026-03-10,100,Received,RM-0018,767.1449,26.17,25.89,Accepted
2989,RCV-0002989,3284,2026-03-10,100,Received,RM-0023,429.5773,28.69,29.98,Accepted
3131,RCV-0003131,3443,2026-03-10,100,Received,RM-0138,326.8695,22.86,22.61,Accepted
3274,RCV-0003274,3602,2026-03-10,100,Received,RM-0015,479.7553,24.95,23.43,Accepted
5006,RCV-0005006,5506,2026-03-10,300,Received,RM-0134,394.883,20.6,19.34,Accepted
5151,RCV-0005151,5665,2026-03-10,100,Received,RM-0011,429.8981,19.47,20.16,Accepted
6050,RCV-0006050,6654,2026-03-10,100,Received,RM-0054,872.4878,29.77,29.98,Accepted
6196,RCV-0006196,6813,2026-03-10,100,Received,PC-0027,498.9002,139.25,133.0,Accepted
7780,RCV-0007780,8558,2026-03-10,100,Received,PC-0035,297.3253,57.33,57.73,Accepted
8069,RCV-0008069,8876,2026-03-10,200,Received,PC-0022,31.5564,110.57,116.64,Accepted
9798,RCV-0009798,10780,2026-03-10,100,Received,RM-0047,305.0683,22.99,24.25,Accepted
10693,RCV-0010693,11769,2026-03-10,200,Received,RM-0090,83.6838,33.22,34.07,Accepted
10839,RCV-0010839,11928,2026-03-10,300,Received,PC-0071,219.2335,76.24,74.09,Accepted
10983,RCV-0010983,12087,2026-03-10,100,Received,RM-0081,238.2032,24.84,26.71,Accepted
12565,RCV-0012565,13832,2026-03-10,300,Received,RM-0086,666.0621,31.69,30.8,Accepted
12709,RCV-0012709,13991,2026-03-10,100,Received,PC-0067,499.9286,56.73,61.0,Accepted
12853,RCV-0012853,14150,2026-03-10,100,Received,RM-0078,116.804,23.86,24.25,Accepted
896,RCV-0000896,984,2026-03-11,300,Received,RM-0113,149.8283,29.31,27.52,Accepted
1042,RCV-0001042,1143,2026-03-11,100,Received,PC-0094,98.8219,46.28,47.91,Accepted
2628,RCV-0002628,2888,2026-03-11,200,Received,PC-0099,256.142,68.46,64.28,Accepted
2773,RCV-0002773,3047,2026-03-11,200,Received,RM-0110,547.8335,24.22,25.07,Accepted
2916,RCV-0002916,3206,2026-03-11,200,Received,PC-0090,347.7457,139.01,136.28,Accepted
5545,RCV-0005545,6099,2026-03-11,100,Received,PC-0009,273.7997,77.57,74.09,Accepted
5689,RCV-0005689,6258,2026-03-11,200,Received,RM-0031,334.511,10.58,11.16,Accepted
7421,RCV-0007421,8162,2026-03-11,300,Received,PC-0004,57.6866,54.73,57.73,Accepted
7564,RCV-0007564,8321,2026-03-11,100,Received,RM-0028,751.3556,34.14,34.07,Accepted
7710,RCV-0007710,8480,2026-03-11,100,Received,RM-0144,292.5042,29.06,27.52,Accepted
10335,RCV-0010335,11373,2026-03-11,300,Received,RM-0066,190.7082,13.42,14.43,Accepted
10479,RCV-0010479,11532,2026-03-11,100,Received,PC-0043,42.0406,82.57,83.91,Accepted
10622,RCV-0010622,11691,2026-03-11,300,Received,RM-0058,766.5025,34.51,33.25,Accepted
12205,RCV-0012205,13436,2026-03-11,300,Received,RM-0063,437.2219,11.79,11.98,Accepted
12348,RCV-0012348,13595,2026-03-11,300,Received,PC-0039,136.412,73.51,70.82,Accepted
393,RCV-0000393,429,2026-03-12,200,Received,PC-0078,187.3751,93.7,97.0,Accepted
537,RCV-0000537,588,2026-03-12,200,Received,RM-0087,534.6016,32.24,31.61,Accepted
681,RCV-0000681,747,2026-03-12,100,Received,PC-0068,514.7993,69.04,64.28,Accepted
2267,RCV-0002267,2492,2026-03-12,200,Received,PC-0075,66.4683,88.93,87.19,Accepted
2411,RCV-0002411,2651,2026-03-12,100,Received,RM-0084,302.4596,31.32,29.16,Accepted
2556,RCV-0002556,2810,2026-03-12,300,Received,PC-0064,172.799,49.91,51.19,Accepted
5187,RCV-0005187,5703,2026-03-12,200,Received,RM-0130,203.625,16.1,16.07,Accepted
5330,RCV-0005330,5862,2026-03-12,100,Received,RM-0008,674.9584,18.7,17.71,Accepted
5474,RCV-0005474,6021,2026-03-12,200,Received,RM-0120,423.96,31.82,33.25,Accepted
7060,RCV-0007060,7766,2026-03-12,200,Received,RM-0126,137.1021,13.52,12.8,Accepted
7205,RCV-0007205,7925,2026-03-12,300,Received,RM-0004,894.6533,13.81,14.43,Accepted
8247,RCV-0008247,9073,2026-03-12,200,Received,PC-0018,564.3004,107.48,103.55,Accepted
9975,RCV-0009975,10977,2026-03-12,100,Received,RM-0044,801.1119,22.63,21.8,Accepted
10119,RCV-0010119,11136,2026-03-12,200,Received,PC-0014,76.0803,84.94,90.46,Accepted
10263,RCV-0010263,11295,2026-03-12,100,Received,RM-0036,25.0824,15.14,15.25,Accepted
11847,RCV-0011847,13040,2026-03-12,100,Received,RM-0041,222.1223,18.16,19.34,Accepted
12889,RCV-0012889,14188,2026-03-12,100,Received,PC-0064,30.8541,52.21,51.19,Accepted
13034,RCV-0013034,14347,2026-03-12,200,Received,RM-0074,489.3968,22.53,20.98,Accepted
32,RCV-0000032,33,2026-03-13,300,Received,PC-0051,206.9166,118.24,110.09,Accepted
176,RCV-0000176,192,2026-03-13,200,Received,RM-0064,555.6502,12.48,12.8,Accepted
321,RCV-0000321,351,2026-03-13,200,Received,PC-0040,73.5426,76.24,74.09,Accepted
1907,RCV-0001907,2096,2026-03-13,300,Received,PC-0047,417.5528,94.58,97.0,Accepted
2052,RCV-0002052,2255,2026-03-13,200,Received,RM-0061,305.5312,36.75,35.71,Accepted
2951,RCV-0002951,3244,2026-03-13,300,Received,RM-0106,349.4156,23.02,21.8,Accepted
3097,RCV-0003097,3403,2026-03-13,300,Received,PC-0086,669.2136,117.89,123.19,Accepted
4824,RCV-0004824,5307,2026-03-13,100,Received,RM-0103,283.5823,18.51,19.34,Accepted
4969,RCV-0004969,5466,2026-03-13,300,Received,PC-0083,197.4841,114.62,113.37,Accepted
5115,RCV-0005115,5625,2026-03-13,200,Received,RM-0092,656.435,38.03,35.71,Accepted
6700,RCV-0006700,7370,2026-03-13,100,Received,RM-0099,426.5039,16.25,16.07,Accepted
7600,RCV-0007600,8359,2026-03-13,100,Received,RM-0150,325.9986,33.66,32.43,Accepted
7745,RCV-0007745,8518,2026-03-13,200,Received,RM-0024,103.0032,28.92,30.8,Accepted
7888,RCV-0007888,8677,2026-03-13,100,Received,RM-0140,221.7525,24.08,24.25,Accepted
9616,RCV-0009616,10581,2026-03-13,200,Received,RM-0021,236.8509,28.14,28.34,Accepted
9761,RCV-0009761,10740,2026-03-13,100,Received,RM-0136,402.0942,21.97,20.98,Accepted
9906,RCV-0009906,10899,2026-03-13,200,Received,RM-0013,442.8832,20.67,21.8,Accepted
12384,RCV-0012384,13633,2026-03-13,300,Received,RM-0060,326.4921,37.47,34.89,Accepted
12529,RCV-0012529,13792,2026-03-13,300,Received,PC-0036,198.0812,59.48,61.0,Accepted
12674,RCV-0012674,13951,2026-03-13,100,Received,RM-0052,731.8184,29.16,28.34,Accepted
2447,RCV-0002447,2689,2026-03-14,100,Received,PC-0071,399.9775,70.9,74.09,Accepted
2592,RCV-0002592,2848,2026-03-14,300,Received,RM-0080,511.7561,26.17,25.89,Accepted
2737,RCV-0002737,3007,2026-03-14,200,Received,PC-0061,157.1638,152.1,142.82,Hold
4465,RCV-0004465,4911,2026-03-14,200,Received,RM-0077,256.3778,24.95,23.43,Accepted
4610,RCV-0004610,5070,2026-03-14,100,Received,PC-0057,196.2393,125.32,129.73,Accepted
4754,RCV-0004754,5229,2026-03-14,300,Received,RM-0068,836.372,16.39,16.07,Accepted
7240,RCV-0007240,7963,2026-03-14,100,Received,RM-0123,463.2093,35.46,35.71,Accepted
7384,RCV-0007384,8122,2026-03-14,100,Received,RM-0001,185.5389,12.54,11.98,Accepted
7528,RCV-0007528,8281,2026-03-14,100,Received,RM-0112,347.3408,25.32,26.71,Accepted
9257,RCV-0009257,10185,2026-03-14,300,Received,PC-0097,145.1103,54.73,57.73,Hold
9401,RCV-0009401,10344,2026-03-14,100,Received,RM-0108,439.4353,23.48,23.43,Accepted
12026,RCV-0012026,13237,2026-03-14,100,Received,RM-0038,471.9768,17.38,16.89,Accepted
12169,RCV-0012169,13396,2026-03-14,100,Received,PC-0006,93.5147,59.78,64.28,Accepted
12313,RCV-0012313,13555,2026-03-14,300,Received,RM-0029,256.9688,34.33,34.89,Accepted
2088,RCV-0002088,2293,2026-03-15,300,Received,PC-0042,271.8204,85.88,80.64,Accepted
2231,RCV-0002231,2452,2026-03-15,100,Received,RM-0058,532.8909,32.12,33.25,Accepted
2376,RCV-0002376,2611,2026-03-15,200,Received,PC-0033,268.3707,52.21,51.19,Accepted
4105,RCV-0004105,4515,2026-03-15,100,Received,RM-0055,55.0222,31.42,30.8,Accepted
5149,RCV-0005149,5663,2026-03-15,100,Received,PC-0080,296.5087,98.17,103.55,Accepted
7024,RCV-0007024,7726,2026-03-15,300,Received,PC-0076,448.9405,90.64,90.46,Accepted
7168,RCV-0007168,7885,2026-03-15,200,Received,RM-0085,275.1974,31.66,29.98,Accepted
9796,RCV-0009796,10778,2026-03-15,200,Received,RM-0018,485.7123,24.08,25.89,Accepted
9940,RCV-0009940,10937,2026-03-15,300,Received,RM-0132,378.6079,17.43,17.71,Accepted
11664,RCV-0011664,12841,2026-03-15,200,Received,RM-0015,368.2559,23.06,23.43,Accepted
11809,RCV-0011809,13000,2026-03-15,300,Received,RM-0127,73.7841,14.13,13.61,Accepted
11954,RCV-0011954,13159,2026-03-15,100,Received,RM-0006,727.8334,15.09,16.07,Accepted
1726,RCV-0001726,1897,2026-03-16,100,Received,PC-0014,531.0486,92.27,90.46,Accepted
1871,RCV-0001871,2056,2026-03-16,300,Received,RM-0035,429.1196,15.5,14.43,Accepted
2016,RCV-0002016,2215,2026-03-16,100,Received,PC-0003,147.1507,53.1,54.46,Accepted
4500,RCV-0004500,4949,2026-03-16,300,Received,PC-0063,211.5921,45.42,47.91,Accepted
4645,RCV-0004645,5108,2026-03-16,100,Received,RM-0074,644.8966,21.02,20.98,Accepted
6519,RCV-0006519,7171,2026-03-16,300,Received,RM-0070,245.0986,18.7,17.71,Accepted
6664,RCV-0006664,7330,2026-03-16,200,Received,PC-0049,541.7876,99.1,103.55,Accepted
6809,RCV-0006809,7489,2026-03-16,300,Received,RM-0062,50.1245,11.28,11.16,Accepted
9292,RCV-0009292,10223,2026-03-16,300,Received,RM-0114,571.9653,27.89,28.34,Accepted
9436,RCV-0009436,10382,2026-03-16,300,Received,PC-0094,615.3777,49.73,47.91,Accepted
9581,RCV-0009581,10541,2026-03-16,200,Received,RM-0104,214.4259,18.93,20.16,Accepted
11306,RCV-0011306,12445,2026-03-16,300,Received,PC-0090,189.8063,127.97,136.28,Accepted
11594,RCV-0011594,12763,2026-03-16,300,Received,PC-0081,499.5304,111.84,106.82,Accepted
1366,RCV-0001366,1501,2026-03-17,300,Received,RM-0135,111.0353,19.66,20.16,Accepted
1511,RCV-0001511,1660,2026-03-17,300,Received,RM-0012,646.8771,21.59,20.98,Accepted
1654,RCV-0001654,1819,2026-03-17,100,Received,RM-0125,80.5641,11.14,11.98,Accepted
4141,RCV-0004141,4553,2026-03-17,200,Received,PC-0036,230.3747,64.42,61.0,Accepted
4286,RCV-0004286,4712,2026-03-17,300,Received,RM-0051,246.6274,26.34,27.52,Accepted
4429,RCV-0004429,4871,2026-03-17,100,Received,PC-0024,474.1117,124.55,123.19,Accepted
6161,RCV-0006161,6775,2026-03-17,100,Received,RM-0048,370.5698,25.35,25.07,Accepted
6305,RCV-0006305,6934,2026-03-17,300,Received,PC-0019,432.4263,113.76,106.82,Accepted
7347,RCV-0007347,8082,2026-03-17,100,Received,RM-0082,216.2979,27.33,27.52,Accepted
8932,RCV-0008932,9827,2026-03-17,300,Received,RM-0087,347.4182,29.68,31.61,Accepted
9076,RCV-0009076,9986,2026-03-17,200,Received,PC-0068,161.3313,63.83,64.28,Accepted
9220,RCV-0009220,10145,2026-03-17,100,Received,RM-0079,349.7617,26.25,25.07,Accepted
10948,RCV-0010948,12049,2026-03-17,100,Received,PC-0065,186.8925,57.02,54.46,Accepted
11989,RCV-0011989,13197,2026-03-17,200,Received,RM-0124,75.6345,10.88,11.16,Accepted
12134,RCV-0012134,13356,2026-03-17,300,Received,RM-0002,41.3902,13.17,12.8,Accepted
1006,RCV-0001006,1105,2026-03-18,300,Received,RM-0107,143.1404,21.03,22.61,Accepted
2051,RCV-0002051,2253,2026-03-18,200,Received,RM-0032,508.733,12.11,11.98,Accepted
2196,RCV-0002196,2412,2026-03-18,100,Received,RM-0149,232.9982,33.66,31.61,Accepted
3780,RCV-0003780,4157,2026-03-18,300,Received,PC-0005,146.8096,61.67,61.0,Accepted
3925,RCV-0003925,4316,2026-03-18,100,Received,RM-0029,466.9056,37.16,34.89,Accepted
4069,RCV-0004069,4475,2026-03-18,200,Received,RM-0145,172.196,27.38,28.34,Accepted
6698,RCV-0006698,7368,2026-03-18,300,Received,RM-0067,184.3143,15.14,15.25,Accepted
6843,RCV-0006843,7527,2026-03-18,200,Received,PC-0044,278.5976,91.29,87.19,Accepted
6988,RCV-0006988,7686,2026-03-18,300,Received,RM-0059,530.2347,32.3,34.07,Accepted
8571,RCV-0008571,9431,2026-03-18,300,Received,RM-0064,438.5344,13.4,12.8,Accepted
8717,RCV-0008717,9590,2026-03-18,300,Received,PC-0040,145.2442,70.24,74.09,Accepted
8861,RCV-0008861,9749,2026-03-18,200,Received,RM-0056,761.2805,31.67,31.61,Accepted
11486,RCV-0011486,12642,2026-03-18,100,Received,PC-0087,292.8444,130.13,126.46,Accepted
11629,RCV-0011629,12801,2026-03-18,200,Received,RM-0096,248.4403,12.66,13.61,Accepted
11774,RCV-0011774,12960,2026-03-18,100,Received,PC-0078,422.5571,95.45,97.0,Accepted
13357,RCV-0013357,14705,2026-03-18,100,Received,PC-0084,400.4847,108.48,116.64,Accepted
13503,RCV-0013503,14864,2026-03-18,300,Received,RM-0092,112.2266,35.14,35.71,Accepted
1546,RCV-0001546,1698,2026-03-19,100,Received,RM-0132,256.1861,18.86,17.71,Accepted
1690,RCV-0001690,1857,2026-03-19,100,Received,RM-0009,185.0056,17.89,18.52,Accepted
1836,RCV-0001836,2016,2026-03-19,300,Received,RM-0121,51.384,34.75,34.07,Accepted
3420,RCV-0003420,3761,2026-03-19,200,Received,RM-0127,262.5178,13.15,13.61,Accepted
3565,RCV-0003565,3920,2026-03-19,300,Received,RM-0005,174.2446,15.56,15.25,Accepted
3710,RCV-0003710,4079,2026-03-19,100,Received,RM-0118,463.1864,33.95,31.61,Accepted
6339,RCV-0006339,6972,2026-03-19,100,Received,RM-0045,287.9167,21.43,22.61,Accepted
6483,RCV-0006483,7131,2026-03-19,300,Received,PC-0015,292.8547,93.92,93.73,Accepted
6628,RCV-0006628,7290,2026-03-19,100,Received,RM-0037,249.4765,16.97,16.07,Accepted
8212,RCV-0008212,9035,2026-03-19,100,Received,RM-0042,320.6988,20.2,20.16,Accepted
8358,RCV-0008358,9194,2026-03-19,100,Received,PC-0012,56.8215,88.61,83.91,Accepted
8501,RCV-0008501,9353,2026-03-19,300,Received,RM-0033,225.0211,12.25,12.8,Accepted
11128,RCV-0011128,12246,2026-03-19,300,Received,PC-0061,362.2922,140.53,142.82,Accepted
11271,RCV-0011271,12405,2026-03-19,100,Received,RM-0072,780.9896,20.07,19.34,Accepted
11415,RCV-0011415,12564,2026-03-19,200,Received,PC-0051,54.0593,103.37,110.09,Accepted
12998,RCV-0012998,14309,2026-03-19,100,Received,PC-0058,279.8701,138.05,133.0,Accepted
13143,RCV-0013143,14468,2026-03-19,100,Received,RM-0069,221.1227,15.86,16.89,Accepted
1187,RCV-0001187,1302,2026-03-20,100,Received,RM-0104,217.6136,20.56,20.16,Accepted
1331,RCV-0001331,1461,2026-03-20,300,Received,PC-0084,585.1024,125.27,116.64,Accepted
1475,RCV-0001475,1620,2026-03-20,200,Received,RM-0093,227.7209,10.88,11.16,Accepted
3062,RCV-0003062,3365,2026-03-20,200,Received,RM-0100,95.2976,18.14,16.89,Accepted
3204,RCV-0003204,3524,2026-03-20,200,Received,PC-0081,211.819,104.15,106.82,Accepted
4248,RCV-0004248,4672,2026-03-20,200,Received,RM-0141,263.8155,26.47,25.07,Accepted
5980,RCV-0005980,6576,2026-03-20,200,Received,RM-0022,438.3227,30.79,29.16,Accepted
6124,RCV-0006124,6735,2026-03-20,100,Received,RM-0137,81.3583,20.86,21.8,Accepted
6269,RCV-0006269,6894,2026-03-20,200,Received,RM-0014,49.7321,22.86,22.61,Accepted
7854,RCV-0007854,8639,2026-03-20,200,Received,RM-0019,263.8094,25.56,26.71,Accepted
8895,RCV-0008895,9787,2026-03-20,300,Received,PC-0037,172.9918,66.72,64.28,Accepted
9041,RCV-0009041,9946,2026-03-20,200,Received,RM-0053,52.3336,27.38,29.16,Accepted
10767,RCV-0010767,11850,2026-03-20,300,Received,PC-0033,71.889,48.07,51.19,Accepted
10911,RCV-0010911,12009,2026-03-20,100,Received,RM-0050,485.1932,26.52,26.71,Accepted
11056,RCV-0011056,12168,2026-03-20,200,Received,PC-0021,351.234,118.7,113.37,Accepted
13538,RCV-0013538,14902,2026-03-20,200,Received,PC-0080,51.5927,105.62,103.55,Accepted
824,RCV-0000824,906,2026-03-21,300,Received,RM-0078,1002.5881,23.64,24.25,Accepted
970,RCV-0000970,1065,2026-03-21,300,Received,PC-0058,326.2061,136.86,133.0,Accepted
1115,RCV-0001115,1224,2026-03-21,300,Received,RM-0069,59.7553,15.71,16.89,Accepted
3599,RCV-0003599,3958,2026-03-21,100,Received,RM-0124,260.3893,11.78,11.16,Accepted
3890,RCV-0003890,4276,2026-03-21,100,Received,RM-0113,379.4556,27.82,27.52,Accepted
5618,RCV-0005618,6180,2026-03-21,300,Received,PC-0098,98.6868,61.67,61.0,Accepted
5762,RCV-0005762,6339,2026-03-21,300,Received,RM-0109,451.0975,25.83,24.25,Accepted
5909,RCV-0005909,6498,2026-03-21,300,Received,PC-0089,323.9556,128.48,133.0,Accepted
8392,RCV-0008392,9232,2026-03-21,100,Received,RM-0039,792.2917,16.63,17.71,Accepted
8536,RCV-0008536,9391,2026-03-21,200,Received,PC-0008,344.7169,70.32,70.82,Accepted
8681,RCV-0008681,9550,2026-03-21,300,Received,RM-0030,702.1914,37.39,35.71,Accepted
10553,RCV-0010553,11613,2026-03-21,200,Received,RM-0027,301.5058,31.52,33.25,Accepted
10696,RCV-0010696,11772,2026-03-21,200,Received,RM-0143,731.3373,26.76,26.71,Accepted
13178,RCV-0013178,14506,2026-03-21,300,Received,PC-0053,252.728,113.72,116.64,Accepted
13322,RCV-0013322,14665,2026-03-21,100,Received,RM-0066,75.8764,14.85,14.43,Accepted
13467,RCV-0013467,14824,2026-03-21,200,Received,PC-0042,159.8057,75.0,80.64,Accepted
465,RCV-0000465,510,2026-03-22,100,Received,RM-0056,380.508,29.4,31.61,Accepted
610,RCV-0000610,669,2026-03-22,100,Received,PC-0030,365.7906,140.53,142.82,Accepted
3239,RCV-0003239,3562,2026-03-22,100,Received,RM-0096,102.3697,13.76,13.61,Accepted
3384,RCV-0003384,3721,2026-03-22,300,Received,PC-0077,112.1604,99.82,93.73,Accepted
3529,RCV-0003529,3880,2026-03-22,300,Received,RM-0086,666.0621,29.75,30.8,Hold
5260,RCV-0005260,5784,2026-03-22,200,Received,PC-0074,183.1524,81.06,83.91,Accepted
5403,RCV-0005403,5943,2026-03-22,200,Received,RM-0083,453.5331,28.91,28.34,Accepted
8033,RCV-0008033,8836,2026-03-22,200,Received,RM-0016,245.6723,25.39,24.25,Accepted
8176,RCV-0008176,8995,2026-03-22,300,Received,RM-0129,323.9697,14.46,15.25,Accepted
10049,RCV-0010049,11058,2026-03-22,200,Received,RM-0125,374.1331,12.0,11.98,Hold
11091,RCV-0011091,12206,2026-03-22,200,Received,RM-0046,427.8215,21.79,23.43,Accepted
12818,RCV-0012818,14110,2026-03-22,300,Received,PC-0024,162.206,114.57,123.19,Accepted
12962,RCV-0012962,14269,2026-03-22,200,Received,RM-0043,617.032,20.64,20.98,Accepted
13107,RCV-0013107,14428,2026-03-22,300,Received,PC-0013,129.8747,90.5,87.19,Accepted
106,RCV-0000106,114,2026-03-23,200,Received,RM-0033,702.6288,13.29,12.8,Accepted
1150,RCV-0001150,1262,2026-03-23,300,Received,PC-0054,56.5143,115.83,119.91,Accepted
2881,RCV-0002881,3166,2026-03-23,300,Received,RM-0071,181.4363,17.89,18.52,Accepted
3026,RCV-0003026,3325,2026-03-23,100,Received,PC-0051,151.8314,112.29,110.09,Accepted
3168,RCV-0003168,3484,2026-03-23,300,Received,RM-0063,437.2219,12.87,11.98,Accepted
5796,RCV-0005796,6377,2026-03-23,300,Received,PC-0095,246.2421,48.53,51.19,Accepted
5944,RCV-0005944,6536,2026-03-23,100,Received,RM-0106,99.4164,21.84,21.8,Accepted
7674,RCV-0007674,8440,2026-03-23,300,Received,PC-0091,193.7829,139.83,139.55,Accepted
7818,RCV-0007818,8599,2026-03-23,100,Received,RM-0102,260.8673,19.56,18.52,Accepted
7961,RCV-0007961,8758,2026-03-23,300,Received,PC-0082,230.2061,105.36,110.09,Accepted
10442,RCV-0010442,11492,2026-03-23,300,Received,RM-0032,1477.499,11.14,11.98,Accepted
10587,RCV-0010587,11651,2026-03-23,200,Received,RM-0149,227.4142,31.1,31.61,Accepted
10732,RCV-0010732,11810,2026-03-23,300,Received,RM-0023,279.4404,31.12,29.98,Accepted
12457,RCV-0012457,13714,2026-03-23,100,Received,RM-0146,587.6143,30.27,29.16,Accepted
12602,RCV-0012602,13873,2026-03-23,300,Received,RM-0020,434.759,25.84,27.52,Accepted
12746,RCV-0012746,14032,2026-03-23,200,Received,RM-0135,288.9839,20.02,20.16,Accepted
500,RCV-0000500,548,2026-03-24,200,Received,PC-0037,144.9076,62.09,64.28,Accepted
645,RCV-0000645,707,2026-03-24,100,Received,RM-0053,189.6178,29.74,29.16,Accepted
789,RCV-0000789,866,2026-03-24,300,Received,PC-0025,448.6888,135.82,126.46,Accepted
2520,RCV-0002520,2770,2026-03-24,300,Received,RM-0049,133.2569,27.81,25.89,Accepted
2665,RCV-0002665,2929,2026-03-24,100,Received,PC-0021,282.386,110.54,113.37,Accepted
2810,RCV-0002810,3088,2026-03-24,100,Received,RM-0041,222.1223,19.9,19.34,Accepted
5294,RCV-0005294,5822,2026-03-24,100,Received,RM-0089,219.0248,33.32,33.25,Accepted
5438,RCV-0005438,5981,2026-03-24,100,Received,PC-0070,552.9897,74.79,70.82,Accepted
5583,RCV-0005583,6140,2026-03-24,100,Received,RM-0080,600.2317,24.78,25.89,Accepted
7313,RCV-0007313,8044,2026-03-24,100,Received,PC-0066,176.5834,55.25,57.73,Accepted
7458,RCV-0007458,8203,2026-03-24,300,Received,RM-0076,108.8811,22.86,22.61,Accepted
7603,RCV-0007603,8362,2026-03-24,200,Received,PC-0056,78.9301,134.68,126.46,Accepted
10084,RCV-0010084,11096,2026-03-24,200,Received,RM-0009,158.3371,19.22,18.52,Accepted
10228,RCV-0010228,11255,2026-03-24,100,Received,RM-0122,98.336,32.76,34.89,Accepted
10371,RCV-0010371,11414,2026-03-24,100,Received,PC-0100,205.0999,67.08,67.55,Accepted
12099,RCV-0012099,13318,2026-03-24,300,Received,RM-0118,479.5067,31.39,31.61,Accepted
12243,RCV-0012243,13477,2026-03-24,100,Received,PC-0097,346.4876,60.44,57.73,Accepted
13286,RCV-0013286,14625,2026-03-24,300,Received,PC-0009,40.8363,72.24,74.09,Accepted
141,RCV-0000141,152,2026-03-25,300,Received,PC-0007,74.3448,72.55,67.55,Accepted
286,RCV-0000286,311,2026-03-25,200,Received,RM-0030,284.3134,34.82,35.71,Accepted
429,RCV-0000429,470,2026-03-25,300,Received,RM-0146,297.7041,30.01,29.16,Accepted
2161,RCV-0002161,2374,2026-03-25,100,Received,RM-0027,219.4294,34.21,33.25,Accepted
2304,RCV-0002304,2533,2026-03-25,100,Received,RM-0143,79.331,24.84,26.71,Accepted
3346,RCV-0003346,3681,2026-03-25,300,Received,RM-0060,326.4921,35.27,34.89,Accepted
4934,RCV-0004934,5426,2026-03-25,300,Received,RM-0065,75.1748,13.02,13.61,Accepted
5078,RCV-0005078,5585,2026-03-25,100,Received,PC-0042,549.2345,81.53,80.64,Accepted
5224,RCV-0005224,5744,2026-03-25,200,Received,RM-0057,186.8055,34.54,32.43,Accepted
6953,RCV-0006953,7648,2026-03-25,300,Received,PC-0038,484.2462,71.94,67.55,Accepted
7996,RCV-0007996,8796,2026-03-25,100,Received,RM-0098,849.6308,15.14,15.25,Accepted
8141,RCV-0008141,8955,2026-03-25,100,Received,PC-0079,242.0542,104.99,100.28,Accepted
9725,RCV-0009725,10700,2026-03-25,100,Received,PC-0085,211.6161,119.07,119.91,Accepted
9869,RCV-0009869,10859,2026-03-25,100,Received,RM-0094,592.765,12.54,11.98,Accepted
10012,RCV-0010012,11018,2026-03-25,100,Received,PC-0076,215.1244,85.76,90.46,Accepted
12637,RCV-0012637,13911,2026-03-25,300,Received,RM-0141,460.2196,24.44,25.07,Accepted
12782,RCV-0012782,14070,2026-03-25,300,Received,RM-0017,534.1631,25.8,25.07,Accepted
12927,RCV-0012927,14229,2026-03-25,200,Received,RM-0131,137.5135,15.71,16.89,Accepted
69,RCV-0000069,74,2026-03-26,200,Received,RM-0119,53.0873,31.91,32.43,Accepted
2846,RCV-0002846,3126,2026-03-26,300,Received,PC-0016,71.0984,103.31,97.0,Accepted
2990,RCV-0002990,3285,2026-03-26,100,Received,RM-0038,471.9768,16.32,16.89,Accepted
4574,RCV-0004574,5030,2026-03-26,100,Received,RM-0043,24.0045,22.34,20.98,Accepted
4718,RCV-0004718,5189,2026-03-26,200,Received,PC-0013,478.373,84.23,87.19,Accepted
4862,RCV-0004862,5348,2026-03-26,300,Received,RM-0034,631.5138,13.88,13.61,Accepted
7493,RCV-0007493,8241,2026-03-26,100,Received,PC-0063,247.586,50.16,47.91,Accepted
7638,RCV-0007638,8400,2026-03-26,200,Received,RM-0073,188.9435,19.11,20.16,Accepted
7781,RCV-0007781,8559,2026-03-26,200,Received,PC-0052,282.9327,113.6,113.37,Accepted
9510,RCV-0009510,10463,2026-03-26,100,Received,RM-0070,438.7767,17.75,17.71,Accepted
9654,RCV-0009654,10622,2026-03-26,300,Received,PC-0048,309.269,105.9,100.28,Accepted
12278,RCV-0012278,13515,2026-03-26,200,Received,RM-0113,95.4907,25.59,27.52,Accepted
12421,RCV-0012421,13674,2026-03-26,300,Received,PC-0093,253.0101,43.93,44.64,Accepted
12566,RCV-0012566,13833,2026-03-26,300,Received,RM-0103,377.8817,20.07,19.34,Accepted
2340,RCV-0002340,2571,2026-03-27,200,Received,RM-0023,240.2729,28.96,29.98,Accepted
2484,RCV-0002484,2730,2026-03-27,200,Received,RM-0138,480.2937,23.06,22.61,Accepted
2629,RCV-0002629,2889,2026-03-27,200,Received,RM-0015,368.2559,25.16,23.43,Accepted
4214,RCV-0004214,4634,2026-03-27,200,Received,RM-0020,469.8342,28.07,27.52,Accepted
4358,RCV-0004358,4793,2026-03-27,100,Received,RM-0135,220.2519,21.65,20.16,Accepted
4503,RCV-0004503,4952,2026-03-27,300,Received,RM-0011,329.9743,19.66,20.16,Accepted
7132,RCV-0007132,7845,2026-03-27,300,Received,PC-0035,228.6254,57.85,57.73,Accepted
7422,RCV-0007422,8163,2026-03-27,100,Received,PC-0023,221.8927,114.75,119.91,Accepted
9006,RCV-0009006,9908,2026-03-27,300,Received,PC-0030,547.2015,150.82,142.82,Accepted
9150,RCV-0009150,10067,2026-03-27,200,Received,RM-0047,269.9306,23.21,24.25,Accepted
10192,RCV-0010192,11215,2026-03-27,100,Received,PC-0072,522.3952,80.31,77.37,Accepted
11918,RCV-0011918,13119,2026-03-27,100,Received,RM-0087,198.6332,32.81,31.61,Accepted
12063,RCV-0012063,13278,2026-03-27,200,Received,PC-0067,408.0713,57.28,61.0,Accepted
12206,RCV-0012206,13437,2026-03-27,200,Received,RM-0078,133.9887,24.08,24.25,Accepted
249,RCV-0000249,271,2026-03-28,300,Received,RM-0114,571.9653,30.44,28.34,Accepted
1980,RCV-0001980,2175,2026-03-28,300,Received,PC-0099,279.4329,69.04,64.28,Accepted
2125,RCV-0002125,2334,2026-03-28,300,Received,RM-0110,185.1124,24.44,25.07,Accepted
2268,RCV-0002268,2493,2026-03-28,300,Received,PC-0090,189.8063,140.23,136.28,Accepted
3854,RCV-0003854,4238,2026-03-28,300,Received,PC-0096,336.6097,53.1,54.46,Accepted
4896,RCV-0004896,5386,2026-03-28,200,Received,PC-0009,227.0195,78.24,74.09,Accepted
5042,RCV-0005042,5545,2026-03-28,300,Received,RM-0031,159.5642,10.68,11.16,Accepted
6773,RCV-0006773,7449,2026-03-28,100,Received,PC-0005,374.7698,58.38,61.0,Accepted
6916,RCV-0006916,7608,2026-03-28,200,Received,RM-0028,484.1053,34.44,34.07,Accepted
7061,RCV-0007061,7767,2026-03-28,200,Received,RM-0144,202.5334,29.31,27.52,Accepted
9544,RCV-0009544,10501,2026-03-28,100,Received,PC-0055,169.1643,127.87,123.19,Accepted
9690,RCV-0009690,10660,2026-03-28,100,Received,RM-0067,584.9434,14.32,15.25,Accepted
9834,RCV-0009834,10819,2026-03-28,300,Received,PC-0043,290.3023,83.32,83.91,Accepted
11557,RCV-0011557,12723,2026-03-28,100,Received,RM-0064,405.3771,12.71,12.8,Accepted
11701,RCV-0011701,12882,2026-03-28,100,Received,PC-0040,290.9697,77.57,74.09,Accepted
1618,RCV-0001618,1779,2026-03-29,300,Received,PC-0075,264.6118,89.72,87.19,Accepted
1763,RCV-0001763,1938,2026-03-29,200,Received,RM-0084,176.0249,27.12,29.16,Accepted
1908,RCV-0001908,2097,2026-03-29,100,Received,PC-0065,186.8925,53.59,54.46,Accepted
4393,RCV-0004393,4831,2026-03-29,200,Received,RM-0017,205.5824,23.99,25.07,Accepted
4539,RCV-0004539,4990,2026-03-29,100,Received,RM-0131,314.8822,17.08,16.89,Accepted
4682,RCV-0004682,5149,2026-03-29,200,Received,RM-0008,249.2834,18.86,17.71,Accepted
6412,RCV-0006412,7053,2026-03-29,300,Received,RM-0126,320.3276,13.63,12.8,Accepted
6557,RCV-0006557,7212,2026-03-29,100,Received,RM-0005,411.2557,14.73,15.25,Accepted
6701,RCV-0006701,7371,2026-03-29,100,Received,RM-0117,449.1692,31.42,30.8,Accepted
9185,RCV-0009185,10105,2026-03-29,100,Received,PC-0026,199.4299,128.82,129.73,Accepted
9328,RCV-0009328,10264,2026-03-29,200,Received,RM-0044,242.4213,22.82,21.8,Accepted
9473,RCV-0009473,10423,2026-03-29,300,Received,PC-0014,435.8337,85.76,90.46,Accepted
11201,RCV-0011201,12327,2026-03-29,200,Received,RM-0041,304.6676,18.33,19.34,Accepted
11345,RCV-0011345,12486,2026-03-29,100,Received,PC-0011,496.9139,80.8,80.64,Accepted
1259,RCV-0001259,1383,2026-03-30,100,Received,PC-0048,300.8991,98.68,100.28,Accepted
1404,RCV-0001404,1542,2026-03-30,300,Received,RM-0061,282.8889,37.07,35.71,Accepted
4033,RCV-0004033,4435,2026-03-30,100,Received,PC-0093,172.4629,47.54,44.64,Accepted
4178,RCV-0004178,4594,2026-03-30,200,Received,RM-0103,68.4981,18.68,19.34,Accepted
4322,RCV-0004322,4753,2026-03-30,100,Received,PC-0084,400.4847,118.97,116.64,Hold
6053,RCV-0006053,6657,2026-03-30,200,Received,RM-0099,192.6047,16.39,16.07,Accepted
7096,RCV-0007096,7805,2026-03-30,300,Received,RM-0024,102.0985,29.2,30.8,Accepted
8824,RCV-0008824,9709,2026-03-30,100,Received,RM-0147,53.8349,28.42,29.98,Accepted
8969,RCV-0008969,9868,2026-03-30,300,Received,RM-0021,25.1177,28.4,28.34,Accepted
9113,RCV-0009113,10027,2026-03-30,200,Received,RM-0136,162.2443,22.15,20.98,Accepted
11737,RCV-0011737,12920,2026-03-30,100,Received,RM-0061,78.787,33.21,35.71,Accepted
11883,RCV-0011883,13079,2026-03-30,100,Received,PC-0037,558.3625,63.25,64.28,Accepted
13612,RCV-0013612,14983,2026-03-30,300,Received,RM-0057,505.3175,31.91,32.43,Accepted
1799,RCV-0001799,1976,2026-03-31,300,Received,PC-0071,219.2335,71.57,74.09,Accepted
1944,RCV-0001944,2135,2026-03-31,100,Received,RM-0081,238.2032,27.24,26.71,Accepted
3674,RCV-0003674,4039,2026-03-31,100,Received,PC-0067,499.9286,62.22,61.0,Accepted
3818,RCV-0003818,4198,2026-03-31,100,Received,RM-0078,116.804,26.04,24.25,Accepted
3961,RCV-0003961,4357,2026-03-31,100,Received,PC-0058,279.8701,129.68,133.0,Accepted
6446,RCV-0006446,7091,2026-03-31,200,Received,RM-0010,355.3822,18.33,19.34,Accepted
6592,RCV-0006592,7250,2026-03-31,200,Received,RM-0123,169.4731,35.78,35.71,Accepted
6736,RCV-0006736,7409,2026-03-31,300,Received,RM-0001,32.3304,12.65,11.98,Accepted
8465,RCV-0008465,9313,2026-03-31,300,Received,RM-0119,512.1971,34.25,32.43,Accepted
8609,RCV-0008609,9472,2026-03-31,100,Received,PC-0098,658.9347,58.38,61.0,Accepted
8754,RCV-0008754,9631,2026-03-31,200,Received,RM-0108,69.5395,23.69,23.43,Accepted
11236,RCV-0011236,12365,2026-03-31,100,Received,PC-0017,202.3515,98.68,100.28,Accepted
11380,RCV-0011380,12524,2026-03-31,200,Received,RM-0038,332.3719,17.53,16.89,Accepted
11521,RCV-0011521,12683,2026-03-31,100,Received,PC-0007,234.733,63.43,67.55,Accepted
13250,RCV-0013250,14587,2026-03-31,100,Received,RM-0035,613.6465,13.55,14.43,Accepted
13395,RCV-0013395,14746,2026-03-31,300,Received,PC-0002,463.6058,50.83,51.19,Accepted
13540,RCV-0013540,14905,2026-03-31,300,Received,RM-0026,766.5467,33.95,32.43,Accepted
1295,RCV-0001295,1421,2026-04-01,300,Received,RM-0066,190.7082,14.72,14.43,Accepted
1440,RCV-0001440,1580,2026-04-01,100,Received,PC-0043,42.0406,90.12,83.91,Accepted
1582,RCV-0001582,1739,2026-04-01,300,Received,RM-0058,766.5025,32.42,33.25,Accepted
3311,RCV-0003311,3643,2026-04-01,300,Received,PC-0039,136.412,69.05,70.82,Accepted
3458,RCV-0003458,3802,2026-04-01,200,Received,RM-0055,67.4534,31.69,30.8,Accepted
3602,RCV-0003602,3961,2026-04-01,300,Received,PC-0028,272.9902,126.74,136.28,Accepted
6088,RCV-0006088,6695,2026-04-01,100,Received,PC-0086,118.8444,130.09,123.19,Accepted
6376,RCV-0006376,7013,2026-04-01,100,Received,PC-0077,206.0063,94.76,93.73,Accepted
8106,RCV-0008106,8917,2026-04-01,300,Received,RM-0091,325.2771,35.27,34.89,Accepted
8250,RCV-0008250,9076,2026-04-01,300,Received,PC-0073,415.4218,85.88,80.64,Accepted
9293,RCV-0009293,10224,2026-04-01,100,Received,RM-0133,44.0244,18.39,18.52,Accepted
10875,RCV-0010875,11969,2026-04-01,100,Received,RM-0139,213.2406,22.0,23.43,Accepted
11020,RCV-0011020,12128,2026-04-01,300,Received,RM-0015,206.4002,23.27,23.43,Accepted
11164,RCV-0011164,12287,2026-04-01,100,Received,RM-0128,246.4571,15.11,14.43,Accepted
934,RCV-0000934,1025,2026-04-02,100,Received,RM-0044,801.1119,21.26,21.8,Accepted
1079,RCV-0001079,1184,2026-04-02,200,Received,PC-0014,76.0803,93.08,90.46,Accepted
1223,RCV-0001223,1343,2026-04-02,100,Received,RM-0036,25.0824,14.18,15.25,Accepted
2954,RCV-0002954,3247,2026-04-02,300,Received,PC-0010,408.0588,71.95,77.37,Accepted
3996,RCV-0003996,4395,2026-04-02,200,Received,RM-0074,489.3968,21.21,20.98,Accepted
5726,RCV-0005726,6299,2026-04-02,100,Received,PC-0060,642.9783,141.09,139.55,Accepted
5872,RCV-0005872,6458,2026-04-02,100,Received,RM-0071,555.8953,19.72,18.52,Accepted
6016,RCV-0006016,6617,2026-04-02,100,Received,PC-0050,476.3715,103.19,106.82,Accepted
8645,RCV-0008645,9510,2026-04-02,100,Received,RM-0115,331.1719,28.96,29.16,Accepted
8789,RCV-0008789,9669,2026-04-02,100,Received,PC-0095,275.2117,53.6,51.19,Accepted
8933,RCV-0008933,9828,2026-04-02,300,Received,RM-0104,424.5584,19.11,20.16,Accepted
10516,RCV-0010516,11573,2026-04-02,100,Received,RM-0111,128.1103,27.11,25.89,Accepted
10659,RCV-0010659,11732,2026-04-02,100,Received,PC-0091,179.1119,132.29,139.55,Accepted
13431,RCV-0013431,14784,2026-04-02,100,Received,RM-0032,41.3805,12.33,11.98,Accepted
13576,RCV-0013576,14943,2026-04-02,200,Received,RM-0148,271.7584,28.64,30.8,Accepted
574,RCV-0000574,629,2026-04-03,200,Received,RM-0021,236.8509,26.36,28.34,Accepted
717,RCV-0000717,788,2026-04-03,100,Received,RM-0136,402.0942,20.64,20.98,Accepted
861,RCV-0000861,947,2026-04-03,200,Received,RM-0013,442.8832,22.63,21.8,Accepted
3494,RCV-0003494,3840,2026-04-03,300,Received,PC-0036,198.0812,64.97,61.0,Accepted
3638,RCV-0003638,3999,2026-04-03,100,Received,RM-0052,731.8184,27.38,28.34,Accepted
3781,RCV-0003781,4158,2026-04-03,300,Received,PC-0024,162.206,125.65,123.19,Accepted
5367,RCV-0005367,5903,2026-04-03,100,Received,PC-0032,322.0296,46.28,47.91,Accepted
5511,RCV-0005511,6062,2026-04-03,300,Received,RM-0048,141.8241,25.57,25.07,Accepted
5655,RCV-0005655,6221,2026-04-03,100,Received,PC-0020,178.5202,118.24,110.09,Accepted
8285,RCV-0008285,9114,2026-04-03,100,Received,RM-0088,78.4546,30.74,32.43,Accepted
8428,RCV-0008428,9273,2026-04-03,100,Received,PC-0069,26.2014,67.69,67.55,Accepted
8572,RCV-0008572,9432,2026-04-03,200,Received,RM-0079,651.143,26.47,25.07,Accepted
10157,RCV-0010157,11177,2026-04-03,300,Received,RM-0084,72.5592,29.22,29.16,Accepted
10301,RCV-0010301,11336,2026-04-03,200,Received,PC-0065,218.6846,57.51,54.46,Accepted
10445,RCV-0010445,11495,2026-04-03,100,Received,RM-0076,332.8573,21.64,22.61,Accepted
11343,RCV-0011343,12484,2026-04-03,300,Received,RM-0124,654.1671,10.98,11.16,Accepted
13071,RCV-0013071,14388,2026-04-03,300,Received,RM-0008,94.5588,17.43,17.71,Accepted
13214,RCV-0013214,14547,2026-04-03,200,Received,RM-0121,132.1318,35.36,34.07,Accepted
13358,RCV-0013358,14706,2026-04-03,200,Received,PC-0099,256.142,60.36,64.28,Accepted
213,RCV-0000213,233,2026-04-04,300,Received,PC-0097,145.1103,59.92,57.73,Accepted
358,RCV-0000358,392,2026-04-04,100,Received,RM-0108,439.4353,22.0,23.43,Accepted
503,RCV-0000503,551,2026-04-04,100,Received,PC-0088,598.3132,128.82,129.73,Accepted
3132,RCV-0003132,3444,2026-04-04,100,Received,PC-0006,93.5147,65.57,64.28,Accepted
3275,RCV-0003275,3603,2026-04-04,300,Received,RM-0029,256.9688,37.47,34.89,Accepted
3421,RCV-0003421,3762,2026-04-04,100,Received,RM-0146,587.6143,28.43,29.16,Accepted
5007,RCV-0005007,5507,2026-04-04,100,Received,PC-0002,242.9371,54.98,51.19,Accepted
5152,RCV-0005152,5666,2026-04-04,100,Received,RM-0026,580.0569,31.62,32.43,Accepted
6197,RCV-0006197,6814,2026-04-04,100,Received,PC-0045,318.4368,95.53,90.46,Accepted
7924,RCV-0007924,8718,2026-04-04,100,Received,RM-0065,207.2683,14.37,13.61,Accepted
8070,RCV-0008070,8877,2026-04-04,100,Received,PC-0041,225.9198,74.04,77.37,Accepted
8213,RCV-0008213,9036,2026-04-04,300,Received,RM-0056,56.6494,31.96,31.61,Accepted
9799,RCV-0009799,10781,2026-04-04,100,Received,RM-0062,648.3587,10.68,11.16,Accepted
10840,RCV-0010840,11929,2026-04-04,200,Received,PC-0087,1043.2546,131.27,126.46,Accepted
10984,RCV-0010984,12088,2026-04-04,300,Received,RM-0096,607.6677,12.78,13.61,Accepted
12710,RCV-0012710,13992,2026-04-04,200,Received,PC-0084,214.6393,109.52,116.64,Accepted
12854,RCV-0012854,14151,2026-04-04,100,Received,RM-0093,142.199,11.08,11.16,Accepted
12999,RCV-0012999,14310,2026-04-04,200,Received,PC-0075,66.4683,91.29,87.19,Accepted
897,RCV-0000897,985,2026-04-05,300,Received,RM-0132,378.6079,19.02,17.71,Accepted
1043,RCV-0001043,1144,2026-04-05,200,Received,RM-0009,158.3371,18.06,18.52,Accepted
2774,RCV-0002774,3048,2026-04-05,300,Received,RM-0127,73.7841,13.27,13.61,Accepted
2917,RCV-0002917,3207,2026-04-05,100,Received,RM-0006,727.8334,16.54,16.07,Accepted
3063,RCV-0003063,3366,2026-04-05,300,Received,RM-0118,479.5067,29.4,31.61,Accepted
5546,RCV-0005546,6100,2026-04-05,300,Received,PC-0027,161.5101,140.45,133.0,Accepted
5690,RCV-0005690,6259,2026-04-05,200,Received,RM-0045,262.3029,21.64,22.61,Accepted
5835,RCV-0005835,6418,2026-04-05,100,Received,PC-0016,340.4122,98.07,97.0,Accepted
7565,RCV-0007565,8322,2026-04-05,200,Received,RM-0042,73.5286,20.38,20.16,Accepted
7711,RCV-0007711,8481,2026-04-05,300,Received,PC-0012,107.7466,89.36,83.91,Accepted
7855,RCV-0007855,8640,2026-04-05,100,Received,RM-0034,860.8593,13.15,13.61,Accepted
10336,RCV-0010336,11374,2026-04-05,200,Received,RM-0081,141.5387,25.08,26.71,Accepted
10480,RCV-0010480,11533,2026-04-05,100,Received,PC-0062,87.0385,44.33,44.64,Accepted
10623,RCV-0010623,11692,2026-04-05,300,Received,RM-0072,296.8576,20.25,19.34,Accepted
12349,RCV-0012349,13596,2026-04-05,200,Received,PC-0058,133.5276,139.25,133.0,Accepted
12494,RCV-0012494,13755,2026-04-05,200,Received,RM-0069,526.2337,16.01,16.89,Accepted
394,RCV-0000394,430,2026-04-06,300,Received,PC-0094,615.3777,46.71,47.91,Accepted
538,RCV-0000538,589,2026-04-06,200,Received,RM-0104,214.4259,20.74,20.16,Accepted
682,RCV-0000682,748,2026-04-06,100,Received,PC-0085,211.6161,111.52,119.91,Accepted
2412,RCV-0002412,2652,2026-04-06,100,Received,RM-0101,172.6698,16.47,17.71,Accepted
2557,RCV-0002557,2811,2026-04-06,300,Received,PC-0081,499.5304,105.11,106.82,Accepted
2702,RCV-0002702,2970,2026-04-06,300,Received,RM-0090,283.6439,35.36,34.07,Accepted
5331,RCV-0005331,5863,2026-04-06,300,Received,RM-0022,613.3899,31.06,29.16,Accepted
5475,RCV-0005475,6022,2026-04-06,300,Received,RM-0137,75.3033,21.06,21.8,Accepted
7206,RCV-0007206,7926,2026-04-06,300,Received,RM-0019,425.3068,25.8,26.71,Accepted
7350,RCV-0007350,8085,2026-04-06,100,Received,RM-0134,183.3274,19.73,19.34,Accepted
8248,RCV-0008248,9074,2026-04-06,100,Received,PC-0038,257.1433,70.72,67.55,Accepted
9976,RCV-0009976,10978,2026-04-06,100,Received,RM-0059,108.1762,35.67,34.07,Accepted
10120,RCV-0010120,11137,2026-04-06,100,Received,PC-0034,25.1336,51.63,54.46,Accepted
10264,RCV-0010264,11296,2026-04-06,200,Received,RM-0050,180.7613,26.76,26.71,Accepted
11992,RCV-0011992,13200,2026-04-06,100,Received,PC-0029,200.7136,139.83,139.55,Accepted
12890,RCV-0012890,14189,2026-04-06,100,Received,PC-0081,243.6058,109.92,106.82,Accepted
13035,RCV-0013035,14348,2026-04-06,100,Received,RM-0090,722.7212,31.69,34.07,Accepted
33,RCV-0000033,34,2026-04-07,200,Received,PC-0068,161.3313,59.78,64.28,Accepted
177,RCV-0000177,193,2026-04-07,100,Received,RM-0079,349.7617,24.67,25.07,Accepted
322,RCV-0000322,352,2026-04-07,100,Received,PC-0059,365.7421,141.46,136.28,Accepted
2053,RCV-0002053,2256,2026-04-07,300,Received,RM-0075,185.0818,22.63,21.8,Accepted
4825,RCV-0004825,5308,2026-04-07,100,Received,RM-0121,323.0903,32.91,34.07,Accepted
4970,RCV-0004970,5467,2026-04-07,100,Received,PC-0099,59.0453,65.57,64.28,Accepted
5116,RCV-0005116,5626,2026-04-07,100,Received,RM-0110,281.4205,26.93,25.07,Hold
7746,RCV-0007746,8519,2026-04-07,200,Received,RM-0039,142.0835,16.79,17.71,Accepted
7889,RCV-0007889,8678,2026-04-07,300,Received,PC-0008,170.047,70.96,70.82,Accepted
9617,RCV-0009617,10582,2026-04-07,200,Received,RM-0036,303.6755,15.28,15.25,Accepted
9907,RCV-0009907,10900,2026-04-07,300,Received,RM-0027,551.1853,31.82,33.25,Accepted
12385,RCV-0012385,13634,2026-04-07,300,Received,RM-0074,53.3172,19.51,20.98,Accepted
12530,RCV-0012530,13793,2026-04-07,200,Received,PC-0054,484.8344,117.99,119.91,Accepted
12675,RCV-0012675,13952,2026-04-07,200,Received,RM-0066,713.268,14.98,14.43,Accepted
2448,RCV-0002448,2690,2026-04-08,100,Received,PC-0087,292.8444,122.16,126.46,Accepted
2593,RCV-0002593,2849,2026-04-08,200,Received,RM-0096,248.4403,13.88,13.61,Accepted
2738,RCV-0002738,3008,2026-04-08,100,Received,PC-0078,422.5571,104.18,97.0,Accepted
4466,RCV-0004466,4912,2026-04-08,300,Received,RM-0092,112.2266,38.35,35.71,Accepted
4611,RCV-0004611,5071,2026-04-08,100,Received,PC-0075,374.0874,85.01,87.19,Accepted
4755,RCV-0004755,5230,2026-04-08,300,Received,RM-0083,216.3323,29.16,28.34,Accepted
7241,RCV-0007241,7964,2026-04-08,200,Received,RM-0140,196.9716,24.3,24.25,Accepted
7385,RCV-0007385,8123,2026-04-08,300,Received,RM-0016,442.2124,25.61,24.25,Accepted
7529,RCV-0007529,8282,2026-04-08,100,Received,RM-0130,91.1299,15.38,16.07,Accepted
9258,RCV-0009258,10186,2026-04-08,300,Received,RM-0013,347.9794,20.86,21.8,Accepted
9402,RCV-0009402,10345,2026-04-08,100,Received,RM-0126,703.75,12.94,12.8,Accepted
10443,RCV-0010443,11493,2026-04-08,300,Received,RM-0046,459.5762,22.0,23.43,Accepted
12027,RCV-0012027,13238,2026-04-08,300,Received,RM-0052,155.2205,29.42,28.34,Accepted
12170,RCV-0012170,13397,2026-04-08,100,Received,PC-0025,247.3241,118.75,126.46,Accepted
12314,RCV-0012314,13556,2026-04-08,300,Received,RM-0043,314.7656,20.83,20.98,Accepted
501,RCV-0000501,549,2026-04-09,100,Received,PC-0055,169.1643,120.11,123.19,Accepted
2089,RCV-0002089,2294,2026-04-09,300,Received,PC-0061,362.2922,153.39,142.82,Accepted
2232,RCV-0002232,2453,2026-04-09,100,Received,RM-0072,780.9896,18.86,19.34,Accepted
2377,RCV-0002377,2612,2026-04-09,200,Received,PC-0051,54.0593,113.28,110.09,Accepted
4106,RCV-0004106,4516,2026-04-09,100,Received,RM-0069,221.1227,17.38,16.89,Accepted
4251,RCV-0004251,4675,2026-04-09,100,Received,PC-0047,341.6726,90.21,97.0,Accepted
5150,RCV-0005150,5664,2026-04-09,100,Received,PC-0096,414.3111,52.12,54.46,Accepted
5295,RCV-0005295,5823,2026-04-09,200,Received,RM-0106,285.6913,22.04,21.8,Accepted
6879,RCV-0006879,7568,2026-04-09,200,Received,RM-0112,385.6646,25.56,26.71,Accepted
7025,RCV-0007025,7727,2026-04-09,100,Received,PC-0092,103.2019,144.39,142.82,Accepted
7169,RCV-0007169,7886,2026-04-09,200,Received,RM-0102,343.0075,19.72,18.52,Accepted
8898,RCV-0008898,9790,2026-04-09,100,Received,PC-0089,519.5689,141.65,133.0,Accepted
9797,RCV-0009797,10779,2026-04-09,100,Received,RM-0033,298.0242,12.02,12.8,Accepted
9941,RCV-0009941,10938,2026-04-09,300,Received,RM-0149,148.4109,31.39,31.61,Accepted
10085,RCV-0010085,11097,2026-04-09,100,Received,RM-0024,440.25,32.25,30.8,Accepted
11665,RCV-0011665,12842,2026-04-09,100,Received,RM-0030,147.2127,35.46,35.71,Accepted
11810,RCV-0011810,13001,2026-04-09,200,Received,RM-0146,221.3978,30.53,29.16,Accepted
11955,RCV-0011955,13160,2026-04-09,100,Received,RM-0021,381.4962,26.87,28.34,Accepted
142,RCV-0000142,153,2026-04-10,100,Received,PC-0026,199.4299,120.65,129.73,Accepted
1727,RCV-0001727,1898,2026-04-10,300,Received,PC-0033,71.889,52.67,51.19,Accepted
1872,RCV-0001872,2057,2026-04-10,100,Received,RM-0050,485.1932,24.84,26.71,Accepted
2017,RCV-0002017,2216,2026-04-10,200,Received,PC-0021,351.234,111.56,113.37,Accepted
4646,RCV-0004646,5109,2026-04-10,200,Received,RM-0089,318.9318,33.62,33.25,Accepted
4789,RCV-0004789,5268,2026-04-10,300,Received,PC-0070,307.3397,75.42,70.82,Accepted
4935,RCV-0004935,5427,2026-04-10,200,Received,RM-0080,259.677,25.01,25.89,Accepted
6520,RCV-0006520,7172,2026-04-10,100,Received,RM-0086,249.6738,32.8,30.8,Accepted
6665,RCV-0006665,7331,2026-04-10,200,Received,PC-0066,168.5435,55.77,57.73,Accepted
6810,RCV-0006810,7490,2026-04-10,100,Received,RM-0077,617.7586,23.9,23.43,Accepted
9437,RCV-0009437,10383,2026-04-10,300,Received,RM-0009,947.6535,19.39,18.52,Accepted
9582,RCV-0009582,10542,2026-04-10,200,Received,RM-0122,316.2248,33.08,34.89,Accepted
9726,RCV-0009726,10701,2026-04-10,200,Received,PC-0100,473.498,67.69,67.55,Accepted
11307,RCV-0011307,12446,2026-04-10,300,Received,RM-0006,463.2601,15.23,16.07,Accepted
11452,RCV-0011452,12605,2026-04-10,100,Received,RM-0119,107.5895,32.49,32.43,Accepted
11595,RCV-0011595,12764,2026-04-10,200,Received,PC-0097,241.703,60.96,57.73,Accepted
1367,RCV-0001367,1502,2026-04-11,200,Received,PC-0003,389.1012,53.59,54.46,Accepted
1512,RCV-0001512,1661,2026-04-11,200,Received,RM-0027,301.5058,34.51,33.25,Accepted
1655,RCV-0001655,1820,2026-04-11,200,Received,RM-0143,731.3373,25.08,26.71,Accepted
4287,RCV-0004287,4713,2026-04-11,100,Received,RM-0066,75.8764,13.94,14.43,Accepted
4430,RCV-0004430,4872,2026-04-11,200,Received,PC-0042,159.8057,82.25,80.64,Accepted
4575,RCV-0004575,5031,2026-04-11,300,Received,RM-0057,505.3175,34.83,32.43,Accepted
6162,RCV-0006162,6776,2026-04-11,100,Received,RM-0063,347.097,12.22,11.98,Accepted
6306,RCV-0006306,6935,2026-04-11,100,Received,PC-0039,207.7789,76.06,70.82,Accepted
7348,RCV-0007348,8083,2026-04-11,300,Received,RM-0098,241.918,15.28,15.25,Accepted
9077,RCV-0009077,9987,2026-04-11,200,Received,PC-0085,281.8022,120.15,119.91,Accepted
9221,RCV-0009221,10146,2026-04-11,200,Received,RM-0094,43.6617,12.65,11.98,Accepted
9365,RCV-0009365,10305,2026-04-11,200,Received,PC-0076,199.3999,86.57,90.46,Accepted
10949,RCV-0010949,12050,2026-04-11,100,Received,PC-0082,282.8957,116.26,110.09,Accepted
11990,RCV-0011990,13198,2026-04-11,300,Received,RM-0142,443.2546,25.48,25.89,Accepted
12135,RCV-0012135,13357,2026-04-11,100,Received,RM-0018,767.1449,26.87,25.89,Accepted
1007,RCV-0001007,1106,2026-04-12,200,Received,RM-0125,374.1331,11.25,11.98,Accepted
2197,RCV-0002197,2413,2026-04-12,100,Received,PC-0017,202.3515,107.7,100.28,Accepted
3926,RCV-0003926,4317,2026-04-12,200,Received,RM-0043,617.032,22.53,20.98,Accepted
4070,RCV-0004070,4476,2026-04-12,300,Received,PC-0013,129.8747,85.01,87.19,Accepted
4215,RCV-0004215,4635,2026-04-12,100,Received,RM-0035,613.6465,14.85,14.43,Accepted
5799,RCV-0005799,6380,2026-04-12,200,Received,RM-0040,506.7508,18.06,18.52,Accepted
6699,RCV-0006699,7369,2026-04-12,200,Received,RM-0082,146.206,27.58,27.52,Accepted
6844,RCV-0006844,7528,2026-04-12,200,Received,PC-0063,139.6938,50.59,47.91,Accepted
6989,RCV-0006989,7687,2026-04-12,300,Received,RM-0073,397.3136,19.29,20.16,Accepted
8862,RCV-0008862,9750,2026-04-12,200,Received,RM-0070,391.7742,17.9,17.71,Accepted
9007,RCV-0009007,9909,2026-04-12,100,Received,PC-0049,332.3815,110.28,103.55,Accepted
11487,RCV-0011487,12643,2026-04-12,100,Received,RM-0003,529.8865,14.13,13.61,Accepted
11630,RCV-0011630,12802,2026-04-12,300,Received,RM-0113,149.8283,25.84,27.52,Accepted
11775,RCV-0011775,12961,2026-04-12,100,Received,PC-0094,98.8219,47.57,47.91,Accepted
13504,RCV-0013504,14865,2026-04-12,200,Received,RM-0110,547.8335,24.89,25.07,Accepted
1547,RCV-0001547,1699,2026-04-13,200,Received,RM-0149,227.4142,33.95,31.61,Accepted
1691,RCV-0001691,1858,2026-04-13,300,Received,RM-0023,279.4404,29.23,29.98,Accepted
1837,RCV-0001837,2017,2026-04-13,100,Received,RM-0139,213.2406,24.11,23.43,Accepted
3566,RCV-0003566,3921,2026-04-13,300,Received,RM-0020,434.759,28.32,27.52,Accepted
3711,RCV-0003711,4080,2026-04-13,200,Received,RM-0135,288.9839,18.75,20.16,Accepted
3855,RCV-0003855,4239,2026-04-13,100,Received,RM-0012,825.2527,20.64,20.98,Accepted
6340,RCV-0006340,6973,2026-04-13,100,Received,RM-0060,186.802,33.39,34.89,Accepted
6484,RCV-0006484,7132,2026-04-13,100,Received,PC-0036,193.8923,61.67,61.0,Accepted
8359,RCV-0008359,9195,2026-04-13,200,Received,PC-0031,404.5059,47.54,44.64,Accepted
8502,RCV-0008502,9354,2026-04-13,300,Received,RM-0047,158.4958,23.43,24.25,Accepted
11129,RCV-0011129,12247,2026-04-13,200,Received,PC-0078,187.3751,96.32,97.0,Accepted
11272,RCV-0011272,12406,2026-04-13,200,Received,RM-0087,534.6016,33.1,31.61,Accepted
11416,RCV-0011416,12565,2026-04-13,100,Received,PC-0068,514.7993,60.94,64.28,Accepted
13144,RCV-0013144,14469,2026-04-13,100,Received,RM-0084,302.4596,27.64,29.16,Accepted
1188,RCV-0001188,1303,2026-04-14,100,Received,RM-0122,98.336,35.9,34.89,Accepted
1332,RCV-0001332,1462,2026-04-14,100,Received,PC-0100,205.0999,62.82,67.55,Accepted
1476,RCV-0001476,1621,2026-04-14,100,Received,RM-0111,128.1103,25.48,25.89,Accepted
3205,RCV-0003205,3525,2026-04-14,100,Received,PC-0097,346.4876,56.81,57.73,Accepted
4249,RCV-0004249,4673,2026-04-14,300,Received,PC-0009,40.8363,78.91,74.09,Accepted
5981,RCV-0005981,6577,2026-04-14,200,Received,RM-0037,115.5026,17.11,16.07,Accepted
6125,RCV-0006125,6736,2026-04-14,200,Received,PC-0005,183.6548,58.93,61.0,Accepted
6270,RCV-0006270,6895,2026-04-14,300,Received,RM-0028,270.111,34.75,34.07,Accepted
8896,RCV-0008896,9788,2026-04-14,300,Received,PC-0055,150.0845,128.98,123.19,Accepted
9042,RCV-0009042,9947,2026-04-14,200,Received,RM-0067,522.3713,14.46,15.25,Accepted
10768,RCV-0010768,11851,2026-04-14,300,Received,PC-0051,206.9166,104.37,110.09,Accepted
10912,RCV-0010912,12010,2026-04-14,200,Received,RM-0064,555.6502,12.83,12.8,Accepted
11057,RCV-0011057,12169,2026-04-14,200,Received,PC-0040,73.5426,78.24,74.09,Accepted
13539,RCV-0013539,14903,2026-04-14,200,Received,PC-0096,96.7014,56.04,54.46,Accepted
825,RCV-0000825,907,2026-04-15,100,Received,RM-0094,592.765,11.79,11.98,Accepted
971,RCV-0000971,1066,2026-04-15,100,Received,PC-0076,215.1244,93.9,90.46,Accepted
1116,RCV-0001116,1225,2026-04-15,300,Received,RM-0084,72.5592,27.38,29.16,Accepted
3600,RCV-0003600,3959,2026-04-15,300,Received,RM-0141,460.2196,26.7,25.07,Accepted
3745,RCV-0003745,4118,2026-04-15,300,Received,RM-0017,534.1631,24.22,25.07,Accepted
3891,RCV-0003891,4277,2026-04-15,200,Received,RM-0131,137.5135,17.23,16.89,Accepted
5619,RCV-0005619,6181,2026-04-15,300,Received,RM-0014,465.055,23.06,22.61,Accepted
5763,RCV-0005763,6340,2026-04-15,100,Received,RM-0127,215.551,14.62,13.61,Accepted
5910,RCV-0005910,6499,2026-04-15,200,Received,RM-0005,550.3567,14.87,15.25,Hold
8393,RCV-0008393,9233,2026-04-15,300,Received,RM-0053,274.7644,27.64,29.16,Accepted
8537,RCV-0008537,9392,2026-04-15,200,Received,PC-0026,360.3781,129.99,129.73,Accepted
8682,RCV-0008682,9551,2026-04-15,300,Received,RM-0044,278.0138,23.02,21.8,Accepted
10408,RCV-0010408,11455,2026-04-15,100,Received,PC-0022,407.371,123.17,116.64,Accepted
10554,RCV-0010554,11614,2026-04-15,300,Received,RM-0041,301.1988,18.51,19.34,Accepted
10697,RCV-0010697,11773,2026-04-15,200,Received,PC-0011,52.7821,81.53,80.64,Accepted
13179,RCV-0013179,14507,2026-04-15,100,Received,PC-0071,399.9775,72.9,74.09,Accepted
13323,RCV-0013323,14666,2026-04-15,300,Received,RM-0080,511.7561,26.87,25.89,Accepted
13468,RCV-0013468,14825,2026-04-15,200,Received,PC-0061,157.1638,134.11,142.82,Accepted
466,RCV-0000466,511,2026-04-16,100,Received,RM-0070,438.7767,16.63,17.71,Accepted
611,RCV-0000611,670,2026-04-16,300,Received,PC-0048,309.269,99.58,100.28,Accepted
754,RCV-0000754,829,2026-04-16,100,Received,RM-0062,648.3587,11.68,11.16,Accepted
3240,RCV-0003240,3563,2026-04-16,200,Received,RM-0113,95.4907,28.07,27.52,Accepted
3385,RCV-0003385,3722,2026-04-16,300,Received,PC-0093,253.0101,47.94,44.64,Accepted
3530,RCV-0003530,3881,2026-04-16,300,Received,RM-0103,377.8817,18.86,19.34,Accepted
5261,RCV-0005261,5785,2026-04-16,100,Received,PC-0090,361.6588,132.87,136.28,Accepted
5404,RCV-0005404,5944,2026-04-16,100,Received,RM-0100,902.3927,17.38,16.89,Accepted
6447,RCV-0006447,7092,2026-04-16,100,Received,RM-0025,376.9929,30.25,31.61,Accepted
8034,RCV-0008034,8837,2026-04-16,100,Received,RM-0031,532.9517,11.78,11.16,Accepted
8177,RCV-0008177,8996,2026-04-16,200,Received,RM-0147,145.1399,28.69,29.98,Accepted
8322,RCV-0008322,9155,2026-04-16,100,Received,RM-0022,169.3226,29.48,29.16,Accepted
10050,RCV-0010050,11059,2026-04-16,300,Received,RM-0143,261.2629,27.0,26.71,Accepted
11092,RCV-0011092,12207,2026-04-16,200,Received,RM-0061,305.5312,33.53,35.71,Accepted
11237,RCV-0011237,12366,2026-04-16,200,Received,PC-0037,144.9076,63.83,64.28,Accepted
12819,RCV-0012819,14111,2026-04-16,300,Received,PC-0042,271.8204,75.72,80.64,Accepted
12963,RCV-0012963,14270,2026-04-16,100,Received,RM-0058,532.8909,33.02,33.25,Accepted
13108,RCV-0013108,14429,2026-04-16,200,Received,PC-0033,268.3707,53.6,51.19,Accepted
1151,RCV-0001151,1263,2026-04-17,100,Received,PC-0072,522.3952,75.44,77.37,Accepted
1296,RCV-0001296,1422,2026-04-17,200,Received,RM-0081,141.5387,27.48,26.71,Accepted
2882,RCV-0002882,3167,2026-04-17,100,Received,RM-0087,198.6332,30.82,31.61,Accepted
3027,RCV-0003027,3326,2026-04-17,200,Received,PC-0067,408.0713,62.77,61.0,Accepted
3169,RCV-0003169,3485,2026-04-17,200,Received,RM-0078,133.9887,22.55,24.25,Accepted
5797,RCV-0005797,6378,2026-04-17,300,Received,RM-0010,168.4085,18.51,19.34,Accepted
5945,RCV-0005945,6537,2026-04-17,300,Received,RM-0123,144.7876,36.1,35.71,Accepted
6089,RCV-0006089,6696,2026-04-17,100,Received,RM-0002,606.3585,13.63,12.8,Accepted
7819,RCV-0007819,8600,2026-04-17,100,Received,RM-0120,25.1177,35.41,33.25,Accepted
7962,RCV-0007962,8759,2026-04-17,200,Received,PC-0098,346.135,58.93,61.0,Accepted
10588,RCV-0010588,11652,2026-04-17,200,Received,PC-0017,277.3005,99.58,100.28,Accepted
10733,RCV-0010733,11811,2026-04-17,300,Received,RM-0038,330.4573,17.68,16.89,Accepted
10876,RCV-0010876,11970,2026-04-17,300,Received,PC-0007,74.3448,64.04,67.55,Accepted
12458,RCV-0012458,13715,2026-04-17,100,Received,PC-0014,531.0486,94.71,90.46,Accepted
12603,RCV-0012603,13874,2026-04-17,300,Received,RM-0035,429.1196,13.68,14.43,Accepted
12747,RCV-0012747,14033,2026-04-17,100,Received,PC-0003,147.1507,54.57,54.46,Accepted
646,RCV-0000646,708,2026-04-18,100,Received,RM-0067,584.9434,15.69,15.25,Accepted
790,RCV-0000790,867,2026-04-18,300,Received,PC-0043,290.3023,78.04,83.91,Accepted
935,RCV-0000935,1026,2026-04-18,100,Received,RM-0059,108.1762,33.52,34.07,Accepted
2521,RCV-0002521,2771,2026-04-18,100,Received,RM-0064,405.3771,11.9,12.8,Accepted
2666,RCV-0002666,2930,2026-04-18,100,Received,PC-0040,290.9697,72.9,74.09,Accepted
2811,RCV-0002811,3089,2026-04-18,300,Received,RM-0055,477.7973,31.97,30.8,Accepted
5439,RCV-0005439,5982,2026-04-18,200,Received,PC-0086,52.3323,131.2,123.19,Accepted
5727,RCV-0005727,6300,2026-04-18,200,Received,PC-0077,293.5903,95.6,93.73,Accepted
7314,RCV-0007314,8045,2026-04-18,100,Received,PC-0083,453.6299,109.52,113.37,Accepted
7459,RCV-0007459,8204,2026-04-18,100,Received,RM-0092,196.0525,36.42,35.71,Accepted
7604,RCV-0007604,8363,2026-04-18,100,Received,PC-0074,137.0968,90.12,83.91,Accepted
10229,RCV-0010229,11256,2026-04-18,300,Received,RM-0139,58.3449,22.21,23.43,Accepted
10372,RCV-0010372,11415,2026-04-18,100,Received,RM-0016,740.7855,24.3,24.25,Accepted
10517,RCV-0010517,11574,2026-04-18,100,Received,RM-0129,143.2003,16.1,15.25,Accepted
12100,RCV-0012100,13319,2026-04-18,300,Received,RM-0135,111.0353,20.2,20.16,Accepted
13287,RCV-0013287,14626,2026-04-18,200,Received,PC-0028,265.7926,134.1,136.28,Accepted
287,RCV-0000287,312,2026-04-19,200,Received,RM-0044,242.4213,21.45,21.8,Accepted
430,RCV-0000430,471,2026-04-19,300,Received,PC-0014,435.8337,93.9,90.46,Accepted
575,RCV-0000575,630,2026-04-19,200,Received,RM-0036,303.6755,14.32,15.25,Accepted
2162,RCV-0002162,2375,2026-04-19,200,Received,RM-0041,304.6676,20.07,19.34,Accepted
2305,RCV-0002305,2534,2026-04-19,100,Received,PC-0011,496.9139,75.72,80.64,Accepted
3347,RCV-0003347,3682,2026-04-19,300,Received,RM-0074,53.3172,21.4,20.98,Accepted
5079,RCV-0005079,5586,2026-04-19,100,Received,PC-0061,549.1204,145.68,142.82,Accepted
5225,RCV-0005225,5745,2026-04-19,200,Received,RM-0071,184.069,19.89,18.52,Accepted
5368,RCV-0005368,5904,2026-04-19,300,Received,PC-0050,263.4445,104.15,106.82,Accepted
6954,RCV-0006954,7649,2026-04-19,300,Received,PC-0056,137.1487,135.82,126.46,Accepted
7997,RCV-0007997,8797,2026-04-19,200,Received,RM-0115,827.2848,29.22,29.16,Accepted
8142,RCV-0008142,8956,2026-04-19,200,Received,PC-0095,306.8127,54.06,51.19,Accepted
9870,RCV-0009870,10860,2026-04-19,300,Received,RM-0111,73.8494,27.34,25.89,Accepted
10013,RCV-0010013,11019,2026-04-19,200,Received,PC-0091,227.9717,133.55,139.55,Accepted
12638,RCV-0012638,13912,2026-04-19,100,Received,PC-0010,225.1026,76.13,77.37,Accepted
12783,RCV-0012783,14071,2026-04-19,200,Received,RM-0032,508.733,12.44,11.98,Accepted
12928,RCV-0012928,14230,2026-04-19,100,Received,RM-0149,232.9982,29.68,31.61,Accepted
70,RCV-0000070,75,2026-04-20,200,Received,RM-0136,162.2443,20.83,20.98,Accepted
214,RCV-0000214,234,2026-04-20,300,Received,RM-0013,347.9794,22.82,21.8,Accepted
2700,RCV-0002700,2968,2026-04-20,100,Received,RM-0061,78.787,36.42,35.71,Accepted
2847,RCV-0002847,3127,2026-04-20,100,Received,PC-0037,558.3625,69.04,64.28,Accepted
2991,RCV-0002991,3286,2026-04-20,300,Received,RM-0052,155.2205,27.63,28.34,Accepted
4719,RCV-0004719,5190,2026-04-20,100,Received,PC-0033,368.1188,49.91,51.19,Accepted
4863,RCV-0004863,5349,2026-04-20,100,Received,RM-0049,672.9061,26.64,25.89,Accepted
5008,RCV-0005008,5508,2026-04-20,300,Received,PC-0020,522.4204,102.38,110.09,Accepted
7494,RCV-0007494,8242,2026-04-20,200,Received,PC-0079,151.3294,105.9,100.28,Accepted
7639,RCV-0007639,8401,2026-04-20,300,Received,RM-0088,414.9308,31.04,32.43,Accepted
7782,RCV-0007782,8560,2026-04-20,200,Received,PC-0069,306.7698,68.29,67.55,Accepted
9511,RCV-0009511,10464,2026-04-20,100,Received,RM-0085,614.0236,30.31,29.98,Accepted
9655,RCV-0009655,10623,2026-04-20,300,Received,PC-0065,174.2603,58.0,54.46,Accepted
9800,RCV-0009800,10782,2026-04-20,200,Received,RM-0076,122.5279,21.84,22.61,Accepted
12279,RCV-0012279,13516,2026-04-20,100,Received,RM-0132,256.1861,16.63,17.71,Accepted
12422,RCV-0012422,13675,2026-04-20,100,Received,RM-0009,185.0056,18.39,18.52,Accepted
12567,RCV-0012567,13834,2026-04-20,300,Received,RM-0121,51.384,35.67,34.07,Accepted
2341,RCV-0002341,2572,2026-04-21,200,Received,RM-0038,332.3719,16.47,16.89,Accepted
2485,RCV-0002485,2731,2026-04-21,100,Received,PC-0007,234.733,69.51,67.55,Accepted
2630,RCV-0002630,2890,2026-04-21,100,Received,RM-0030,147.2127,33.21,35.71,Accepted
4359,RCV-0004359,4794,2026-04-21,300,Received,PC-0002,463.6058,47.61,51.19,Accepted
4504,RCV-0004504,4953,2026-04-21,300,Received,RM-0026,766.5467,31.91,32.43,Accepted
7133,RCV-0007133,7846,2026-04-21,100,Received,PC-0053,212.8144,117.92,116.64,Accepted
7277,RCV-0007277,8005,2026-04-21,200,Received,RM-0065,139.3481,14.49,13.61,Accepted
7423,RCV-0007423,8164,2026-04-21,200,Received,PC-0041,509.6889,74.74,77.37,Accepted
9151,RCV-0009151,10068,2026-04-21,200,Received,RM-0062,205.4528,10.78,11.16,Accepted
10193,RCV-0010193,11216,2026-04-21,300,Received,PC-0087,258.0633,132.4,126.46,Accepted
11919,RCV-0011919,13120,2026-04-21,100,Received,RM-0104,217.6136,21.11,20.16,Accepted
12064,RCV-0012064,13279,2026-04-21,300,Received,PC-0084,585.1024,110.57,116.64,Accepted
12207,RCV-0012207,13438,2026-04-21,200,Received,RM-0093,227.7209,11.18,11.16,Accepted
250,RCV-0000250,272,2026-04-22,100,Received,RM-0133,44.0244,17.22,18.52,Accepted
1981,RCV-0001981,2176,2026-04-22,300,Received,RM-0015,206.4002,21.79,23.43,Accepted
2126,RCV-0002126,2335,2026-04-22,100,Received,RM-0128,246.4571,14.2,14.43,Accepted
2269,RCV-0002269,2494,2026-04-22,300,Received,RM-0006,463.2601,16.68,16.07,Accepted
4897,RCV-0004897,5387,2026-04-22,100,Received,PC-0028,254.0645,145.14,136.28,Accepted
5043,RCV-0005043,5546,2026-04-22,300,Received,RM-0045,349.6021,21.84,22.61,Accepted
6774,RCV-0006774,7450,2026-04-22,200,Received,PC-0023,223.8691,115.83,119.91,Accepted
6917,RCV-0006917,7609,2026-04-22,300,Received,RM-0042,348.5618,20.56,20.16,Accepted
7062,RCV-0007062,7768,2026-04-22,100,Received,PC-0013,259.7017,93.64,87.19,Accepted
9545,RCV-0009545,10502,2026-04-22,200,Received,PC-0072,207.5174,81.01,77.37,Accepted
9691,RCV-0009691,10661,2026-04-22,300,Received,RM-0081,300.8737,25.32,26.71,Accepted
9835,RCV-0009835,10820,2026-04-22,200,Received,PC-0062,229.1128,44.73,44.64,Accepted
11558,RCV-0011558,12724,2026-04-22,300,Received,RM-0078,1002.5881,24.3,24.25,Accepted
11702,RCV-0011702,12883,2026-04-22,300,Received,PC-0058,326.2061,140.45,133.0,Accepted
11848,RCV-0011848,13042,2026-04-22,300,Received,RM-0069,59.7553,16.16,16.89,Accepted
1619,RCV-0001619,1780,2026-04-23,100,Received,PC-0091,179.1119,144.85,139.55,Accepted
1764,RCV-0001764,1939,2026-04-23,200,Received,RM-0101,258.8472,16.63,17.71,Accepted
1909,RCV-0001909,2098,2026-04-23,100,Received,PC-0082,282.8957,109.32,110.09,Accepted
4394,RCV-0004394,4832,2026-04-23,100,Received,RM-0032,41.3805,11.57,11.98,Accepted
4683,RCV-0004683,5150,2026-04-23,100,Received,RM-0023,429.5773,32.2,29.98,Accepted
6413,RCV-0006413,7054,2026-04-23,100,Received,RM-0145,104.8428,30.44,28.34,Accepted
6558,RCV-0006558,7213,2026-04-23,100,Received,RM-0020,223.6631,26.83,27.52,Accepted
6702,RCV-0006702,7372,2026-04-23,300,Received,RM-0134,394.883,19.9,19.34,Hold
9186,RCV-0009186,10106,2026-04-23,100,Received,PC-0044,228.3211,87.36,87.19,Accepted
9329,RCV-0009329,10265,2026-04-23,200,Received,RM-0059,77.6424,35.98,34.07,Accepted
9474,RCV-0009474,10424,2026-04-23,100,Received,PC-0035,297.3253,55.25,57.73,Accepted
11346,RCV-0011346,12487,2026-04-23,100,Received,PC-0030,365.7906,144.39,142.82,Accepted
12386,RCV-0012386,13635,2026-04-23,200,Received,RM-0090,83.6838,31.99,34.07,Accepted
1260,RCV-0001260,1384,2026-04-24,200,Received,PC-0065,218.6846,54.08,54.46,Accepted
1405,RCV-0001405,1543,2026-04-24,100,Received,RM-0076,332.8573,23.67,22.61,Accepted
4034,RCV-0004034,4436,2026-04-24,300,Received,RM-0008,94.5588,19.02,17.71,Accepted
4179,RCV-0004179,4595,2026-04-24,200,Received,RM-0121,132.1318,33.22,34.07,Accepted
4323,RCV-0004323,4754,2026-04-24,200,Received,PC-0099,256.142,66.14,64.28,Accepted
6054,RCV-0006054,6658,2026-04-24,200,Received,RM-0117,289.5036,31.69,30.8,Accepted
7097,RCV-0007097,7806,2026-04-24,300,Received,RM-0039,312.5582,16.95,17.71,Accepted
7242,RCV-0007242,7965,2026-04-24,100,Received,PC-0009,273.7997,74.9,74.09,Accepted
8825,RCV-0008825,9710,2026-04-24,100,Received,PC-0015,99.9227,89.7,93.73,Accepted
8970,RCV-0008970,9869,2026-04-24,300,Received,RM-0036,536.1225,15.42,15.25,Accepted
11738,RCV-0011738,12921,2026-04-24,100,Received,RM-0075,481.6373,20.47,21.8,Accepted
11884,RCV-0011884,13080,2026-04-24,300,Received,PC-0054,56.5143,119.07,119.91,Accepted
12028,RCV-0012028,13239,2026-04-24,300,Received,RM-0066,190.7082,15.11,14.43,Accepted
13613,RCV-0013613,14984,2026-04-24,300,Received,RM-0071,181.4363,18.39,18.52,Accepted
1800,RCV-0001800,1977,2026-04-25,200,Received,PC-0087,1043.2546,123.3,126.46,Accepted
1945,RCV-0001945,2136,2026-04-25,300,Received,RM-0096,607.6677,14.0,13.61,Accepted
2090,RCV-0002090,2295,2026-04-25,200,Received,PC-0078,187.3751,90.21,97.0,Accepted
3675,RCV-0003675,4040,2026-04-25,200,Received,PC-0084,214.6393,120.02,116.64,Accepted
3819,RCV-0003819,4199,2026-04-25,100,Received,RM-0093,142.199,10.38,11.16,Accepted
3962,RCV-0003962,4358,2026-04-25,200,Received,PC-0075,66.4683,85.79,87.19,Accepted
6593,RCV-0006593,7251,2026-04-25,100,Received,RM-0141,355.8146,25.35,25.07,Accepted
6737,RCV-0006737,7410,2026-04-25,100,Received,RM-0017,391.619,26.7,25.07,Accepted
6880,RCV-0006880,7569,2026-04-25,200,Received,RM-0130,203.625,15.52,16.07,Accepted
8466,RCV-0008466,9314,2026-04-25,300,Received,RM-0136,193.9872,22.34,20.98,Accepted
8610,RCV-0008610,9473,2026-04-25,100,Received,RM-0014,134.3876,21.84,22.61,Accepted
8755,RCV-0008755,9632,2026-04-25,200,Received,RM-0126,137.1021,13.06,12.8,Accepted
11381,RCV-0011381,12525,2026-04-25,100,Received,RM-0053,189.6178,30.53,29.16,Accepted
11522,RCV-0011522,12684,2026-04-25,300,Received,PC-0025,448.6888,119.88,126.46,Accepted
11666,RCV-0011666,12843,2026-04-25,100,Received,RM-0044,801.1119,21.84,21.8,Accepted
13251,RCV-0013251,14588,2026-04-25,300,Received,RM-0049,133.2569,24.54,25.89,Accepted
13396,RCV-0013396,14747,2026-04-25,100,Received,PC-0021,282.386,113.6,113.37,Accepted
13541,RCV-0013541,14906,2026-04-25,100,Received,RM-0041,222.1223,20.42,19.34,Accepted
1441,RCV-0001441,1581,2026-04-26,100,Received,PC-0062,87.0385,41.52,44.64,Accepted
1583,RCV-0001583,1740,2026-04-26,300,Received,RM-0072,296.8576,19.03,19.34,Accepted
1728,RCV-0001728,1899,2026-04-26,300,Received,PC-0051,206.9166,114.27,110.09,Accepted
3312,RCV-0003312,3644,2026-04-26,200,Received,PC-0058,133.5276,130.87,133.0,Accepted
3459,RCV-0003459,3803,2026-04-26,200,Received,RM-0069,526.2337,17.53,16.89,Accepted
3603,RCV-0003603,3962,2026-04-26,300,Received,PC-0047,417.5528,91.08,97.0,Accepted
6233,RCV-0006233,6855,2026-04-26,300,Received,RM-0112,55.7771,25.8,26.71,Accepted
6377,RCV-0006377,7014,2026-04-26,200,Received,PC-0092,185.4077,145.68,142.82,Accepted
6521,RCV-0006521,7173,2026-04-26,100,Received,RM-0103,283.5823,20.77,19.34,Accepted
8107,RCV-0008107,8918,2026-04-26,100,Received,RM-0109,41.7238,24.74,24.25,Accepted
8251,RCV-0008251,9077,2026-04-26,200,Received,PC-0089,255.5024,142.84,133.0,Accepted
9294,RCV-0009294,10225,2026-04-26,100,Received,RM-0150,325.9986,32.49,32.43,Accepted
11021,RCV-0011021,12129,2026-04-26,200,Received,RM-0030,284.3134,35.78,35.71,Accepted
11165,RCV-0011165,12288,2026-04-26,300,Received,RM-0146,297.7041,30.79,29.16,Accepted
11308,RCV-0011308,12447,2026-04-26,200,Received,RM-0021,236.8509,27.12,28.34,Accepted
12892,RCV-0012892,14192,2026-04-26,100,Received,RM-0027,219.4294,35.11,33.25,Accepted
1080,RCV-0001080,1185,2026-04-27,100,Received,PC-0034,25.1336,56.53,54.46,Accepted
1224,RCV-0001224,1344,2026-04-27,200,Received,RM-0050,180.7613,25.08,26.71,Accepted
1368,RCV-0001368,1503,2026-04-27,100,Received,PC-0022,407.371,115.82,116.64,Accepted
2955,RCV-0002955,3248,2026-04-27,100,Received,PC-0029,200.7136,131.04,139.55,Accepted
3997,RCV-0003997,4396,2026-04-27,100,Received,RM-0090,722.7212,34.75,34.07,Accepted
4142,RCV-0004142,4555,2026-04-27,100,Received,PC-0071,399.9775,79.57,74.09,Accepted
5873,RCV-0005873,6459,2026-04-27,200,Received,RM-0086,262.8433,33.08,30.8,Accepted
6017,RCV-0006017,6618,2026-04-27,300,Received,PC-0066,507.6509,56.29,57.73,Accepted
6163,RCV-0006163,6777,2026-04-27,200,Received,RM-0077,256.3778,24.11,23.43,Accepted
8646,RCV-0008646,9511,2026-04-27,200,Received,RM-0133,255.3326,18.56,18.52,Accepted
8790,RCV-0008790,9670,2026-04-27,100,Received,RM-0010,722.3533,20.42,19.34,Accepted
8934,RCV-0008934,9829,2026-04-27,100,Received,RM-0123,463.2093,34.17,35.71,Accepted
10660,RCV-0010660,11733,2026-04-27,100,Received,RM-0007,446.3601,16.16,16.89,Accepted
10805,RCV-0010805,11892,2026-04-27,200,Received,RM-0119,53.0873,32.79,32.43,Accepted
10950,RCV-0010950,12051,2026-04-27,300,Received,PC-0097,145.1103,61.48,57.73,Accepted
13432,RCV-0013432,14785,2026-04-27,100,Received,RM-0046,357.7648,24.32,23.43,Accepted
13577,RCV-0013577,14944,2026-04-27,300,Received,PC-0016,71.0984,91.08,97.0,Accepted
718,RCV-0000718,789,2026-04-28,100,Received,PC-0004,412.9641,57.33,57.73,Accepted
862,RCV-0000862,948,2026-04-28,300,Received,RM-0027,551.1853,34.81,33.25,Accepted
1008,RCV-0001008,1107,2026-04-28,300,Received,RM-0143,261.2629,25.32,26.71,Accepted
3639,RCV-0003639,4000,2026-04-28,200,Received,RM-0066,713.268,14.07,14.43,Accepted
3782,RCV-0003782,4159,2026-04-28,300,Received,PC-0042,271.8204,82.98,80.64,Accepted
5512,RCV-0005512,6063,2026-04-28,200,Received,RM-0063,429.8685,12.33,11.98,Accepted
5656,RCV-0005656,6222,2026-04-28,200,Received,PC-0039,468.7664,65.86,70.82,Accepted
5800,RCV-0005800,6381,2026-04-28,100,Received,RM-0055,55.0222,30.31,30.8,Accepted
8286,RCV-0008286,9115,2026-04-28,100,Received,RM-0105,350.1442,20.08,20.98,Accepted
8429,RCV-0008429,9274,2026-04-28,300,Received,PC-0085,261.9311,121.23,119.91,Accepted
8573,RCV-0008573,9433,2026-04-28,300,Received,RM-0094,42.875,12.76,11.98,Accepted
10302,RCV-0010302,11337,2026-04-28,200,Received,PC-0082,231.7966,117.25,110.09,Accepted
10446,RCV-0010446,11496,2026-04-28,200,Received,RM-0091,144.9798,33.7,34.89,Accepted
13072,RCV-0013072,14389,2026-04-28,200,Received,RM-0023,240.2729,29.77,29.98,Accepted
13215,RCV-0013215,14548,2026-04-28,200,Received,RM-0138,480.2937,23.67,22.61,Accepted
13359,RCV-0013359,14707,2026-04-28,200,Received,RM-0015,368.2559,22.21,23.43,Accepted
359,RCV-0000359,393,2026-04-29,100,Received,RM-0126,703.75,12.13,12.8,Accepted
3133,RCV-0003133,3445,2026-04-29,100,Received,PC-0025,247.3241,130.13,126.46,Accepted
3276,RCV-0003276,3604,2026-04-29,300,Received,RM-0043,314.7656,19.51,20.98,Accepted
3422,RCV-0003422,3763,2026-04-29,100,Received,PC-0014,531.0486,89.01,90.46,Accepted
5153,RCV-0005153,5667,2026-04-29,300,Received,RM-0040,803.8461,18.22,18.52,Accepted
6198,RCV-0006198,6815,2026-04-29,300,Received,PC-0063,211.5921,51.02,47.91,Accepted
7925,RCV-0007925,8719,2026-04-29,300,Received,RM-0079,102.8785,26.7,25.07,Accepted
8214,RCV-0008214,9037,2026-04-29,300,Received,RM-0070,245.0986,18.06,17.71,Accepted
10841,RCV-0010841,11930,2026-04-29,300,Received,RM-0003,521.8889,14.25,13.61,Accepted
10985,RCV-0010985,12089,2026-04-29,300,Received,RM-0114,571.9653,26.87,28.34,Accepted
12711,RCV-0012711,13993,2026-04-29,300,Received,PC-0099,279.4329,60.94,64.28,Accepted
12855,RCV-0012855,14152,2026-04-29,300,Received,RM-0110,185.1124,25.12,25.07,Accepted
13000,RCV-0013000,14311,2026-04-29,300,Received,PC-0090,189.8063,143.91,136.28,Accepted
898,RCV-0000898,986,2026-04-30,300,Received,RM-0149,148.4109,29.4,31.61,Accepted
1044,RCV-0001044,1145,2026-04-30,100,Received,RM-0024,440.25,30.31,30.8,Accepted
2775,RCV-0002775,3049,2026-04-30,200,Received,RM-0146,221.3978,28.69,29.16,Accepted
2918,RCV-0002918,3208,2026-04-30,100,Received,RM-0021,381.4962,29.42,28.34,Accepted
3064,RCV-0003064,3367,2026-04-30,300,Received,RM-0135,111.0353,18.93,20.16,Accepted
5547,RCV-0005547,6101,2026-04-30,200,Received,PC-0045,94.8412,96.34,90.46,Accepted
5691,RCV-0005691,6260,2026-04-30,200,Received,RM-0060,265.5478,33.7,34.89,Accepted
5836,RCV-0005836,6419,2026-04-30,200,Received,PC-0036,230.3747,62.22,61.0,Accepted
7566,RCV-0007566,8323,2026-04-30,100,Received,RM-0057,406.2007,33.08,32.43,Accepted
7712,RCV-0007712,8482,2026-04-30,300,Received,PC-0031,214.2234,47.94,44.64,Accepted
7856,RCV-0007856,8641,2026-04-30,100,Received,RM-0048,370.5698,24.44,25.07,Accepted
10337,RCV-0010337,11375,2026-04-30,200,Received,RM-0097,566.008,13.68,14.43,Accepted
10481,RCV-0010481,11534,2026-04-30,300,Received,PC-0078,208.8433,97.19,97.0,Accepted
10624,RCV-0010624,11693,2026-04-30,300,Received,RM-0087,347.4182,33.38,31.61,Accepted
12350,RCV-0012350,13597,2026-04-30,300,Received,PC-0075,264.6118,92.07,87.19,Accepted
12495,RCV-0012495,13756,2026-04-30,200,Received,RM-0084,176.0249,27.91,29.16,Accepted
395,RCV-0000395,431,2026-05-01,300,Received,RM-0009,947.6535,18.22,18.52,Accepted
539,RCV-0000539,590,2026-05-01,200,Received,RM-0122,316.2248,36.22,34.89,Accepted
683,RCV-0000683,749,2026-05-01,200,Received,PC-0100,473.498,63.43,67.55,Accepted
2413,RCV-0002413,2653,2026-05-01,100,Received,RM-0119,107.5895,30.45,32.43,Accepted
2558,RCV-0002558,2812,2026-05-01,200,Received,PC-0097,241.703,57.33,57.73,Accepted
2703,RCV-0002703,2971,2026-05-01,300,Received,RM-0107,143.1404,23.67,22.61,Accepted
5188,RCV-0005188,5705,2026-05-01,200,Received,PC-0016,289.1289,98.94,97.0,Accepted
5332,RCV-0005332,5864,2026-05-01,300,Received,RM-0037,211.5305,17.26,16.07,Accepted
5476,RCV-0005476,6023,2026-05-01,300,Received,PC-0005,146.8096,59.48,61.0,Accepted
7207,RCV-0007207,7927,2026-05-01,200,Received,RM-0034,133.6038,13.27,13.61,Accepted
7351,RCV-0007351,8086,2026-05-01,100,Received,PC-0001,311.1291,49.3,47.91,Accepted
8394,RCV-0008394,9234,2026-05-01,300,Received,RM-0067,184.3143,14.59,15.25,Accepted
9977,RCV-0009977,10979,2026-05-01,100,Received,RM-0073,415.5437,21.29,20.16,Accepted
10121,RCV-0010121,11138,2026-05-01,100,Received,PC-0052,468.8419,108.5,113.37,Accepted
10265,RCV-0010265,11297,2026-05-01,300,Received,RM-0064,438.5344,12.94,12.8,Accepted
11993,RCV-0011993,13201,2026-05-01,100,Received,PC-0048,300.8991,101.38,100.28,Accepted
13036,RCV-0013036,14349,2026-05-01,100,Received,RM-0107,209.41,21.23,22.61,Accepted
13180,RCV-0013180,14508,2026-05-01,100,Received,PC-0087,292.8444,125.57,126.46,Accepted
34,RCV-0000034,35,2026-05-02,200,Received,PC-0085,281.8022,112.6,119.91,Accepted
178,RCV-0000178,194,2026-05-02,200,Received,RM-0094,43.6617,11.9,11.98,Hold
323,RCV-0000323,353,2026-05-02,200,Received,PC-0076,199.3999,94.71,90.46,Accepted
2054,RCV-0002054,2257,2026-05-02,100,Received,RM-0091,46.4985,36.53,34.89,Accepted
3098,RCV-0003098,3405,2026-05-02,100,Received,RM-0018,767.1449,25.24,25.89,Accepted
3241,RCV-0003241,3564,2026-05-02,100,Received,RM-0132,256.1861,18.22,17.71,Accepted
4826,RCV-0004826,5309,2026-05-02,100,Received,RM-0138,326.8695,22.04,22.61,Accepted
4971,RCV-0004971,5468,2026-05-02,100,Received,RM-0015,479.7553,24.11,23.43,Accepted
5117,RCV-0005117,5627,2026-05-02,200,Received,RM-0127,262.5178,12.66,13.61,Accepted
7747,RCV-0007747,8520,2026-05-02,100,Received,RM-0054,872.4878,28.69,29.98,Accepted
7890,RCV-0007890,8679,2026-05-02,100,Received,PC-0027,498.9002,134.46,133.0,Accepted
8035,RCV-0008035,8838,2026-05-02,100,Received,RM-0045,287.9167,24.08,22.61,Accepted
9618,RCV-0009618,10583,2026-05-02,300,Received,RM-0050,578.3134,27.0,26.71,Accepted
9762,RCV-0009762,10742,2026-05-02,200,Received,PC-0022,31.5564,124.22,116.64,Accepted
9908,RCV-0009908,10901,2026-05-02,100,Received,RM-0042,320.6988,19.47,20.16,Accepted
12531,RCV-0012531,13794,2026-05-02,300,Received,PC-0071,219.2335,73.57,74.09,Accepted
12676,RCV-0012676,13953,2026-05-02,100,Received,RM-0081,238.2032,27.97,26.71,Accepted
12820,RCV-0012820,14112,2026-05-02,300,Received,PC-0061,362.2922,135.39,142.82,Accepted
2594,RCV-0002594,2850,2026-05-03,300,Received,RM-0113,149.8283,28.32,27.52,Accepted
2739,RCV-0002739,3009,2026-05-03,100,Received,PC-0094,98.8219,44.56,47.91,Accepted
2883,RCV-0002883,3168,2026-05-03,100,Received,RM-0104,217.6136,19.84,20.16,Accepted
4467,RCV-0004467,4913,2026-05-03,200,Received,RM-0110,547.8335,23.32,25.07,Accepted
4612,RCV-0004612,5072,2026-05-03,200,Received,PC-0090,347.7457,134.1,136.28,Accepted
4756,RCV-0004756,5231,2026-05-03,200,Received,RM-0100,95.2976,17.53,16.89,Accepted
7386,RCV-0007386,8124,2026-05-03,200,Received,RM-0031,334.511,11.89,11.16,Accepted
7530,RCV-0007530,8283,2026-05-03,300,Received,RM-0147,466.3011,28.96,29.98,Accepted
7675,RCV-0007675,8442,2026-05-03,200,Received,RM-0022,438.3227,29.74,29.16,Accepted
9259,RCV-0009259,10187,2026-05-03,100,Received,RM-0028,751.3556,32.91,34.07,Accepted
9403,RCV-0009403,10346,2026-05-03,100,Received,RM-0144,292.5042,28.07,27.52,Accepted
9548,RCV-0009548,10505,2026-05-03,200,Received,RM-0019,263.8094,28.69,26.71,Accepted
10444,RCV-0010444,11494,2026-05-03,300,Received,RM-0061,282.8889,33.85,35.71,Accepted
12171,RCV-0012171,13398,2026-05-03,100,Received,PC-0043,42.0406,79.55,83.91,Accepted
12315,RCV-0012315,13557,2026-05-03,300,Received,RM-0058,766.5025,33.32,33.25,Accepted
12459,RCV-0012459,13716,2026-05-03,300,Received,PC-0033,71.889,54.06,51.19,Accepted
2233,RCV-0002233,2454,2026-05-04,200,Received,RM-0087,534.6016,31.1,31.61,Accepted
2378,RCV-0002378,2613,2026-05-04,100,Received,PC-0068,514.7993,66.72,64.28,Accepted
2522,RCV-0002522,2772,2026-05-04,300,Received,RM-0078,1002.5881,22.77,24.25,Accepted
4107,RCV-0004107,4517,2026-05-04,100,Received,RM-0084,302.4596,30.27,29.16,Accepted
4252,RCV-0004252,4676,2026-05-04,300,Received,PC-0064,172.799,48.07,51.19,Accepted
5296,RCV-0005296,5824,2026-05-04,100,Received,RM-0124,260.3893,11.38,11.16,Accepted
7170,RCV-0007170,7887,2026-05-04,200,Received,RM-0120,423.96,35.71,33.25,Accepted
7315,RCV-0007315,8046,2026-05-04,300,Received,PC-0098,98.6868,59.48,61.0,Accepted
8899,RCV-0008899,9791,2026-05-04,300,Received,RM-0004,894.6533,15.5,14.43,Accepted
9942,RCV-0009942,10939,2026-05-04,200,Received,PC-0018,564.3004,103.76,103.55,Accepted
10086,RCV-0010086,11098,2026-05-04,100,Received,RM-0039,792.2917,18.7,17.71,Accepted
11811,RCV-0011811,13002,2026-05-04,200,Received,PC-0014,76.0803,95.53,90.46,Accepted
11956,RCV-0011956,13161,2026-05-04,100,Received,RM-0036,25.0824,14.59,15.25,Accepted
12101,RCV-0012101,13320,2026-05-04,200,Received,PC-0003,389.1012,55.06,54.46,Accepted
143,RCV-0000143,154,2026-05-05,100,Received,PC-0044,228.3211,81.87,87.19,Accepted
1873,RCV-0001873,2058,2026-05-05,200,Received,RM-0064,555.6502,12.02,12.8,Accepted
2018,RCV-0002018,2217,2026-05-05,200,Received,PC-0040,73.5426,73.57,74.09,Accepted
2163,RCV-0002163,2376,2026-05-05,100,Received,RM-0056,380.508,33.1,31.61,Accepted
4647,RCV-0004647,5110,2026-05-05,300,Received,RM-0106,349.4156,22.24,21.8,Accepted
4790,RCV-0004790,5269,2026-05-05,300,Received,PC-0086,669.2136,132.31,123.19,Accepted
6666,RCV-0006666,7332,2026-05-05,300,Received,PC-0083,197.4841,110.54,113.37,Accepted
6811,RCV-0006811,7491,2026-05-05,200,Received,RM-0092,656.435,36.75,35.71,Accepted
6955,RCV-0006955,7650,2026-05-05,200,Received,PC-0074,183.1524,78.04,83.91,Accepted
9438,RCV-0009438,10384,2026-05-05,200,Received,RM-0024,103.0032,32.52,30.8,Accepted
9583,RCV-0009583,10543,2026-05-05,100,Received,RM-0140,221.7525,23.21,24.25,Accepted
9727,RCV-0009727,10702,2026-05-05,200,Received,RM-0016,245.6723,24.52,24.25,Accepted
11453,RCV-0011453,12606,2026-05-05,100,Received,RM-0136,402.0942,21.21,20.98,Accepted
1513,RCV-0001513,1662,2026-05-06,300,Received,RM-0041,301.1988,20.25,19.34,Accepted
1656,RCV-0001656,1821,2026-05-06,200,Received,PC-0011,52.7821,76.45,80.64,Accepted
1802,RCV-0001802,1980,2026-05-06,200,Received,RM-0033,702.6288,12.83,12.8,Accepted
4288,RCV-0004288,4714,2026-05-06,300,Received,RM-0080,511.7561,25.24,25.89,Accepted
4431,RCV-0004431,4873,2026-05-06,200,Received,PC-0061,157.1638,146.96,142.82,Accepted
4576,RCV-0004576,5032,2026-05-06,300,Received,RM-0071,181.4363,17.22,18.52,Accepted
6307,RCV-0006307,6936,2026-05-06,100,Received,PC-0057,196.2393,120.65,129.73,Accepted
6450,RCV-0006450,7095,2026-05-06,300,Received,RM-0068,836.372,15.81,16.07,Accepted
7349,RCV-0007349,8084,2026-05-06,100,Received,RM-0116,167.3566,30.31,29.98,Accepted
9078,RCV-0009078,9988,2026-05-06,100,Received,RM-0001,185.5389,12.11,11.98,Accepted
9222,RCV-0009222,10147,2026-05-06,100,Received,RM-0112,347.3408,28.45,26.71,Accepted
9366,RCV-0009366,10306,2026-05-06,300,Received,PC-0091,193.7829,134.81,139.55,Accepted
11095,RCV-0011095,12210,2026-05-06,100,Received,RM-0108,439.4353,22.63,23.43,Accepted
11991,RCV-0011991,13199,2026-05-06,300,Received,PC-0010,408.0588,76.83,77.37,Accepted
12136,RCV-0012136,13358,2026-05-06,300,Received,RM-0032,1477.499,12.54,11.98,Accepted
1153,RCV-0001153,1266,2026-05-07,100,Received,RM-0019,214.193,26.76,26.71,Accepted
2198,RCV-0002198,2414,2026-05-07,200,Received,PC-0037,144.9076,59.78,64.28,Accepted
3927,RCV-0003927,4318,2026-05-07,100,Received,RM-0058,532.8909,30.92,33.25,Accepted
4071,RCV-0004071,4477,2026-05-07,200,Received,PC-0033,268.3707,50.37,51.19,Accepted
4216,RCV-0004216,4636,2026-05-07,300,Received,RM-0049,133.2569,26.87,25.89,Accepted
6845,RCV-0006845,7529,2026-05-07,100,Received,PC-0080,296.5087,110.28,103.55,Accepted
6990,RCV-0006990,7688,2026-05-07,100,Received,RM-0089,219.0248,32.12,33.25,Accepted
8718,RCV-0008718,9592,2026-05-07,300,Received,PC-0076,448.9405,87.38,90.46,Accepted
8863,RCV-0008863,9751,2026-05-07,200,Received,RM-0085,275.1974,30.58,29.98,Accepted
9008,RCV-0009008,9910,2026-05-07,100,Received,PC-0066,176.5834,62.0,57.73,Accepted
11488,RCV-0011488,12644,2026-05-07,200,Received,RM-0018,485.7123,27.11,25.89,Accepted
11631,RCV-0011631,12803,2026-05-07,300,Received,RM-0132,378.6079,16.79,17.71,Accepted
11776,RCV-0011776,12962,2026-05-07,200,Received,RM-0009,158.3371,18.56,18.52,Accepted
13505,RCV-0013505,14866,2026-05-07,300,Received,RM-0127,73.7841,13.64,13.61,Accepted
1548,RCV-0001548,1700,2026-05-08,200,Received,PC-0017,277.3005,93.26,100.28,Accepted
1692,RCV-0001692,1859,2026-05-08,300,Received,RM-0038,330.4573,16.62,16.89,Accepted
1838,RCV-0001838,2018,2026-05-08,300,Received,PC-0007,74.3448,70.12,67.55,Accepted
3567,RCV-0003567,3922,2026-05-08,300,Received,RM-0035,429.1196,14.98,14.43,Accepted
3712,RCV-0003712,4081,2026-05-08,100,Received,PC-0003,147.1507,51.14,54.46,Accepted
3856,RCV-0003856,4240,2026-05-08,100,Received,RM-0027,219.4294,33.02,33.25,Accepted
6341,RCV-0006341,6974,2026-05-08,100,Received,RM-0074,644.8966,20.27,20.98,Accepted
6485,RCV-0006485,7133,2026-05-08,200,Received,PC-0053,136.8505,118.97,116.64,Accepted
6629,RCV-0006629,7292,2026-05-08,300,Received,RM-0065,75.1748,14.62,13.61,Accepted
8360,RCV-0008360,9196,2026-05-08,200,Received,PC-0049,541.7876,111.21,103.55,Accepted
8503,RCV-0008503,9355,2026-05-08,300,Received,RM-0062,50.1245,10.88,11.16,Accepted
9546,RCV-0009546,10503,2026-05-08,100,Received,PC-0088,598.3132,136.99,129.73,Accepted
11130,RCV-0011130,12248,2026-05-08,300,Received,PC-0094,615.3777,48.01,47.91,Accepted
11273,RCV-0011273,12407,2026-05-08,200,Received,RM-0104,214.4259,21.29,20.16,Accepted
11417,RCV-0011417,12566,2026-05-08,100,Received,PC-0085,211.6161,114.75,119.91,Accepted
13145,RCV-0013145,14470,2026-05-08,100,Received,RM-0101,172.6698,16.95,17.71,Accepted
1189,RCV-0001189,1304,2026-05-09,300,Received,RM-0139,58.3449,24.32,23.43,Accepted
1333,RCV-0001333,1463,2026-05-09,100,Received,RM-0016,740.7855,22.77,24.25,Accepted
1477,RCV-0001477,1622,2026-05-09,100,Received,RM-0129,143.2003,15.14,15.25,Accepted
3206,RCV-0003206,3526,2026-05-09,300,Received,RM-0012,646.8771,20.83,20.98,Accepted
3350,RCV-0003350,3685,2026-05-09,100,Received,RM-0125,80.5641,12.54,11.98,Accepted
4250,RCV-0004250,4674,2026-05-09,200,Received,PC-0028,265.7926,146.36,136.28,Accepted
4395,RCV-0004395,4833,2026-05-09,100,Received,RM-0046,357.7648,22.84,23.43,Accepted
6126,RCV-0006126,6737,2026-05-09,100,Received,PC-0024,474.1117,120.11,123.19,Accepted
6271,RCV-0006271,6896,2026-05-09,100,Received,RM-0043,24.0045,21.59,20.98,Accepted
8000,RCV-0008000,8800,2026-05-09,300,Received,PC-0019,432.4263,109.92,106.82,Accepted
8897,RCV-0008897,9789,2026-05-09,100,Received,PC-0073,588.7639,85.16,80.64,Accepted
9043,RCV-0009043,9948,2026-05-09,100,Received,RM-0082,216.2979,26.34,27.52,Accepted
9187,RCV-0009187,10107,2026-05-09,100,Received,PC-0063,247.586,48.44,47.91,Accepted
10769,RCV-0010769,11852,2026-05-09,200,Received,PC-0068,161.3313,61.52,64.28,Accepted
10913,RCV-0010913,12011,2026-05-09,100,Received,RM-0079,349.7617,25.35,25.07,Accepted
11058,RCV-0011058,12170,2026-05-09,100,Received,PC-0059,365.7421,145.14,136.28,Accepted
826,RCV-0000826,908,2026-05-10,300,Received,RM-0111,73.8494,25.71,25.89,Accepted
972,RCV-0000972,1067,2026-05-10,200,Received,PC-0091,227.9717,146.11,139.55,Hold
1117,RCV-0001117,1226,2026-05-10,300,Received,RM-0101,355.8511,16.79,17.71,Accepted
3746,RCV-0003746,4119,2026-05-10,200,Received,RM-0032,508.733,11.68,11.98,Accepted
4035,RCV-0004035,4437,2026-05-10,200,Received,RM-0023,240.2729,27.88,29.98,Accepted
5620,RCV-0005620,6182,2026-05-10,100,Received,RM-0029,466.9056,35.9,34.89,Accepted
5764,RCV-0005764,6341,2026-05-10,200,Received,RM-0145,172.196,26.36,28.34,Accepted
5911,RCV-0005911,6500,2026-05-10,200,Received,RM-0020,469.8342,27.08,27.52,Accepted
8538,RCV-0008538,9393,2026-05-10,200,Received,PC-0044,278.5976,88.15,87.19,Accepted
8683,RCV-0008683,9552,2026-05-10,300,Received,RM-0059,530.2347,36.28,34.07,Accepted
8826,RCV-0008826,9711,2026-05-10,300,Received,PC-0035,228.6254,55.77,57.73,Accepted
10409,RCV-0010409,11456,2026-05-10,300,Received,PC-0040,145.2442,78.91,74.09,Accepted
10698,RCV-0010698,11774,2026-05-10,300,Received,PC-0030,547.2015,145.68,142.82,Accepted
13324,RCV-0013324,14667,2026-05-10,200,Received,RM-0096,248.4403,14.25,13.61,Accepted
13469,RCV-0013469,14826,2026-05-10,100,Received,PC-0078,422.5571,91.96,97.0,Accepted
13614,RCV-0013614,14985,2026-05-10,100,Received,RM-0087,198.6332,31.67,31.61,Accepted
467,RCV-0000467,512,2026-05-11,100,Received,RM-0085,614.0236,28.42,29.98,Accepted
612,RCV-0000612,671,2026-05-11,300,Received,PC-0065,174.2603,54.57,54.46,Accepted
755,RCV-0000755,830,2026-05-11,200,Received,RM-0076,122.5279,23.88,22.61,Accepted
3386,RCV-0003386,3723,2026-05-11,100,Received,RM-0009,185.0056,17.22,18.52,Accepted
3531,RCV-0003531,3882,2026-05-11,300,Received,RM-0121,51.384,33.52,34.07,Accepted
3676,RCV-0003676,4041,2026-05-11,300,Received,PC-0099,279.4329,66.72,64.28,Accepted
5262,RCV-0005262,5786,2026-05-11,300,Received,RM-0005,174.2446,15.01,15.25,Accepted
5405,RCV-0005405,5945,2026-05-11,100,Received,RM-0118,463.1864,32.81,31.61,Accepted
6448,RCV-0006448,7093,2026-05-11,100,Received,RM-0040,367.2486,17.89,18.52,Accepted
8178,RCV-0008178,8997,2026-05-11,300,Received,PC-0015,292.8547,90.54,93.73,Accepted
8323,RCV-0008323,9156,2026-05-11,100,Received,RM-0037,249.4765,16.39,16.07,Accepted
10051,RCV-0010051,11060,2026-05-11,100,Received,PC-0012,56.8215,85.59,83.91,Accepted
11093,RCV-0011093,12208,2026-05-11,300,Received,RM-0075,185.0818,20.67,21.8,Accepted
11238,RCV-0011238,12367,2026-05-11,100,Received,PC-0055,169.1643,123.44,123.19,Accepted
12964,RCV-0012964,14271,2026-05-11,100,Received,RM-0072,780.9896,19.38,19.34,Accepted
13109,RCV-0013109,14430,2026-05-11,200,Received,PC-0051,54.0593,116.26,110.09,Accepted
13252,RCV-0013252,14589,2026-05-11,100,Received,RM-0064,405.3771,12.25,12.8,Accepted
107,RCV-0000107,116,2026-05-12,200,Received,RM-0062,205.4528,11.78,11.16,Accepted
253,RCV-0000253,275,2026-05-12,200,Received,PC-0038,101.8795,64.65,67.55,Accepted
1152,RCV-0001152,1264,2026-05-12,300,Received,PC-0087,258.0633,124.44,126.46,Accepted
1297,RCV-0001297,1423,2026-05-12,200,Received,RM-0097,566.008,14.98,14.43,Accepted
3028,RCV-0003028,3327,2026-05-12,300,Received,PC-0084,585.1024,121.07,116.64,Accepted
3170,RCV-0003170,3486,2026-05-12,200,Received,RM-0093,227.7209,10.48,11.16,Accepted
3313,RCV-0003313,3645,2026-05-12,300,Received,PC-0075,264.6118,86.58,87.19,Accepted
4900,RCV-0004900,5390,2026-05-12,200,Received,PC-0081,211.819,100.3,106.82,Accepted
5798,RCV-0005798,6379,2026-05-12,300,Received,RM-0025,98.3603,30.54,31.61,Accepted
5946,RCV-0005946,6538,2026-05-12,200,Received,RM-0141,263.8155,25.57,25.07,Accepted
6090,RCV-0006090,6697,2026-05-12,200,Received,RM-0017,205.5824,26.93,25.07,Accepted
7820,RCV-0007820,8601,2026-05-12,100,Received,RM-0137,81.3583,23.41,21.8,Accepted
7963,RCV-0007963,8760,2026-05-12,200,Received,RM-0014,49.7321,22.04,22.61,Accepted
8108,RCV-0008108,8919,2026-05-12,300,Received,RM-0126,320.3276,13.17,12.8,Accepted
10589,RCV-0010589,11653,2026-05-12,300,Received,PC-0037,172.9918,64.41,64.28,Accepted
10734,RCV-0010734,11812,2026-05-12,200,Received,RM-0053,52.3336,30.79,29.16,Accepted
10877,RCV-0010877,11971,2026-05-12,100,Received,PC-0026,199.4299,124.15,129.73,Accepted
12604,RCV-0012604,13875,2026-05-12,100,Received,RM-0050,485.1932,25.56,26.71,Accepted
12748,RCV-0012748,14034,2026-05-12,200,Received,PC-0021,351.234,114.62,113.37,Accepted
12893,RCV-0012893,14193,2026-05-12,200,Received,RM-0041,304.6676,20.6,19.34,Accepted
647,RCV-0000647,709,2026-05-13,300,Received,RM-0081,300.8737,27.72,26.71,Accepted
791,RCV-0000791,868,2026-05-13,200,Received,PC-0062,229.1128,41.92,44.64,Accepted
936,RCV-0000936,1027,2026-05-13,100,Received,RM-0073,415.5437,20.02,20.16,Accepted
2667,RCV-0002667,2931,2026-05-13,300,Received,PC-0058,326.2061,132.07,133.0,Accepted
2812,RCV-0002812,3090,2026-05-13,300,Received,RM-0069,59.7553,17.68,16.89,Accepted
2956,RCV-0002956,3249,2026-05-13,100,Received,PC-0048,300.8991,95.07,100.28,Accepted
5440,RCV-0005440,5983,2026-05-13,200,Received,RM-0002,54.033,13.75,12.8,Accepted
5584,RCV-0005584,6142,2026-05-13,100,Received,RM-0113,379.4556,26.83,27.52,Accepted
5728,RCV-0005728,6301,2026-05-13,100,Received,PC-0093,172.4629,45.93,44.64,Accepted
7460,RCV-0007460,8205,2026-05-13,300,Received,RM-0109,451.0975,24.95,24.25,Accepted
7605,RCV-0007605,8364,2026-05-13,300,Received,PC-0089,323.9556,123.69,133.0,Accepted
10230,RCV-0010230,11257,2026-05-13,200,Received,PC-0008,344.7169,67.77,70.82,Accepted
10373,RCV-0010373,11416,2026-05-13,300,Received,RM-0030,702.1914,36.1,35.71,Accepted
10518,RCV-0010518,11575,2026-05-13,100,Received,RM-0147,53.8349,31.93,29.98,Accepted
12244,RCV-0012244,13479,2026-05-13,200,Received,RM-0027,301.5058,35.41,33.25,Accepted
13288,RCV-0013288,14627,2026-05-13,100,Received,PC-0047,341.6726,96.32,97.0,Accepted
288,RCV-0000288,313,2026-05-14,200,Received,RM-0059,77.6424,33.83,34.07,Accepted
431,RCV-0000431,472,2026-05-14,100,Received,PC-0035,297.3253,60.44,57.73,Accepted
576,RCV-0000576,631,2026-05-14,300,Received,RM-0050,578.3134,25.32,26.71,Accepted
2306,RCV-0002306,2535,2026-05-14,100,Received,PC-0030,365.7906,135.39,142.82,Accepted
3348,RCV-0003348,3683,2026-05-14,200,Received,RM-0090,83.6838,35.06,34.07,Accepted
5080,RCV-0005080,5587,2026-05-14,300,Received,PC-0077,112.1604,96.45,93.73,Accepted
5226,RCV-0005226,5746,2026-05-14,300,Received,RM-0086,666.0621,28.64,30.8,Accepted
5369,RCV-0005369,5905,2026-05-14,100,Received,PC-0067,499.9286,60.02,61.0,Accepted
7998,RCV-0007998,8798,2026-05-14,300,Received,RM-0133,156.1591,18.72,18.52,Accepted
8143,RCV-0008143,8957,2026-05-14,200,Received,RM-0010,355.3822,20.6,19.34,Accepted
9871,RCV-0009871,10861,2026-05-14,300,Received,RM-0129,323.9697,16.24,15.25,Accepted
10014,RCV-0010014,11020,2026-05-14,200,Received,RM-0007,157.5636,16.32,16.89,Accepted
10158,RCV-0010158,11179,2026-05-14,300,Received,RM-0119,512.1971,33.08,32.43,Accepted
12639,RCV-0012639,13913,2026-05-14,300,Received,PC-0028,272.9902,135.33,136.28,Accepted
12784,RCV-0012784,14072,2026-05-14,200,Received,RM-0046,427.8215,24.53,23.43,Accepted
12929,RCV-0012929,14231,2026-05-14,100,Received,PC-0017,202.3515,95.07,100.28,Accepted
71,RCV-0000071,76,2026-05-15,300,Received,PC-0004,57.6866,57.85,57.73,Accepted
215,RCV-0000215,235,2026-05-15,100,Received,RM-0028,751.3556,35.98,34.07,Accepted
2701,RCV-0002701,2969,2026-05-15,100,Received,RM-0075,481.6373,22.43,21.8,Accepted
2992,RCV-0002992,3287,2026-05-15,300,Received,RM-0066,190.7082,14.2,14.43,Accepted
4720,RCV-0004720,5191,2026-05-15,100,Received,PC-0051,151.8314,108.33,110.09,Accepted
4864,RCV-0004864,5350,2026-05-15,300,Received,RM-0063,437.2219,12.44,11.98,Accepted
5009,RCV-0005009,5509,2026-05-15,300,Received,PC-0039,136.412,66.5,70.82,Accepted
7495,RCV-0007495,8243,2026-05-15,300,Received,PC-0095,246.2421,54.52,51.19,Accepted
7640,RCV-0007640,8402,2026-05-15,100,Received,RM-0106,99.4164,21.06,21.8,Accepted
7783,RCV-0007783,8561,2026-05-15,100,Received,PC-0086,118.8444,125.65,123.19,Accepted
9656,RCV-0009656,10624,2026-05-15,300,Received,PC-0082,230.2061,118.24,110.09,Accepted
9801,RCV-0009801,10783,2026-05-15,300,Received,RM-0091,325.2771,34.02,34.89,Accepted
12280,RCV-0012280,13517,2026-05-15,200,Received,RM-0149,227.4142,29.97,31.61,Accepted
12423,RCV-0012423,13676,2026-05-15,300,Received,RM-0023,279.4404,30.04,29.98,Accepted
12568,RCV-0012568,13835,2026-05-15,100,Received,RM-0139,213.2406,24.74,23.43,Accepted
2342,RCV-0002342,2573,2026-05-16,100,Received,RM-0053,189.6178,28.69,29.16,Accepted
2486,RCV-0002486,2732,2026-05-16,300,Received,PC-0025,448.6888,131.27,126.46,Accepted
2631,RCV-0002631,2891,2026-05-16,100,Received,RM-0044,801.1119,20.47,21.8,Accepted
4360,RCV-0004360,4795,2026-05-16,100,Received,PC-0021,282.386,106.45,113.37,Accepted
4505,RCV-0004505,4954,2026-05-16,100,Received,RM-0041,222.1223,19.2,19.34,Accepted
5548,RCV-0005548,6102,2026-05-16,100,Received,PC-0064,30.8541,54.98,51.19,Accepted
7134,RCV-0007134,7847,2026-05-16,100,Received,PC-0070,552.9897,72.24,70.82,Accepted
7278,RCV-0007278,8006,2026-05-16,100,Received,RM-0080,600.2317,27.81,25.89,Accepted
9152,RCV-0009152,10069,2026-05-16,300,Received,RM-0076,108.8811,22.04,22.61,Accepted
10194,RCV-0010194,11217,2026-05-16,100,Received,RM-0004,294.4915,15.24,14.43,Accepted
10338,RCV-0010338,11376,2026-05-16,100,Received,RM-0115,331.1719,27.91,29.16,Accepted
11920,RCV-0011920,13121,2026-05-16,100,Received,RM-0122,98.336,36.84,34.89,Accepted
12065,RCV-0012065,13280,2026-05-16,100,Received,PC-0100,205.0999,64.65,67.55,Accepted
12208,RCV-0012208,13439,2026-05-16,100,Received,RM-0111,128.1103,26.17,25.89,Accepted
251,RCV-0000251,273,2026-05-17,100,Received,RM-0150,325.9986,30.45,32.43,Accepted
396,RCV-0000396,432,2026-05-17,200,Received,RM-0024,103.0032,30.58,30.8,Accepted
1982,RCV-0001982,2177,2026-05-17,200,Received,RM-0030,284.3134,33.53,35.71,Accepted
2127,RCV-0002127,2336,2026-05-17,300,Received,RM-0146,297.7041,28.96,29.16,Accepted
2270,RCV-0002270,2495,2026-05-17,200,Received,RM-0021,236.8509,29.67,28.34,Accepted
4898,RCV-0004898,5388,2026-05-17,200,Received,PC-0046,145.849,100.67,93.73,Accepted
5044,RCV-0005044,5547,2026-05-17,300,Received,RM-0060,326.4921,34.02,34.89,Accepted
5189,RCV-0005189,5706,2026-05-17,300,Received,PC-0036,198.0812,62.77,61.0,Accepted
6775,RCV-0006775,7451,2026-05-17,100,Received,PC-0042,549.2345,78.62,80.64,Accepted
6918,RCV-0006918,7610,2026-05-17,200,Received,RM-0057,186.8055,33.37,32.43,Accepted
7063,RCV-0007063,7769,2026-05-17,100,Received,PC-0032,322.0296,44.56,47.91,Accepted
9692,RCV-0009692,10662,2026-05-17,100,Received,RM-0098,849.6308,14.59,15.25,Accepted
9836,RCV-0009836,10821,2026-05-17,100,Received,PC-0079,242.0542,101.38,100.28,Accepted
9978,RCV-0009978,10980,2026-05-17,100,Received,RM-0088,78.4546,34.54,32.43,Accepted
11559,RCV-0011559,12725,2026-05-17,100,Received,RM-0094,592.765,12.11,11.98,Accepted
11703,RCV-0011703,12884,2026-05-17,100,Received,PC-0076,215.1244,96.34,90.46,Accepted
11849,RCV-0011849,13043,2026-05-17,300,Received,RM-0084,72.5592,28.17,29.16,Accepted
35,RCV-0000035,36,2026-05-18,100,Received,RM-0001,185.5389,11.36,11.98,Accepted
1620,RCV-0001620,1781,2026-05-18,100,Received,RM-0007,446.3601,17.68,16.89,Accepted
1765,RCV-0001765,1940,2026-05-18,200,Received,RM-0119,53.0873,30.74,32.43,Hold
1910,RCV-0001910,2099,2026-05-18,300,Received,PC-0097,145.1103,57.85,57.73,Accepted
4540,RCV-0004540,4992,2026-05-18,300,Received,PC-0016,71.0984,99.81,97.0,Accepted
4684,RCV-0004684,5151,2026-05-18,100,Received,RM-0038,471.9768,15.71,16.89,Accepted
4827,RCV-0004827,5310,2026-05-18,100,Received,PC-0006,93.5147,63.25,64.28,Accepted
6414,RCV-0006414,7055,2026-05-18,200,Received,PC-0013,478.373,81.09,87.19,Accepted
6559,RCV-0006559,7214,2026-05-18,300,Received,RM-0034,631.5138,13.39,13.61,Accepted
6703,RCV-0006703,7373,2026-05-18,100,Received,PC-0002,242.9371,53.14,51.19,Accepted
9330,RCV-0009330,10266,2026-05-18,200,Received,RM-0073,188.9435,21.47,20.16,Accepted
9475,RCV-0009475,10425,2026-05-18,200,Received,PC-0052,282.9327,109.52,113.37,Accepted
9619,RCV-0009619,10584,2026-05-18,100,Received,RM-0065,207.2683,13.88,13.61,Accepted
11202,RCV-0011202,12329,2026-05-18,100,Received,RM-0070,438.7767,17.11,17.71,Accepted
11347,RCV-0011347,12488,2026-05-18,300,Received,PC-0048,309.269,102.29,100.28,Accepted
12387,RCV-0012387,13636,2026-05-18,200,Received,RM-0107,507.9276,21.43,22.61,Accepted
1261,RCV-0001261,1385,2026-05-19,200,Received,PC-0082,231.7966,110.31,110.09,Accepted
1406,RCV-0001406,1544,2026-05-19,200,Received,RM-0091,144.9798,36.84,34.89,Accepted
2449,RCV-0002449,2692,2026-05-19,200,Received,RM-0018,485.7123,25.48,25.89,Accepted
4180,RCV-0004180,4596,2026-05-19,200,Received,RM-0138,480.2937,22.25,22.61,Accepted
4324,RCV-0004324,4755,2026-05-19,200,Received,RM-0015,368.2559,24.32,23.43,Accepted
4468,RCV-0004468,4914,2026-05-19,300,Received,RM-0127,73.7841,12.78,13.61,Accepted
6055,RCV-0006055,6659,2026-05-19,100,Received,RM-0135,220.2519,20.93,20.16,Accepted
7098,RCV-0007098,7807,2026-05-19,200,Received,RM-0054,436.6254,28.96,29.98,Accepted
7243,RCV-0007243,7966,2026-05-19,300,Received,PC-0027,161.5101,135.66,133.0,Accepted
8971,RCV-0008971,9870,2026-05-19,100,Received,RM-0051,647.7133,28.07,27.52,Accepted
9114,RCV-0009114,10029,2026-05-19,100,Received,PC-0023,221.8927,128.78,119.91,Accepted
9260,RCV-0009260,10188,2026-05-19,200,Received,RM-0042,73.5286,19.66,20.16,Accepted
11739,RCV-0011739,12922,2026-05-19,300,Received,RM-0090,283.6439,32.3,34.07,Accepted
11885,RCV-0011885,13081,2026-05-19,100,Received,PC-0072,522.3952,77.52,77.37,Accepted
12029,RCV-0012029,13240,2026-05-19,200,Received,RM-0081,141.5387,28.21,26.71,Accepted
1946,RCV-0001946,2137,2026-05-20,300,Received,RM-0114,571.9653,29.42,28.34,Accepted
2091,RCV-0002091,2296,2026-05-20,300,Received,PC-0094,615.3777,44.99,47.91,Accepted
3820,RCV-0003820,4200,2026-05-20,300,Received,RM-0110,185.1124,23.54,25.07,Accepted
3963,RCV-0003963,4359,2026-05-20,300,Received,PC-0090,189.8063,135.33,136.28,Accepted
4108,RCV-0004108,4518,2026-05-20,100,Received,RM-0101,172.6698,18.54,17.71,Accepted
6594,RCV-0006594,7252,2026-05-20,200,Received,PC-0009,227.0195,75.57,74.09,Accepted
6738,RCV-0006738,7411,2026-05-20,300,Received,RM-0031,159.5642,11.99,11.16,Accepted
6881,RCV-0006881,7570,2026-05-20,100,Received,RM-0148,128.1218,30.03,30.8,Accepted
8611,RCV-0008611,9474,2026-05-20,200,Received,RM-0028,484.1053,33.22,34.07,Accepted
8756,RCV-0008756,9633,2026-05-20,200,Received,RM-0144,202.5334,28.32,27.52,Accepted
8900,RCV-0008900,9792,2026-05-20,300,Received,RM-0019,425.3068,24.84,26.71,Accepted
11382,RCV-0011382,12526,2026-05-20,100,Received,RM-0067,584.9434,16.1,15.25,Accepted
11523,RCV-0011523,12685,2026-05-20,300,Received,PC-0043,290.3023,80.3,83.91,Accepted
11667,RCV-0011667,12844,2026-05-20,100,Received,RM-0059,108.1762,34.44,34.07,Accepted
13397,RCV-0013397,14748,2026-05-20,100,Received,PC-0040,290.9697,74.9,74.09,Accepted
13542,RCV-0013542,14907,2026-05-20,300,Received,RM-0055,477.7973,32.8,30.8,Accepted
1442,RCV-0001442,1582,2026-05-21,300,Received,PC-0078,208.8433,91.08,97.0,Accepted
1584,RCV-0001584,1741,2026-05-21,300,Received,RM-0087,347.4182,31.39,31.61,Accepted
1729,RCV-0001729,1900,2026-05-21,200,Received,PC-0068,161.3313,67.3,64.28,Accepted
3460,RCV-0003460,3804,2026-05-21,200,Received,RM-0084,176.0249,30.53,29.16,Accepted
3604,RCV-0003604,3963,2026-05-21,100,Received,PC-0065,186.8925,51.63,54.46,Accepted
6234,RCV-0006234,6856,2026-05-21,100,Received,RM-0131,314.8822,16.47,16.89,Accepted
6522,RCV-0006522,7174,2026-05-21,100,Received,RM-0121,323.0903,31.69,34.07,Accepted
8252,RCV-0008252,9078,2026-05-21,100,Received,RM-0005,411.2557,14.18,15.25,Accepted
9295,RCV-0009295,10226,2026-05-21,100,Received,PC-0019,201.7675,108.0,106.82,Accepted
11022,RCV-0011022,12130,2026-05-21,200,Received,RM-0044,242.4213,22.04,21.8,Accepted
11166,RCV-0011166,12289,2026-05-21,300,Received,PC-0014,435.8337,96.34,90.46,Accepted
11309,RCV-0011309,12448,2026-05-21,200,Received,RM-0036,303.6755,14.73,15.25,Accepted
1081,RCV-0001081,1186,2026-05-22,100,Received,PC-0052,468.8419,118.7,113.37,Accepted
1225,RCV-0001225,1345,2026-05-22,300,Received,RM-0064,438.5344,12.13,12.8,Accepted
1369,RCV-0001369,1504,2026-05-22,300,Received,PC-0040,145.2442,74.24,74.09,Accepted
3998,RCV-0003998,4397,2026-05-22,100,Received,RM-0107,209.41,23.27,22.61,Accepted
4143,RCV-0004143,4556,2026-05-22,100,Received,PC-0087,292.8444,117.61,126.46,Accepted
5874,RCV-0005874,6460,2026-05-22,200,Received,RM-0103,68.4981,17.99,19.34,Accepted
6018,RCV-0006018,6619,2026-05-22,100,Received,PC-0084,400.4847,114.77,116.64,Accepted
6164,RCV-0006164,6778,2026-05-22,300,Received,RM-0092,112.2266,37.07,35.71,Accepted
8647,RCV-0008647,9512,2026-05-22,200,Received,RM-0150,75.8671,32.79,32.43,Accepted
8791,RCV-0008791,9671,2026-05-22,300,Received,RM-0024,102.0985,32.8,30.8,Accepted
8935,RCV-0008935,9830,2026-05-22,200,Received,RM-0140,196.9716,23.43,24.25,Accepted
10661,RCV-0010661,11734,2026-05-22,300,Received,RM-0021,25.1177,27.38,28.34,Accepted
10806,RCV-0010806,11893,2026-05-22,200,Received,RM-0136,162.2443,21.4,20.98,Accepted
13433,RCV-0013433,14786,2026-05-22,100,Received,RM-0061,78.787,37.39,35.71,Accepted
13578,RCV-0013578,14945,2026-05-22,100,Received,PC-0037,558.3625,60.94,64.28,Accepted
719,RCV-0000719,790,2026-05-23,200,Received,PC-0022,31.5564,116.87,116.64,Accepted
863,RCV-0000863,949,2026-05-23,100,Received,RM-0042,320.6988,21.29,20.16,Accepted
1009,RCV-0001009,1108,2026-05-23,100,Received,PC-0012,56.8215,80.3,83.91,Accepted
3495,RCV-0003495,3842,2026-05-23,300,Received,PC-0071,219.2335,68.9,74.09,Accepted
3640,RCV-0003640,4001,2026-05-23,100,Received,RM-0081,238.2032,26.28,26.71,Accepted
3783,RCV-0003783,4160,2026-05-23,300,Received,PC-0061,362.2922,148.25,142.82,Accepted
5513,RCV-0005513,6064,2026-05-23,100,Received,RM-0078,116.804,25.17,24.25,Accepted
5657,RCV-0005657,6223,2026-05-23,100,Received,PC-0058,279.8701,124.89,133.0,Accepted
5801,RCV-0005801,6382,2026-05-23,100,Received,RM-0069,221.1227,16.77,16.89,Accepted
8287,RCV-0008287,9116,2026-05-23,200,Received,RM-0123,169.4731,34.5,35.71,Accepted
8430,RCV-0008430,9275,2026-05-23,300,Received,RM-0001,32.3304,12.22,11.98,Accepted
8574,RCV-0008574,9434,2026-05-23,200,Received,RM-0112,385.6646,28.69,26.71,Accepted
10303,RCV-0010303,11338,2026-05-23,100,Received,PC-0098,658.9347,65.51,61.0,Accepted
10447,RCV-0010447,11497,2026-05-23,200,Received,RM-0108,69.5395,22.84,23.43,Accepted
11489,RCV-0011489,12645,2026-05-23,100,Received,RM-0033,298.0242,13.52,12.8,Accepted
13073,RCV-0013073,14390,2026-05-23,200,Received,RM-0038,332.3719,16.92,16.89,Accepted
13216,RCV-0013216,14549,2026-05-23,100,Received,PC-0007,234.733,71.33,67.55,Accepted
13360,RCV-0013360,14708,2026-05-23,100,Received,RM-0030,147.2127,34.17,35.71,Accepted
360,RCV-0000360,394,2026-05-24,100,Received,RM-0144,292.5042,26.34,27.52,Accepted
504,RCV-0000504,553,2026-05-24,200,Received,RM-0019,263.8094,27.0,26.71,Accepted
1549,RCV-0001549,1701,2026-05-24,300,Received,PC-0037,172.9918,60.36,64.28,Accepted
3134,RCV-0003134,3446,2026-05-24,100,Received,PC-0043,42.0406,87.1,83.91,Accepted
3277,RCV-0003277,3605,2026-05-24,300,Received,RM-0058,766.5025,31.22,33.25,Accepted
3423,RCV-0003423,3764,2026-05-24,300,Received,PC-0033,71.889,50.83,51.19,Accepted
5154,RCV-0005154,5668,2026-05-24,200,Received,RM-0055,67.4534,30.58,30.8,Accepted
6199,RCV-0006199,6816,2026-05-24,200,Received,PC-0080,51.5927,111.21,103.55,Accepted
6342,RCV-0006342,6975,2026-05-24,200,Received,RM-0089,318.9318,32.42,33.25,Accepted
7926,RCV-0007926,8720,2026-05-24,100,Received,RM-0095,281.2527,13.75,12.8,Accepted
8071,RCV-0008071,8879,2026-05-24,100,Received,PC-0077,206.0063,91.39,93.73,Accepted
8215,RCV-0008215,9038,2026-05-24,100,Received,RM-0086,249.6738,31.69,30.8,Accepted
10842,RCV-0010842,11931,2026-05-24,300,Received,RM-0018,467.6659,27.34,25.89,Hold
10986,RCV-0010986,12090,2026-05-24,100,Received,RM-0133,44.0244,17.72,18.52,Accepted
11131,RCV-0011131,12249,2026-05-24,300,Received,RM-0009,947.6535,18.72,18.52,Accepted
12712,RCV-0012712,13994,2026-05-24,300,Received,RM-0015,206.4002,22.42,23.43,Accepted
12856,RCV-0012856,14153,2026-05-24,100,Received,RM-0128,246.4571,14.59,14.43,Accepted
13001,RCV-0013001,14312,2026-05-24,300,Received,RM-0006,463.2601,17.11,16.07,Accepted
899,RCV-0000899,987,2026-05-25,200,Received,PC-0018,564.3004,97.23,103.55,Accepted
1045,RCV-0001045,1146,2026-05-25,100,Received,RM-0039,792.2917,17.59,17.71,Accepted
1190,RCV-0001190,1305,2026-05-25,200,Received,PC-0008,344.7169,74.15,70.82,Accepted
2776,RCV-0002776,3050,2026-05-25,200,Received,PC-0014,76.0803,89.83,90.46,Accepted
2919,RCV-0002919,3209,2026-05-25,100,Received,RM-0036,25.0824,15.97,15.25,Accepted
3065,RCV-0003065,3368,2026-05-25,200,Received,PC-0003,389.1012,51.63,54.46,Accepted
5692,RCV-0005692,6261,2026-05-25,200,Received,RM-0074,489.3968,20.46,20.98,Accepted
5837,RCV-0005837,6420,2026-05-25,300,Received,PC-0053,252.728,120.02,116.64,Accepted
5982,RCV-0005982,6579,2026-05-25,100,Received,RM-0066,75.8764,13.42,14.43,Accepted
7567,RCV-0007567,8324,2026-05-25,100,Received,RM-0071,555.8953,19.06,18.52,Accepted
7713,RCV-0007713,8483,2026-05-25,100,Received,PC-0050,476.3715,99.34,106.82,Accepted
7857,RCV-0007857,8642,2026-05-25,100,Received,RM-0063,347.097,11.79,11.98,Accepted
10482,RCV-0010482,11535,2026-05-25,100,Received,PC-0095,275.2117,51.75,51.19,Accepted
10625,RCV-0010625,11694,2026-05-25,300,Received,RM-0104,424.5584,21.47,20.16,Accepted
10770,RCV-0010770,11853,2026-05-25,200,Received,PC-0085,281.8022,115.83,119.91,Accepted
12351,RCV-0012351,13598,2026-05-25,100,Received,PC-0091,179.1119,148.62,139.55,Accepted
12496,RCV-0012496,13757,2026-05-25,200,Received,RM-0101,258.8472,17.11,17.71,Accepted
12641,RCV-0012641,13916,2026-05-25,100,Received,PC-0082,282.8957,112.29,110.09,Accepted
540,RCV-0000540,591,2026-05-26,100,Received,RM-0140,221.7525,25.39,24.25,Accepted
684,RCV-0000684,750,2026-05-26,200,Received,RM-0016,245.6723,22.99,24.25,Accepted
827,RCV-0000827,909,2026-05-26,300,Received,RM-0129,323.9697,15.28,15.25,Accepted
2414,RCV-0002414,2654,2026-05-26,100,Received,RM-0136,402.0942,19.89,20.98,Accepted
2559,RCV-0002559,2813,2026-05-26,200,Received,RM-0013,442.8832,21.84,21.8,Hold
2704,RCV-0002704,2972,2026-05-26,200,Received,RM-0125,374.1331,12.65,11.98,Accepted
5477,RCV-0005477,6024,2026-05-26,300,Received,PC-0024,162.206,121.22,123.19,Accepted
5621,RCV-0005621,6183,2026-05-26,200,Received,RM-0043,617.032,21.78,20.98,Accepted
7208,RCV-0007208,7928,2026-05-26,300,Received,RM-0048,141.8241,24.67,25.07,Accepted
7352,RCV-0007352,8087,2026-05-26,100,Received,PC-0020,178.5202,114.27,110.09,Accepted
8395,RCV-0008395,9235,2026-05-26,200,Received,RM-0082,146.206,26.58,27.52,Accepted
10122,RCV-0010122,11139,2026-05-26,100,Received,PC-0069,26.2014,65.25,67.55,Accepted
10266,RCV-0010266,11298,2026-05-26,200,Received,RM-0079,651.143,25.57,25.07,Accepted
10410,RCV-0010410,11457,2026-05-26,200,Received,PC-0059,490.8451,146.36,136.28,Accepted
13037,RCV-0013037,14350,2026-05-26,300,Received,RM-0124,654.1671,10.58,11.16,Accepted
13181,RCV-0013181,14509,2026-05-26,100,Received,RM-0003,529.8865,13.64,13.61,Accepted
179,RCV-0000179,195,2026-05-27,100,Received,RM-0112,347.3408,26.76,26.71,Accepted
324,RCV-0000324,354,2026-05-27,300,Received,PC-0091,193.7829,147.36,139.55,Accepted
468,RCV-0000468,513,2026-05-27,100,Received,RM-0102,260.8673,17.72,18.52,Accepted
2055,RCV-0002055,2258,2026-05-27,100,Received,RM-0108,439.4353,24.74,23.43,Accepted
3099,RCV-0003099,3406,2026-05-27,300,Received,RM-0032,1477.499,11.79,11.98,Accepted
4972,RCV-0004972,5469,2026-05-27,300,Received,RM-0029,256.9688,36.22,34.89,Accepted
5118,RCV-0005118,5628,2026-05-27,100,Received,RM-0146,587.6143,27.38,29.16,Accepted
5263,RCV-0005263,5787,2026-05-27,300,Received,RM-0020,434.759,27.33,27.52,Accepted
7748,RCV-0007748,8521,2026-05-27,100,Received,RM-0068,397.8418,15.52,16.07,Accepted
7891,RCV-0007891,8680,2026-05-27,100,Received,PC-0045,318.4368,92.27,90.46,Accepted
8036,RCV-0008036,8839,2026-05-27,100,Received,RM-0060,186.802,37.47,34.89,Accepted
9763,RCV-0009763,10743,2026-05-27,100,Received,PC-0041,225.9198,83.1,77.37,Accepted
10052,RCV-0010052,11061,2026-05-27,200,Received,PC-0031,404.5059,45.93,44.64,Accepted
12532,RCV-0012532,13795,2026-05-27,200,Received,PC-0087,1043.2546,126.71,126.46,Accepted
12677,RCV-0012677,13954,2026-05-27,300,Received,RM-0096,607.6677,14.37,13.61,Accepted
12821,RCV-0012821,14113,2026-05-27,200,Received,PC-0078,187.3751,92.83,97.0,Accepted
108,RCV-0000108,117,2026-05-28,300,Received,RM-0076,108.8811,24.08,22.61,Accepted
2595,RCV-0002595,2851,2026-05-28,300,Received,RM-0132,378.6079,18.38,17.71,Accepted
2740,RCV-0002740,3010,2026-05-28,200,Received,RM-0009,158.3371,17.39,18.52,Accepted
2884,RCV-0002884,3169,2026-05-28,100,Received,RM-0122,98.336,34.65,34.89,Accepted
4613,RCV-0004613,5073,2026-05-28,100,Received,RM-0006,727.8334,15.96,16.07,Accepted
4757,RCV-0004757,5232,2026-05-28,300,Received,RM-0118,479.5067,33.1,31.61,Accepted
4901,RCV-0004901,5391,2026-05-28,100,Received,PC-0097,346.4876,54.73,57.73,Accepted
7387,RCV-0007387,8125,2026-05-28,200,Received,RM-0045,262.3029,24.28,22.61,Accepted
7531,RCV-0007531,8284,2026-05-28,100,Received,PC-0016,340.4122,94.58,97.0,Accepted
7676,RCV-0007676,8443,2026-05-28,200,Received,RM-0037,115.5026,16.54,16.07,Accepted
9404,RCV-0009404,10347,2026-05-28,300,Received,PC-0012,107.7466,86.34,83.91,Accepted
9549,RCV-0009549,10506,2026-05-28,100,Received,RM-0034,860.8593,12.66,13.61,Accepted
12172,RCV-0012172,13399,2026-05-28,100,Received,PC-0062,87.0385,42.72,44.64,Accepted
12316,RCV-0012316,13558,2026-05-28,300,Received,RM-0072,296.8576,19.55,19.34,Accepted
12460,RCV-0012460,13717,2026-05-28,300,Received,PC-0051,206.9166,117.25,110.09,Accepted
2234,RCV-0002234,2455,2026-05-29,200,Received,RM-0104,214.4259,20.02,20.16,Accepted
2379,RCV-0002379,2614,2026-05-29,100,Received,PC-0085,211.6161,125.55,119.91,Accepted
2523,RCV-0002523,2773,2026-05-29,100,Received,RM-0094,592.765,11.36,11.98,Accepted
4253,RCV-0004253,4677,2026-05-29,300,Received,PC-0081,499.5304,101.27,106.82,Accepted
5297,RCV-0005297,5825,2026-05-29,300,Received,RM-0141,460.2196,25.8,25.07,Accepted
7026,RCV-0007026,7729,2026-05-29,300,Received,RM-0022,613.3899,30.01,29.16,Accepted
7171,RCV-0007171,7888,2026-05-29,300,Received,RM-0137,75.3033,20.27,21.8,Accepted
7316,RCV-0007316,8047,2026-05-29,300,Received,RM-0014,465.055,22.25,22.61,Accepted
9943,RCV-0009943,10940,2026-05-29,100,Received,PC-0038,257.1433,68.29,67.55,Accepted
10087,RCV-0010087,11099,2026-05-29,300,Received,RM-0053,274.7644,31.06,29.16,Accepted
11812,RCV-0011812,13003,2026-05-29,100,Received,PC-0034,25.1336,58.0,54.46,Accepted
11957,RCV-0011957,13162,2026-05-29,200,Received,RM-0050,180.7613,25.8,26.71,Accepted
12102,RCV-0012102,13321,2026-05-29,100,Received,PC-0022,407.371,118.97,116.64,Accepted
144,RCV-0000144,155,2026-05-30,100,Received,PC-0063,247.586,45.42,47.91,Accepted
1874,RCV-0001874,2059,2026-05-30,100,Received,RM-0079,349.7617,23.77,25.07,Accepted
2019,RCV-0002019,2218,2026-05-30,100,Received,PC-0059,365.7421,136.55,136.28,Accepted
2164,RCV-0002164,2377,2026-05-30,100,Received,RM-0070,438.7767,18.7,17.71,Accepted
4648,RCV-0004648,5111,2026-05-30,200,Received,RM-0124,75.6345,11.48,11.16,Accepted
4791,RCV-0004791,5270,2026-05-30,300,Received,RM-0002,41.3902,11.9,12.8,Accepted
4936,RCV-0004936,5429,2026-05-30,200,Received,RM-0113,95.4907,27.08,27.52,Accepted
6667,RCV-0006667,7333,2026-05-30,100,Received,PC-0099,59.0453,63.25,64.28,Accepted
6812,RCV-0006812,7492,2026-05-30,100,Received,RM-0110,281.4205,26.02,25.07,Accepted
6956,RCV-0006956,7651,2026-05-30,100,Received,PC-0090,361.6588,127.97,136.28,Accepted
9439,RCV-0009439,10385,2026-05-30,200,Received,RM-0039,142.0835,18.86,17.71,Accepted
9584,RCV-0009584,10544,2026-05-30,300,Received,PC-0008,170.047,68.41,70.82,Accepted
9728,RCV-0009728,10703,2026-05-30,100,Received,RM-0031,532.9517,11.38,11.16,Accepted
11454,RCV-0011454,12607,2026-05-30,100,Received,PC-0004,412.9641,58.88,57.73,Accepted
11596,RCV-0011596,12766,2026-05-30,300,Received,RM-0027,551.1853,35.71,33.25,Accepted
11741,RCV-0011741,12925,2026-05-30,300,Received,RM-0143,261.2629,26.04,26.71,Accepted
12640,RCV-0012640,13914,2026-05-30,300,Received,PC-0047,417.5528,97.19,97.0,Accepted
1514,RCV-0001514,1663,2026-05-31,200,Received,RM-0056,761.2805,33.38,31.61,Accepted
1657,RCV-0001657,1822,2026-05-31,300,Received,PC-0030,547.2015,136.68,142.82,Accepted
1803,RCV-0001803,1981,2026-05-31,200,Received,RM-0047,269.9306,24.52,24.25,Accepted
4432,RCV-0004432,4874,2026-05-31,100,Received,PC-0078,422.5571,100.69,97.0,Accepted
4577,RCV-0004577,5033,2026-05-31,100,Received,RM-0087,198.6332,29.68,31.61,Accepted
6308,RCV-0006308,6937,2026-05-31,100,Received,PC-0075,374.0874,81.87,87.19,Accepted
6451,RCV-0006451,7096,2026-05-31,300,Received,RM-0083,216.3323,28.14,28.34,Accepted
7496,RCV-0007496,8244,2026-05-31,300,Received,RM-0010,168.4085,20.77,19.34,Accepted
9079,RCV-0009079,9989,2026-05-31,300,Received,RM-0016,442.2124,24.74,24.25,Accepted
9223,RCV-0009223,10148,2026-05-31,100,Received,RM-0130,91.1299,17.26,16.07,Accepted
9367,RCV-0009367,10307,2026-05-31,300,Received,RM-0007,468.3612,16.47,16.89,Accepted
11096,RCV-0011096,12211,2026-05-31,100,Received,RM-0126,703.75,12.48,12.8,Accepted
12137,RCV-0012137,13359,2026-05-31,300,Received,RM-0046,459.5762,24.74,23.43,Accepted
12281,RCV-0012281,13518,2026-05-31,200,Received,PC-0017,277.3005,95.97,100.28,Accepted
1154,RCV-0001154,1267,2026-06-01,300,Received,RM-0033,225.0211,12.94,12.8,Accepted
2343,RCV-0002343,2574,2026-06-01,100,Received,RM-0067,584.9434,15.14,15.25,Accepted
3928,RCV-0003928,4319,2026-06-01,100,Received,RM-0072,780.9896,18.16,19.34,Accepted
4072,RCV-0004072,4478,2026-06-01,200,Received,PC-0051,54.0593,109.32,110.09,Accepted
4217,RCV-0004217,4637,2026-06-01,100,Received,RM-0064,405.3771,13.4,12.8,Accepted
6846,RCV-0006846,7530,2026-06-01,100,Received,PC-0096,414.3111,58.49,54.46,Accepted
6991,RCV-0006991,7689,2026-06-01,200,Received,RM-0106,285.6913,21.26,21.8,Accepted
7135,RCV-0007135,7848,2026-06-01,200,Received,PC-0086,52.3323,126.76,123.19,Accepted
8719,RCV-0008719,9593,2026-06-01,100,Received,PC-0092,103.2019,139.25,142.82,Accepted
9009,RCV-0009009,9911,2026-06-01,100,Received,PC-0083,453.6299,105.43,113.37,Accepted
11632,RCV-0011632,12804,2026-06-01,300,Received,RM-0149,148.4109,30.25,31.61,Hold
11777,RCV-0011777,12963,2026-06-01,100,Received,RM-0024,440.25,31.14,30.8,Accepted
11921,RCV-0011921,13122,2026-06-01,300,Received,RM-0139,58.3449,24.95,23.43,Accepted
13506,RCV-0013506,14867,2026-06-01,200,Received,RM-0146,221.3978,29.48,29.16,Accepted
1693,RCV-0001693,1860,2026-06-02,200,Received,RM-0053,52.3336,28.96,29.16,Accepted
1839,RCV-0001839,2019,2026-06-02,100,Received,PC-0026,199.4299,135.83,129.73,Accepted
1983,RCV-0001983,2178,2026-06-02,200,Received,RM-0044,242.4213,20.67,21.8,Accepted
3568,RCV-0003568,3923,2026-06-02,100,Received,RM-0050,485.1932,27.97,26.71,Accepted
3713,RCV-0003713,4082,2026-06-02,200,Received,PC-0021,351.234,107.47,113.37,Accepted
3857,RCV-0003857,4241,2026-06-02,200,Received,RM-0041,304.6676,19.38,19.34,Accepted
6486,RCV-0006486,7134,2026-06-02,300,Received,PC-0070,307.3397,72.87,70.82,Accepted
6630,RCV-0006630,7293,2026-06-02,200,Received,RM-0080,259.677,24.08,25.89,Accepted
8361,RCV-0008361,9197,2026-06-02,200,Received,PC-0066,168.5435,53.69,57.73,Accepted
8504,RCV-0008504,9356,2026-06-02,100,Received,RM-0077,617.7586,23.06,23.43,Accepted
8649,RCV-0008649,9515,2026-06-02,300,Received,PC-0056,137.1487,131.27,126.46,Accepted
9547,RCV-0009547,10504,2026-06-02,200,Received,RM-0004,478.7839,15.37,14.43,Accepted
11274,RCV-0011274,12408,2026-06-02,200,Received,RM-0122,316.2248,37.16,34.89,Accepted
11418,RCV-0011418,12567,2026-06-02,200,Received,PC-0100,473.498,65.25,67.55,Accepted
11560,RCV-0011560,12726,2026-06-02,300,Received,RM-0111,73.8494,26.41,25.89,Accepted
13146,RCV-0013146,14471,2026-06-02,100,Received,RM-0119,107.5895,31.33,32.43,Accepted
13289,RCV-0013289,14630,2026-06-02,200,Received,PC-0097,241.703,58.88,57.73,Accepted
1334,RCV-0001334,1464,2026-06-03,300,Received,RM-0030,702.1914,33.85,35.71,Accepted
1478,RCV-0001478,1623,2026-06-03,100,Received,RM-0147,53.8349,30.04,29.98,Accepted
1621,RCV-0001621,1782,2026-06-03,300,Received,RM-0021,25.1177,29.93,28.34,Accepted
3207,RCV-0003207,3527,2026-06-03,200,Received,RM-0027,301.5058,33.32,33.25,Accepted
3351,RCV-0003351,3686,2026-06-03,200,Received,RM-0143,731.3373,28.21,26.71,Hold
4396,RCV-0004396,4834,2026-06-03,100,Received,RM-0061,78.787,35.14,35.71,Accepted
6127,RCV-0006127,6738,2026-06-03,200,Received,PC-0042,159.8057,79.35,80.64,Accepted
6272,RCV-0006272,6897,2026-06-03,300,Received,RM-0057,505.3175,33.66,32.43,Accepted
6415,RCV-0006415,7056,2026-06-03,100,Received,PC-0033,368.1188,48.07,51.19,Accepted
8001,RCV-0008001,8801,2026-06-03,100,Received,PC-0039,207.7789,73.51,70.82,Accepted
9044,RCV-0009044,9949,2026-06-03,300,Received,RM-0098,241.918,14.73,15.25,Accepted
9188,RCV-0009188,10108,2026-06-03,200,Received,PC-0079,151.3294,102.29,100.28,Accepted
10914,RCV-0010914,12012,2026-06-03,200,Received,RM-0094,43.6617,12.22,11.98,Accepted
11059,RCV-0011059,12171,2026-06-03,200,Received,PC-0076,199.3999,97.15,90.46,Accepted
11203,RCV-0011203,12330,2026-06-03,100,Received,RM-0085,614.0236,29.23,29.98,Accepted
973,RCV-0000973,1068,2026-06-04,200,Received,RM-0007,157.5636,17.84,16.89,Accepted
1118,RCV-0001118,1227,2026-06-04,300,Received,RM-0119,512.1971,31.04,32.43,Accepted
1262,RCV-0001262,1386,2026-06-04,100,Received,PC-0098,658.9347,61.67,61.0,Accepted
3747,RCV-0003747,4120,2026-06-04,200,Received,RM-0046,427.8215,23.06,23.43,Accepted
3892,RCV-0003892,4279,2026-06-04,100,Received,PC-0017,202.3515,104.09,100.28,Accepted
4036,RCV-0004036,4438,2026-06-04,200,Received,RM-0038,332.3719,15.86,16.89,Accepted
5765,RCV-0005765,6342,2026-06-04,300,Received,PC-0013,129.8747,81.87,87.19,Accepted
5912,RCV-0005912,6501,2026-06-04,100,Received,RM-0035,613.6465,14.33,14.43,Accepted
6056,RCV-0006056,6660,2026-06-04,300,Received,PC-0002,463.6058,53.6,51.19,Accepted
8539,RCV-0008539,9394,2026-06-04,200,Received,PC-0063,139.6938,48.87,47.91,Accepted
8684,RCV-0008684,9553,2026-06-04,300,Received,RM-0073,397.3136,21.65,20.16,Accepted
8827,RCV-0008827,9712,2026-06-04,100,Received,PC-0053,212.8144,113.72,116.64,Accepted
10555,RCV-0010555,11616,2026-06-04,200,Received,RM-0070,391.7742,17.27,17.71,Accepted
10699,RCV-0010699,11775,2026-06-04,100,Received,PC-0049,332.3815,106.55,103.55,Accepted
13325,RCV-0013325,14668,2026-06-04,300,Received,RM-0113,149.8283,29.06,27.52,Accepted
13470,RCV-0013470,14827,2026-06-04,100,Received,PC-0094,98.8219,45.85,47.91,Accepted
13615,RCV-0013615,14986,2026-06-04,100,Received,RM-0104,217.6136,20.38,20.16,Accepted
613,RCV-0000613,672,2026-06-05,300,Received,PC-0082,230.2061,111.3,110.09,Accepted
756,RCV-0000756,831,2026-06-05,300,Received,RM-0091,325.2771,37.16,34.89,Accepted
901,RCV-0000901,990,2026-06-05,300,Received,PC-0073,415.4218,77.9,80.64,Accepted
3387,RCV-0003387,3724,2026-06-05,300,Received,RM-0023,279.4404,28.15,29.98,Accepted
3532,RCV-0003532,3883,2026-06-05,100,Received,RM-0139,213.2406,23.27,23.43,Accepted
3677,RCV-0003677,4042,2026-06-05,300,Received,RM-0015,206.4002,24.53,23.43,Accepted
5406,RCV-0005406,5946,2026-06-05,200,Received,RM-0135,288.9839,21.11,20.16,Accepted
5550,RCV-0005550,6105,2026-06-05,100,Received,RM-0012,825.2527,19.89,20.98,Accepted
6449,RCV-0006449,7094,2026-06-05,300,Received,RM-0054,227.3346,29.23,29.98,Accepted
8179,RCV-0008179,8998,2026-06-05,100,Received,PC-0036,193.8923,59.48,61.0,Accepted
8324,RCV-0008324,9157,2026-06-05,200,Received,RM-0051,874.7525,28.32,27.52,Accepted
8467,RCV-0008467,9316,2026-06-05,200,Received,PC-0023,223.8691,111.52,119.91,Accepted
10196,RCV-0010196,11220,2026-06-05,300,Received,RM-0047,158.4958,22.55,24.25,Accepted
11094,RCV-0011094,12209,2026-06-05,100,Received,RM-0091,46.4985,33.39,34.89,Accepted
11239,RCV-0011239,12368,2026-06-05,200,Received,PC-0072,207.5174,78.22,77.37,Accepted
12965,RCV-0012965,14272,2026-06-05,200,Received,RM-0087,534.6016,31.96,31.61,Accepted
13110,RCV-0013110,14431,2026-06-05,100,Received,PC-0068,514.7993,68.46,64.28,Accepted
13253,RCV-0013253,14590,2026-06-05,300,Received,RM-0078,1002.5881,23.43,24.25,Accepted
1298,RCV-0001298,1424,2026-06-06,100,Received,RM-0115,331.1719,30.53,29.16,Accepted
3029,RCV-0003029,3328,2026-06-06,100,Received,PC-0100,205.0999,70.72,67.55,Accepted
3171,RCV-0003171,3487,2026-06-06,100,Received,RM-0111,128.1103,24.54,25.89,Accepted
3314,RCV-0003314,3646,2026-06-06,100,Received,PC-0091,179.1119,139.83,139.55,Accepted
5947,RCV-0005947,6539,2026-06-06,300,Received,PC-0009,40.8363,76.24,74.09,Accepted
6091,RCV-0006091,6698,2026-06-06,100,Received,RM-0032,41.3805,11.14,11.98,Accepted
7964,RCV-0007964,8761,2026-06-06,300,Received,RM-0028,270.111,33.52,34.07,Accepted
8109,RCV-0008109,8920,2026-06-06,100,Received,RM-0145,104.8428,29.42,28.34,Accepted
10590,RCV-0010590,11654,2026-06-06,300,Received,PC-0055,150.0845,124.55,123.19,Accepted
10735,RCV-0010735,11813,2026-06-06,200,Received,RM-0067,522.3713,16.24,15.25,Accepted
10878,RCV-0010878,11972,2026-06-06,100,Received,PC-0044,228.3211,84.23,87.19,Accepted
12605,RCV-0012605,13876,2026-06-06,200,Received,RM-0064,555.6502,12.36,12.8,Accepted
12749,RCV-0012749,14035,2026-06-06,200,Received,PC-0040,73.5426,75.57,74.09,Accepted
12894,RCV-0012894,14194,2026-06-06,100,Received,RM-0056,380.508,33.95,31.61,Accepted
648,RCV-0000648,710,2026-06-07,100,Received,RM-0098,849.6308,15.97,15.25,Accepted
792,RCV-0000792,869,2026-06-07,100,Received,PC-0079,242.0542,95.07,100.28,Accepted
937,RCV-0000937,1028,2026-06-07,100,Received,RM-0088,78.4546,32.49,32.43,Accepted
2668,RCV-0002668,2932,2026-06-07,100,Received,PC-0076,215.1244,90.64,90.46,Accepted
2813,RCV-0002813,3091,2026-06-07,300,Received,RM-0084,72.5592,30.79,29.16,Accepted
2957,RCV-0002957,3250,2026-06-07,200,Received,PC-0065,218.6846,52.12,54.46,Accepted
5441,RCV-0005441,5984,2026-06-07,300,Received,RM-0017,534.1631,23.32,25.07,Accepted
5585,RCV-0005585,6143,2026-06-07,200,Received,RM-0131,137.5135,16.62,16.89,Accepted
7461,RCV-0007461,8206,2026-06-07,100,Received,RM-0127,215.551,14.13,13.61,Accepted
7606,RCV-0007606,8365,2026-06-07,200,Received,RM-0005,550.3567,14.32,15.25,Accepted
8648,RCV-0008648,9513,2026-06-07,200,Received,PC-0019,99.5926,108.96,106.82,Accepted
10231,RCV-0010231,11258,2026-06-07,200,Received,PC-0026,360.3781,125.32,129.73,Accepted
10374,RCV-0010374,11417,2026-06-07,300,Received,RM-0044,278.0138,22.24,21.8,Accepted
10519,RCV-0010519,11576,2026-06-07,100,Received,PC-0015,99.9227,100.67,93.73,Accepted
12245,RCV-0012245,13480,2026-06-07,300,Received,RM-0041,301.1988,20.77,19.34,Accepted
13434,RCV-0013434,14787,2026-06-07,100,Received,RM-0075,481.6373,23.02,21.8,Accepted
289,RCV-0000289,314,2026-06-08,200,Received,RM-0073,188.9435,20.2,20.16,Accepted
432,RCV-0000432,473,2026-06-08,200,Received,PC-0052,282.9327,119.72,113.37,Accepted
577,RCV-0000577,632,2026-06-08,100,Received,RM-0065,207.2683,13.02,13.61,Accepted
2307,RCV-0002307,2536,2026-06-08,300,Received,PC-0048,309.269,95.97,100.28,Accepted
2451,RCV-0002451,2695,2026-06-08,100,Received,RM-0062,648.3587,11.28,11.16,Accepted
3349,RCV-0003349,3684,2026-06-08,200,Received,RM-0107,507.9276,23.47,22.61,Accepted
3496,RCV-0003496,3843,2026-06-08,200,Received,PC-0087,1043.2546,118.75,126.46,Accepted
5081,RCV-0005081,5588,2026-06-08,300,Received,PC-0093,253.0101,46.34,44.64,Accepted
5227,RCV-0005227,5747,2026-06-08,300,Received,RM-0103,377.8817,18.16,19.34,Accepted
5370,RCV-0005370,5906,2026-06-08,200,Received,PC-0084,214.6393,115.82,116.64,Accepted
7100,RCV-0007100,7810,2026-06-08,100,Received,RM-0100,902.3927,16.77,16.89,Accepted
7999,RCV-0007999,8799,2026-06-08,300,Received,RM-0150,138.9378,33.08,32.43,Accepted
8144,RCV-0008144,8958,2026-06-08,100,Received,RM-0025,376.9929,33.95,31.61,Accepted
8288,RCV-0008288,9117,2026-06-08,100,Received,RM-0141,355.8146,24.44,25.07,Accepted
9872,RCV-0009872,10862,2026-06-08,200,Received,RM-0147,145.1399,32.2,29.98,Accepted
10015,RCV-0010015,11021,2026-06-08,100,Received,RM-0022,169.3226,28.43,29.16,Accepted
10159,RCV-0010159,11180,2026-06-08,300,Received,RM-0136,193.9872,21.59,20.98,Accepted
12785,RCV-0012785,14073,2026-06-08,200,Received,RM-0061,305.5312,37.71,35.71,Accepted
12930,RCV-0012930,14232,2026-06-08,200,Received,PC-0037,144.9076,61.52,64.28,Accepted
13074,RCV-0013074,14391,2026-06-08,100,Received,RM-0053,189.6178,29.48,29.16,Accepted
72,RCV-0000072,77,2026-06-09,100,Received,PC-0023,221.8927,121.23,119.91,Accepted
216,RCV-0000216,236,2026-06-09,200,Received,RM-0042,73.5286,21.47,20.16,Accepted
2848,RCV-0002848,3129,2026-06-09,100,Received,PC-0072,522.3952,72.65,77.37,Accepted
2993,RCV-0002993,3288,2026-06-09,200,Received,RM-0081,141.5387,26.52,26.71,Accepted
3135,RCV-0003135,3447,2026-06-09,100,Received,PC-0062,87.0385,46.74,44.64,Accepted
4721,RCV-0004721,5192,2026-06-09,200,Received,PC-0067,408.0713,60.57,61.0,Accepted
4865,RCV-0004865,5351,2026-06-09,200,Received,RM-0078,133.9887,25.39,24.25,Accepted
5010,RCV-0005010,5510,2026-06-09,200,Received,PC-0058,133.5276,126.08,133.0,Accepted
7641,RCV-0007641,8403,2026-06-09,300,Received,RM-0123,144.7876,34.82,35.71,Accepted
7784,RCV-0007784,8562,2026-06-09,100,Received,RM-0002,606.3585,13.17,12.8,Accepted
7927,RCV-0007927,8721,2026-06-09,300,Received,RM-0112,55.7771,24.84,26.71,Accepted
9512,RCV-0009512,10466,2026-06-09,100,Received,RM-0120,25.1177,34.21,33.25,Accepted
9657,RCV-0009657,10625,2026-06-09,200,Received,PC-0098,346.135,56.73,61.0,Accepted
9802,RCV-0009802,10784,2026-06-09,100,Received,RM-0109,41.7238,23.86,24.25,Accepted
12424,RCV-0012424,13677,2026-06-09,300,Received,RM-0038,330.4573,17.08,16.89,Hold
12569,RCV-0012569,13836,2026-06-09,300,Received,PC-0007,74.3448,71.94,67.55,Accepted
12713,RCV-0012713,13995,2026-06-09,200,Received,RM-0030,284.3134,34.5,35.71,Accepted
2487,RCV-0002487,2733,2026-06-10,300,Received,PC-0043,290.3023,87.85,83.91,Accepted
2632,RCV-0002632,2892,2026-06-10,100,Received,RM-0059,108.1762,32.3,34.07,Accepted
2777,RCV-0002777,3051,2026-06-10,100,Received,PC-0034,25.1336,54.57,54.46,Accepted
4361,RCV-0004361,4796,2026-06-10,100,Received,PC-0040,290.9697,70.24,74.09,Accepted
4506,RCV-0004506,4955,2026-06-10,300,Received,RM-0055,477.7973,30.86,30.8,Accepted
5549,RCV-0005549,6103,2026-06-10,100,Received,PC-0081,243.6058,99.34,106.82,Accepted
7279,RCV-0007279,8007,2026-06-10,300,Received,RM-0095,330.1353,11.9,12.8,Accepted
7424,RCV-0007424,8166,2026-06-10,200,Received,PC-0077,293.5903,92.23,93.73,Accepted
7568,RCV-0007568,8325,2026-06-10,200,Received,RM-0086,262.8433,31.97,30.8,Accepted
9153,RCV-0009153,10070,2026-06-10,100,Received,RM-0092,196.0525,35.14,35.71,Accepted
10195,RCV-0010195,11218,2026-06-10,100,Received,RM-0019,214.193,28.45,26.71,Accepted
10339,RCV-0010339,11377,2026-06-10,200,Received,RM-0133,255.3326,17.89,18.52,Accepted
12066,RCV-0012066,13281,2026-06-10,100,Received,RM-0016,740.7855,23.43,24.25,Accepted
12209,RCV-0012209,13440,2026-06-10,100,Received,RM-0129,143.2003,15.56,15.25,Accepted
12352,RCV-0012352,13599,2026-06-10,100,Received,RM-0007,446.3601,18.14,16.89,Accepted
252,RCV-0000252,274,2026-06-11,100,Received,PC-0019,201.7675,101.27,106.82,Accepted
397,RCV-0000397,433,2026-06-11,200,Received,RM-0039,142.0835,17.75,17.71,Accepted
2128,RCV-0002128,2337,2026-06-11,300,Received,PC-0014,435.8337,90.64,90.46,Accepted
2271,RCV-0002271,2496,2026-06-11,200,Received,RM-0036,303.6755,16.1,15.25,Accepted
2415,RCV-0002415,2655,2026-06-11,100,Received,PC-0004,412.9641,55.25,57.73,Accepted
4000,RCV-0004000,4400,2026-06-11,100,Received,PC-0011,496.9139,85.16,80.64,Accepted
4899,RCV-0004899,5389,2026-06-11,200,Received,PC-0064,839.6821,47.61,51.19,Accepted
5045,RCV-0005045,5548,2026-06-11,300,Received,RM-0074,53.3172,20.64,20.98,Accepted
5190,RCV-0005190,5707,2026-06-11,200,Received,PC-0054,484.8344,124.47,119.91,Accepted
6919,RCV-0006919,7611,2026-06-11,200,Received,RM-0071,184.069,19.22,18.52,Accepted
7064,RCV-0007064,7770,2026-06-11,300,Received,PC-0050,263.4445,100.3,106.82,Accepted
7209,RCV-0007209,7929,2026-06-11,200,Received,RM-0063,429.8685,11.9,11.98,Accepted
9693,RCV-0009693,10663,2026-06-11,200,Received,RM-0115,827.2848,28.17,29.16,Accepted
9837,RCV-0009837,10822,2026-06-11,200,Received,PC-0095,306.8127,52.21,51.19,Accepted
9979,RCV-0009979,10981,2026-06-11,100,Received,RM-0105,350.1442,22.53,20.98,Accepted
11704,RCV-0011704,12885,2026-06-11,200,Received,PC-0091,227.9717,149.88,139.55,Accepted
11850,RCV-0011850,13044,2026-06-11,300,Received,RM-0101,355.8511,17.27,17.71,Accepted
11994,RCV-0011994,13203,2026-06-11,200,Received,PC-0082,231.7966,113.28,110.09,Accepted
36,RCV-0000036,37,2026-06-12,300,Received,RM-0016,442.2124,23.21,24.25,Accepted
1766,RCV-0001766,1941,2026-06-12,200,Received,RM-0136,162.2443,20.08,20.98,Accepted
1911,RCV-0001911,2100,2026-06-12,300,Received,RM-0013,347.9794,22.04,21.8,Accepted
2056,RCV-0002056,2259,2026-06-12,100,Received,RM-0126,703.75,13.63,12.8,Accepted
4541,RCV-0004541,4993,2026-06-12,100,Received,PC-0037,558.3625,66.72,64.28,Accepted
4828,RCV-0004828,5311,2026-06-12,100,Received,PC-0025,247.3241,125.57,126.46,Accepted
6560,RCV-0006560,7215,2026-06-12,100,Received,RM-0049,672.9061,25.71,25.89,Accepted
6704,RCV-0006704,7374,2026-06-12,300,Received,PC-0020,522.4204,115.26,110.09,Accepted
9331,RCV-0009331,10267,2026-06-12,300,Received,RM-0088,414.9308,34.83,32.43,Accepted
9476,RCV-0009476,10426,2026-06-12,200,Received,PC-0069,306.7698,65.86,67.55,Accepted
9620,RCV-0009620,10585,2026-06-12,300,Received,RM-0079,102.8785,25.8,25.07,Accepted
12388,RCV-0012388,13637,2026-06-12,100,Received,RM-0125,80.5641,11.46,11.98,Accepted
1407,RCV-0001407,1545,2026-06-13,200,Received,RM-0108,69.5395,24.95,23.43,Accepted
2450,RCV-0002450,2693,2026-06-13,100,Received,RM-0033,298.0242,12.71,12.8,Accepted
4181,RCV-0004181,4597,2026-06-13,100,Received,PC-0007,234.733,67.08,67.55,Accepted
4325,RCV-0004325,4756,2026-06-13,100,Received,RM-0030,147.2127,37.39,35.71,Accepted
4469,RCV-0004469,4915,2026-06-13,200,Received,RM-0146,221.3978,27.64,29.16,Accepted
7099,RCV-0007099,7808,2026-06-13,200,Received,RM-0068,73.1965,15.67,16.07,Accepted
7244,RCV-0007244,7967,2026-06-13,200,Received,PC-0045,94.8412,93.08,90.46,Accepted
8972,RCV-0008972,9871,2026-06-13,200,Received,RM-0065,139.3481,14.0,13.61,Accepted
9115,RCV-0009115,10030,2026-06-13,200,Received,PC-0041,509.6889,71.95,77.37,Accepted
11740,RCV-0011740,12923,2026-06-13,300,Received,RM-0107,143.1404,21.64,22.61,Accepted
11886,RCV-0011886,13082,2026-06-13,300,Received,PC-0087,258.0633,127.85,126.46,Accepted
12030,RCV-0012030,13241,2026-06-13,200,Received,RM-0097,566.008,15.37,14.43,Accepted
1801,RCV-0001801,1979,2026-06-14,300,Received,RM-0018,467.6659,25.71,25.89,Accepted
1947,RCV-0001947,2138,2026-06-14,100,Received,RM-0133,44.0244,19.39,18.52,Accepted
2092,RCV-0002092,2297,2026-06-14,300,Received,RM-0009,947.6535,17.56,18.52,Accepted
3821,RCV-0003821,4201,2026-06-14,100,Received,RM-0128,246.4571,13.68,14.43,Accepted
3964,RCV-0003964,4360,2026-06-14,300,Received,RM-0006,463.2601,16.1,16.07,Accepted
4109,RCV-0004109,4519,2026-06-14,100,Received,RM-0119,107.5895,34.25,32.43,Accepted
6595,RCV-0006595,7253,2026-06-14,100,Received,PC-0028,254.0645,140.23,136.28,Accepted
6739,RCV-0006739,7412,2026-06-14,300,Received,RM-0045,349.6021,21.03,22.61,Accepted
6882,RCV-0006882,7571,2026-06-14,200,Received,PC-0016,289.1289,95.45,97.0,Accepted
8612,RCV-0008612,9475,2026-06-14,300,Received,RM-0042,348.5618,19.84,20.16,Accepted
8757,RCV-0008757,9634,2026-06-14,100,Received,PC-0013,259.7017,90.5,87.19,Accepted
8901,RCV-0008901,9793,2026-06-14,200,Received,RM-0034,133.6038,12.78,13.61,Accepted
11383,RCV-0011383,12527,2026-06-14,300,Received,RM-0081,300.8737,28.45,26.71,Accepted
11524,RCV-0011524,12686,2026-06-14,200,Received,PC-0062,229.1128,43.12,44.64,Accepted
11668,RCV-0011668,12845,2026-06-14,100,Received,RM-0073,415.5437,20.56,20.16,Accepted
13398,RCV-0013398,14749,2026-06-14,300,Received,PC-0058,326.2061,135.66,133.0,Accepted
13543,RCV-0013543,14908,2026-06-14,300,Received,RM-0069,59.7553,18.14,16.89,Accepted
1443,RCV-0001443,1583,2026-06-15,100,Received,PC-0095,275.2117,48.53,51.19,Accepted
1585,RCV-0001585,1742,2026-06-15,300,Received,RM-0104,424.5584,20.2,20.16,Accepted
1730,RCV-0001730,1901,2026-06-15,200,Received,PC-0085,281.8022,126.62,119.91,Accepted
3461,RCV-0003461,3805,2026-06-15,200,Received,RM-0101,258.8472,18.7,17.71,Accepted
3605,RCV-0003605,3964,2026-06-15,100,Received,PC-0082,282.8957,105.36,110.09,Accepted
4649,RCV-0004649,5112,2026-06-15,300,Received,RM-0142,443.2546,26.87,25.89,Accepted
6235,RCV-0006235,6857,2026-06-15,200,Received,RM-0148,271.7584,30.31,30.8,Accepted
6378,RCV-0006378,7016,2026-06-15,100,Received,RM-0023,429.5773,31.12,29.98,Accepted
6523,RCV-0006523,7175,2026-06-15,100,Received,RM-0138,326.8695,21.23,22.61,Accepted
8253,RCV-0008253,9079,2026-06-15,100,Received,RM-0020,223.6631,25.84,27.52,Accepted
9296,RCV-0009296,10227,2026-06-15,200,Received,PC-0038,101.8795,68.9,67.55,Accepted
9440,RCV-0009440,10386,2026-06-15,100,Received,RM-0054,872.4878,32.2,29.98,Accepted
11023,RCV-0011023,12131,2026-06-15,200,Received,RM-0059,77.6424,34.75,34.07,Accepted
11167,RCV-0011167,12290,2026-06-15,100,Received,PC-0035,297.3253,62.0,57.73,Accepted
11310,RCV-0011310,12449,2026-06-15,300,Received,RM-0050,578.3134,26.04,26.71,Accepted
1082,RCV-0001082,1187,2026-06-16,100,Received,PC-0069,26.2014,71.33,67.55,Accepted
1226,RCV-0001226,1346,2026-06-16,200,Received,RM-0079,651.143,23.99,25.07,Accepted
1370,RCV-0001370,1505,2026-06-16,200,Received,PC-0059,490.8451,137.78,136.28,Accepted
3999,RCV-0003999,4398,2026-06-16,300,Received,RM-0124,654.1671,11.58,11.16,Accepted
4144,RCV-0004144,4557,2026-06-16,100,Received,RM-0003,529.8865,12.78,13.61,Accepted
5875,RCV-0005875,6461,2026-06-16,200,Received,RM-0121,132.1318,31.99,34.07,Accepted
6019,RCV-0006019,6620,2026-06-16,200,Received,PC-0099,256.142,63.83,64.28,Accepted
6165,RCV-0006165,6779,2026-06-16,200,Received,RM-0110,547.8335,26.25,25.07,Accepted
8792,RCV-0008792,9672,2026-06-16,300,Received,RM-0039,312.5582,19.02,17.71,Accepted
8936,RCV-0008936,9831,2026-06-16,100,Received,PC-0009,273.7997,72.24,74.09,Accepted
10662,RCV-0010662,11735,2026-06-16,300,Received,RM-0036,536.1225,14.87,15.25,Accepted
10807,RCV-0010807,11894,2026-06-16,300,Received,PC-0004,57.6866,59.4,57.73,Accepted
10951,RCV-0010951,12053,2026-06-16,100,Received,RM-0028,751.3556,31.69,34.07,Accepted
13579,RCV-0013579,14946,2026-06-16,300,Received,PC-0054,56.5143,114.75,119.91,Accepted
720,RCV-0000720,791,2026-06-17,100,Received,PC-0041,225.9198,78.22,77.37,Accepted
864,RCV-0000864,950,2026-06-17,300,Received,RM-0056,56.6494,33.66,31.61,Accepted
1010,RCV-0001010,1109,2026-06-17,200,Received,PC-0031,404.5059,43.12,44.64,Accepted
3784,RCV-0003784,4161,2026-06-17,200,Received,PC-0078,187.3751,101.56,97.0,Accepted
5514,RCV-0005514,6065,2026-06-17,100,Received,RM-0093,142.199,11.68,11.16,Accepted
5658,RCV-0005658,6224,2026-06-17,200,Received,PC-0075,66.4683,82.66,87.19,Accepted
5802,RCV-0005802,6383,2026-06-17,100,Received,RM-0084,302.4596,29.22,29.16,Accepted
8431,RCV-0008431,9276,2026-06-17,100,Received,RM-0017,391.619,25.8,25.07,Accepted
8575,RCV-0008575,9435,2026-06-17,200,Received,RM-0130,203.625,14.95,16.07,Accepted
10448,RCV-0010448,11498,2026-06-17,200,Received,RM-0126,137.1021,12.6,12.8,Accepted
13217,RCV-0013217,14550,2026-06-17,300,Received,PC-0025,448.6888,134.68,126.46,Hold
13361,RCV-0013361,14709,2026-06-17,100,Received,RM-0044,801.1119,21.06,21.8,Accepted
361,RCV-0000361,395,2026-06-18,300,Received,PC-0012,107.7466,81.06,83.91,Accepted
505,RCV-0000505,554,2026-06-18,100,Received,RM-0034,860.8593,13.88,13.61,Accepted
3278,RCV-0003278,3606,2026-06-18,300,Received,RM-0072,296.8576,18.33,19.34,Accepted
3424,RCV-0003424,3765,2026-06-18,300,Received,PC-0051,206.9166,110.31,110.09,Accepted
5155,RCV-0005155,5669,2026-06-18,200,Received,RM-0069,526.2337,16.92,16.89,Accepted
6200,RCV-0006200,6817,2026-06-18,200,Received,PC-0096,96.7014,50.65,54.46,Accepted
8072,RCV-0008072,8880,2026-06-18,200,Received,PC-0092,185.4077,140.53,142.82,Accepted
10843,RCV-0010843,11932,2026-06-18,200,Received,RM-0033,702.6288,13.63,12.8,Accepted
10987,RCV-0010987,12091,2026-06-18,100,Received,RM-0150,325.9986,31.33,32.43,Accepted
12857,RCV-0012857,14154,2026-06-18,300,Received,RM-0146,297.7041,29.74,29.16,Accepted
13002,RCV-0013002,14313,2026-06-18,200,Received,RM-0021,236.8509,30.44,28.34,Accepted
900,RCV-0000900,988,2026-06-19,100,Received,PC-0038,257.1433,64.04,67.55,Accepted
1046,RCV-0001046,1147,2026-06-19,300,Received,RM-0053,274.7644,29.22,29.16,Accepted
2920,RCV-0002920,3210,2026-06-19,200,Received,RM-0050,180.7613,28.21,26.71,Accepted
5693,RCV-0005693,6262,2026-06-19,100,Received,RM-0090,722.7212,33.52,34.07,Accepted
5838,RCV-0005838,6421,2026-06-19,100,Received,PC-0071,399.9775,76.91,74.09,Accepted
7714,RCV-0007714,8484,2026-06-19,300,Received,PC-0066,507.6509,54.21,57.73,Accepted
10483,RCV-0010483,11536,2026-06-19,100,Received,RM-0010,722.3533,19.73,19.34,Accepted
10626,RCV-0010626,11695,2026-06-19,100,Received,RM-0123,463.2093,38.35,35.71,Accepted
12497,RCV-0012497,13758,2026-06-19,200,Received,RM-0119,53.0873,31.62,32.43,Accepted
541,RCV-0000541,592,2026-06-20,300,Received,PC-0008,170.047,74.79,70.82,Accepted
2560,RCV-0002560,2814,2026-06-20,300,Received,RM-0027,551.1853,33.62,33.25,Accepted
5333,RCV-0005333,5866,2026-06-20,200,Received,RM-0066,713.268,13.55,14.43,Accepted
7353,RCV-0007353,8088,2026-06-20,200,Received,PC-0039,468.7664,74.15,70.82,Accepted
10123,RCV-0010123,11140,2026-06-20,300,Received,PC-0085,261.9311,116.91,119.91,Accepted
13038,RCV-0013038,14351,2026-06-20,100,Received,RM-0143,79.331,25.56,26.71,Accepted
180,RCV-0000180,196,2026-06-21,100,Received,RM-0130,91.1299,16.25,16.07,Accepted
4973,RCV-0004973,5470,2026-06-21,300,Received,RM-0043,314.7656,21.97,20.98,Accepted
7749,RCV-0007749,8522,2026-06-21,300,Received,RM-0082,212.8347,26.83,27.52,Accepted
9764,RCV-0009764,10744,2026-06-21,300,Received,PC-0059,265.3339,126.74,136.28,Accepted
12533,RCV-0012533,13796,2026-06-21,300,Received,RM-0003,521.8889,13.76,13.61,Accepted
4614,RCV-0004614,5074,2026-06-22,100,Received,RM-0021,381.4962,28.4,28.34,Accepted
7388,RCV-0007388,8126,2026-06-22,200,Received,RM-0060,265.5478,32.45,34.89,Accepted
9405,RCV-0009405,10348,2026-06-22,300,Received,PC-0031,214.2234,46.34,44.64,Accepted
12173,RCV-0012173,13400,2026-06-22,300,Received,PC-0078,208.8433,93.7,97.0,Accepted
2235,RCV-0002235,2456,2026-06-23,200,Received,RM-0122,316.2248,34.96,34.89,Accepted
7027,RCV-0007027,7730,2026-06-23,300,Received,RM-0037,211.5305,16.68,16.07,Accepted
11813,RCV-0011813,13004,2026-06-23,100,Received,PC-0052,468.8419,121.76,113.37,Accepted
