order_number,item_id,site_code,status,production_order_id,material_price_variance,material_usage_variance,labor_rate_variance,labor_efficiency_variance,variable_overhead_variance,fixed_overhead_volume_variance,scrap_variance,substitution_variance,total_variance,settled_date
MO-000043,ACT-0032,200,Ended,43,0.0,62.31,2.27,-11.47,-4.11,-7.83,18.61,0.0,59.78,2026-01-02
MO-000044,CTL-0009,300,Ended,44,0.0,923.49,-7.27,-12.58,-4.76,-66.72,102.59,0.0,934.75,2026-01-19
MO-000045,SYS-0006,300,Ended,45,0.0,29.54,6.98,5.17,1.71,-1021.21,196.48,0.0,-781.34,2026-02-05
MO-000046,AFT-0013,100,Ended,46,0.0,3898.88,40.45,50.42,18.43,-2178.88,1650.1,0.0,3479.4,2026-02-22
MO-000047,AFT-0050,100,Ended,47,0.0,3189.78,10.41,14.99,5.06,-1512.14,1297.44,0.0,3005.54,2026-03-11
MO-000048,SA-0027,100,Ended,48,0.0,24.3,6.53,-3.69,-1.38,214.43,19.28,0.0,259.47,2026-03-28
MO-000049,SA-0064,200,Ended,49,0.0,17.63,2.38,0.38,0.17,39.95,4.76,0.0,65.27,2026-04-14
MO-000050,DRV-0001,100,Ended,50,0.0,348.12,9.97,11.31,4.17,-220.02,188.65,0.0,342.19,2026-05-01
MO-000051,DRV-0038,200,Ended,51,0.0,83.05,8.17,14.65,5.33,-39.5,87.09,0.0,158.79,2026-05-18
MO-000052,ACT-0015,100,Ended,52,0.0,384.45,3.6,-3.32,-2.14,-213.92,225.72,0.0,394.39,2026-06-04
MO-000053,ACT-0052,200,Reported Finished,53,0.0,2575.11,-5.54,0.43,1.03,-13.36,58.19,0.0,2615.85,
MO-000097,SA-0090,100,Ended,97,0.0,-0.71,0.39,-7.5,-2.69,-656.74,35.53,0.0,-631.73,2026-01-10
MO-000098,DRV-0027,100,Ended,98,0.0,26.77,-2.07,-10.6,-3.65,-26.89,81.81,0.0,65.36,2026-01-27
MO-000099,ACT-0004,200,Ended,99,0.0,-1.8,-1.58,-8.17,-2.96,50.8,8.12,0.0,44.42,2026-02-13
MO-000100,ACT-0041,100,Ended,100,0.0,128.59,7.56,-1.02,-0.48,-22.85,155.24,0.0,267.03,2026-03-02
MO-000101,CTL-0018,300,Ended,101,0.0,633.68,22.78,16.88,5.98,-1027.34,246.62,0.0,-101.41,2026-03-19
MO-000102,SYS-0015,100,Ended,102,0.0,-2601.66,32.64,64.69,25.28,-2311.47,2311.08,0.0,-2479.44,2026-04-05
MO-000103,AFT-0022,100,Ended,103,0.0,28.42,18.37,19.24,7.42,-37.49,78.88,0.0,114.84,2026-04-22
MO-000104,AFT-0059,100,Ended,104,0.0,8.77,4.79,-4.07,-1.47,165.55,4.05,0.0,177.62,2026-05-09
MO-000105,SA-0036,100,Ended,105,0.0,47.89,6.08,4.83,1.68,-175.96,49.64,0.0,-65.84,2026-05-26
MO-000106,SA-0073,200,Ended,106,0.0,80.27,-0.03,14.18,6.04,-81.58,54.47,0.0,73.34,2026-06-12
MO-000107,DRV-0010,200,Reported Finished,107,0.0,565.53,-1.74,-1.09,-0.82,136.45,14.58,0.0,712.9,
MO-000151,AFT-0048,300,Ended,151,0.0,856.61,0.29,2.08,2.03,-5252.55,1815.93,0.0,-2575.6,2026-01-17
MO-000152,SA-0025,200,Ended,152,0.0,46.33,-1.02,-6.39,-2.42,17.37,32.51,0.0,86.4,2026-02-03
MO-000153,SA-0062,300,Ended,153,0.0,43.86,0.29,-11.16,-3.75,93.77,20.92,0.0,143.93,2026-02-20
MO-000154,SA-0099,100,Ended,154,0.0,159.4,6.44,-7.93,-3.07,23.23,36.63,0.0,214.7,2026-03-09
MO-000155,DRV-0036,200,Ended,155,0.0,194.64,4.71,-3.02,-1.06,-858.08,299.44,0.0,-363.37,2026-03-27
MO-000156,ACT-0013,100,Ended,156,0.0,36.04,18.27,7.01,2.6,-369.44,104.1,0.0,-201.42,2026-04-13
MO-000157,ACT-0050,200,Ended,157,0.0,704.22,15.55,23.05,8.21,-314.25,288.0,0.0,724.78,2026-04-30
MO-000158,CTL-0027,300,Ended,158,0.0,780.24,7.73,60.64,22.11,-304.05,294.61,0.0,861.28,2026-05-17
MO-000159,SYS-0024,300,Ended,159,0.0,8814.17,27.88,29.96,11.28,-4059.02,1005.1,0.0,5829.38,2026-06-03
MO-000160,AFT-0031,100,Ended,160,0.0,26.85,0.27,1.02,0.53,52.38,23.26,0.0,104.31,2026-06-20
MO-000204,ACT-0039,100,Ended,204,0.0,27.61,5.31,22.11,9.3,15.47,53.19,0.0,132.99,2026-01-08
MO-000205,CTL-0016,300,Ended,205,0.0,118.03,1.79,25.78,8.89,-40.41,122.87,0.0,236.95,2026-01-25
MO-000206,SYS-0013,100,Ended,206,0.0,246.25,-4.16,2.12,0.82,-679.45,488.2,0.0,53.77,2026-02-11
MO-000207,AFT-0020,100,Ended,207,0.0,474.15,-0.9,30.75,8.56,-638.49,411.48,0.0,285.56,2026-02-28
MO-000208,AFT-0057,300,Ended,208,0.0,-1.88,3.93,-13.47,-5.19,147.57,18.56,0.0,149.52,2026-03-17
MO-000209,SA-0034,200,Ended,209,0.0,7.06,7.4,-9.95,-3.65,172.63,15.05,0.0,188.55,2026-04-03
MO-000210,SA-0071,300,Ended,210,0.0,136.08,13.28,4.88,1.8,-11.21,101.08,0.0,245.9,2026-04-20
MO-000211,DRV-0008,200,Ended,211,0.0,75.83,8.11,0.21,0.01,-25.36,41.61,0.0,100.41,2026-05-07
MO-000212,DRV-0045,100,Ended,212,0.0,205.63,12.81,11.28,4.15,-23.99,79.55,0.0,289.43,2026-05-24
MO-000213,ACT-0022,200,Ended,213,0.0,239.9,1.09,23.38,8.21,-135.38,178.27,0.0,315.46,2026-06-10
MO-000214,ACT-0059,100,Started,214,0.0,13803.3,9.12,15.51,5.75,9.13,120.51,0.0,13963.33,
MO-000258,SA-0097,200,Ended,258,0.0,154.95,5.15,14.06,5.21,-129.79,72.13,0.0,121.72,2026-01-16
MO-000259,DRV-0034,200,Ended,259,0.0,20.63,-0.11,15.09,5.95,53.26,16.96,0.0,111.78,2026-02-02
MO-000260,ACT-0011,100,Ended,260,0.0,91.22,2.33,4.55,1.49,4.89,145.8,0.0,250.29,2026-02-19
MO-000261,ACT-0048,200,Ended,261,0.0,127.64,-1.02,6.95,2.32,-2056.37,138.03,0.0,-1782.45,2026-03-08
MO-000262,CTL-0025,300,Ended,262,0.0,807.86,1.71,34.14,14.72,-669.78,521.03,0.0,709.68,2026-03-25
MO-000263,SYS-0022,300,Ended,263,0.0,8569.73,27.67,-54.96,-20.38,-1737.3,1737.82,0.0,8522.57,2026-04-11
MO-000264,AFT-0029,100,Ended,264,0.0,19.3,9.38,-9.67,-3.5,172.03,6.57,0.0,194.12,2026-04-28
MO-000265,SA-0006,100,Ended,265,0.0,39.03,9.34,-4.84,-1.65,-681.41,100.78,0.0,-538.75,2026-05-15
MO-000266,SA-0043,200,Ended,266,0.0,22.54,5.03,10.73,4.23,-90.8,62.54,0.0,14.26,2026-06-01
MO-000267,SA-0080,300,Ended,267,0.0,-9.48,3.9,2.56,1.02,-45.07,63.96,0.0,16.89,2026-06-18
MO-000311,AFT-0018,300,Ended,311,0.0,369.87,61.76,23.51,7.8,-1362.3,408.58,0.0,-490.78,2026-01-07
MO-000312,AFT-0055,100,Ended,312,0.0,4.37,2.42,2.15,0.78,24.88,12.66,0.0,47.26,2026-01-24
MO-000313,SA-0032,300,Ended,313,0.0,18.15,0.25,3.21,1.26,51.97,9.55,0.0,84.39,2026-02-10
MO-000314,SA-0069,100,Ended,314,0.0,38.99,-3.28,14.62,5.45,108.7,15.68,0.0,180.17,2026-02-27
MO-000315,DRV-0006,200,Ended,315,0.0,308.54,2.12,3.81,1.34,-874.63,355.55,0.0,-203.26,2026-03-16
MO-000316,DRV-0043,100,Ended,316,0.0,212.81,13.02,-3.09,-1.47,-441.08,162.87,0.0,-56.94,2026-04-02
MO-000317,ACT-0020,200,Ended,317,0.0,210.57,4.03,24.76,10.18,-235.64,169.07,0.0,182.97,2026-04-19
MO-000318,ACT-0057,100,Ended,318,0.0,-1011.64,32.02,-48.39,-18.6,-784.52,734.03,0.0,-1097.11,2026-05-06
MO-000319,CTL-0034,300,Ended,319,0.0,1378.21,58.11,-16.43,-5.45,-319.26,340.65,0.0,1435.83,2026-05-23
MO-000320,AFT-0001,100,Ended,320,0.0,41.23,3.7,-5.58,-2.11,-46.62,129.39,0.0,119.99,2026-06-09
MO-000321,AFT-0038,100,Released,321,0.0,0.0,0.0,-68.04,-25.51,93.56,0.0,0.0,0.0,
MO-000365,ACT-0046,200,Ended,365,0.0,444.99,9.97,6.69,2.46,-160.67,244.53,0.0,547.97,2026-01-14
MO-000366,CTL-0023,300,Ended,366,0.0,860.54,31.59,43.55,16.55,-489.49,696.15,0.0,1158.88,2026-01-31
MO-000367,SYS-0020,300,Ended,367,0.0,7313.74,0.95,41.25,15.92,-2126.88,2074.1,0.0,7319.08,2026-02-17
MO-000368,AFT-0027,300,Ended,368,0.0,26.25,-1.56,2.96,1.1,66.12,9.84,0.0,104.71,2026-03-06
MO-000369,SA-0004,200,Ended,369,0.0,29.37,-0.75,3.09,1.04,79.48,5.65,0.0,117.89,2026-03-23
MO-000370,SA-0041,300,Ended,370,0.0,47.9,3.15,4.67,2.14,66.09,103.74,0.0,227.69,2026-04-09
MO-000371,SA-0078,100,Ended,371,0.0,125.7,6.4,-2.02,-0.91,-630.11,130.91,0.0,-370.03,2026-04-26
MO-000372,DRV-0015,100,Ended,372,0.0,274.13,11.54,15.73,6.24,-197.36,259.08,0.0,369.36,2026-05-14
MO-000373,DRV-0052,200,Ended,373,0.0,144.95,27.74,-27.84,-10.26,-174.86,233.66,0.0,193.39,2026-05-31
MO-000374,ACT-0029,100,Ended,374,0.0,372.2,31.97,-24.26,-9.18,-119.2,129.26,0.0,380.79,2026-06-17
MO-000418,SA-0067,200,Ended,418,0.0,224.41,6.68,-2.84,-1.02,-166.93,86.68,0.0,146.99,2026-01-05
MO-000419,DRV-0004,200,Ended,419,0.0,236.12,8.11,-1.27,-0.45,79.9,30.65,0.0,353.06,2026-01-22
MO-000420,DRV-0041,100,Ended,420,0.0,144.04,9.86,0.07,-0.09,-40.94,95.01,0.0,207.97,2026-02-08
MO-000421,ACT-0018,200,Ended,421,0.0,342.11,2.57,19.04,6.66,-2531.48,379.39,0.0,-1781.73,2026-02-25
MO-000422,ACT-0055,100,Ended,422,0.0,-381.35,-3.65,96.15,35.39,-1832.85,896.64,0.0,-1189.68,2026-03-14
MO-000423,CTL-0032,300,Ended,423,0.0,1966.79,-4.54,44.28,15.19,-729.94,681.78,0.0,1973.55,2026-03-31
MO-000424,SYS-0029,100,Ended,424,0.0,-46.17,1.64,2.94,1.08,69.38,17.41,0.0,46.28,2026-04-17
MO-000425,AFT-0036,300,Ended,425,0.0,55.86,5.42,-2.96,-1.06,-527.96,95.06,0.0,-375.63,2026-05-04
MO-000426,SA-0013,200,Ended,426,0.0,62.1,7.06,-2.69,-1.05,-114.42,47.99,0.0,-1.01,2026-05-21
MO-000427,SA-0050,300,Ended,427,0.0,160.96,6.27,7.42,2.85,-86.79,107.41,0.0,198.13,2026-06-07
MO-000428,SA-0087,100,Reported Finished,428,0.0,972.69,19.21,-15.87,-5.58,31.61,31.18,0.0,1033.24,
MO-000472,AFT-0025,100,Ended,472,0.0,23.1,2.88,-5.04,-1.91,2.28,21.41,0.0,42.73,2026-01-13
MO-000473,SA-0002,300,Ended,473,0.0,11.07,2.91,-4.21,-1.54,43.66,16.37,0.0,68.27,2026-01-30
MO-000474,SA-0039,100,Ended,474,0.0,43.69,1.59,0.99,0.35,88.08,36.3,0.0,171.01,2026-02-16
MO-000475,SA-0076,200,Ended,475,0.0,50.69,6.75,-1.61,-0.66,54.44,47.27,0.0,156.88,2026-03-05
MO-000476,DRV-0013,100,Ended,476,0.0,225.35,-8.58,12.27,4.9,-251.39,149.59,0.0,132.15,2026-03-22
MO-000477,DRV-0050,200,Ended,477,0.0,2864.98,8.46,54.74,19.24,-913.46,847.07,0.0,2881.03,2026-04-08
MO-000478,ACT-0027,100,Ended,478,0.0,804.53,47.51,76.97,27.86,-832.91,777.78,0.0,901.74,2026-04-25
MO-000479,CTL-0004,300,Ended,479,0.0,2388.03,13.77,49.53,18.96,-204.3,242.95,0.0,2508.93,2026-05-12
MO-000480,SYS-0001,100,Ended,480,0.0,28.31,3.59,-1.51,-0.63,-0.9,36.32,0.0,65.18,2026-05-29
MO-000481,AFT-0008,100,Ended,481,0.0,15.59,3.97,-5.1,-1.74,73.23,19.38,0.0,105.34,2026-06-15
MO-000525,ACT-0016,200,Ended,525,0.0,102.94,16.83,18.58,6.11,-57.32,97.76,0.0,184.9,2026-01-03
MO-000526,ACT-0053,100,Ended,526,0.0,115.88,46.18,-7.24,-0.96,-167.98,256.31,0.0,242.19,2026-01-20
MO-000527,CTL-0030,300,Ended,527,0.0,3320.68,20.54,-24.64,-9.05,-7686.01,1537.48,0.0,-2841.0,2026-02-07
MO-000528,SYS-0027,100,Ended,528,0.0,10.3,0.7,-2.38,-0.87,20.17,30.02,0.0,57.94,2026-02-24
MO-000529,AFT-0034,100,Ended,529,0.0,-5.6,0.26,-2.06,-0.73,44.0,10.02,0.0,45.89,2026-03-13
MO-000530,SA-0011,300,Ended,530,0.0,258.42,-0.9,1.08,0.47,48.46,144.8,0.0,452.35,2026-03-30
MO-000531,SA-0048,100,Ended,531,0.0,70.19,-1.63,5.52,2.18,-966.08,64.47,0.0,-825.35,2026-04-16
MO-000532,SA-0085,200,Ended,532,0.0,-71.03,8.17,27.51,10.25,-259.21,162.93,0.0,-121.37,2026-05-03
MO-000533,DRV-0022,200,Ended,533,0.0,2112.5,28.22,60.53,21.68,-639.33,755.82,0.0,2339.42,2026-05-20
MO-000534,DRV-0059,100,Ended,534,0.0,-1535.27,40.56,43.35,18.04,-372.94,572.08,0.0,-1234.18,2026-06-06
MO-000535,ACT-0036,200,Started,535,0.0,3637.68,7.45,14.83,5.11,-354.74,36.26,0.0,3346.59,
MO-000579,SA-0074,300,Ended,579,0.0,5.7,13.72,22.03,7.87,29.09,14.77,0.0,93.17,2026-01-11
MO-000580,DRV-0011,100,Ended,580,0.0,539.61,26.42,1.33,-0.55,-73.84,288.19,0.0,781.17,2026-01-28
MO-000581,DRV-0048,200,Ended,581,0.0,631.27,21.96,-0.02,1.26,-1067.07,329.77,0.0,-82.82,2026-02-14
MO-000582,ACT-0025,100,Ended,582,0.0,4590.16,8.98,-24.45,-9.29,-1684.77,1174.4,0.0,4055.02,2026-03-03
MO-000583,CTL-0002,300,Ended,583,0.0,1195.68,-0.92,1.04,0.39,-813.52,384.84,0.0,767.51,2026-03-20
MO-000584,CTL-0039,300,Ended,584,0.0,63.87,0.68,-0.98,-0.35,27.38,28.26,0.0,118.85,2026-04-06
MO-000585,AFT-0006,300,Ended,585,0.0,924.76,-1.14,-2.28,-0.83,-765.53,575.5,0.0,730.48,2026-04-23
MO-000586,AFT-0043,100,Ended,586,0.0,103.58,4.88,7.11,2.63,-143.2,98.24,0.0,73.25,2026-05-10
MO-000587,SA-0020,300,Ended,587,0.0,124.73,5.15,7.81,2.65,-17.19,46.99,0.0,170.13,2026-05-27
MO-000588,SA-0057,100,Ended,588,0.0,60.27,19.36,31.01,11.51,9.22,32.47,0.0,163.83,2026-06-13
MO-000632,SYS-0025,100,Ended,632,0.0,19.36,2.76,-3.96,-1.49,37.24,23.57,0.0,77.47,2026-01-02
MO-000633,AFT-0032,100,Ended,633,0.0,17.56,5.09,5.43,2.1,6.79,26.6,0.0,63.57,2026-01-19
MO-000634,SA-0009,100,Ended,634,0.0,154.34,14.33,21.23,8.48,48.09,26.03,0.0,272.5,2026-02-05
MO-000635,SA-0046,200,Ended,635,0.0,53.99,9.36,-1.01,-0.97,63.82,60.19,0.0,185.38,2026-02-22
MO-000636,SA-0083,300,Ended,636,0.0,133.54,10.12,-6.54,-2.27,-61.42,291.87,0.0,365.3,2026-03-11
MO-000637,DRV-0020,200,Ended,637,0.0,248.51,-0.11,-14.57,-5.4,-303.64,258.33,0.0,183.13,2026-03-28
MO-000638,DRV-0057,100,Ended,638,0.0,3776.17,-5.11,-6.54,-2.45,-1131.95,1083.65,0.0,3713.77,2026-04-14
MO-000639,ACT-0034,200,Ended,639,0.0,230.21,7.68,15.52,5.55,4.84,59.27,0.0,323.08,2026-05-01
MO-000640,CTL-0011,300,Ended,640,0.0,211.41,2.1,-1.22,-0.43,-155.33,213.52,0.0,270.05,2026-05-18
MO-000641,SYS-0008,300,Ended,641,0.0,31.6,2.67,0.58,0.15,19.18,17.44,0.0,71.63,2026-06-04
MO-000642,AFT-0015,300,Released,642,0.0,0.0,0.0,-67.68,-25.38,93.06,0.0,0.0,0.0,
MO-000686,ACT-0023,100,Ended,686,0.0,4041.92,41.89,68.33,24.93,-1183.59,1294.85,0.0,4288.33,2026-01-10
MO-000687,ACT-0060,200,Ended,687,0.0,171.33,9.09,17.26,5.9,-2627.85,114.46,0.0,-2309.81,2026-01-27
MO-000688,CTL-0037,300,Ended,688,0.0,-7.81,6.94,-0.61,-0.24,-67.6,129.94,0.0,60.63,2026-02-13
MO-000689,AFT-0004,100,Ended,689,0.0,166.66,5.99,5.54,1.73,3.37,42.87,0.0,226.17,2026-03-02
MO-000690,AFT-0041,100,Ended,690,0.0,328.32,6.31,-1.58,-0.05,-74.94,203.53,0.0,461.59,2026-03-19
MO-000691,SA-0018,100,Ended,691,0.0,294.26,1.53,-5.72,-1.97,-1214.89,140.79,0.0,-785.99,2026-04-05
MO-000692,SA-0055,200,Ended,692,0.0,594.33,2.88,-8.24,-3.0,-673.02,220.93,0.0,133.89,2026-04-22
MO-000693,SA-0092,300,Ended,693,0.0,207.16,-1.1,-5.62,-2.02,-81.81,44.04,0.0,160.64,2026-05-09
MO-000694,DRV-0029,100,Ended,694,0.0,1133.94,5.82,3.78,1.32,-145.43,226.4,0.0,1225.82,2026-05-26
MO-000695,ACT-0006,200,Ended,695,0.0,213.27,22.55,13.84,5.02,-6212.93,456.19,0.0,-5502.05,2026-06-12
MO-000696,ACT-0043,100,Released,696,0.0,0.0,0.0,-33.24,-12.81,46.05,0.0,0.0,0.0,
MO-000740,SA-0081,100,Ended,740,0.0,90.22,10.97,12.36,4.54,-231.56,281.96,0.0,168.5,2026-01-17
MO-000741,DRV-0018,200,Ended,741,0.0,410.77,25.53,31.02,10.88,-3829.26,528.75,0.0,-2822.31,2026-02-03
MO-000742,DRV-0055,100,Ended,742,0.0,299.45,10.32,28.19,10.01,-2710.33,2268.18,0.0,-94.19,2026-02-20
MO-000743,ACT-0032,200,Ended,743,0.0,172.83,47.06,60.63,22.18,-249.76,81.44,0.0,134.38,2026-03-09
MO-000744,CTL-0009,300,Ended,744,0.0,176.55,3.4,-0.53,-0.33,109.53,21.98,0.0,310.61,2026-03-27
MO-000745,SYS-0006,300,Ended,745,0.0,63.68,0.58,-0.32,0.25,-188.24,43.66,0.0,-80.39,2026-04-13
MO-000746,AFT-0013,100,Ended,746,0.0,705.8,1.22,-7.06,-2.88,-464.49,412.53,0.0,645.12,2026-04-30
MO-000747,AFT-0050,100,Ended,747,0.0,417.35,-0.85,-5.91,-2.1,-280.52,296.56,0.0,424.53,2026-05-17
MO-000748,SA-0027,100,Ended,748,0.0,-5.59,17.96,3.88,1.63,-1.98,89.99,0.0,105.89,2026-06-03
MO-000749,SA-0064,200,Ended,749,0.0,15.14,3.24,-0.24,-0.06,9.49,21.41,0.0,48.99,2026-06-20
MO-000793,AFT-0002,100,Ended,793,0.0,152.01,0.89,-4.61,-1.66,-3.78,65.41,0.0,208.25,2026-01-08
MO-000794,AFT-0039,300,Ended,794,0.0,-192.27,5.78,2.04,0.72,-270.4,299.37,0.0,-154.76,2026-01-25
MO-000795,SA-0016,200,Ended,795,0.0,52.87,5.6,3.02,1.19,15.66,41.14,0.0,119.48,2026-02-11
MO-000796,SA-0053,300,Ended,796,0.0,546.1,16.8,14.24,5.31,-190.97,312.95,0.0,704.43,2026-02-28
MO-000797,SA-0090,100,Ended,797,0.0,153.7,5.71,28.07,10.05,-3656.43,159.87,0.0,-3299.03,2026-03-17
MO-000798,DRV-0027,100,Ended,798,0.0,1099.67,36.86,43.56,15.85,-335.51,327.25,0.0,1187.68,2026-04-03
MO-000799,ACT-0004,200,Ended,799,0.0,-89.5,8.5,98.6,34.15,39.32,35.51,0.0,126.58,2026-04-20
MO-000800,ACT-0041,100,Ended,800,0.0,10.56,-2.15,-5.03,-1.89,112.38,33.26,0.0,147.14,2026-05-07
MO-000801,CTL-0018,300,Ended,801,0.0,104.39,1.36,-4.28,-1.67,-195.94,54.8,0.0,-41.33,2026-05-24
MO-000802,SYS-0015,100,Ended,802,0.0,2132.72,9.63,-6.67,-2.5,-493.12,577.77,0.0,2217.83,2026-06-10
MO-000803,AFT-0022,100,Reported Finished,803,0.0,383.64,2.19,-2.09,-0.77,76.16,9.01,0.0,468.15,
MO-000847,ACT-0030,200,Ended,847,0.0,301.15,23.52,-26.55,-8.61,-2681.95,232.98,0.0,-2159.45,2026-01-16
MO-000848,CTL-0007,300,Ended,848,0.0,94.89,10.35,-3.94,-1.47,1.55,66.21,0.0,167.59,2026-02-02
MO-000849,SYS-0004,300,Ended,849,0.0,33.98,4.35,-2.9,-1.05,99.28,5.44,0.0,139.09,2026-02-19
MO-000850,AFT-0011,100,Ended,850,0.0,44.0,8.82,4.22,1.57,-38.93,80.46,0.0,100.13,2026-03-08
MO-000851,AFT-0048,300,Ended,851,0.0,-118.17,3.37,9.65,3.44,-1116.4,415.07,0.0,-803.03,2026-03-25
MO-000852,SA-0025,200,Ended,852,0.0,68.28,2.03,12.29,4.53,-374.64,151.71,0.0,-135.79,2026-04-11
MO-000853,SA-0062,300,Ended,853,0.0,67.04,5.09,33.12,11.46,-232.8,94.13,0.0,-21.98,2026-04-28
MO-000854,SA-0099,100,Ended,854,0.0,583.34,-12.48,57.0,21.58,-141.01,146.53,0.0,654.96,2026-05-15
MO-000855,DRV-0036,200,Ended,855,0.0,2052.9,-5.04,34.28,11.35,-4006.29,1310.04,0.0,-602.76,2026-06-01
MO-000856,ACT-0013,100,Ended,856,0.0,22.72,1.96,-7.47,-2.64,38.09,22.31,0.0,74.98,2026-06-18
MO-000900,SA-0051,100,Ended,900,0.0,612.84,7.34,-3.72,-1.32,-341.03,381.05,0.0,655.15,2026-01-07
MO-000901,SA-0088,200,Ended,901,0.0,148.14,1.03,-22.79,-8.13,-30.71,82.08,0.0,169.63,2026-01-24
MO-000902,DRV-0025,100,Ended,902,0.0,-41.85,32.03,-21.68,-8.23,-1756.81,941.16,0.0,-855.38,2026-02-10
MO-000903,ACT-0002,200,Ended,903,0.0,-54.26,73.06,11.69,3.91,-322.41,139.45,0.0,-148.56,2026-02-27
MO-000904,ACT-0039,100,Ended,904,0.0,-24.96,5.18,-1.58,-0.57,122.04,11.4,0.0,111.52,2026-03-16
MO-000905,CTL-0016,300,Ended,905,0.0,10.59,5.95,-1.92,-0.7,69.61,27.31,0.0,110.83,2026-04-02
MO-000906,SYS-0013,100,Ended,906,0.0,238.83,1.21,4.57,1.68,-134.34,122.05,0.0,234.0,2026-04-19
MO-000907,AFT-0020,100,Ended,907,0.0,94.49,4.99,10.35,3.48,-67.95,94.05,0.0,139.41,2026-05-06
MO-000908,AFT-0057,300,Ended,908,0.0,-55.44,-7.0,34.42,12.68,0.21,86.61,0.0,71.49,2026-05-23
MO-000909,SA-0034,200,Ended,909,0.0,-160.21,1.28,39.5,14.36,88.84,67.73,0.0,51.5,2026-06-09
MO-000910,SA-0071,300,Started,910,0.0,8162.17,16.34,0.58,-0.45,-0.57,80.86,0.0,8258.93,
MO-000954,AFT-0009,300,Ended,954,0.0,12.06,5.11,-5.18,-1.77,132.93,21.8,0.0,164.94,2026-01-14
MO-000955,AFT-0046,100,Ended,955,0.0,41.45,-0.08,7.79,2.56,-102.31,132.83,0.0,82.24,2026-01-31
MO-000956,SA-0023,300,Ended,956,0.0,494.86,13.81,-16.81,-5.71,-304.29,403.31,0.0,585.17,2026-02-17
MO-000957,SA-0060,100,Ended,957,0.0,26.24,16.78,-15.6,-5.67,-1621.66,93.86,0.0,-1506.06,2026-03-06
MO-000958,SA-0097,200,Ended,958,0.0,570.32,54.08,1.06,0.2,-1089.2,288.53,0.0,-175.01,2026-03-23
MO-000959,DRV-0034,200,Ended,959,0.0,225.16,22.76,34.76,12.31,-33.54,74.2,0.0,335.64,2026-04-09
MO-000960,ACT-0011,100,Ended,960,0.0,25.27,2.1,-0.56,-0.18,135.2,31.24,0.0,193.07,2026-04-26
MO-000961,ACT-0048,200,Ended,961,0.0,12.45,0.06,-1.64,-0.59,-368.81,30.67,0.0,-327.86,2026-05-14
MO-000962,CTL-0025,300,Ended,962,0.0,70.68,-3.31,6.71,2.66,-140.56,130.26,0.0,66.43,2026-05-31
MO-000963,SYS-0022,300,Ended,963,0.0,1332.47,-0.63,18.91,6.7,-300.19,397.22,0.0,1454.47,2026-06-17
MO-001007,DRV-0060,200,Ended,1007,0.0,95.07,-13.72,60.95,23.27,-4589.72,196.23,0.0,-4227.92,2026-01-05
MO-001008,ACT-0037,100,Ended,1008,0.0,-215.1,0.11,-0.03,-0.09,-87.26,113.74,0.0,-188.63,2026-01-22
MO-001009,CTL-0014,300,Ended,1009,0.0,-3.79,2.88,-4.1,-1.33,68.64,7.53,0.0,69.83,2026-02-08
MO-001010,SYS-0011,100,Ended,1010,0.0,294.59,9.7,1.95,0.31,28.06,178.59,0.0,513.2,2026-02-25
MO-001011,AFT-0018,300,Ended,1011,0.0,83.09,7.65,-13.16,-4.72,-298.88,93.39,0.0,-132.63,2026-03-14
MO-001012,AFT-0055,100,Ended,1012,0.0,45.91,28.65,-12.0,-4.6,-219.87,59.09,0.0,-102.82,2026-03-31
MO-001013,SA-0032,300,Ended,1013,0.0,30.37,28.36,-4.14,-1.39,-122.28,42.99,0.0,-26.1,2026-04-17
MO-001014,SA-0069,100,Ended,1014,0.0,-8.54,11.66,17.38,6.45,-123.7,62.72,0.0,-34.03,2026-05-04
MO-001015,DRV-0006,200,Ended,1015,0.0,427.77,0.98,45.91,16.36,-4069.21,1555.55,0.0,-2022.64,2026-05-21
MO-001016,DRV-0043,100,Ended,1016,0.0,53.97,0.63,-0.62,-0.22,30.12,34.9,0.0,118.78,2026-06-07
MO-001017,ACT-0020,200,Released,1017,0.0,0.0,0.0,-56.32,-19.85,76.18,0.0,0.0,0.0,
MO-001061,SA-0058,200,Ended,1061,0.0,141.85,-3.54,64.97,23.27,-21.31,123.54,0.0,328.77,2026-01-13
MO-001062,SA-0095,300,Ended,1062,0.0,1491.03,21.65,47.46,19.75,-355.13,535.42,0.0,1760.18,2026-01-30
MO-001063,DRV-0032,200,Ended,1063,0.0,178.5,4.14,52.02,17.96,-357.84,85.0,0.0,-20.22,2026-02-16
MO-001064,ACT-0009,100,Ended,1064,0.0,12.93,1.88,-2.58,-0.97,47.42,5.46,0.0,64.14,2026-03-05
MO-001065,ACT-0046,200,Ended,1065,0.0,66.72,5.55,-0.7,-0.49,58.69,54.34,0.0,184.1,2026-03-22
MO-001066,CTL-0023,300,Ended,1066,0.0,88.98,11.71,-15.53,-5.97,38.84,174.04,0.0,292.07,2026-04-08
MO-001067,SYS-0020,300,Ended,1067,0.0,1173.65,13.06,-7.32,-2.67,-471.43,474.08,0.0,1179.37,2026-04-25
MO-001068,AFT-0027,300,Ended,1068,0.0,67.77,6.5,-1.25,-0.5,-21.64,45.93,0.0,96.81,2026-05-12
MO-001069,SA-0004,200,Ended,1069,0.0,98.49,2.51,3.09,0.95,34.19,25.43,0.0,164.66,2026-05-29
MO-001070,SA-0041,300,Ended,1070,0.0,763.51,-7.16,25.54,9.41,-269.45,414.95,0.0,936.81,2026-06-15
MO-001114,SYS-0009,100,Ended,1114,0.0,98.97,1.96,3.57,1.23,53.85,19.25,0.0,178.83,2026-01-03
MO-001115,AFT-0016,100,Ended,1115,0.0,756.63,-2.2,22.59,8.07,-171.39,338.32,0.0,952.01,2026-01-20
MO-001116,AFT-0053,100,Ended,1116,0.0,121.3,11.92,35.51,13.18,-57.58,135.8,0.0,260.12,2026-02-07
MO-001117,SA-0030,100,Ended,1117,0.0,54.1,14.94,36.4,14.22,-1719.97,100.63,0.0,-1499.69,2026-02-24
MO-001118,SA-0067,200,Ended,1118,0.0,410.45,48.29,13.03,4.49,-1270.44,346.71,0.0,-447.47,2026-03-13
MO-001119,DRV-0004,200,Ended,1119,0.0,616.23,13.59,14.91,5.03,-86.35,134.09,0.0,697.51,2026-03-30
MO-001120,DRV-0041,100,Ended,1120,0.0,20.74,3.9,0.81,0.51,44.89,20.36,0.0,91.21,2026-04-16
MO-001121,ACT-0018,200,Ended,1121,0.0,110.52,7.78,-10.54,-3.87,-469.59,84.31,0.0,-281.4,2026-05-03
MO-001122,ACT-0055,100,Ended,1122,0.0,816.34,3.7,-7.53,-2.7,-312.22,224.16,0.0,721.75,2026-05-20
MO-001123,CTL-0032,300,Ended,1123,0.0,263.99,1.21,-2.76,-1.04,-151.32,155.83,0.0,265.92,2026-06-06
MO-001124,SYS-0029,100,Reported Finished,1124,0.0,2832.9,-3.38,4.69,1.69,-0.58,81.23,0.0,2916.54,
MO-001168,ACT-0007,100,Ended,1168,0.0,163.37,2.67,-8.88,-3.22,15.41,83.0,0.0,252.35,2026-01-11
MO-001169,ACT-0044,200,Ended,1169,0.0,-1.08,-2.74,1.26,0.39,23.52,3.82,0.0,25.17,2026-01-28
MO-001170,CTL-0021,300,Ended,1170,0.0,111.92,0.35,11.53,4.26,-68.2,148.62,0.0,208.48,2026-02-14
MO-001171,SYS-0018,300,Ended,1171,0.0,121.49,8.94,24.42,8.58,-1278.28,101.02,0.0,-1013.83,2026-03-03
MO-001172,AFT-0025,100,Ended,1172,0.0,129.86,26.37,14.12,4.59,-208.7,99.93,0.0,66.18,2026-03-20
MO-001173,SA-0002,300,Ended,1173,0.0,255.74,25.39,11.59,4.11,-148.3,73.68,0.0,222.21,2026-04-06
MO-001174,SA-0039,100,Ended,1174,0.0,400.89,17.05,-2.68,-1.69,-225.99,145.21,0.0,332.79,2026-04-23
MO-001175,SA-0076,200,Ended,1175,0.0,265.65,31.45,48.91,20.03,-137.72,206.82,0.0,435.14,2026-05-10
MO-001176,DRV-0013,100,Ended,1176,0.0,27.65,2.96,-7.94,-3.03,-10.76,32.05,0.0,40.94,2026-05-27
MO-001177,DRV-0050,200,Ended,1177,0.0,442.57,0.14,-6.04,-2.07,-116.63,188.24,0.0,506.2,2026-06-13
MO-001221,SA-0028,200,Ended,1221,0.0,70.78,6.45,-7.5,-2.7,-118.63,133.38,0.0,81.78,2026-01-02
MO-001222,SA-0065,300,Ended,1222,0.0,45.33,-1.75,2.24,0.73,-231.13,295.07,0.0,110.49,2026-01-19
MO-001223,DRV-0002,200,Ended,1223,0.0,2901.4,-9.33,14.9,5.44,-1153.23,794.79,0.0,2553.97,2026-02-05
MO-001224,DRV-0039,100,Ended,1224,0.0,18.9,1.76,-7.36,-2.86,224.77,5.78,0.0,240.98,2026-02-22
MO-001225,ACT-0016,200,Ended,1225,0.0,41.24,1.03,3.13,1.22,24.64,21.73,0.0,92.99,2026-03-11
MO-001226,ACT-0053,100,Ended,1226,0.0,129.78,7.47,13.4,5.0,46.14,64.08,0.0,265.87,2026-03-28
MO-001227,CTL-0030,300,Ended,1227,0.0,511.59,15.99,11.09,3.74,-1606.63,351.42,0.0,-712.8,2026-04-14
MO-001228,SYS-0027,100,Ended,1228,0.0,-158.15,10.47,2.33,0.76,-123.29,140.08,0.0,-127.81,2026-05-01
MO-001229,AFT-0034,100,Ended,1229,0.0,-165.69,8.45,4.13,1.43,-4.48,45.1,0.0,-111.06,2026-05-18
MO-001230,SA-0011,300,Ended,1230,0.0,852.26,22.22,35.01,13.85,-410.22,579.22,0.0,1092.33,2026-06-04
MO-001231,SA-0048,100,Started,1231,0.0,4692.54,0.76,-14.51,-5.32,-1566.95,70.51,0.0,3177.03,
MO-001275,SYS-0016,300,Ended,1275,0.0,754.9,4.36,-6.87,-2.45,-344.52,404.44,0.0,809.85,2026-01-10
MO-001276,AFT-0023,100,Ended,1276,0.0,112.87,-0.7,-3.74,-1.46,53.62,76.49,0.0,237.1,2026-01-27
MO-001277,AFT-0060,300,Ended,1277,0.0,217.37,0.1,4.36,1.51,-894.9,103.09,0.0,-568.48,2026-02-13
MO-001278,SA-0037,200,Ended,1278,0.0,1082.61,-4.81,1.93,0.49,-691.86,295.51,0.0,683.87,2026-03-02
MO-001279,SA-0074,300,Ended,1279,0.0,-33.69,13.87,39.33,13.77,-432.64,64.6,0.0,-334.77,2026-03-19
MO-001280,DRV-0011,100,Ended,1280,0.0,81.95,9.89,-1.27,-0.42,185.41,61.75,0.0,337.31,2026-04-05
MO-001281,DRV-0048,200,Ended,1281,0.0,87.14,3.41,3.55,1.2,-201.18,73.28,0.0,-32.6,2026-04-22
MO-001282,ACT-0025,100,Ended,1282,0.0,844.14,12.14,13.36,4.96,-325.27,293.6,0.0,842.92,2026-05-09
MO-001283,CTL-0002,300,Ended,1283,0.0,165.02,5.53,2.38,0.76,-50.69,87.96,0.0,210.98,2026-05-26
MO-001284,CTL-0039,300,Ended,1284,0.0,19.25,2.44,-3.05,-0.84,-112.18,131.86,0.0,37.49,2026-06-12
MO-001285,AFT-0006,300,Started,1285,0.0,66057.0,2.64,2.85,0.8,-861.76,517.95,0.0,65719.48,
MO-001329,ACT-0014,200,Ended,1329,0.0,87.56,2.34,-9.05,-3.36,103.98,10.89,0.0,192.37,2026-01-17
MO-001330,ACT-0051,100,Ended,1330,0.0,-20.03,1.91,-7.02,-2.63,-734.49,796.3,0.0,34.04,2026-02-03
MO-001331,CTL-0028,300,Ended,1331,0.0,705.07,-2.21,-3.21,-1.18,-310.2,377.5,0.0,765.76,2026-02-20
MO-001332,SYS-0025,100,Ended,1332,0.0,-12.43,0.77,1.65,0.63,-380.08,110.0,0.0,-279.47,2026-03-09
MO-001333,AFT-0032,100,Ended,1333,0.0,-93.45,4.86,3.54,1.24,-156.89,119.72,0.0,-120.99,2026-03-27
MO-001334,SA-0009,100,Ended,1334,0.0,327.13,22.27,26.7,10.62,-115.76,104.11,0.0,375.08,2026-04-13
MO-001335,SA-0046,200,Ended,1335,0.0,298.01,83.01,107.19,37.68,-159.03,263.33,0.0,630.19,2026-04-30
MO-001336,SA-0083,300,Ended,1336,0.0,99.95,6.21,-3.91,-1.7,201.43,62.54,0.0,364.54,2026-05-17
MO-001337,DRV-0020,200,Ended,1337,0.0,153.33,5.55,4.06,1.57,-25.71,57.41,0.0,196.2,2026-06-03
MO-001338,DRV-0057,100,Ended,1338,0.0,516.72,2.41,3.2,1.05,-197.16,270.91,0.0,597.13,2026-06-20
MO-001382,SA-0035,300,Ended,1382,0.0,1020.36,53.77,79.84,29.75,-425.42,530.8,0.0,1289.1,2026-01-08
MO-001383,SA-0072,100,Ended,1383,0.0,182.49,30.64,37.65,12.43,-2302.38,130.42,0.0,-1908.75,2026-01-25
MO-001384,DRV-0009,100,Ended,1384,0.0,-4.25,0.87,-6.63,-2.3,105.04,4.57,0.0,97.32,2026-02-11
MO-001385,DRV-0046,200,Ended,1385,0.0,41.99,-1.0,-9.86,-3.58,100.38,87.73,0.0,215.67,2026-02-28
MO-001386,ACT-0023,100,Ended,1386,0.0,796.82,4.61,-1.12,-0.41,-237.9,323.71,0.0,885.71,2026-03-17
MO-001387,ACT-0060,200,Ended,1387,0.0,22.45,0.66,-0.82,-0.3,-545.02,26.16,0.0,-496.86,2026-04-03
MO-001388,CTL-0037,300,Ended,1388,0.0,1427.88,7.92,1.05,0.4,-878.57,606.41,0.0,1165.1,2026-04-20
MO-001389,AFT-0004,100,Ended,1389,0.0,171.0,32.87,27.44,10.39,-146.86,192.93,0.0,287.76,2026-05-07
MO-001390,AFT-0041,100,Ended,1390,0.0,863.18,34.39,123.0,47.85,-620.44,814.12,0.0,1262.1,2026-05-24
MO-001391,SA-0018,100,Ended,1391,0.0,926.89,29.29,118.4,42.41,-5766.36,615.97,0.0,-4033.41,2026-06-10
MO-001392,SA-0055,200,Released,1392,0.0,0.0,0.0,-132.55,-48.26,180.81,0.0,0.0,0.0,
MO-001436,SYS-0023,100,Ended,1436,0.0,-525.44,18.69,23.13,9.09,-487.87,653.49,0.0,-308.91,2026-01-16
MO-001437,AFT-0030,300,Ended,1437,0.0,-0.9,16.9,55.08,20.96,-1992.88,92.35,0.0,-1808.49,2026-02-02
MO-001438,SA-0007,200,Ended,1438,0.0,272.63,2.33,-0.47,-2.27,-591.64,305.19,0.0,-14.24,2026-02-19
MO-001439,SA-0044,300,Ended,1439,0.0,-9.82,-14.59,0.89,2.81,-186.18,41.94,0.0,-164.95,2026-03-08
MO-001440,SA-0081,100,Ended,1440,0.0,126.35,0.13,-8.42,-3.17,46.76,60.42,0.0,222.06,2026-03-25
MO-001441,DRV-0018,200,Ended,1441,0.0,74.36,3.95,-6.73,-2.34,-703.11,117.5,0.0,-516.37,2026-04-11
MO-001442,DRV-0055,100,Ended,1442,0.0,-519.44,9.15,2.35,0.97,-602.55,567.04,0.0,-542.48,2026-04-28
MO-001443,ACT-0032,200,Ended,1443,0.0,16.7,6.19,-1.1,-0.36,-2.14,18.61,0.0,37.91,2026-05-15
MO-001444,CTL-0009,300,Ended,1444,0.0,520.2,34.68,20.14,7.48,-44.53,102.59,0.0,640.56,2026-06-01
MO-001445,SYS-0006,300,Ended,1445,0.0,280.1,16.1,48.83,17.45,-997.34,196.48,0.0,-438.38,2026-06-18
MO-001489,DRV-0044,200,Ended,1489,0.0,-2.91,4.36,-0.72,-0.24,54.65,4.38,0.0,59.52,2026-01-07
MO-001490,ACT-0021,100,Ended,1490,0.0,159.58,4.62,2.76,1.02,-44.45,162.42,0.0,285.95,2026-01-24
MO-001491,ACT-0058,200,Ended,1491,0.0,73.34,12.24,13.39,5.12,14.75,57.7,0.0,176.54,2026-02-10
MO-001492,CTL-0035,300,Ended,1492,0.0,2306.86,0.43,25.68,8.71,-504.92,647.78,0.0,2484.54,2026-02-27
MO-001493,AFT-0002,100,Ended,1493,0.0,357.73,-9.44,19.54,6.97,-367.01,294.34,0.0,302.12,2026-03-16
MO-001494,AFT-0039,300,Ended,1494,0.0,-4567.37,0.78,-14.6,-6.12,-1229.07,1197.48,0.0,-4618.91,2026-04-02
MO-001495,SA-0016,200,Ended,1495,0.0,136.47,4.88,-27.02,-10.0,-174.31,180.0,0.0,110.03,2026-04-19
MO-001496,SA-0053,300,Ended,1496,0.0,65.82,2.91,-6.52,-2.45,56.69,67.06,0.0,183.51,2026-05-06
MO-001497,SA-0090,100,Ended,1497,0.0,56.75,7.36,-5.32,-1.93,-655.59,35.53,0.0,-563.2,2026-05-23
MO-001498,DRV-0027,100,Ended,1498,0.0,254.9,7.36,1.65,0.63,-19.96,81.81,0.0,326.38,2026-06-09
MO-001499,ACT-0004,200,Reported Finished,1499,0.0,301.76,12.32,3.51,1.15,59.62,8.12,0.0,386.48,
MO-001543,SA-0042,100,Ended,1543,0.0,125.26,34.46,50.88,18.12,-1937.57,283.24,0.0,-1425.6,2026-01-14
MO-001544,SA-0079,200,Ended,1544,0.0,49.75,2.03,1.85,0.68,33.44,18.61,0.0,106.36,2026-01-31
MO-001545,DRV-0016,200,Ended,1545,0.0,66.18,1.88,-1.12,-0.42,44.88,38.18,0.0,149.58,2026-02-17
MO-001546,DRV-0053,100,Ended,1546,0.0,-110.7,2.24,10.5,3.92,-178.78,349.43,0.0,76.61,2026-03-06
MO-001547,ACT-0030,200,Ended,1547,0.0,31.95,-3.6,13.54,4.31,-547.41,53.25,0.0,-447.96,2026-03-23
MO-001548,CTL-0007,300,Ended,1548,0.0,-8.83,13.58,2.7,2.17,-602.16,308.98,0.0,-283.56,2026-04-09
MO-001549,SYS-0004,300,Ended,1549,0.0,86.89,2.99,-2.88,-1.68,47.12,24.47,0.0,156.9,2026-04-26
MO-001550,AFT-0011,100,Ended,1550,0.0,594.98,15.86,-22.05,-8.26,-307.85,321.83,0.0,594.51,2026-05-14
MO-001551,AFT-0048,300,Ended,1551,0.0,5685.01,34.6,-0.63,-0.29,-5256.13,1815.93,0.0,2278.49,2026-05-31
MO-001552,SA-0025,200,Ended,1552,0.0,45.23,4.7,-5.43,-2.05,18.19,32.51,0.0,93.15,2026-06-17
MO-001596,CTL-0033,300,Ended,1596,0.0,3266.65,19.85,-1.82,-0.72,-1012.11,1029.43,0.0,3301.29,2026-01-05
MO-001597,SYS-0030,300,Ended,1597,0.0,897.58,21.54,18.8,6.65,-3057.44,893.39,0.0,-1219.49,2026-01-22
MO-001598,AFT-0037,100,Ended,1598,0.0,1333.67,13.67,64.55,23.56,-1828.63,861.66,0.0,468.48,2026-02-08
MO-001599,SA-0014,300,Ended,1599,0.0,176.72,3.48,54.2,19.03,-153.73,64.81,0.0,164.5,2026-02-25
MO-001600,SA-0051,100,Ended,1600,0.0,82.96,0.65,-2.88,-1.2,31.72,81.65,0.0,192.89,2026-03-14
MO-001601,SA-0088,200,Ended,1601,0.0,21.42,-3.1,3.61,1.29,74.64,18.24,0.0,116.11,2026-03-31
MO-001602,DRV-0025,100,Ended,1602,0.0,664.53,0.11,10.69,3.69,-294.04,235.29,0.0,620.28,2026-04-17
MO-001603,ACT-0002,200,Ended,1603,0.0,45.69,7.67,2.07,1.49,-13.62,31.88,0.0,75.18,2026-05-04
MO-001604,ACT-0039,100,Ended,1604,0.0,288.09,29.17,-8.72,-3.81,-13.18,53.19,0.0,344.74,2026-05-21
MO-001605,CTL-0016,300,Ended,1605,0.0,-22.69,9.06,-10.1,-3.6,-59.33,122.87,0.0,36.22,2026-06-07
MO-001606,SYS-0013,100,Started,1606,0.0,15058.19,8.36,-1.39,-0.56,-163.55,122.05,0.0,15023.1,
MO-001650,DRV-0051,100,Ended,1650,0.0,791.67,14.37,-8.63,-3.03,-433.18,553.52,0.0,914.72,2026-01-13
MO-001651,ACT-0028,200,Ended,1651,0.0,35.95,10.65,-3.32,-1.24,66.48,34.17,0.0,142.69,2026-01-30
MO-001652,CTL-0005,300,Ended,1652,0.0,-45.11,14.52,5.98,2.15,-163.73,223.64,0.0,37.45,2026-02-16
MO-001653,SYS-0002,300,Ended,1653,0.0,790.26,3.17,24.74,8.7,-303.67,220.27,0.0,743.46,2026-03-05
MO-001654,AFT-0009,300,Ended,1654,0.0,439.14,4.83,68.63,26.78,-128.81,87.19,0.0,497.77,2026-03-22
MO-001655,AFT-0046,100,Ended,1655,0.0,1298.63,-13.79,25.3,9.17,-556.94,581.12,0.0,1343.49,2026-04-08
MO-001656,SA-0023,300,Ended,1656,0.0,75.84,0.83,-0.96,-0.35,34.76,86.42,0.0,196.55,2026-04-25
MO-001657,SA-0060,100,Ended,1657,0.0,-7.05,1.03,8.08,2.78,-283.63,20.86,0.0,-257.92,2026-05-12
MO-001658,SA-0097,200,Ended,1658,0.0,40.94,8.28,0.37,0.12,-142.27,72.13,0.0,-20.42,2026-05-29
MO-001659,DRV-0034,200,Ended,1659,0.0,6.14,14.32,-6.07,-2.48,40.44,16.96,0.0,69.31,2026-06-15
MO-001703,SA-0012,100,Ended,1703,0.0,250.3,5.52,1.09,1.01,-3720.04,145.79,0.0,-3316.33,2026-01-03
MO-001704,SA-0049,200,Ended,1704,0.0,21.66,2.86,-6.24,-2.33,5.83,7.45,0.0,29.23,2026-01-20
MO-001705,SA-0086,300,Ended,1705,0.0,99.16,9.75,-6.3,-2.12,-1.59,58.25,0.0,157.16,2026-02-07
MO-001706,DRV-0023,100,Ended,1706,0.0,273.13,7.14,3.76,1.54,-8.51,203.95,0.0,481.0,2026-02-24
MO-001707,DRV-0060,200,Ended,1707,0.0,51.02,5.73,0.39,0.21,-954.78,44.85,0.0,-852.58,2026-03-13
MO-001708,ACT-0037,100,Ended,1708,0.0,3310.32,0.45,10.55,3.93,-638.81,530.79,0.0,3217.22,2026-03-30
MO-001709,CTL-0014,300,Ended,1709,0.0,-110.8,-0.67,25.73,9.2,-122.92,33.87,0.0,-165.59,2026-04-16
MO-001710,SYS-0011,100,Ended,1710,0.0,751.02,6.62,37.16,13.22,-529.22,714.35,0.0,993.15,2026-05-03
MO-001711,AFT-0018,300,Ended,1711,0.0,86.76,7.37,83.0,28.66,-1330.7,408.58,0.0,-716.33,2026-05-20
MO-001712,AFT-0055,100,Ended,1712,0.0,18.33,4.01,2.66,1.28,26.49,12.66,0.0,65.43,2026-06-06
MO-001713,SA-0032,300,Released,1713,0.0,0.0,0.0,-50.76,-19.03,69.8,0.0,0.0,0.0,
MO-001757,CTL-0040,300,Ended,1757,0.0,3105.93,3.58,5.77,2.02,-965.55,997.22,0.0,3148.96,2026-01-11
MO-001758,AFT-0007,100,Ended,1758,0.0,162.24,16.84,30.44,10.76,-564.71,82.87,0.0,-261.56,2026-01-28
MO-001759,AFT-0044,100,Ended,1759,0.0,513.65,50.3,-46.83,-15.56,-631.33,175.38,0.0,45.61,2026-02-14
MO-001760,SA-0021,100,Ended,1760,0.0,43.91,4.23,-4.7,-1.77,-38.46,70.88,0.0,74.09,2026-03-03
MO-001761,SA-0058,200,Ended,1761,0.0,15.32,2.85,-2.08,-0.79,66.57,27.45,0.0,109.31,2026-03-20
MO-001762,SA-0095,300,Ended,1762,0.0,242.39,1.7,8.56,3.13,48.43,133.86,0.0,438.07,2026-04-06
MO-001763,DRV-0032,200,Ended,1763,0.0,14.68,-3.15,2.07,0.68,6.91,19.43,0.0,40.62,2026-04-23
MO-001764,ACT-0009,100,Ended,1764,0.0,23.54,0.73,11.27,4.15,1.92,25.49,0.0,67.1,2026-05-10
MO-001765,ACT-0046,200,Ended,1765,0.0,354.58,5.95,26.59,8.98,-150.81,244.53,0.0,489.8,2026-05-27
MO-001766,CTL-0023,300,Ended,1766,0.0,1103.35,34.38,72.55,26.81,-471.94,696.15,0.0,1461.3,2026-06-13
MO-001810,DRV-0021,100,Ended,1810,0.0,328.79,3.47,15.59,5.79,-111.17,179.56,0.0,422.02,2026-01-02
MO-001811,DRV-0058,200,Ended,1811,0.0,991.07,9.72,3.4,1.1,-197.21,324.27,0.0,1132.34,2026-01-19
MO-001812,ACT-0035,100,Ended,1812,0.0,1708.94,14.1,-0.22,0.36,-172.94,412.41,0.0,1962.66,2026-02-05
MO-001813,CTL-0012,300,Ended,1813,0.0,-2277.48,11.11,19.11,6.33,-1609.7,806.88,0.0,-3043.75,2026-02-22
MO-001814,SYS-0009,100,Ended,1814,0.0,189.98,48.54,-45.13,-16.94,-155.81,77.01,0.0,97.67,2026-03-11
MO-001815,AFT-0016,100,Ended,1815,0.0,2418.82,21.26,-13.89,-5.34,-1429.95,1480.16,0.0,2471.05,2026-03-28
MO-001816,AFT-0053,100,Ended,1816,0.0,26.21,0.73,0.03,0.02,29.91,29.1,0.0,86.0,2026-04-14
MO-001817,SA-0030,100,Ended,1817,0.0,26.84,-0.66,0.64,0.25,-310.36,22.36,0.0,-260.94,2026-05-01
MO-001818,SA-0067,200,Ended,1818,0.0,18.93,6.41,11.92,4.68,-155.7,86.68,0.0,-27.07,2026-05-18
MO-001819,DRV-0004,200,Ended,1819,0.0,45.59,1.18,2.97,1.16,82.35,30.65,0.0,163.9,2026-06-04
MO-001820,DRV-0041,100,Reported Finished,1820,0.0,625.22,4.47,12.31,4.84,48.22,19.0,0.0,714.06,
MO-001864,SA-0019,200,Ended,1864,0.0,4.98,7.91,-1.6,-0.83,80.57,14.37,0.0,105.4,2026-01-10
MO-001865,SA-0056,300,Ended,1865,0.0,-12.88,2.0,5.27,2.02,-36.32,58.61,0.0,18.71,2026-01-27
MO-001866,SA-0093,100,Ended,1866,0.0,167.94,7.44,4.71,1.59,-33.9,94.39,0.0,242.16,2026-02-13
MO-001867,DRV-0030,200,Ended,1867,0.0,52.91,6.76,-1.11,-0.11,-1131.2,53.73,0.0,-1019.02,2026-03-02
MO-001868,ACT-0007,100,Ended,1868,0.0,370.03,9.67,13.66,4.16,-832.04,387.34,0.0,-47.17,2026-03-19
MO-001869,ACT-0044,200,Ended,1869,0.0,46.28,15.74,-28.84,-10.34,-68.03,17.2,0.0,-27.99,2026-04-05
MO-001870,CTL-0021,300,Ended,1870,0.0,1048.25,-0.84,-21.6,-8.29,-649.13,594.48,0.0,962.86,2026-04-22
MO-001871,SYS-0018,300,Ended,1871,0.0,318.17,-4.62,17.3,6.23,-6227.21,441.97,0.0,-5448.15,2026-05-09
MO-001872,AFT-0025,100,Ended,1872,0.0,11.45,2.76,2.14,0.86,7.73,21.41,0.0,46.35,2026-05-26
MO-001873,SA-0002,300,Ended,1873,0.0,34.78,3.48,1.91,0.66,47.0,16.37,0.0,104.22,2026-06-12
MO-001874,SA-0039,100,Reported Finished,1874,0.0,1505.26,10.31,8.08,2.95,106.95,36.3,0.0,1669.85,
MO-001918,SYS-0007,100,Ended,1918,0.0,666.15,35.07,93.77,35.32,-647.67,252.02,0.0,434.66,2026-01-17
MO-001919,AFT-0014,100,Ended,1919,0.0,578.13,17.8,51.44,19.71,-337.12,163.8,0.0,493.77,2026-02-03
MO-001920,AFT-0051,300,Ended,1920,0.0,66.87,5.71,0.08,0.02,31.1,100.79,0.0,204.55,2026-02-20
MO-001921,SA-0028,200,Ended,1921,0.0,44.4,3.22,4.35,1.49,-0.66,29.64,0.0,82.43,2026-03-09
MO-001922,SA-0065,300,Ended,1922,0.0,102.92,4.74,-1.19,-0.44,5.35,73.77,0.0,185.15,2026-03-27
MO-001923,DRV-0002,200,Ended,1923,0.0,379.31,5.26,5.52,1.43,-148.62,181.67,0.0,424.57,2026-04-13
MO-001924,DRV-0039,100,Ended,1924,0.0,30.55,3.57,-21.31,-8.19,40.44,26.97,0.0,72.04,2026-04-30
MO-001925,ACT-0016,200,Ended,1925,0.0,139.46,-8.51,-15.01,-5.47,-74.86,97.76,0.0,133.39,2026-05-17
MO-001926,ACT-0053,100,Ended,1926,0.0,350.15,1.6,-0.3,-0.18,-180.4,256.31,0.0,427.18,2026-06-03
MO-001927,CTL-0030,300,Ended,1927,0.0,1034.28,26.68,36.79,13.06,-7652.47,1537.48,0.0,-5004.18,2026-06-20
MO-001971,DRV-0028,200,Ended,1971,0.0,-59.27,-1.69,-1.17,-0.38,-323.08,377.39,0.0,-8.19,2026-01-08
MO-001972,ACT-0005,100,Ended,1972,0.0,357.69,4.38,11.76,4.19,-45.72,165.73,0.0,498.02,2026-01-25
MO-001973,ACT-0042,200,Ended,1973,0.0,203.33,34.01,57.64,20.61,-3615.22,115.82,0.0,-3183.81,2026-02-11
MO-001974,CTL-0019,300,Ended,1974,0.0,-101.0,50.42,74.21,27.53,-511.27,141.24,0.0,-318.87,2026-02-28
MO-001975,SYS-0016,300,Ended,1975,0.0,2188.66,28.1,46.65,16.07,-1721.01,1769.43,0.0,2327.89,2026-03-17
MO-001976,AFT-0023,100,Ended,1976,0.0,13.57,4.56,-3.75,-1.26,131.99,16.39,0.0,161.49,2026-04-03
MO-001977,AFT-0060,300,Ended,1977,0.0,28.75,0.42,-2.39,-0.91,-163.84,22.91,0.0,-115.07,2026-04-20
MO-001978,SA-0037,200,Ended,1978,0.0,161.11,6.55,6.86,3.05,-98.04,73.88,0.0,153.4,2026-05-07
MO-001979,SA-0074,300,Ended,1979,0.0,65.98,-4.58,-14.22,-5.26,9.17,14.77,0.0,65.87,2026-05-24
MO-001980,DRV-0011,100,Ended,1980,0.0,359.17,8.48,-5.37,-1.87,-71.61,288.19,0.0,576.98,2026-06-10
MO-001981,DRV-0048,200,Started,1981,0.0,9910.94,1.01,-1.08,-0.43,-318.55,82.44,0.0,9674.33,
MO-002025,SA-0026,300,Ended,2025,0.0,162.8,1.41,-4.53,-1.65,27.69,81.59,0.0,267.3,2026-01-16
MO-002026,SA-0063,100,Ended,2026,0.0,48.26,4.48,3.03,1.14,-105.86,147.77,0.0,98.81,2026-02-02
MO-002027,SA-0100,200,Ended,2027,0.0,5.04,5.24,4.91,1.62,-15.49,68.39,0.0,69.7,2026-02-19
MO-002028,DRV-0037,100,Ended,2028,0.0,-1058.54,24.08,28.2,10.45,-839.2,625.73,0.0,-1209.29,2026-03-08
MO-002029,ACT-0014,200,Ended,2029,0.0,264.94,29.76,61.64,21.63,-174.07,49.0,0.0,252.9,2026-03-25
MO-002030,ACT-0051,100,Ended,2030,0.0,8145.55,17.17,30.21,9.96,-3207.48,3185.21,0.0,8180.62,2026-04-11
MO-002031,CTL-0028,300,Ended,2031,0.0,1966.75,11.26,45.14,17.27,-1599.44,1651.55,0.0,2092.53,2026-04-28
MO-002032,SYS-0025,100,Ended,2032,0.0,67.05,0.34,-6.53,-2.47,35.87,23.57,0.0,117.84,2026-05-15
MO-002033,AFT-0032,100,Ended,2033,0.0,102.48,-2.28,-0.9,-0.4,2.98,26.6,0.0,128.49,2026-06-01
MO-002034,SA-0009,100,Ended,2034,0.0,9.22,-0.94,-13.88,-5.32,20.97,26.03,0.0,36.09,2026-06-18
MO-002078,CTL-0017,300,Ended,2078,0.0,-22.95,-7.76,-21.9,-8.22,40.97,68.96,0.0,49.09,2026-01-07
MO-002079,SYS-0014,300,Ended,2079,0.0,-217.05,9.03,-4.57,-1.75,-341.47,148.24,0.0,-407.58,2026-01-24
MO-002080,AFT-0021,300,Ended,2080,0.0,23.43,3.96,-5.08,-1.85,101.94,29.64,0.0,152.04,2026-02-10
MO-002081,AFT-0058,100,Ended,2081,0.0,31.75,2.1,-3.68,-1.34,76.0,19.89,0.0,124.71,2026-02-27
MO-002082,SA-0035,300,Ended,2082,0.0,251.8,9.11,7.8,2.95,-65.44,132.7,0.0,338.92,2026-03-16
MO-002083,SA-0072,100,Ended,2083,0.0,77.06,11.73,8.96,3.46,-475.07,29.81,0.0,-344.06,2026-04-02
MO-002084,DRV-0009,100,Ended,2084,0.0,107.11,15.94,31.99,11.93,38.58,21.34,0.0,226.89,2026-04-19
MO-002085,DRV-0046,200,Ended,2085,0.0,102.01,8.17,30.7,10.51,-242.61,394.79,0.0,303.58,2026-05-06
MO-002086,ACT-0023,100,Ended,2086,0.0,2186.3,2.83,6.75,2.29,-1229.68,1294.85,0.0,2263.34,2026-05-23
MO-002087,ACT-0060,200,Ended,2087,0.0,25.15,-4.5,9.0,3.12,-2632.05,114.46,0.0,-2484.84,2026-06-09
MO-002088,CTL-0037,300,Released,2088,0.0,0.0,0.0,-79.2,-29.7,108.9,0.0,0.0,0.0,
MO-002132,DRV-0035,100,Ended,2132,0.0,115.44,2.44,-9.88,-4.3,-90.87,189.87,0.0,202.69,2026-01-14
MO-002133,ACT-0012,200,Ended,2133,0.0,7.43,-1.81,-13.08,-4.67,-1590.07,55.88,0.0,-1546.32,2026-01-31
MO-002134,ACT-0049,100,Ended,2134,0.0,164.16,8.51,-4.45,-1.78,-926.3,116.24,0.0,-643.61,2026-02-17
MO-002135,CTL-0026,300,Ended,2135,0.0,1620.33,20.82,9.88,3.43,-1084.12,913.82,0.0,1484.17,2026-03-06
MO-002136,SYS-0023,100,Ended,2136,0.0,413.91,4.88,-5.5,-2.1,22.63,140.03,0.0,573.86,2026-03-23
MO-002137,AFT-0030,300,Ended,2137,0.0,15.6,7.9,-0.55,-0.15,-360.34,20.52,0.0,-317.01,2026-04-09
MO-002138,SA-0007,200,Ended,2138,0.0,-39.23,7.24,21.18,7.81,-84.87,76.3,0.0,-11.58,2026-04-26
MO-002139,SA-0044,300,Ended,2139,0.0,-26.89,5.83,9.68,3.32,7.66,9.59,0.0,9.18,2026-05-14
MO-002140,SA-0081,100,Ended,2140,0.0,425.28,-0.66,31.15,11.57,-218.37,281.96,0.0,530.93,2026-05-31
MO-002141,DRV-0018,200,Ended,2141,0.0,943.04,-1.72,11.13,3.72,-3840.1,528.75,0.0,-2355.19,2026-06-17
MO-002185,AFT-0056,100,Ended,2185,0.0,28.54,0.49,3.78,1.38,42.73,38.61,0.0,115.54,2026-01-05
MO-002186,SA-0033,100,Ended,2186,0.0,42.99,-4.22,1.17,0.42,41.56,57.7,0.0,139.62,2026-01-22
MO-002187,SA-0070,200,Ended,2187,0.0,83.89,2.78,-6.46,-2.66,-24.01,60.02,0.0,113.56,2026-02-08
MO-002188,DRV-0007,100,Ended,2188,0.0,815.89,19.68,-9.78,-3.62,-436.14,189.83,0.0,575.85,2026-02-25
MO-002189,DRV-0044,200,Ended,2189,0.0,26.38,5.45,-4.58,-1.67,-100.4,19.71,0.0,-55.1,2026-03-14
MO-002190,ACT-0021,100,Ended,2190,0.0,242.03,15.95,6.47,2.45,-710.94,649.68,0.0,205.64,2026-03-31
MO-002191,ACT-0058,200,Ended,2191,0.0,154.04,35.75,8.36,2.95,-223.7,252.42,0.0,229.83,2026-04-17
MO-002192,CTL-0035,300,Ended,2192,0.0,390.86,4.99,-1.45,-0.39,14.22,138.81,0.0,547.04,2026-05-04
MO-002193,AFT-0002,100,Ended,2193,0.0,-21.54,4.31,0.61,0.17,-1.01,65.41,0.0,47.95,2026-05-21
MO-002194,AFT-0039,300,Ended,2194,0.0,2065.03,-0.32,12.98,4.81,-262.74,299.37,0.0,2119.14,2026-06-07
MO-002195,SA-0016,200,Reported Finished,2195,0.0,330.75,-2.52,8.43,3.23,53.69,8.23,0.0,401.82,
MO-002239,CTL-0024,300,Ended,2239,0.0,496.8,17.88,60.86,21.23,-4221.51,136.89,0.0,-3487.87,2026-01-13
MO-002240,SYS-0021,100,Ended,2240,0.0,381.29,-1.93,4.11,1.85,-85.55,145.19,0.0,444.97,2026-01-30
MO-002241,AFT-0028,100,Ended,2241,0.0,24.87,1.74,-4.02,-1.68,83.2,27.98,0.0,132.1,2026-02-16
MO-002242,SA-0005,300,Ended,2242,0.0,78.63,3.77,-5.18,-1.5,78.17,65.52,0.0,219.42,2026-03-05
MO-002243,SA-0042,100,Ended,2243,0.0,-60.51,9.22,-7.88,-2.88,-414.97,64.74,0.0,-412.28,2026-03-22
MO-002244,SA-0079,200,Ended,2244,0.0,114.71,14.77,1.99,0.71,-308.96,86.87,0.0,-89.93,2026-04-08
MO-002245,DRV-0016,200,Ended,2245,0.0,191.9,7.14,0.79,0.26,-112.63,171.81,0.0,259.27,2026-04-25
MO-002246,DRV-0053,100,Ended,2246,0.0,4611.86,35.93,5.3,2.0,-1266.54,1397.72,0.0,4786.27,2026-05-12
MO-002247,ACT-0030,200,Ended,2247,0.0,90.06,16.76,54.31,20.51,-2637.79,232.98,0.0,-2223.17,2026-05-29
MO-002248,CTL-0007,300,Ended,2248,0.0,-98.67,1.6,5.94,2.34,9.02,66.21,0.0,-13.55,2026-06-15
MO-002292,DRV-0005,100,Ended,2292,0.0,850.0,2.96,13.25,4.88,-198.54,244.17,0.0,916.72,2026-01-03
MO-002293,DRV-0042,200,Ended,2293,0.0,74.73,-0.76,25.26,8.86,-1710.07,73.72,0.0,-1528.26,2026-01-20
MO-002294,ACT-0019,100,Ended,2294,0.0,120.88,-12.32,50.74,19.92,-1073.73,174.87,0.0,-719.64,2026-02-07
MO-002295,ACT-0056,200,Ended,2295,0.0,-25.02,-5.76,107.34,40.84,-798.49,541.26,0.0,-139.84,2026-02-24
MO-002296,CTL-0033,300,Ended,2296,0.0,527.89,1.7,-1.39,-0.55,-165.45,220.59,0.0,582.8,2026-03-13
MO-002297,SYS-0030,300,Ended,2297,0.0,16.15,6.55,-6.21,-2.2,-583.94,198.53,0.0,-371.11,2026-03-30
MO-002298,AFT-0037,100,Ended,2298,0.0,79.34,10.72,-8.05,-2.94,-305.94,215.42,0.0,-11.45,2026-04-16
MO-002299,SA-0014,300,Ended,2299,0.0,39.14,6.83,-1.91,-0.66,-6.11,14.81,0.0,52.09,2026-05-03
MO-002300,SA-0051,100,Ended,2300,0.0,161.39,2.97,9.06,3.61,-330.48,381.05,0.0,227.6,2026-05-20
MO-002301,SA-0088,200,Ended,2301,0.0,44.64,24.72,0.31,0.24,-18.03,82.08,0.0,133.96,2026-06-06
MO-002302,DRV-0025,100,Started,2302,0.0,39121.82,1.93,19.4,7.23,-471.89,313.72,0.0,38992.21,
MO-002346,SA-0003,100,Ended,2346,0.0,110.22,4.01,14.1,5.53,6.27,117.48,0.0,257.61,2026-01-11
MO-002347,SA-0040,200,Ended,2347,0.0,65.91,-0.02,3.81,1.48,0.77,98.79,0.0,170.75,2026-01-28
MO-002348,SA-0077,300,Ended,2348,0.0,118.16,-1.4,11.56,4.32,-7.47,50.61,0.0,175.78,2026-02-14
MO-002349,DRV-0014,200,Ended,2349,0.0,346.58,-2.53,33.48,12.74,-150.07,87.92,0.0,328.12,2026-03-03
MO-002350,DRV-0051,100,Ended,2350,0.0,3178.68,24.3,54.51,18.58,-2266.74,2214.08,0.0,3223.42,2026-03-20
MO-002351,ACT-0028,200,Ended,2351,0.0,212.18,16.52,38.86,13.86,-90.68,149.51,0.0,340.26,2026-04-06
MO-002352,CTL-0005,300,Ended,2352,0.0,-57.25,4.21,-4.36,-1.7,11.4,47.92,0.0,0.22,2026-04-23
MO-002353,SYS-0002,300,Ended,2353,0.0,101.46,5.64,-6.76,-2.35,22.01,48.95,0.0,168.95,2026-05-10
MO-002354,AFT-0009,300,Ended,2354,0.0,51.02,3.58,-2.85,-1.04,133.7,21.8,0.0,206.21,2026-05-27
MO-002355,AFT-0046,100,Ended,2355,0.0,215.6,5.18,-3.21,-1.1,-107.84,132.83,0.0,241.44,2026-06-13
MO-002399,ACT-0054,200,Ended,2399,0.0,-1735.25,29.65,16.53,6.01,-5690.13,669.3,0.0,-6703.89,2026-01-02
MO-002400,CTL-0031,300,Ended,2400,0.0,265.24,3.21,-5.94,-2.25,-34.64,146.58,0.0,372.2,2026-01-19
MO-002401,SYS-0028,300,Ended,2401,0.0,46.85,0.01,0.01,0.03,-124.52,169.05,0.0,91.43,2026-02-05
MO-002402,AFT-0035,100,Ended,2402,0.0,150.99,-1.53,3.63,1.35,-136.82,240.71,0.0,258.35,2026-02-22
MO-002403,SA-0012,100,Ended,2403,0.0,45.35,-0.55,2.81,0.95,-767.25,33.32,0.0,-685.36,2026-03-11
MO-002404,SA-0049,200,Ended,2404,0.0,6.51,1.84,27.27,10.2,-93.51,34.78,0.0,-12.91,2026-03-28
MO-002405,SA-0086,300,Ended,2405,0.0,305.11,22.66,32.94,10.56,-320.09,262.14,0.0,313.32,2026-04-14
MO-002406,DRV-0023,100,Ended,2406,0.0,511.13,49.01,9.22,5.78,-647.58,815.78,0.0,743.33,2026-05-01
MO-002407,DRV-0060,200,Ended,2407,0.0,110.58,33.4,-4.22,-2.75,-4629.31,196.23,0.0,-4296.08,2026-05-18
MO-002408,ACT-0037,100,Ended,2408,0.0,536.12,2.64,-5.21,-1.95,-90.98,113.74,0.0,554.35,2026-06-04
MO-002409,CTL-0014,300,Released,2409,0.0,0.0,0.0,-68.02,-24.61,92.63,0.0,0.0,0.0,
MO-002453,DRV-0012,200,Ended,2453,0.0,44.26,31.02,-17.23,-6.28,-581.89,42.53,0.0,-487.6,2026-01-10
MO-002454,DRV-0049,100,Ended,2454,0.0,1190.53,13.99,-1.91,-0.8,-569.79,167.97,0.0,799.99,2026-01-27
MO-002455,ACT-0026,200,Ended,2455,0.0,1424.14,2.23,38.07,13.49,-1804.35,1447.38,0.0,1120.96,2026-02-13
MO-002456,CTL-0003,300,Ended,2456,0.0,12.35,0.66,-4.62,-1.67,108.51,106.21,0.0,221.44,2026-03-02
MO-002457,CTL-0040,300,Ended,2457,0.0,454.98,-0.3,0.16,0.03,-180.64,221.6,0.0,495.83,2026-03-19
MO-002458,AFT-0007,100,Ended,2458,0.0,15.41,1.2,5.16,1.85,-59.53,20.72,0.0,-15.19,2026-04-05
MO-002459,AFT-0044,100,Ended,2459,0.0,72.05,9.42,18.85,6.69,5.46,40.09,0.0,152.55,2026-04-22
MO-002460,SA-0021,100,Ended,2460,0.0,522.52,23.38,26.99,9.5,-298.31,330.76,0.0,614.83,2026-05-09
MO-002461,SA-0058,200,Ended,2461,0.0,203.68,25.87,7.48,4.37,-49.87,123.54,0.0,315.07,2026-05-26
MO-002462,SA-0095,300,Ended,2462,0.0,530.33,18.09,-13.6,-6.2,-411.85,535.42,0.0,652.2,2026-06-12
MO-002463,DRV-0032,200,Released,2463,0.0,0.0,0.0,-64.51,-22.74,87.26,0.0,0.0,0.0,
MO-002507,SA-0010,200,Ended,2507,0.0,135.53,10.0,-12.55,-4.83,10.47,91.63,0.0,230.25,2026-01-17
MO-002508,SA-0047,300,Ended,2508,0.0,21.01,7.91,-9.18,-3.12,94.09,92.18,0.0,202.89,2026-02-03
MO-002509,SA-0084,100,Ended,2509,0.0,73.81,2.99,-6.16,-2.33,-557.53,63.86,0.0,-425.36,2026-02-20
MO-002510,DRV-0021,100,Ended,2510,0.0,890.08,-8.83,13.66,4.94,-740.34,718.23,0.0,877.73,2026-03-09
MO-002511,DRV-0058,200,Ended,2511,0.0,3461.94,10.72,49.46,17.38,-1345.6,1418.68,0.0,3612.57,2026-03-27
MO-002512,ACT-0035,100,Ended,2512,0.0,296.33,5.99,-4.79,-1.81,177.21,88.37,0.0,561.3,2026-04-13
MO-002513,CTL-0012,300,Ended,2513,0.0,1003.73,1.15,1.39,0.48,-321.54,179.31,0.0,864.52,2026-04-30
MO-002514,SYS-0009,100,Ended,2514,0.0,83.1,10.12,16.71,6.07,63.17,19.25,0.0,198.43,2026-05-17
MO-002515,AFT-0016,100,Ended,2515,0.0,349.13,15.25,8.78,3.14,-178.85,338.32,0.0,535.76,2026-06-03
MO-002516,AFT-0053,100,Ended,2516,0.0,40.57,10.8,-3.43,-2.08,-90.2,135.8,0.0,91.46,2026-06-20
MO-002560,CTL-0001,300,Ended,2560,0.0,-36.79,5.16,-5.4,-2.04,-111.41,163.22,0.0,12.73,2026-01-08
MO-002561,CTL-0038,300,Ended,2561,0.0,219.45,4.76,-2.25,-0.73,-3.67,130.24,0.0,347.79,2026-01-25
MO-002562,AFT-0005,100,Ended,2562,0.0,596.35,5.69,-12.51,-4.43,-165.67,245.17,0.0,664.59,2026-02-11
MO-002563,AFT-0042,300,Ended,2563,0.0,56.82,1.82,-7.42,-2.69,-549.49,23.94,0.0,-477.02,2026-02-28
MO-002564,SA-0019,200,Ended,2564,0.0,344.11,3.65,16.41,6.52,-482.65,67.06,0.0,-44.9,2026-03-17
MO-002565,SA-0056,300,Ended,2565,0.0,655.04,-1.62,2.36,1.02,-285.95,263.75,0.0,634.6,2026-04-03
MO-002566,SA-0093,100,Ended,2566,0.0,428.22,9.65,22.69,8.46,-396.88,377.55,0.0,449.68,2026-04-20
MO-002567,DRV-0030,200,Ended,2567,0.0,89.69,28.52,51.42,18.39,-5448.99,235.05,0.0,-5025.91,2026-05-07
MO-002568,ACT-0007,100,Ended,2568,0.0,-48.02,5.8,-7.44,-2.74,16.39,83.0,0.0,46.99,2026-05-24
MO-002569,ACT-0044,200,Ended,2569,0.0,2.2,6.71,8.17,2.81,27.18,3.82,0.0,50.89,2026-06-10
MO-002570,CTL-0021,300,Reported Finished,2570,0.0,1234.07,10.33,9.82,4.21,59.24,29.72,0.0,1347.4,
MO-002614,DRV-0019,100,Ended,2614,0.0,269.85,24.28,8.41,2.83,-475.56,196.64,0.0,26.45,2026-01-16
MO-002615,DRV-0056,200,Ended,2615,0.0,1291.67,19.39,12.08,4.24,-2757.32,2619.02,0.0,1189.09,2026-02-02
MO-002616,ACT-0033,100,Ended,2616,0.0,77.79,3.08,-2.6,-1.05,31.14,79.33,0.0,187.69,2026-02-19
MO-002617,CTL-0010,300,Ended,2617,0.0,662.87,0.32,-12.14,-4.14,6.83,170.49,0.0,824.22,2026-03-08
MO-002618,SYS-0007,100,Ended,2618,0.0,146.47,-1.0,-5.96,-2.31,-106.23,63.0,0.0,93.97,2026-03-25
MO-002619,AFT-0014,100,Ended,2619,0.0,19.22,-1.02,-2.76,-0.97,-22.19,37.44,0.0,29.72,2026-04-11
MO-002620,AFT-0051,300,Ended,2620,0.0,27.24,5.99,6.46,2.4,-418.5,470.34,0.0,93.93,2026-04-28
MO-002621,SA-0028,200,Ended,2621,0.0,100.9,5.14,6.02,2.01,-111.49,133.38,0.0,135.96,2026-05-15
MO-002622,SA-0065,300,Ended,2622,0.0,780.23,18.51,24.12,8.89,-215.65,295.07,0.0,911.17,2026-06-01
MO-002623,DRV-0002,200,Ended,2623,0.0,1773.88,25.62,54.18,18.31,-1133.77,794.79,0.0,1533.02,2026-06-18
MO-002667,AFT-0040,100,Ended,2667,0.0,198.24,17.46,25.21,9.02,10.12,68.09,0.0,328.15,2026-01-07
MO-002668,SA-0017,300,Ended,2668,0.0,61.3,24.5,35.5,13.19,74.2,44.83,0.0,253.52,2026-01-24
MO-002669,SA-0054,100,Ended,2669,0.0,492.4,11.99,12.84,4.27,-3013.56,77.51,0.0,-2414.54,2026-02-10
MO-002670,SA-0091,200,Ended,2670,0.0,240.33,6.86,-3.63,-0.52,-792.85,503.38,0.0,-46.42,2026-02-27
MO-002671,DRV-0028,200,Ended,2671,0.0,-1563.19,25.65,37.81,12.57,-1611.67,1651.08,0.0,-1447.75,2026-03-16
MO-002672,ACT-0005,100,Ended,2672,0.0,42.92,-2.4,-10.62,-3.98,85.08,35.51,0.0,146.51,2026-04-02
MO-002673,ACT-0042,200,Ended,2673,0.0,23.6,2.2,-8.71,-3.19,-651.9,25.74,0.0,-612.26,2026-04-19
MO-002674,CTL-0019,300,Ended,2674,0.0,176.46,11.73,4.59,1.69,-68.54,35.31,0.0,161.24,2026-05-06
MO-002675,SYS-0016,300,Ended,2675,0.0,501.74,3.15,0.18,0.01,-340.79,404.44,0.0,568.74,2026-05-23
MO-002676,AFT-0023,100,Ended,2676,0.0,123.64,12.94,9.82,3.6,63.17,76.49,0.0,289.66,2026-06-09
MO-002677,AFT-0060,300,Started,2677,0.0,3532.92,4.03,7.5,2.63,-281.96,34.36,0.0,3299.49,
MO-002721,CTL-0008,300,Ended,2721,0.0,174.03,4.66,1.4,0.44,-0.98,56.86,0.0,236.42,2026-01-14
MO-002722,SYS-0005,100,Ended,2722,0.0,30.89,16.12,12.37,4.58,142.36,31.0,0.0,237.32,2026-01-31
MO-002723,AFT-0012,300,Ended,2723,0.0,-69.43,5.6,13.11,5.19,-576.04,80.36,0.0,-541.21,2026-02-17
MO-002724,AFT-0049,100,Ended,2724,0.0,59.42,5.34,3.14,0.97,-352.45,50.4,0.0,-233.19,2026-03-06
MO-002725,SA-0026,300,Ended,2725,0.0,513.8,0.42,2.75,1.65,-502.99,367.14,0.0,382.78,2026-03-23
MO-002726,SA-0063,100,Ended,2726,0.0,1664.91,-4.54,24.0,7.13,-604.25,591.07,0.0,1678.33,2026-04-09
MO-002727,SA-0100,200,Ended,2727,0.0,590.59,-6.35,-54.54,-19.57,-310.29,299.19,0.0,499.05,2026-04-26
MO-002728,DRV-0037,100,Ended,2728,0.0,782.64,2.27,-8.19,-3.09,-85.64,134.08,0.0,822.07,2026-05-14
MO-002729,ACT-0014,200,Ended,2729,0.0,30.19,8.44,-4.86,-1.67,106.55,10.89,0.0,149.54,2026-05-31
MO-002730,ACT-0051,100,Ended,2730,0.0,1540.94,9.95,9.55,3.77,-721.91,796.3,0.0,1638.6,2026-06-17
MO-002774,SA-0089,300,Ended,2774,0.0,143.92,10.4,4.87,1.81,66.33,48.08,0.0,275.42,2026-01-05
MO-002775,DRV-0026,200,Ended,2775,0.0,239.04,43.53,33.97,12.09,-654.94,558.93,0.0,232.62,2026-01-22
MO-002776,ACT-0003,100,Ended,2776,0.0,-38.74,6.09,4.07,1.48,-1.36,119.9,0.0,91.43,2026-02-08
MO-002777,ACT-0040,200,Ended,2777,0.0,4.98,8.04,2.58,1.01,80.46,11.99,0.0,109.07,2026-02-25
MO-002778,CTL-0017,300,Ended,2778,0.0,54.57,3.76,12.47,4.65,154.92,17.24,0.0,247.61,2026-03-14
MO-002779,SYS-0014,300,Ended,2779,0.0,202.52,0.21,2.82,0.98,-16.84,33.88,0.0,223.58,2026-03-31
MO-002780,AFT-0021,300,Ended,2780,0.0,80.18,2.3,-3.2,-1.42,-91.93,138.33,0.0,124.26,2026-04-17
MO-002781,AFT-0058,100,Ended,2781,0.0,84.9,-5.58,12.27,6.25,-11.17,89.49,0.0,176.17,2026-05-04
MO-002782,SA-0035,300,Ended,2782,0.0,492.49,15.81,-45.39,-17.45,-517.22,530.8,0.0,459.04,2026-05-21
MO-002783,SA-0072,100,Ended,2783,0.0,196.3,19.51,-28.65,-10.43,-2336.99,130.42,0.0,-2029.85,2026-06-07
MO-002784,DRV-0009,100,Released,2784,0.0,0.0,0.0,-67.68,-25.38,93.06,0.0,0.0,0.0,
MO-002828,AFT-0047,100,Ended,2828,0.0,549.57,5.19,0.59,0.17,-206.9,262.7,0.0,611.32,2026-01-13
MO-002829,SA-0024,100,Ended,2829,0.0,119.37,7.64,-0.38,-0.01,-1463.36,78.48,0.0,-1258.27,2026-01-30
MO-002830,SA-0061,200,Ended,2830,0.0,248.51,46.18,26.14,9.37,-936.88,264.05,0.0,-342.64,2026-02-16
MO-002831,SA-0098,300,Ended,2831,0.0,915.39,34.38,103.92,37.13,-780.41,715.0,0.0,1025.42,2026-03-05
MO-002832,DRV-0035,100,Ended,2832,0.0,76.12,1.68,2.29,0.89,83.27,40.69,0.0,204.93,2026-03-22
MO-002833,ACT-0012,200,Ended,2833,0.0,-10.39,0.84,2.33,0.78,-279.98,12.42,0.0,-274.02,2026-04-08
MO-002834,ACT-0049,100,Ended,2834,0.0,-42.35,-2.42,3.39,1.61,-93.92,29.06,0.0,-104.63,2026-04-25
MO-002835,CTL-0026,300,Ended,2835,0.0,241.29,1.65,-2.18,-0.91,-194.23,208.87,0.0,254.5,2026-05-12
MO-002836,SYS-0023,100,Ended,2836,0.0,1608.69,8.64,3.81,1.22,-510.41,653.49,0.0,1765.44,2026-05-29
MO-002837,AFT-0030,300,Ended,2837,0.0,137.38,11.46,-25.24,-9.3,-2038.85,92.35,0.0,-1832.2,2026-06-15
MO-002881,ACT-0038,200,Ended,2881,0.0,28.91,3.57,-6.54,-2.27,22.39,33.84,0.0,79.91,2026-01-03
MO-002882,CTL-0015,300,Ended,2882,0.0,84.63,13.69,-2.58,-0.93,80.56,53.06,0.0,228.43,2026-01-20
MO-002883,SYS-0012,300,Ended,2883,0.0,69.7,3.97,-0.94,-0.34,-959.59,43.55,0.0,-843.65,2026-02-07
MO-002884,AFT-0019,100,Ended,2884,0.0,360.0,16.54,-0.19,-0.19,-170.46,53.88,0.0,259.58,2026-02-24
MO-002885,AFT-0056,100,Ended,2885,0.0,44.53,24.29,26.7,9.22,-258.02,173.75,0.0,20.46,2026-03-13
MO-002886,SA-0033,100,Ended,2886,0.0,33.43,17.24,58.69,21.76,-247.23,230.79,0.0,114.68,2026-03-30
MO-002887,SA-0070,200,Ended,2887,0.0,130.24,-0.16,111.84,39.26,-188.03,262.58,0.0,355.73,2026-04-16
MO-002888,DRV-0007,100,Ended,2888,0.0,126.65,0.52,-2.6,-1.18,12.39,40.68,0.0,176.45,2026-05-03
MO-002889,DRV-0044,200,Ended,2889,0.0,22.73,-0.45,1.98,0.78,56.21,4.38,0.0,85.64,2026-05-20
MO-002890,ACT-0021,100,Ended,2890,0.0,355.81,2.25,-3.17,-1.23,-47.61,162.42,0.0,468.46,2026-06-06
MO-002891,ACT-0058,200,Reported Finished,2891,0.0,526.32,4.87,0.65,0.12,52.86,14.42,0.0,599.23,
MO-002935,SA-0096,100,Ended,2935,0.0,1370.13,5.89,-5.69,-3.44,-4751.8,920.54,0.0,-2464.37,2026-01-11
MO-002936,DRV-0033,100,Ended,2936,0.0,99.41,2.36,-4.72,-1.77,-34.91,67.49,0.0,127.86,2026-01-28
MO-002937,ACT-0010,200,Ended,2937,0.0,187.6,6.53,-3.92,-1.43,-41.03,134.0,0.0,281.75,2026-02-14
MO-002938,ACT-0047,100,Ended,2938,0.0,25.2,5.11,0.56,0.19,123.39,53.64,0.0,208.09,2026-03-03
MO-002939,CTL-0024,300,Ended,2939,0.0,34.81,12.61,-1.5,-0.62,-879.32,31.29,0.0,-802.74,2026-03-20
MO-002940,SYS-0021,100,Ended,2940,0.0,1369.52,9.15,18.71,6.89,-643.66,677.57,0.0,1438.17,2026-04-06
MO-002941,AFT-0028,100,Ended,2941,0.0,257.86,0.14,50.26,17.67,-19.22,125.91,0.0,432.63,2026-04-23
MO-002942,SA-0005,300,Ended,2942,0.0,521.97,-10.87,66.2,24.7,-109.56,262.09,0.0,754.54,2026-05-10
MO-002943,SA-0042,100,Ended,2943,0.0,1103.37,10.02,53.34,18.12,-1937.62,283.24,0.0,-469.53,2026-05-27
MO-002944,SA-0079,200,Ended,2944,0.0,-30.07,4.22,-4.85,-1.78,28.42,18.61,0.0,14.55,2026-06-13
MO-002988,AFT-0017,100,Ended,2988,0.0,347.84,3.74,29.37,11.13,21.28,238.82,0.0,652.18,2026-01-02
MO-002989,AFT-0054,300,Ended,2989,0.0,38.42,3.45,17.01,5.59,-833.63,25.08,0.0,-744.08,2026-01-19
MO-002990,SA-0031,200,Ended,2990,0.0,356.81,59.5,-16.39,-7.37,-1135.6,418.61,0.0,-324.44,2026-02-05
MO-002991,SA-0068,300,Ended,2991,0.0,1324.27,18.6,-23.99,-8.57,-984.43,713.46,0.0,1039.33,2026-02-22
MO-002992,DRV-0005,100,Ended,2992,0.0,128.78,3.64,-2.87,-1.09,-13.32,52.32,0.0,167.46,2026-03-11
MO-002993,DRV-0042,200,Ended,2993,0.0,28.66,1.74,-2.16,-0.75,-307.85,16.38,0.0,-263.98,2026-03-28
MO-002994,ACT-0019,100,Ended,2994,0.0,196.42,11.57,0.22,0.14,-123.07,43.72,0.0,129.0,2026-04-14
MO-002995,ACT-0056,200,Ended,2995,0.0,299.49,0.52,5.05,2.0,-91.6,123.72,0.0,339.18,2026-05-01
MO-002996,CTL-0033,300,Ended,2996,0.0,1659.95,-5.84,25.07,9.34,-993.96,1029.43,0.0,1723.99,2026-05-18
MO-002997,SYS-0030,300,Ended,2997,0.0,-822.18,6.76,54.56,19.54,-3037.91,893.39,0.0,-2885.85,2026-06-04
MO-002998,AFT-0037,100,Started,2998,0.0,51939.38,13.54,18.5,7.44,-628.82,430.83,0.0,51780.87,
MO-003042,ACT-0045,100,Ended,3042,0.0,20.55,-1.75,11.79,4.35,32.9,32.76,0.0,100.59,2026-01-10
MO-003043,CTL-0022,300,Ended,3043,0.0,566.48,6.0,14.87,5.41,-25.63,165.61,0.0,732.74,2026-01-27
MO-003044,SYS-0019,100,Ended,3044,0.0,733.39,36.07,-1.34,-1.43,-585.48,125.87,0.0,307.09,2026-02-13
MO-003045,AFT-0026,100,Ended,3045,0.0,119.25,10.78,-0.19,1.03,-119.43,87.55,0.0,99.0,2026-03-02
MO-003046,SA-0003,100,Ended,3046,0.0,339.43,22.46,-16.04,-5.89,-543.84,469.94,0.0,266.06,2026-03-19
MO-003047,SA-0040,200,Ended,3047,0.0,1142.91,27.26,-7.56,-2.74,-400.45,432.21,0.0,1191.63,2026-04-05
MO-003048,SA-0077,300,Ended,3048,0.0,9.65,0.49,-1.71,-0.64,28.87,10.85,0.0,47.5,2026-04-22
MO-003049,DRV-0014,200,Ended,3049,0.0,19.07,1.49,-2.45,-0.89,41.33,19.54,0.0,78.09,2026-05-09
MO-003050,DRV-0051,100,Ended,3050,0.0,469.06,-2.2,8.85,3.54,-420.94,553.52,0.0,611.82,2026-05-26
MO-003051,ACT-0028,200,Ended,3051,0.0,27.35,-1.55,7.02,2.38,71.97,34.17,0.0,141.35,2026-06-12
MO-003052,CTL-0005,300,Started,3052,0.0,9627.89,2.49,10.25,3.8,-6.11,74.55,0.0,9712.87,
MO-003096,DRV-0003,100,Ended,3096,0.0,137.73,2.61,-6.5,-2.34,68.0,118.18,0.0,317.69,2026-01-17
MO-003097,DRV-0040,200,Ended,3097,0.0,34.38,0.14,5.35,1.86,16.41,13.14,0.0,71.26,2026-02-03
MO-003098,ACT-0017,100,Ended,3098,0.0,148.35,8.76,14.69,6.23,50.3,44.28,0.0,272.61,2026-02-20
MO-003099,ACT-0054,200,Ended,3099,0.0,-812.31,18.89,-1.2,-0.98,-1189.49,152.98,0.0,-1832.1,2026-03-09
MO-003100,CTL-0031,300,Ended,3100,0.0,842.07,15.21,-5.79,-2.01,-1166.22,684.03,0.0,367.28,2026-03-27
MO-003101,SYS-0028,300,Ended,3101,0.0,-388.83,15.8,-12.06,-4.47,-736.39,760.74,0.0,-365.22,2026-04-13
MO-003102,AFT-0035,100,Ended,3102,0.0,-403.73,3.95,-3.97,-1.47,-887.63,962.85,0.0,-330.0,2026-04-30
MO-003103,SA-0012,100,Ended,3103,0.0,31.46,0.17,2.63,0.89,-3720.26,145.79,0.0,-3539.31,2026-05-17
MO-003104,SA-0049,200,Ended,3104,0.0,30.96,-1.88,-1.84,-0.69,8.44,7.45,0.0,42.44,2026-06-03
MO-003105,SA-0086,300,Ended,3105,0.0,62.0,0.93,2.85,1.17,3.4,58.25,0.0,128.6,2026-06-20
MO-003149,AFT-0024,300,Ended,3149,0.0,192.75,-1.91,27.04,9.65,-3587.61,52.61,0.0,-3307.47,2026-01-08
MO-003150,SA-0001,200,Ended,3150,0.0,411.28,1.44,27.68,10.22,-469.12,201.45,0.0,182.96,2026-01-25
MO-003151,SA-0038,300,Ended,3151,0.0,951.13,15.5,50.35,17.65,-998.31,725.17,0.0,761.5,2026-02-11
MO-003152,SA-0075,100,Ended,3152,0.0,52.32,6.85,-5.14,-1.94,170.68,32.12,0.0,254.89,2026-02-28
MO-003153,DRV-0012,200,Ended,3153,0.0,0.66,4.75,10.81,4.12,-96.42,9.45,0.0,-66.63,2026-03-17
MO-003154,DRV-0049,100,Ended,3154,0.0,174.93,14.45,1.65,0.55,-72.81,41.99,0.0,160.76,2026-04-03
MO-003155,ACT-0026,200,Ended,3155,0.0,151.22,6.97,-5.29,-1.83,-299.05,330.83,0.0,182.86,2026-04-20
MO-003156,CTL-0003,300,Ended,3156,0.0,1038.05,3.9,-6.41,-2.35,-420.09,495.64,0.0,1108.74,2026-05-07
MO-003157,CTL-0040,300,Ended,3157,0.0,1019.82,0.45,-4.0,-1.43,-970.79,997.22,0.0,1041.27,2026-05-24
MO-003158,AFT-0007,100,Ended,3158,0.0,-38.98,-10.87,-6.09,-2.19,-582.58,82.87,0.0,-557.83,2026-06-10
MO-003159,AFT-0044,100,Released,3159,0.0,0.0,0.0,-92.84,-32.28,125.13,0.0,0.0,0.0,
MO-003203,ACT-0052,200,Ended,3203,0.0,85.7,-3.26,0.25,0.03,-1.2,51.72,0.0,133.25,2026-01-16
MO-003204,CTL-0029,300,Ended,3204,0.0,117.44,0.71,11.15,4.1,68.78,52.23,0.0,254.41,2026-02-02
MO-003205,SYS-0026,300,Ended,3205,0.0,45.25,10.65,26.69,9.35,-767.08,630.77,0.0,-44.36,2026-02-19
MO-003206,AFT-0033,300,Ended,3206,0.0,239.0,27.29,33.53,12.3,-580.98,558.7,0.0,289.83,2026-03-08
MO-003207,SA-0010,200,Ended,3207,0.0,523.16,38.42,66.23,25.17,-322.42,400.88,0.0,731.44,2026-03-25
MO-003208,SA-0047,300,Ended,3208,0.0,23.82,9.32,-4.08,-1.62,191.64,19.75,0.0,238.83,2026-04-11
MO-003209,SA-0084,100,Ended,3209,0.0,71.5,6.19,2.95,1.06,-98.96,14.19,0.0,-3.07,2026-04-28
MO-003210,DRV-0021,100,Ended,3210,0.0,116.25,3.5,-5.29,-2.14,-127.02,179.56,0.0,164.85,2026-05-15
MO-003211,DRV-0058,200,Ended,3211,0.0,539.03,-0.05,-6.62,-2.29,-202.34,324.27,0.0,652.0,2026-06-01
MO-003212,ACT-0035,100,Ended,3212,0.0,962.75,3.16,4.38,1.81,-171.42,412.41,0.0,1213.1,2026-06-18
MO-003256,SA-0073,200,Ended,3256,0.0,0.91,0.0,-7.51,-2.84,17.08,23.35,0.0,30.99,2026-01-07
MO-003257,DRV-0010,200,Ended,3257,0.0,3.48,-1.04,-4.09,-1.39,136.34,21.87,0.0,155.15,2026-01-24
MO-003258,DRV-0047,100,Ended,3258,0.0,1269.09,6.5,11.38,4.48,-190.91,261.46,0.0,1362.02,2026-02-10
MO-003259,ACT-0024,200,Ended,3259,0.0,507.84,1.24,2.63,1.04,-531.49,79.94,0.0,61.2,2026-02-27
MO-003260,CTL-0001,300,Ended,3260,0.0,1861.41,7.53,11.88,4.44,-982.38,761.7,0.0,1664.58,2026-03-16
MO-003261,CTL-0038,300,Ended,3261,0.0,548.59,19.71,30.14,10.92,-729.7,586.06,0.0,465.74,2026-04-02
MO-003262,AFT-0005,100,Ended,3262,0.0,1379.47,43.84,68.56,25.53,-872.78,980.67,0.0,1625.29,2026-04-19
MO-003263,AFT-0042,300,Ended,3263,0.0,151.65,57.79,90.05,31.18,-2593.28,104.73,0.0,-2157.88,2026-05-06
MO-003264,SA-0019,200,Ended,3264,0.0,37.6,3.92,-9.54,-3.43,78.31,14.37,0.0,121.23,2026-05-23
MO-003265,SA-0056,300,Ended,3265,0.0,110.83,0.32,-2.1,-0.92,-40.79,58.61,0.0,125.96,2026-06-09
MO-003266,SA-0093,100,Reported Finished,3266,0.0,987.47,-1.6,-6.05,-2.27,35.27,23.6,0.0,1036.41,
MO-003310,AFT-0031,100,Ended,3310,0.0,212.68,1.14,-42.79,-16.5,-1034.82,217.12,0.0,-663.17,2026-01-14
MO-003311,SA-0008,300,Ended,3311,0.0,300.41,-17.76,-32.21,-11.74,-666.22,531.06,0.0,103.54,2026-01-31
MO-003312,SA-0045,100,Ended,3312,0.0,25.45,0.16,-5.03,-1.89,77.05,12.76,0.0,108.5,2026-02-17
MO-003313,SA-0082,200,Ended,3313,0.0,-6.3,4.77,-1.76,-0.67,127.94,39.8,0.0,163.79,2026-03-06
MO-003314,DRV-0019,100,Ended,3314,0.0,-78.67,12.51,13.24,4.83,-64.27,49.16,0.0,-63.2,2026-03-23
MO-003315,DRV-0056,200,Ended,3315,0.0,-84.97,3.27,2.71,0.91,-584.13,598.63,0.0,-63.57,2026-04-09
MO-003316,ACT-0033,100,Ended,3316,0.0,79.4,14.14,14.9,5.42,-319.55,370.21,0.0,164.52,2026-04-26
MO-003317,CTL-0010,300,Ended,3317,0.0,2288.85,34.28,47.8,16.93,-613.09,767.21,0.0,2541.98,2026-05-14
MO-003318,SYS-0007,100,Ended,3318,0.0,529.19,21.16,36.27,13.57,-676.44,252.02,0.0,175.77,2026-05-31
MO-003319,AFT-0014,100,Ended,3319,0.0,690.73,1.6,31.16,10.31,-351.48,163.8,0.0,546.12,2026-06-17
MO-003363,ACT-0022,200,Ended,3363,0.0,127.77,1.06,-1.97,-0.9,-40.7,79.23,0.0,164.5,2026-01-05
MO-003364,ACT-0059,100,Ended,3364,0.0,182.15,13.83,15.52,6.16,65.18,60.26,0.0,343.09,2026-01-22
MO-003365,CTL-0036,300,Ended,3365,0.0,3982.92,-10.37,-27.76,-10.24,-3338.97,1689.87,0.0,2285.44,2026-02-08
MO-003366,AFT-0003,300,Ended,3366,0.0,3299.64,1.58,-19.04,-7.22,-2610.5,2527.86,0.0,3192.32,2026-02-25
MO-003367,AFT-0040,100,Ended,3367,0.0,594.93,30.61,11.44,3.85,-268.39,297.91,0.0,670.36,2026-03-14
MO-003368,SA-0017,300,Ended,3368,0.0,1.31,3.48,-3.35,-1.27,94.64,9.61,0.0,104.42,2026-03-31
MO-003369,SA-0054,100,Ended,3369,0.0,89.89,9.08,-0.24,-0.06,-535.86,17.22,0.0,-419.97,2026-04-17
MO-003370,SA-0091,200,Ended,3370,0.0,289.05,3.65,13.73,5.37,-138.57,125.85,0.0,299.07,2026-05-04
MO-003371,DRV-0028,200,Ended,3371,0.0,1258.25,7.72,5.29,1.91,-319.61,377.39,0.0,1330.96,2026-05-21
MO-003372,ACT-0005,100,Ended,3372,0.0,145.97,14.46,37.77,13.78,-27.27,165.73,0.0,350.45,2026-06-07
MO-003373,ACT-0042,200,Started,3373,0.0,3895.33,1.15,12.42,4.47,-1163.65,57.91,0.0,2807.63,
MO-003417,SA-0080,300,Ended,3417,0.0,58.61,2.57,3.4,1.32,19.65,31.98,0.0,117.53,2026-01-13
MO-003418,DRV-0017,100,Ended,3418,0.0,-71.75,0.43,-2.35,-0.92,88.27,54.39,0.0,68.08,2026-01-30
MO-003419,DRV-0054,200,Ended,3419,0.0,-421.38,-2.99,7.57,2.9,-439.05,95.56,0.0,-757.39,2026-02-16
MO-003420,ACT-0031,100,Ended,3420,0.0,228.27,1.92,-20.59,-7.25,-1110.53,883.07,0.0,-25.11,2026-03-05
MO-003421,CTL-0008,300,Ended,3421,0.0,595.63,3.17,-13.93,-5.06,-332.89,255.89,0.0,502.81,2026-03-22
MO-003422,SYS-0005,100,Ended,3422,0.0,235.39,25.24,1.82,0.5,4.61,123.99,0.0,391.55,2026-04-08
MO-003423,AFT-0012,300,Ended,3423,0.0,1214.97,54.09,31.59,11.17,-2783.41,351.57,0.0,-1120.02,2026-04-25
MO-003424,AFT-0049,100,Ended,3424,0.0,47.59,3.42,-1.22,-0.43,58.36,10.8,0.0,118.52,2026-05-12
MO-003425,SA-0026,300,Ended,3425,0.0,65.56,3.13,-0.34,-0.15,29.97,81.59,0.0,179.77,2026-05-29
MO-003426,SA-0063,100,Ended,3426,0.0,305.54,4.13,6.35,2.24,-103.6,147.77,0.0,362.44,2026-06-15
MO-003470,AFT-0001,100,Ended,3470,0.0,1254.09,22.59,74.69,27.01,-2086.95,1207.63,0.0,499.06,2026-01-03
MO-003471,AFT-0038,100,Ended,3471,0.0,1567.25,17.32,53.73,20.53,-1241.48,951.7,0.0,1369.05,2026-01-20
MO-003472,SA-0015,100,Ended,3472,0.0,26.15,0.55,-3.21,-1.19,53.41,23.12,0.0,98.82,2026-02-07
MO-003473,SA-0052,200,Ended,3473,0.0,51.89,-1.33,-1.14,-0.41,48.19,20.59,0.0,117.79,2026-02-24
MO-003474,SA-0089,300,Ended,3474,0.0,28.12,-1.26,4.28,1.44,132.99,12.02,0.0,177.59,2026-03-13
MO-003475,DRV-0026,200,Ended,3475,0.0,206.62,3.21,-12.59,-4.22,-123.65,127.76,0.0,197.13,2026-03-30
MO-003476,ACT-0003,100,Ended,3476,0.0,1762.0,26.93,-7.4,-2.88,-523.15,559.52,0.0,1815.03,2026-04-16
MO-003477,ACT-0040,200,Ended,3477,0.0,-21.43,14.57,-3.38,-1.13,8.0,53.95,0.0,50.58,2026-05-03
MO-003478,CTL-0017,300,Ended,3478,0.0,137.62,40.67,16.26,6.04,66.4,68.96,0.0,335.95,2026-05-20
MO-003479,SYS-0014,300,Ended,3479,0.0,441.89,13.81,41.09,14.65,-316.6,148.24,0.0,343.08,2026-06-06
MO-003480,AFT-0021,300,Released,3480,0.0,0.0,0.0,-82.06,-29.87,111.93,0.0,0.0,0.0,
MO-003524,ACT-0029,100,Ended,3524,0.0,292.95,17.49,27.55,10.26,-11.71,64.63,0.0,401.17,2026-01-11
MO-003525,CTL-0006,300,Ended,3525,0.0,807.74,9.45,59.03,21.14,-2401.32,723.78,0.0,-780.18,2026-01-28
MO-003526,SYS-0003,100,Ended,3526,0.0,963.02,4.0,41.64,17.38,-474.82,442.39,0.0,993.62,2026-02-14
MO-003527,AFT-0010,100,Ended,3527,0.0,338.3,-8.63,43.75,15.08,-56.23,116.47,0.0,448.73,2026-03-03
MO-003528,AFT-0047,100,Ended,3528,0.0,70.07,0.11,-2.79,-1.04,4.28,56.29,0.0,126.92,2026-03-20
MO-003529,SA-0024,100,Ended,3529,0.0,-22.19,0.17,1.7,0.45,-260.82,17.44,0.0,-263.24,2026-04-06
MO-003530,SA-0061,200,Ended,3530,0.0,32.86,6.19,-14.39,-5.4,-133.04,66.01,0.0,-47.77,2026-04-23
MO-003531,SA-0098,300,Ended,3531,0.0,91.44,18.33,-5.42,-2.03,-155.78,163.43,0.0,109.97,2026-05-10
MO-003532,DRV-0035,100,Ended,3532,0.0,350.02,18.16,13.27,4.87,-73.36,189.87,0.0,502.82,2026-05-27
MO-003533,ACT-0012,200,Ended,3533,0.0,139.27,19.09,3.04,0.96,-1581.55,55.88,0.0,-1363.32,2026-06-13
MO-003577,SA-0050,300,Ended,3577,0.0,147.08,3.59,-1.45,-0.54,-8.06,53.7,0.0,194.31,2026-01-02
MO-003578,SA-0087,100,Ended,3578,0.0,51.73,13.51,6.19,2.31,75.35,31.18,0.0,180.27,2026-01-19
MO-003579,DRV-0024,200,Ended,3579,0.0,174.69,7.75,7.93,2.69,-800.56,65.02,0.0,-542.48,2026-02-05
MO-003580,ACT-0001,100,Ended,3580,0.0,1192.76,-0.59,30.32,11.25,-882.46,831.3,0.0,1182.58,2026-02-22
MO-003581,ACT-0038,200,Ended,3581,0.0,28.56,-2.21,31.99,12.53,-208.05,152.27,0.0,15.08,2026-03-11
MO-003582,CTL-0015,300,Ended,3582,0.0,160.59,17.43,10.08,3.41,-283.33,212.23,0.0,120.42,2026-03-28
MO-003583,SYS-0012,300,Ended,3583,0.0,82.05,2.76,11.15,3.78,-4636.77,190.54,0.0,-4346.5,2026-04-14
MO-003584,AFT-0019,100,Ended,3584,0.0,71.17,1.93,-1.21,-0.15,16.05,11.55,0.0,99.33,2026-05-01
MO-003585,AFT-0056,100,Ended,3585,0.0,70.17,8.77,-10.59,-3.87,34.76,38.61,0.0,137.86,2026-05-18
MO-003586,SA-0033,100,Ended,3586,0.0,0.69,16.84,-8.79,-3.35,37.78,57.7,0.0,100.87,2026-06-04
MO-003587,SA-0070,200,Reported Finished,3587,0.0,669.13,4.96,1.42,0.53,22.4,20.01,0.0,718.45,
MO-003631,AFT-0008,100,Ended,3631,0.0,262.54,16.33,14.1,5.04,-542.29,169.61,0.0,-74.68,2026-01-10
MO-003632,AFT-0045,300,Ended,3632,0.0,42.61,5.06,-9.28,-3.37,154.2,57.32,0.0,246.54,2026-01-27
MO-003633,SA-0022,200,Ended,3633,0.0,23.52,3.41,1.53,0.56,30.45,37.42,0.0,96.89,2026-02-13
MO-003634,SA-0059,300,Ended,3634,0.0,26.93,1.53,20.07,7.53,155.43,16.26,0.0,227.74,2026-03-02
MO-003635,SA-0096,100,Ended,3635,0.0,199.13,-4.17,10.33,3.97,-989.79,210.41,0.0,-570.12,2026-03-19
MO-003636,DRV-0033,100,Ended,3636,0.0,372.64,0.86,30.52,11.39,-282.72,314.97,0.0,447.66,2026-04-05
MO-003637,ACT-0010,200,Ended,3637,0.0,432.7,10.19,9.16,3.23,-531.5,603.01,0.0,526.78,2026-04-22
MO-003638,ACT-0047,100,Ended,3638,0.0,149.27,29.73,-2.9,-1.57,-82.65,214.56,0.0,306.44,2026-05-09
MO-003639,CTL-0024,300,Ended,3639,0.0,-192.27,22.46,25.35,12.74,-4234.14,136.89,0.0,-4228.98,2026-05-26
MO-003640,SYS-0021,100,Ended,3640,0.0,205.63,7.45,-7.94,-3.0,-95.32,145.19,0.0,252.02,2026-06-12
MO-003641,AFT-0028,100,Reported Finished,3641,0.0,250.89,3.81,-5.33,-1.84,105.93,7.0,0.0,360.47,
MO-003685,ACT-0036,200,Ended,3685,0.0,24.43,9.23,-5.89,-2.11,-576.33,93.24,0.0,-457.43,2026-01-17
MO-003686,CTL-0013,300,Ended,3686,0.0,126.89,10.3,2.97,1.02,-539.03,151.0,0.0,-246.86,2026-02-03
MO-003687,SYS-0010,300,Ended,3687,0.0,775.59,40.5,12.61,4.6,-481.22,534.21,0.0,886.29,2026-02-20
MO-003688,AFT-0017,100,Ended,3688,0.0,27.31,1.12,-6.29,-2.5,212.67,51.18,0.0,283.49,2026-03-09
MO-003689,AFT-0054,300,Ended,3689,0.0,3.94,-2.18,2.8,1.1,-147.89,5.57,0.0,-136.66,2026-03-27
MO-003690,SA-0031,200,Ended,3690,0.0,52.23,6.71,14.89,5.55,-150.63,104.65,0.0,33.39,2026-04-13
MO-003691,SA-0068,300,Ended,3691,0.0,177.62,1.26,9.56,3.29,-135.1,163.08,0.0,219.7,2026-04-30
MO-003692,DRV-0005,100,Ended,3692,0.0,351.92,7.38,12.54,5.37,-195.88,244.17,0.0,425.5,2026-05-17
MO-003693,DRV-0042,200,Ended,3693,0.0,47.6,15.19,-2.18,-1.11,-1725.18,73.72,0.0,-1591.95,2026-06-03
MO-003694,ACT-0019,100,Ended,3694,0.0,460.86,29.02,11.52,3.93,-1119.51,174.87,0.0,-439.31,2026-06-20
MO-003738,SA-0057,100,Ended,3738,0.0,13.2,9.32,-5.35,-2.19,20.97,16.24,0.0,52.19,2026-01-08
MO-003739,SA-0094,200,Ended,3739,0.0,96.28,10.38,-7.77,-2.69,67.11,32.58,0.0,195.89,2026-01-25
MO-003740,DRV-0031,100,Ended,3740,0.0,327.4,6.39,3.51,1.48,-899.96,487.55,0.0,-73.63,2026-02-11
MO-003741,ACT-0008,200,Ended,3741,0.0,132.56,2.52,-0.6,-0.2,-106.35,82.0,0.0,109.94,2026-02-28
MO-003742,ACT-0045,100,Ended,3742,0.0,253.23,12.88,1.44,0.3,-165.99,131.03,0.0,232.89,2026-03-17
MO-003743,CTL-0022,300,Ended,3743,0.0,1366.7,-16.29,54.45,18.83,-648.06,724.54,0.0,1500.17,2026-04-03
MO-003744,SYS-0019,100,Ended,3744,0.0,79.51,4.44,1.59,0.6,77.47,26.97,0.0,190.58,2026-04-20
MO-003745,AFT-0026,100,Ended,3745,0.0,16.65,0.64,2.97,1.01,9.18,19.46,0.0,49.92,2026-05-07
MO-003746,SA-0003,100,Ended,3746,0.0,196.2,15.55,4.1,1.16,-4.01,117.48,0.0,330.47,2026-05-24
MO-003747,SA-0040,200,Ended,3747,0.0,208.02,5.33,9.16,3.51,3.86,98.79,0.0,328.67,2026-06-10
MO-003748,SA-0077,300,Started,3748,0.0,3061.22,3.87,0.11,0.01,14.99,25.31,0.0,3105.5,
MO-003792,AFT-0015,300,Ended,3792,0.0,90.74,6.17,-4.1,-1.54,58.23,50.59,0.0,200.09,2026-01-16
MO-003793,AFT-0052,100,Ended,3793,0.0,24.56,8.13,-8.77,-3.23,166.02,12.62,0.0,199.33,2026-02-02
MO-003794,SA-0029,300,Ended,3794,0.0,22.19,5.69,-8.09,-3.04,43.02,11.05,0.0,70.83,2026-02-19
MO-003795,SA-0066,100,Ended,3795,0.0,244.91,2.51,-2.22,-0.82,-1103.15,218.27,0.0,-640.5,2026-03-08
MO-003796,DRV-0003,100,Ended,3796,0.0,216.6,1.39,9.3,3.36,-476.14,551.5,0.0,306.01,2026-03-25
MO-003797,DRV-0040,200,Ended,3797,0.0,104.83,-10.15,-1.94,-0.89,-41.64,59.12,0.0,109.34,2026-04-11
MO-003798,ACT-0017,100,Ended,3798,0.0,356.4,1.45,39.77,14.66,-86.27,177.11,0.0,503.12,2026-04-28
MO-003799,ACT-0054,200,Ended,3799,0.0,5949.61,36.17,100.92,35.47,-5645.5,669.3,0.0,1145.96,2026-05-15
MO-003800,CTL-0031,300,Ended,3800,0.0,174.4,10.78,-4.72,-1.99,-35.91,146.58,0.0,289.13,2026-06-01
MO-003801,SYS-0028,300,Ended,3801,0.0,603.4,2.79,3.24,1.26,-122.66,169.05,0.0,657.08,2026-06-18
MO-003845,ACT-0006,200,Ended,3845,0.0,280.73,13.15,32.08,11.1,-3097.81,234.61,0.0,-2526.15,2026-01-07
MO-003846,ACT-0043,100,Ended,3846,0.0,205.35,46.27,54.95,20.8,-530.56,279.87,0.0,76.67,2026-01-24
MO-003847,CTL-0020,300,Ended,3847,0.0,411.85,41.31,33.77,11.14,-503.4,360.73,0.0,355.41,2026-02-10
MO-003848,SYS-0017,100,Ended,3848,0.0,-144.93,4.4,-6.56,-2.29,39.08,86.1,0.0,-24.19,2026-02-27
MO-003849,AFT-0024,300,Ended,3849,0.0,22.35,2.63,-9.34,-3.39,-642.37,11.69,0.0,-618.44,2026-03-16
MO-003850,SA-0001,200,Ended,3850,0.0,77.69,-0.36,-3.64,-1.39,-76.21,50.36,0.0,46.45,2026-04-02
MO-003851,SA-0038,300,Ended,3851,0.0,341.16,-0.26,1.09,0.38,-138.53,165.75,0.0,369.6,2026-04-19
MO-003852,SA-0075,100,Ended,3852,0.0,218.99,2.54,9.06,3.6,-67.59,149.9,0.0,316.51,2026-05-06
MO-003853,DRV-0012,200,Ended,3853,0.0,74.08,4.38,13.04,5.12,-564.56,42.53,0.0,-425.41,2026-05-23
MO-003854,DRV-0049,100,Ended,3854,0.0,208.9,28.3,52.69,19.63,-532.94,167.97,0.0,-55.45,2026-06-09
MO-003855,ACT-0026,200,Released,3855,0.0,0.0,0.0,-81.97,-29.66,111.63,0.0,0.0,0.0,
MO-003899,SA-0064,200,Ended,3899,0.0,-4.32,1.78,3.38,1.31,33.08,9.51,0.0,44.74,2026-01-14
MO-003900,DRV-0001,100,Ended,3900,0.0,121.04,12.94,27.11,10.02,-546.69,377.3,0.0,1.73,2026-01-31
MO-003901,DRV-0038,200,Ended,3901,0.0,314.79,39.29,38.35,13.94,-314.99,195.96,0.0,287.34,2026-02-17
MO-003902,ACT-0015,100,Ended,3902,0.0,1190.86,23.88,-5.69,-3.93,-487.79,451.44,0.0,1168.77,2026-03-06
MO-003903,ACT-0052,200,Ended,3903,0.0,871.56,19.6,0.55,2.37,-203.86,226.29,0.0,916.51,2026-03-23
MO-003904,CTL-0029,300,Ended,3904,0.0,31.33,-0.06,-8.02,-3.02,111.58,11.19,0.0,143.0,2026-04-09
MO-003905,SYS-0026,300,Ended,3905,0.0,379.79,-0.59,-6.47,-2.25,-21.98,140.17,0.0,488.66,2026-04-26
MO-003906,AFT-0033,300,Ended,3906,0.0,-41.75,2.13,-0.93,-0.32,-73.22,139.67,0.0,25.58,2026-05-14
MO-003907,SA-0010,200,Ended,3907,0.0,29.99,3.13,0.71,0.24,18.17,91.63,0.0,143.86,2026-05-31
MO-003908,SA-0047,300,Ended,3908,0.0,212.52,24.29,26.32,10.22,118.93,92.18,0.0,484.45,2026-06-17
MO-003952,SYS-0015,100,Ended,3952,0.0,-63.5,5.21,0.92,0.39,-130.28,247.62,0.0,60.36,2026-01-05
MO-003953,AFT-0022,100,Ended,3953,0.0,16.31,1.75,-1.14,-0.41,81.23,9.01,0.0,106.75,2026-01-22
MO-003954,AFT-0059,100,Ended,3954,0.0,43.8,7.3,4.71,1.91,159.17,9.45,0.0,226.33,2026-02-08
MO-003955,SA-0036,100,Ended,3955,0.0,147.84,8.24,12.14,4.23,-395.04,99.28,0.0,-123.31,2026-02-25
MO-003956,SA-0073,200,Ended,3956,0.0,219.8,25.1,32.85,13.76,-269.8,108.95,0.0,130.65,2026-03-14
MO-003957,DRV-0010,200,Ended,3957,0.0,12.06,9.15,2.39,-0.43,13.2,98.39,0.0,134.77,2026-03-31
MO-003958,DRV-0047,100,Ended,3958,0.0,3462.92,9.74,-15.11,-5.36,-1012.81,1045.83,0.0,3485.21,2026-04-17
MO-003959,ACT-0024,200,Ended,3959,0.0,1155.85,-8.63,-22.83,-8.47,-2564.76,349.73,0.0,-1099.12,2026-05-04
MO-003960,CTL-0001,300,Ended,3960,0.0,297.71,0.15,-6.25,-2.34,-112.36,163.22,0.0,340.13,2026-05-21
MO-003961,CTL-0038,300,Ended,3961,0.0,48.49,2.79,-6.91,-2.52,-6.39,130.24,0.0,165.7,2026-06-07
MO-003962,AFT-0005,100,Reported Finished,3962,0.0,3382.82,7.43,1.47,0.59,6.96,81.72,0.0,3481.0,
MO-004006,ACT-0013,100,Ended,4006,0.0,192.62,12.34,16.41,6.09,-891.53,208.2,0.0,-455.89,2026-01-13
MO-004007,ACT-0050,200,Ended,4007,0.0,1933.29,35.65,45.01,16.04,-658.13,559.99,0.0,1931.85,2026-01-30
MO-004008,CTL-0027,300,Ended,4008,0.0,87.87,4.24,0.79,0.29,75.87,31.57,0.0,200.62,2026-02-16
MO-004009,SYS-0024,300,Ended,4009,0.0,1350.82,4.23,0.25,0.17,-385.15,114.87,0.0,1085.19,2026-03-05
MO-004010,AFT-0031,100,Ended,4010,0.0,32.63,17.3,16.6,6.57,-104.88,54.28,0.0,22.49,2026-03-22
MO-004011,SA-0008,300,Ended,4011,0.0,-19.96,7.4,23.05,8.78,-97.61,121.38,0.0,43.04,2026-04-08
MO-004012,SA-0045,100,Ended,4012,0.0,75.89,2.46,7.04,2.51,-16.89,59.57,0.0,130.57,2026-04-25
MO-004013,SA-0082,200,Ended,4013,0.0,667.79,-3.19,-6.84,-2.27,-64.51,179.12,0.0,770.09,2026-05-12
MO-004014,DRV-0019,100,Ended,4014,0.0,1214.74,18.34,-16.18,-5.92,-483.69,196.64,0.0,923.93,2026-05-29
MO-004015,DRV-0056,200,Ended,4015,0.0,8071.0,2.55,-6.72,-2.41,-2767.39,2619.02,0.0,7916.05,2026-06-15
MO-004059,SA-0034,200,Ended,4059,0.0,99.44,1.22,-8.35,-3.13,141.67,30.1,0.0,260.95,2026-01-03
MO-004060,SA-0071,300,Ended,4060,0.0,336.82,23.75,13.62,5.01,-113.02,202.16,0.0,468.34,2026-01-20
MO-004061,DRV-0008,200,Ended,4061,0.0,41.09,7.08,2.71,0.82,-150.05,93.63,0.0,-4.73,2026-02-07
MO-004062,DRV-0045,100,Ended,4062,0.0,58.69,26.91,24.94,9.18,-200.63,159.1,0.0,78.19,2026-02-24
MO-004063,ACT-0022,200,Ended,4063,0.0,25.55,23.41,45.66,16.02,-307.96,346.64,0.0,149.31,2026-03-13
MO-004064,ACT-0059,100,Ended,4064,0.0,20.4,2.82,-2.24,-0.93,116.66,12.91,0.0,149.63,2026-03-30
MO-004065,CTL-0036,300,Ended,4065,0.0,655.33,4.93,7.32,2.81,-657.5,375.53,0.0,388.41,2026-04-16
MO-004066,AFT-0003,300,Ended,4066,0.0,429.64,1.49,9.41,3.24,-508.95,631.97,0.0,566.8,2026-05-03
MO-004067,AFT-0040,100,Ended,4067,0.0,88.65,-1.83,1.56,1.23,-1.66,68.09,0.0,156.06,2026-05-20
MO-004068,SA-0017,300,Ended,4068,0.0,-49.04,0.38,-6.89,-2.91,42.01,44.83,0.0,28.38,2026-06-06
MO-004069,SA-0054,100,Started,4069,0.0,7588.92,5.58,-0.82,-0.28,-1000.18,77.51,0.0,6670.73,
MO-004113,SYS-0022,300,Ended,4113,0.0,1232.85,-0.07,-9.84,-3.62,-109.02,198.61,0.0,1308.91,2026-01-11
MO-004114,AFT-0029,100,Ended,4114,0.0,-9.78,10.15,-7.06,-2.53,157.28,15.34,0.0,163.4,2026-01-28
MO-004115,SA-0006,100,Ended,4115,0.0,131.11,14.8,1.48,0.57,-1556.26,201.56,0.0,-1206.74,2026-02-14
MO-004116,SA-0043,200,Ended,4116,0.0,110.78,20.87,25.53,10.02,-279.67,125.08,0.0,12.61,2026-03-03
MO-004117,SA-0080,300,Ended,4117,0.0,121.22,14.1,8.13,3.17,-202.44,143.92,0.0,88.11,2026-03-20
MO-004118,DRV-0017,100,Ended,4118,0.0,1098.25,13.25,26.92,10.06,-90.35,217.57,0.0,1275.7,2026-04-06
MO-004119,DRV-0054,200,Ended,4119,0.0,4446.79,22.89,52.23,18.93,-2080.14,418.09,0.0,2878.79,2026-04-23
MO-004120,ACT-0031,100,Ended,4120,0.0,-66.73,0.55,1.69,0.68,-136.11,189.23,0.0,-10.69,2026-05-10
MO-004121,CTL-0008,300,Ended,4121,0.0,90.71,-2.9,7.11,2.44,2.05,56.86,0.0,156.28,2026-05-27
MO-004122,SYS-0005,100,Ended,4122,0.0,34.97,0.08,-0.13,-0.06,131.03,31.0,0.0,196.89,2026-06-13
MO-004166,DRV-0043,100,Ended,4166,0.0,287.63,4.5,-3.71,-2.05,-1038.05,325.74,0.0,-425.95,2026-01-02
MO-004167,ACT-0020,200,Ended,4167,0.0,127.12,-9.31,48.57,19.93,-558.32,328.76,0.0,-43.25,2026-01-19
MO-004168,ACT-0057,100,Ended,4168,0.0,12.93,1.08,-7.07,-2.7,-47.63,78.65,0.0,35.25,2026-02-05
MO-004169,CTL-0034,300,Ended,4169,0.0,276.04,7.82,-5.32,-1.82,48.57,38.93,0.0,364.22,2026-02-22
MO-004170,AFT-0001,100,Ended,4170,0.0,223.21,13.45,3.29,1.36,-372.96,301.91,0.0,170.26,2026-03-11
MO-004171,AFT-0038,100,Ended,4171,0.0,236.36,9.1,0.33,0.18,-188.57,217.53,0.0,274.93,2026-03-28
MO-004172,SA-0015,100,Ended,4172,0.0,27.68,6.59,29.05,10.6,-60.31,107.88,0.0,121.5,2026-04-14
MO-004173,SA-0052,200,Ended,4173,0.0,90.6,4.93,8.36,2.85,-39.77,92.64,0.0,159.6,2026-05-01
MO-004174,SA-0089,300,Ended,4174,0.0,-18.5,19.35,33.06,12.06,83.63,48.08,0.0,177.68,2026-05-18
MO-004175,DRV-0026,200,Ended,4175,0.0,780.99,-17.84,85.19,30.22,-627.47,558.93,0.0,810.04,2026-06-04
MO-004176,ACT-0003,100,Released,4176,0.0,0.0,0.0,-68.7,-26.47,95.17,0.0,0.0,0.0,
MO-004220,SA-0041,300,Ended,4220,0.0,215.22,-4.43,16.6,7.0,-40.08,207.48,0.0,401.78,2026-01-10
MO-004221,SA-0078,100,Ended,4221,0.0,486.89,3.83,-2.35,-1.29,-1507.55,294.54,0.0,-725.93,2026-01-27
MO-004222,DRV-0015,100,Ended,4222,0.0,783.17,16.91,34.05,13.49,-563.55,518.17,0.0,802.23,2026-02-13
MO-004223,DRV-0052,200,Ended,4223,0.0,970.23,23.02,-53.68,-19.78,-448.84,454.35,0.0,925.29,2026-03-02
MO-004224,ACT-0029,100,Ended,4224,0.0,23.0,5.07,-4.49,-1.69,23.65,13.85,0.0,59.39,2026-03-19
MO-004225,CTL-0006,300,Ended,4225,0.0,88.27,6.3,-2.11,-0.8,-461.62,160.84,0.0,-209.12,2026-04-05
MO-004226,SYS-0003,100,Ended,4226,0.0,164.35,5.1,7.44,2.72,19.02,110.6,0.0,309.23,2026-04-22
MO-004227,AFT-0010,100,Ended,4227,0.0,52.03,4.15,1.68,0.55,76.65,26.62,0.0,161.68,2026-05-09
MO-004228,AFT-0047,100,Ended,4228,0.0,597.54,-0.98,8.89,3.26,-200.99,262.7,0.0,670.42,2026-05-26
MO-004229,SA-0024,100,Ended,4229,0.0,497.34,-7.84,14.36,5.22,-1455.44,78.48,0.0,-867.89,2026-06-12
MO-004230,SA-0061,200,Released,4230,0.0,0.0,0.0,-79.2,-29.7,108.9,0.0,0.0,0.0,
MO-004274,SYS-0029,100,Ended,4274,0.0,14.87,-2.46,13.86,5.14,50.15,40.61,0.0,122.17,2026-01-17
MO-004275,AFT-0036,300,Ended,4275,0.0,177.44,2.28,2.41,0.77,-1200.24,190.13,0.0,-827.21,2026-02-03
MO-004276,SA-0013,200,Ended,4276,0.0,54.23,4.07,1.87,0.62,-401.1,95.98,0.0,-244.33,2026-02-20
MO-004277,SA-0050,300,Ended,4277,0.0,418.94,10.19,18.95,7.23,-289.83,241.67,0.0,407.15,2026-03-09
MO-004278,SA-0087,100,Ended,4278,0.0,50.66,33.37,-38.72,-13.6,-206.38,124.73,0.0,-49.95,2026-03-27
MO-004279,DRV-0024,200,Ended,4279,0.0,-58.12,40.97,-26.42,-9.62,-3893.49,284.48,0.0,-3662.19,2026-04-13
MO-004280,ACT-0001,100,Ended,4280,0.0,155.27,3.86,-2.21,-0.85,-161.96,178.14,0.0,172.25,2026-04-30
MO-004281,ACT-0038,200,Ended,4281,0.0,41.21,1.24,0.28,0.12,26.0,33.84,0.0,102.68,2026-05-17
MO-004282,CTL-0015,300,Ended,4282,0.0,59.46,1.88,10.04,3.95,90.19,53.06,0.0,218.58,2026-06-03
MO-004283,SYS-0012,300,Ended,4283,0.0,-32.19,-2.02,2.12,0.83,-957.81,43.55,0.0,-945.52,2026-06-20
MO-004327,DRV-0050,200,Ended,4327,0.0,-1716.86,0.4,106.93,37.59,-1892.45,1647.08,0.0,-1817.31,2026-01-08
MO-004328,ACT-0027,100,Ended,4328,0.0,164.16,0.61,-2.42,-1.12,119.01,83.33,0.0,363.57,2026-01-25
MO-004329,CTL-0004,300,Ended,4329,0.0,-94.04,-0.39,4.59,1.77,3.94,27.77,0.0,-56.36,2026-02-11
MO-004330,SYS-0001,100,Ended,4330,0.0,112.78,2.35,3.47,1.15,-113.85,84.75,0.0,90.65,2026-02-28
MO-004331,AFT-0008,100,Ended,4331,0.0,56.41,6.74,-1.6,-0.36,-5.43,38.77,0.0,94.53,2026-03-17
MO-004332,AFT-0045,300,Ended,4332,0.0,549.79,15.02,3.67,0.68,-188.15,267.5,0.0,648.51,2026-04-03
MO-004333,SA-0022,200,Ended,4333,0.0,391.91,25.34,-26.73,-8.92,-134.99,168.38,0.0,414.98,2026-04-20
MO-004334,SA-0059,300,Ended,4334,0.0,78.12,27.84,-11.76,-4.59,46.93,65.02,0.0,201.57,2026-05-07
MO-004335,SA-0096,100,Ended,4335,0.0,372.22,20.64,-5.27,-1.7,-4749.08,920.54,0.0,-3442.64,2026-05-24
MO-004336,DRV-0033,100,Ended,4336,0.0,29.06,0.23,-0.68,-0.26,-32.22,67.49,0.0,63.63,2026-06-10
MO-004337,ACT-0010,200,Reported Finished,4337,0.0,1748.09,-0.45,0.37,0.11,52.34,44.67,0.0,1845.13,
MO-004381,SA-0048,100,Ended,4381,0.0,80.74,1.03,16.25,6.34,-2336.88,145.06,0.0,-2087.46,2026-01-16
MO-004382,SA-0085,200,Ended,4382,0.0,157.52,-12.58,56.01,20.87,-582.25,325.87,0.0,-34.56,2026-02-02
MO-004383,DRV-0022,200,Ended,4383,0.0,6413.07,13.83,118.2,42.33,-1365.59,1469.65,0.0,6691.49,2026-02-19
MO-004384,DRV-0059,100,Ended,4384,0.0,26.8,6.17,-5.48,-1.75,152.45,61.29,0.0,239.49,2026-03-08
MO-004385,ACT-0036,200,Ended,4385,0.0,34.73,1.21,3.41,1.16,-103.06,20.72,0.0,-41.82,2026-03-25
MO-004386,CTL-0013,300,Ended,4386,0.0,54.61,4.54,-1.67,-0.62,-71.78,37.75,0.0,22.84,2026-04-11
MO-004387,SYS-0010,300,Ended,4387,0.0,53.86,9.96,0.07,-0.37,2.55,122.11,0.0,188.17,2026-04-28
MO-004388,AFT-0017,100,Ended,4388,0.0,-226.25,19.58,-21.79,-8.32,-17.81,238.82,0.0,-15.76,2026-05-15
MO-004389,AFT-0054,300,Ended,4389,0.0,-33.99,11.7,-13.74,-5.01,-849.67,25.08,0.0,-865.63,2026-06-01
MO-004390,SA-0031,200,Ended,4390,0.0,542.43,5.95,29.42,10.79,-1100.94,418.61,0.0,-93.75,2026-06-18
MO-004434,CTL-0039,300,Ended,4434,0.0,351.32,1.14,2.92,1.19,-20.43,65.93,0.0,402.07,2026-01-07
MO-004435,AFT-0006,300,Ended,4435,0.0,2571.81,2.33,-1.04,-0.34,-1594.16,1151.0,0.0,2129.6,2026-01-24
MO-004436,AFT-0043,100,Ended,4436,0.0,335.66,-7.39,19.63,7.29,-414.91,196.48,0.0,136.77,2026-02-10
MO-004437,SA-0020,300,Ended,4437,0.0,375.3,-3.29,21.19,7.24,-188.9,105.73,0.0,317.27,2026-02-27
MO-004438,SA-0057,100,Ended,4438,0.0,52.27,13.52,63.01,23.39,-45.39,64.94,0.0,171.73,2026-03-16
MO-004439,SA-0094,200,Ended,4439,0.0,0.48,40.93,64.76,25.29,-66.62,142.52,0.0,207.36,2026-04-02
MO-004440,DRV-0031,100,Ended,4440,0.0,10.27,5.86,-9.45,-3.69,-10.24,104.47,0.0,97.21,2026-04-19
MO-004441,ACT-0008,200,Ended,4441,0.0,15.98,1.94,-0.36,-0.18,0.66,18.22,0.0,36.26,2026-05-06
MO-004442,ACT-0045,100,Ended,4442,0.0,48.4,9.3,1.98,1.44,30.64,32.76,0.0,124.51,2026-05-23
MO-004443,CTL-0022,300,Ended,4443,0.0,338.17,6.82,-14.32,-5.26,-41.81,165.61,0.0,449.21,2026-06-09
MO-004444,SYS-0019,100,Started,4444,0.0,14761.71,1.71,2.03,0.75,-119.57,125.87,0.0,14772.51,
MO-004488,DRV-0057,100,Ended,4488,0.0,587.73,1.41,-5.61,-2.1,-26.58,116.11,0.0,670.95,2026-01-14
MO-004489,ACT-0034,200,Ended,4489,0.0,33.64,0.26,-4.54,-1.65,159.4,6.77,0.0,193.88,2026-01-31
MO-004490,CTL-0011,300,Ended,4490,0.0,762.3,-2.16,2.11,0.8,-440.34,498.21,0.0,820.91,2026-02-17
MO-004491,SYS-0008,300,Ended,4491,0.0,4.6,-1.58,4.5,1.48,-19.75,34.88,0.0,24.14,2026-03-06
MO-004492,AFT-0015,300,Ended,4492,0.0,192.77,7.85,25.75,9.54,-177.1,236.08,0.0,294.88,2026-03-23
MO-004493,AFT-0052,100,Ended,4493,0.0,40.47,26.73,55.74,19.56,101.14,56.81,0.0,300.44,2026-04-09
MO-004494,SA-0029,300,Ended,4494,0.0,180.33,30.79,63.41,23.67,42.12,44.2,0.0,384.52,2026-04-26
MO-004495,SA-0066,100,Ended,4495,0.0,1277.49,26.42,19.4,6.85,-5249.0,954.94,0.0,-2963.9,2026-05-14
MO-004496,DRV-0003,100,Ended,4496,0.0,-9.29,2.33,-10.3,-3.8,64.91,118.18,0.0,162.02,2026-05-31
MO-004497,DRV-0040,200,Ended,4497,0.0,12.21,5.68,1.33,0.9,14.98,13.14,0.0,48.23,2026-06-17
MO-004541,SA-0018,100,Ended,4541,0.0,34.6,15.26,-8.26,-2.76,-2926.73,316.79,0.0,-2571.11,2026-01-05
MO-004542,SA-0055,200,Ended,4542,0.0,1185.39,7.86,-12.5,-4.56,-1597.85,441.87,0.0,20.21,2026-01-22
MO-004543,SA-0092,300,Ended,4543,0.0,-155.09,1.47,-10.75,-3.87,-200.95,85.62,0.0,-283.56,2026-02-08
MO-004544,DRV-0029,100,Ended,4544,0.0,47.72,-0.88,-4.51,-1.7,79.12,24.26,0.0,144.01,2026-02-25
MO-004545,ACT-0006,200,Ended,4545,0.0,43.38,0.19,-4.53,-1.55,-559.14,52.14,0.0,-469.51,2026-03-14
MO-004546,ACT-0043,100,Ended,4546,0.0,109.49,6.22,10.28,3.78,-87.23,69.97,0.0,112.51,2026-03-31
MO-004547,CTL-0020,300,Ended,4547,0.0,125.92,4.8,8.08,3.13,-63.94,82.45,0.0,160.45,2026-04-17
MO-004548,SYS-0017,100,Ended,4548,0.0,2373.82,18.83,28.61,10.67,-270.71,401.82,0.0,2563.04,2026-05-04
MO-004549,AFT-0024,300,Ended,4549,0.0,8.4,20.04,27.28,9.32,-3588.14,52.61,0.0,-3470.48,2026-05-21
MO-004550,SA-0001,200,Ended,4550,0.0,210.21,19.29,26.29,11.19,-463.86,201.45,0.0,4.57,2026-06-07
MO-004551,SA-0038,300,Released,4551,0.0,0.0,0.0,-65.83,-22.89,88.73,0.0,0.0,0.0,
MO-004595,SYS-0006,300,Ended,4595,0.0,13.13,7.9,2.1,1.49,-424.95,87.32,0.0,-312.99,2026-01-13
MO-004596,AFT-0013,100,Ended,4596,0.0,1949.42,5.24,-8.9,-3.86,-1051.09,825.05,0.0,1715.86,2026-01-30
MO-004597,AFT-0050,100,Ended,4597,0.0,1640.48,1.54,-10.6,-3.78,-743.22,667.25,0.0,1551.68,2026-02-16
MO-004598,SA-0027,100,Ended,4598,0.0,226.77,6.45,11.95,4.87,-276.69,179.98,0.0,153.34,2026-03-05
MO-004599,SA-0064,200,Ended,4599,0.0,154.22,-0.7,-0.27,-0.04,-27.06,41.63,0.0,167.77,2026-03-22
MO-004600,DRV-0001,100,Ended,4600,0.0,149.19,0.88,-4.67,-1.78,-38.5,80.85,0.0,185.97,2026-04-08
MO-004601,DRV-0038,200,Ended,4601,0.0,41.52,7.18,0.0,-0.1,67.68,43.55,0.0,159.84,2026-04-25
MO-004602,ACT-0015,100,Ended,4602,0.0,192.22,13.55,27.22,9.95,-55.44,112.86,0.0,300.37,2026-05-12
MO-004603,ACT-0052,200,Ended,4603,0.0,121.25,8.19,8.51,2.91,3.17,51.72,0.0,195.76,2026-05-29
MO-004604,CTL-0029,300,Ended,4604,0.0,-7.66,13.02,27.61,10.25,80.36,52.23,0.0,175.82,2026-06-15
MO-004648,DRV-0027,100,Ended,4648,0.0,11.47,4.07,0.43,0.16,44.51,35.06,0.0,95.72,2026-01-03
MO-004649,ACT-0004,200,Ended,4649,0.0,-0.9,8.98,8.64,2.98,69.83,4.06,0.0,93.58,2026-01-20
MO-004650,ACT-0041,100,Ended,4650,0.0,64.32,5.74,0.67,0.24,63.96,77.62,0.0,212.54,2026-02-07
MO-004651,CTL-0018,300,Ended,4651,0.0,281.64,0.46,-5.91,-2.42,-437.94,109.61,0.0,-54.56,2026-02-24
MO-004652,SYS-0015,100,Ended,4652,0.0,-1300.84,3.22,-7.84,-2.89,-1118.43,1155.54,0.0,-1271.24,2026-03-13
MO-004653,AFT-0022,100,Ended,4653,0.0,14.62,-0.81,-2.95,-1.07,21.23,40.57,0.0,71.58,2026-03-30
MO-004654,AFT-0059,100,Ended,4654,0.0,81.86,3.14,-5.16,-2.43,79.85,37.81,0.0,195.07,2026-04-16
MO-004655,SA-0036,100,Ended,4655,0.0,419.02,10.66,-2.82,-1.39,-1908.42,434.37,0.0,-1048.59,2026-05-03
MO-004656,SA-0073,200,Ended,4656,0.0,34.4,6.75,-0.61,-0.25,21.91,23.35,0.0,85.53,2026-05-20
MO-004657,DRV-0010,200,Ended,4657,0.0,55.89,9.27,5.46,1.94,141.38,21.87,0.0,235.82,2026-06-06
MO-004658,DRV-0047,100,Reported Finished,4658,0.0,5819.22,4.14,11.05,3.93,-63.75,130.73,0.0,5905.32,
MO-004702,SA-0025,200,Ended,4702,0.0,432.47,20.68,26.61,9.82,-879.71,303.43,0.0,-86.71,2026-01-11
MO-004703,SA-0062,300,Ended,4703,0.0,383.81,39.08,65.19,22.55,-640.51,183.02,0.0,53.15,2026-01-28
MO-004704,SA-0099,100,Ended,4704,0.0,68.31,3.32,1.65,0.59,71.98,15.7,0.0,161.55,2026-02-14
MO-004705,DRV-0036,200,Ended,4705,0.0,97.32,0.37,1.14,0.26,-386.9,149.72,0.0,-138.1,2026-03-03
MO-004706,ACT-0013,100,Ended,4706,0.0,18.02,-3.08,-5.02,-1.5,-109.38,52.05,0.0,-48.91,2026-03-20
MO-004707,ACT-0050,200,Ended,4707,0.0,312.99,2.3,-6.66,-2.43,-121.12,128.0,0.0,313.08,2026-04-06
MO-004708,CTL-0027,300,Ended,4708,0.0,390.13,13.32,2.47,0.87,-107.49,147.3,0.0,446.6,2026-04-23
MO-004709,SYS-0024,300,Ended,4709,0.0,4532.98,3.79,-6.14,-2.57,-2056.11,516.91,0.0,2988.87,2026-05-10
MO-004710,AFT-0031,100,Ended,4710,0.0,250.55,35.92,11.39,4.6,-993.71,217.12,0.0,-474.12,2026-05-27
MO-004711,SA-0008,300,Ended,4711,0.0,762.15,49.07,26.06,10.22,-632.87,531.06,0.0,745.68,2026-06-13
MO-004755,CTL-0016,300,Ended,4755,0.0,52.46,5.15,2.08,0.68,36.12,54.61,0.0,151.09,2026-01-02
MO-004756,SYS-0013,100,Ended,4756,0.0,123.14,11.96,10.88,4.0,-309.7,244.1,0.0,84.37,2026-01-19
MO-004757,AFT-0020,100,Ended,4757,0.0,243.8,10.22,26.22,8.85,-273.95,211.62,0.0,226.76,2026-02-05
MO-004758,AFT-0057,300,Ended,4758,0.0,-17.49,33.2,71.96,26.57,-203.04,173.21,0.0,84.42,2026-02-22
MO-004759,SA-0034,200,Ended,4759,0.0,61.78,2.61,77.63,28.22,-25.06,131.7,0.0,276.88,2026-03-11
MO-004760,SA-0071,300,Ended,4760,0.0,58.32,0.43,-4.71,-1.91,43.01,43.32,0.0,138.45,2026-03-28
MO-004761,DRV-0008,200,Ended,4761,0.0,37.92,-0.72,-2.48,-0.63,24.05,20.81,0.0,78.95,2026-04-14
MO-004762,DRV-0045,100,Ended,4762,0.0,102.81,2.98,-8.4,-3.18,55.56,39.78,0.0,189.56,2026-05-01
MO-004763,ACT-0022,200,Ended,4763,0.0,106.63,6.23,-1.39,-0.49,-40.06,79.23,0.0,150.15,2026-05-18
MO-004764,ACT-0059,100,Ended,4764,0.0,-77.88,10.97,2.59,1.08,59.89,60.26,0.0,56.91,2026-06-04
MO-004765,CTL-0036,300,Started,4765,0.0,42302.4,11.64,3.12,1.25,-859.21,337.97,0.0,41797.17,
MO-004809,DRV-0034,200,Ended,4809,0.0,10.32,8.3,1.42,0.52,59.28,8.48,0.0,88.3,2026-01-10
MO-004810,ACT-0011,100,Ended,4810,0.0,45.61,6.48,12.23,4.8,96.27,72.9,0.0,238.29,2026-01-27
MO-004811,ACT-0048,200,Ended,4811,0.0,56.74,7.82,2.97,1.16,-849.58,61.35,0.0,-719.56,2026-02-13
MO-004812,CTL-0025,300,Ended,4812,0.0,403.95,10.27,15.14,5.96,-322.13,260.51,0.0,373.7,2026-03-02
MO-004813,SYS-0022,300,Ended,4813,0.0,4407.34,2.62,45.6,16.17,-802.88,893.74,0.0,4562.59,2026-03-19
MO-004814,AFT-0029,100,Ended,4814,0.0,180.17,-5.63,37.73,13.15,84.51,61.37,0.0,371.29,2026-04-05
MO-004815,SA-0006,100,Ended,4815,0.0,341.51,12.39,6.67,-0.12,-7485.52,881.82,0.0,-6243.25,2026-04-22
MO-004816,SA-0043,200,Ended,4816,0.0,9.66,5.25,-5.93,-2.24,10.52,26.8,0.0,44.07,2026-05-09
MO-004817,SA-0080,300,Ended,4817,0.0,-4.74,1.9,-5.26,-1.96,14.66,31.98,0.0,36.58,2026-05-26
MO-004818,DRV-0017,100,Ended,4818,0.0,192.42,6.73,-4.36,-1.63,86.04,54.39,0.0,333.59,2026-06-12
MO-004819,DRV-0054,200,Started,4819,0.0,12603.04,2.49,-0.75,-0.29,-185.98,95.56,0.0,12514.08,
MO-004863,SA-0032,300,Ended,4863,0.0,158.8,29.83,-7.66,-2.56,-330.76,83.59,0.0,-68.76,2026-01-17
MO-004864,SA-0069,100,Ended,4864,0.0,16.71,8.39,-6.08,-2.29,139.73,6.72,0.0,163.18,2026-02-03
MO-004865,DRV-0006,200,Ended,4865,0.0,154.27,2.69,2.6,0.91,-398.62,177.78,0.0,-60.37,2026-02-20
MO-004866,DRV-0043,100,Ended,4866,0.0,106.41,1.45,11.42,4.16,-132.29,81.43,0.0,72.58,2026-03-09
MO-004867,ACT-0020,200,Ended,4867,0.0,93.58,7.06,5.46,2.09,-49.41,75.14,0.0,133.93,2026-03-27
MO-004868,ACT-0057,100,Ended,4868,0.0,-505.85,-8.96,39.67,15.58,-322.75,367.01,0.0,-415.29,2026-04-13
MO-004869,CTL-0034,300,Ended,4869,0.0,708.77,6.97,22.14,7.28,-101.31,175.19,0.0,819.03,2026-04-30
MO-004870,AFT-0001,100,Ended,4870,0.0,384.64,43.99,7.89,5.04,-2106.09,1207.63,0.0,-456.9,2026-05-17
MO-004871,AFT-0038,100,Ended,4871,0.0,299.76,13.05,-3.41,-2.28,-1276.18,951.7,0.0,-17.36,2026-06-03
MO-004872,SA-0015,100,Ended,4872,0.0,25.83,4.47,-5.82,-2.12,52.55,23.12,0.0,98.02,2026-06-20
MO-004916,CTL-0023,300,Ended,4916,0.0,430.26,18.53,-21.3,-8.19,-156.84,348.08,0.0,610.54,2026-01-08
MO-004917,SYS-0020,300,Ended,4917,0.0,3761.3,16.08,-15.56,-5.68,-1099.58,1066.68,0.0,3723.24,2026-01-25
MO-004918,AFT-0027,300,Ended,4918,0.0,244.98,47.2,-1.15,-0.5,-129.32,91.86,0.0,253.06,2026-02-11
MO-004919,SA-0004,200,Ended,4919,0.0,257.01,39.64,6.38,1.98,-19.08,49.44,0.0,335.37,2026-02-28
MO-004920,SA-0041,300,Ended,4920,0.0,20.53,2.2,-5.2,-1.97,124.11,44.46,0.0,184.14,2026-03-17
MO-004921,SA-0078,100,Ended,4921,0.0,62.85,-0.09,2.76,0.98,-276.49,65.45,0.0,-144.55,2026-04-03
MO-004922,DRV-0015,100,Ended,4922,0.0,137.07,-1.2,4.94,1.75,-16.23,129.54,0.0,255.86,2026-04-20
MO-004923,DRV-0052,200,Ended,4923,0.0,64.42,-1.66,20.23,7.72,5.11,103.85,0.0,199.67,2026-05-07
MO-004924,ACT-0029,100,Ended,4924,0.0,186.1,7.53,25.06,8.81,-10.7,64.63,0.0,281.44,2026-05-24
MO-004925,CTL-0006,300,Ended,4925,0.0,1306.09,24.66,6.36,3.79,-2427.54,723.78,0.0,-362.86,2026-06-10
MO-004926,SYS-0003,100,Released,4926,0.0,0.0,0.0,-98.89,-36.0,134.89,0.0,0.0,0.0,
MO-004970,DRV-0041,100,Ended,4970,0.0,72.02,2.9,7.08,3.13,21.84,47.51,0.0,154.47,2026-01-16
MO-004971,ACT-0018,200,Ended,4971,0.0,152.04,11.97,-13.94,-5.16,-1065.22,168.62,0.0,-751.68,2026-02-02
MO-004972,ACT-0055,100,Ended,4972,0.0,-190.69,25.79,-5.79,-2.03,-841.09,448.32,0.0,-565.5,2026-02-19
MO-004973,CTL-0032,300,Ended,4973,0.0,1011.45,21.77,-5.35,-2.02,-376.22,350.63,0.0,1000.24,2026-03-08
MO-004974,SYS-0029,100,Ended,4974,0.0,-430.7,9.32,12.8,4.63,-90.87,162.46,0.0,-332.36,2026-03-25
MO-004975,AFT-0036,300,Ended,4975,0.0,488.84,-0.98,43.69,15.33,-5734.81,831.8,0.0,-4356.14,2026-04-11
MO-004976,SA-0013,200,Ended,4976,0.0,26.62,-1.39,-4.99,-1.88,49.36,20.57,0.0,88.28,2026-04-28
MO-004977,SA-0050,300,Ended,4977,0.0,80.48,0.1,3.42,1.24,-5.36,53.7,0.0,133.59,2026-05-15
MO-004978,SA-0087,100,Ended,4978,0.0,-26.4,5.78,13.91,5.21,80.03,31.18,0.0,109.71,2026-06-01
MO-004979,DRV-0024,200,Ended,4979,0.0,-201.27,5.26,19.53,6.76,-794.4,65.02,0.0,-899.1,2026-06-18
MO-005023,SA-0002,300,Ended,5023,0.0,96.86,21.6,22.94,8.13,-385.69,143.28,0.0,-92.89,2026-01-07
MO-005024,SA-0039,100,Ended,5024,0.0,18.73,6.64,-8.94,-3.33,140.21,15.56,0.0,168.87,2026-01-24
MO-005025,SA-0076,200,Ended,5025,0.0,25.35,3.28,1.34,0.79,89.8,23.64,0.0,144.2,2026-02-10
MO-005026,DRV-0013,100,Ended,5026,0.0,112.68,12.13,-13.34,-5.12,-108.02,74.79,0.0,73.12,2026-02-27
MO-005027,DRV-0050,200,Ended,5027,0.0,1273.35,8.31,-5.17,-1.74,-353.02,376.48,0.0,1298.2,2026-03-16
MO-005028,ACT-0027,100,Ended,5028,0.0,402.27,9.33,15.47,6.15,-302.07,388.89,0.0,520.03,2026-04-02
MO-005029,CTL-0004,300,Ended,5029,0.0,1228.08,-0.15,2.25,0.97,-103.11,124.94,0.0,1252.98,2026-04-19
MO-005030,SYS-0001,100,Ended,5030,0.0,264.12,-5.14,19.78,7.38,-714.74,339.0,0.0,-89.61,2026-05-06
MO-005031,AFT-0008,100,Ended,5031,0.0,136.42,7.85,42.91,15.35,-526.66,169.61,0.0,-154.51,2026-05-23
MO-005032,AFT-0045,300,Ended,5032,0.0,60.89,4.32,-6.39,-2.37,155.89,57.32,0.0,269.65,2026-06-09
MO-005033,SA-0022,200,Reported Finished,5033,0.0,810.42,3.71,5.43,1.94,52.48,18.71,0.0,892.69,
MO-005077,CTL-0030,300,Ended,5077,0.0,1707.76,14.14,30.34,10.37,-3841.03,790.71,0.0,-1287.7,2026-01-14
MO-005078,SYS-0027,100,Ended,5078,0.0,96.03,37.64,5.6,1.87,-306.54,280.15,0.0,114.75,2026-01-31
MO-005079,AFT-0034,100,Ended,5079,0.0,-49.02,8.44,8.27,2.86,-65.15,87.7,0.0,-6.89,2026-02-17
MO-005080,SA-0011,300,Ended,5080,0.0,110.75,3.79,-5.36,-2.03,134.01,62.06,0.0,303.22,2026-03-06
MO-005081,SA-0048,100,Ended,5081,0.0,35.09,10.56,-10.45,-3.88,-424.44,32.24,0.0,-360.89,2026-03-23
MO-005082,SA-0085,200,Ended,5082,0.0,-35.52,4.17,-7.37,-2.79,-111.56,81.47,0.0,-71.59,2026-04-09
MO-005083,DRV-0022,200,Ended,5083,0.0,938.93,0.81,1.41,0.45,-225.89,335.92,0.0,1051.63,2026-04-26
MO-005084,DRV-0059,100,Ended,5084,0.0,-767.67,3.04,23.44,8.56,-80.22,286.04,0.0,-526.81,2026-05-14
MO-005085,ACT-0036,200,Ended,5085,0.0,111.23,-1.08,5.14,1.72,-570.53,93.24,0.0,-360.28,2026-05-31
MO-005086,CTL-0013,300,Ended,5086,0.0,232.4,5.87,19.4,7.14,-527.34,151.0,0.0,-111.53,2026-06-17
MO-005130,DRV-0011,100,Ended,5130,0.0,269.81,5.23,17.81,6.58,105.39,144.09,0.0,548.92,2026-01-05
MO-005131,DRV-0048,200,Ended,5131,0.0,280.56,1.3,9.57,3.28,-445.48,146.57,0.0,-4.21,2026-01-22
MO-005132,ACT-0025,100,Ended,5132,0.0,2295.04,11.28,31.22,11.6,-757.18,587.2,0.0,2179.16,2026-02-08
MO-005133,CTL-0002,300,Ended,5133,0.0,614.9,23.64,10.59,3.53,-328.82,197.92,0.0,521.76,2026-02-25
MO-005134,CTL-0039,300,Ended,5134,0.0,596.03,9.0,-5.09,-1.29,-289.3,263.73,0.0,573.07,2026-03-14
MO-005135,AFT-0006,300,Ended,5135,0.0,8091.54,42.93,10.44,2.48,-7188.26,5035.62,0.0,5994.74,2026-03-31
MO-005136,AFT-0043,100,Ended,5136,0.0,44.38,2.78,-10.7,-4.02,5.0,42.1,0.0,79.55,2026-04-17
MO-005137,SA-0020,300,Ended,5137,0.0,62.37,1.33,-7.14,-2.55,46.39,23.49,0.0,123.88,2026-05-04
MO-005138,SA-0057,100,Ended,5138,0.0,30.14,-2.74,-2.13,-0.85,24.63,16.24,0.0,65.28,2026-05-21
MO-005139,SA-0094,200,Ended,5139,0.0,185.79,2.97,6.08,2.16,74.44,32.58,0.0,304.02,2026-06-07
MO-005140,DRV-0031,100,Started,5140,0.0,12095.11,8.41,11.79,4.6,-83.8,97.51,0.0,12133.63,
MO-005184,SA-0009,100,Ended,5184,0.0,66.15,-0.44,-1.04,-0.33,62.87,11.15,0.0,138.36,2026-01-13
MO-005185,SA-0046,200,Ended,5185,0.0,26.99,5.58,7.03,2.49,110.79,30.1,0.0,182.97,2026-01-30
MO-005186,SA-0083,300,Ended,5186,0.0,66.76,20.7,12.75,4.47,115.91,145.93,0.0,366.52,2026-02-16
MO-005187,DRV-0020,200,Ended,5187,0.0,110.45,5.63,10.74,4.11,-98.23,114.81,0.0,147.51,2026-03-05
MO-005188,DRV-0057,100,Ended,5188,0.0,1888.13,15.95,10.9,3.78,-500.97,541.83,0.0,1959.61,2026-03-22
MO-005189,ACT-0034,200,Ended,5189,0.0,118.39,5.67,1.6,1.07,88.83,30.48,0.0,246.04,2026-04-08
MO-005190,CTL-0011,300,Ended,5190,0.0,1973.21,34.24,4.23,0.23,-1949.67,1992.84,0.0,2055.08,2026-04-25
MO-005191,SYS-0008,300,Ended,5191,0.0,276.5,7.17,-49.59,-17.78,-325.31,152.61,0.0,43.59,2026-05-12
MO-005192,AFT-0015,300,Ended,5192,0.0,120.62,-1.87,-7.91,-2.99,56.8,50.59,0.0,215.24,2026-05-29
MO-005193,AFT-0052,100,Ended,5193,0.0,-6.57,2.0,-4.91,-1.69,168.37,12.62,0.0,169.83,2026-06-15
MO-005237,ACT-0060,200,Ended,5237,0.0,88.11,-2.52,0.41,0.12,-1319.27,58.86,0.0,-1174.28,2026-01-03
MO-005238,CTL-0037,300,Ended,5238,0.0,-73.08,-6.15,4.48,1.69,-1909.78,1212.82,0.0,-770.02,2026-01-20
MO-005239,AFT-0004,100,Ended,5239,0.0,1458.16,24.72,53.54,20.26,-330.29,375.14,0.0,1601.53,2026-02-07
MO-005240,AFT-0041,100,Ended,5240,0.0,140.71,10.03,7.17,2.81,50.9,87.23,0.0,298.84,2026-02-24
MO-005241,SA-0018,100,Ended,5241,0.0,147.13,11.08,8.13,2.89,-523.27,70.4,0.0,-283.63,2026-03-13
MO-005242,SA-0055,200,Ended,5242,0.0,297.17,10.82,4.75,2.29,-200.36,110.47,0.0,225.13,2026-03-30
MO-005243,SA-0092,300,Ended,5243,0.0,92.07,6.83,8.53,2.93,-5.88,19.57,0.0,124.04,2026-04-16
MO-005244,DRV-0029,100,Ended,5244,0.0,567.0,2.36,0.45,0.19,-20.45,113.2,0.0,662.74,2026-05-03
MO-005245,ACT-0006,200,Ended,5245,0.0,109.68,6.56,5.21,0.93,-3113.25,234.61,0.0,-2756.25,2026-05-20
MO-005246,ACT-0043,100,Ended,5246,0.0,275.41,-9.79,-46.34,-17.7,-607.95,279.87,0.0,-126.51,2026-06-06
MO-005247,CTL-0020,300,Released,5247,0.0,0.0,0.0,-33.48,-12.55,46.04,0.0,0.0,0.0,
MO-005291,DRV-0018,200,Ended,5291,0.0,182.59,-0.82,-2.29,-0.79,-1599.67,235.0,0.0,-1185.99,2026-01-11
MO-005292,DRV-0055,100,Ended,5292,0.0,149.72,7.61,8.78,3.51,-1303.19,1134.09,0.0,0.53,2026-01-28
MO-005293,ACT-0032,200,Ended,5293,0.0,88.88,1.01,-0.1,0.08,-105.84,41.88,0.0,25.92,2026-02-14
MO-005294,CTL-0009,300,Ended,5294,0.0,1647.9,33.68,42.65,15.86,-241.71,205.19,0.0,1703.57,2026-03-03
MO-005295,SYS-0006,300,Ended,5295,0.0,557.22,75.07,95.15,34.0,-1986.37,382.04,0.0,-842.87,2026-03-20
MO-005296,AFT-0013,100,Ended,5296,0.0,302.49,5.0,1.47,0.58,-123.27,176.8,0.0,363.07,2026-04-06
MO-005297,AFT-0050,100,Ended,5297,0.0,208.65,5.73,1.56,0.51,-92.49,148.28,0.0,272.25,2026-04-23
MO-005298,SA-0027,100,Ended,5298,0.0,-2.8,3.94,-3.49,-1.46,133.01,45.0,0.0,174.19,2026-05-10
MO-005299,SA-0064,200,Ended,5299,0.0,6.73,-0.23,0.95,0.27,31.49,9.51,0.0,48.71,2026-05-27
MO-005300,DRV-0001,100,Ended,5300,0.0,709.93,-8.84,7.7,4.26,-551.17,377.3,0.0,539.17,2026-06-13
MO-005344,AFT-0039,300,Ended,5344,0.0,-82.42,0.12,-3.45,-1.36,-95.26,128.3,0.0,-54.08,2026-01-02
MO-005345,SA-0016,200,Ended,5345,0.0,26.44,-1.62,-5.29,-1.97,36.48,20.57,0.0,74.61,2026-01-19
MO-005346,SA-0053,300,Ended,5346,0.0,273.05,0.38,-4.62,-1.73,-37.15,156.48,0.0,386.4,2026-02-05
MO-005347,SA-0090,100,Ended,5347,0.0,68.31,5.02,0.9,0.31,-1514.76,71.05,0.0,-1369.16,2026-02-22
MO-005348,DRV-0027,100,Ended,5348,0.0,549.85,13.93,7.17,2.67,-130.53,163.63,0.0,606.72,2026-03-11
MO-005349,ACT-0004,200,Ended,5349,0.0,-46.03,17.54,12.44,4.15,36.5,18.26,0.0,42.87,2026-03-28
MO-005350,ACT-0041,100,Ended,5350,0.0,98.5,55.38,53.83,19.95,-160.92,310.47,0.0,377.22,2026-04-14
MO-005351,CTL-0018,300,Ended,5351,0.0,913.42,23.29,100.49,35.27,-2006.61,479.54,0.0,-454.6,2026-05-01
MO-005352,SYS-0015,100,Ended,5352,0.0,914.01,1.92,-3.14,-1.37,-134.41,247.62,0.0,1024.64,2026-05-18
MO-005353,AFT-0022,100,Ended,5353,0.0,20.4,0.02,0.96,0.4,82.45,9.01,0.0,113.24,2026-06-04
MO-005354,AFT-0059,100,Reported Finished,5354,0.0,335.17,-3.62,3.09,1.41,162.53,9.45,0.0,508.03,
MO-005398,CTL-0007,300,Ended,5398,0.0,885.56,10.87,7.99,5.33,-1373.16,617.95,0.0,154.54,2026-01-10
MO-005399,SYS-0004,300,Ended,5399,0.0,297.32,-13.12,-5.15,-3.11,-17.21,47.58,0.0,306.31,2026-01-27
MO-005400,AFT-0011,100,Ended,5400,0.0,18.85,0.16,-4.25,-1.59,3.44,34.48,0.0,51.09,2026-02-13
MO-005401,AFT-0048,300,Ended,5401,0.0,-59.1,2.72,-3.63,-1.32,-511.17,207.54,0.0,-364.97,2026-03-02
MO-005402,SA-0025,200,Ended,5402,0.0,34.14,3.74,-2.07,-0.8,-126.98,75.86,0.0,-16.11,2026-03-19
MO-005403,SA-0062,300,Ended,5403,0.0,29.8,11.64,0.63,0.27,-0.03,41.83,0.0,84.14,2026-04-05
MO-005404,SA-0099,100,Ended,5404,0.0,291.66,30.13,23.91,8.85,-26.42,73.27,0.0,401.4,2026-04-22
MO-005405,DRV-0036,200,Ended,5405,0.0,1055.78,28.85,20.27,7.81,-2017.55,673.74,0.0,-231.11,2026-05-09
MO-005406,ACT-0013,100,Ended,5406,0.0,212.05,11.84,59.51,22.21,-862.65,208.2,0.0,-348.84,2026-05-26
MO-005407,ACT-0050,200,Ended,5407,0.0,805.35,0.67,45.49,15.4,-659.14,559.99,0.0,767.76,2026-06-12
MO-005408,CTL-0027,300,Reported Finished,5408,0.0,653.49,0.38,-5.17,-1.89,91.31,15.78,0.0,753.91,
MO-005452,DRV-0025,100,Ended,5452,0.0,-20.99,2.81,28.64,10.11,-760.35,470.58,0.0,-269.19,2026-01-17
MO-005453,ACT-0002,200,Ended,5453,0.0,-27.91,-4.41,6.91,4.18,-125.2,71.72,0.0,-74.72,2026-02-03
MO-005454,ACT-0039,100,Ended,5454,0.0,-232.92,21.78,-14.98,-6.72,-182.25,106.38,0.0,-308.71,2026-02-20
MO-005455,CTL-0016,300,Ended,5455,0.0,92.7,3.56,-19.22,-6.85,-215.5,238.92,0.0,93.6,2026-03-09
MO-005456,SYS-0013,100,Ended,5456,0.0,102.35,1.63,-2.6,-0.99,-36.6,52.31,0.0,116.11,2026-03-27
MO-005457,AFT-0020,100,Ended,5457,0.0,47.27,5.05,-3.53,-1.17,10.67,47.03,0.0,105.32,2026-04-13
MO-005458,AFT-0057,300,Ended,5458,0.0,-27.71,11.94,0.51,0.15,91.95,43.3,0.0,120.14,2026-04-30
MO-005459,SA-0034,200,Ended,5459,0.0,-71.2,12.77,10.17,3.48,151.69,30.1,0.0,137.01,2026-05-17
MO-005460,SA-0071,300,Ended,5460,0.0,172.09,6.23,56.74,20.74,-85.31,202.16,0.0,372.63,2026-06-03
MO-005461,DRV-0008,200,Ended,5461,0.0,108.33,2.5,21.11,7.25,-140.32,93.63,0.0,92.51,2026-06-20
MO-005505,AFT-0046,100,Ended,5505,0.0,20.73,2.97,1.82,0.65,-36.36,66.41,0.0,56.22,2026-01-08
MO-005506,SA-0023,300,Ended,5506,0.0,247.43,2.73,7.99,2.91,-79.91,201.66,0.0,382.81,2026-01-25
MO-005507,SA-0060,100,Ended,5507,0.0,11.66,-5.42,21.21,7.34,-655.35,41.72,0.0,-578.85,2026-02-11
MO-005508,SA-0097,200,Ended,5508,0.0,285.16,0.13,8.0,2.97,-456.8,144.27,0.0,-16.27,2026-02-28
MO-005509,DRV-0034,200,Ended,5509,0.0,115.79,13.94,-11.47,-4.81,1.17,38.16,0.0,152.78,2026-03-17
MO-005510,ACT-0011,100,Ended,5510,0.0,235.83,47.8,-12.19,-4.43,-175.34,291.61,0.0,383.27,2026-04-03
MO-005511,ACT-0048,200,Ended,5511,0.0,108.98,12.8,-4.43,-1.6,-4116.84,268.39,0.0,-3732.71,2026-04-20
MO-005512,CTL-0025,300,Ended,5512,0.0,30.28,3.3,-2.95,-1.16,-41.03,55.82,0.0,44.26,2026-05-07
MO-005513,SYS-0022,300,Ended,5513,0.0,666.23,7.91,-2.0,-0.78,-104.71,198.61,0.0,765.26,2026-05-24
MO-005514,AFT-0029,100,Ended,5514,0.0,56.52,3.71,12.69,4.7,170.39,15.34,0.0,263.36,2026-06-10
MO-005515,SA-0006,100,Started,5515,0.0,3957.29,0.2,6.98,2.46,-395.43,40.31,0.0,3611.8,
MO-005559,CTL-0014,300,Ended,5559,0.0,-33.2,5.66,50.54,18.07,-361.46,65.86,0.0,-254.52,2026-01-16
MO-005560,SYS-0011,100,Ended,5560,0.0,126.25,2.63,-6.14,-2.27,135.71,76.54,0.0,332.7,2026-02-02
MO-005561,AFT-0018,300,Ended,5561,0.0,41.55,-2.68,8.47,2.92,-126.95,46.69,0.0,-30.0,2026-02-19
MO-005562,AFT-0055,100,Ended,5562,0.0,22.96,0.13,13.19,5.61,-49.95,29.55,0.0,21.49,2026-03-08
MO-005563,SA-0032,300,Ended,5563,0.0,13.5,1.78,6.77,2.19,4.73,19.11,0.0,48.08,2026-03-25
MO-005564,SA-0069,100,Ended,5564,0.0,-4.27,12.24,-3.55,-0.55,25.87,31.36,0.0,61.1,2026-04-11
MO-005565,DRV-0006,200,Ended,5565,0.0,220.0,24.11,-12.73,-4.66,-2075.34,800.0,0.0,-1048.62,2026-04-28
MO-005566,DRV-0043,100,Ended,5566,0.0,503.72,16.08,8.04,2.88,-1026.81,325.74,0.0,-170.35,2026-05-15
MO-005567,ACT-0020,200,Ended,5567,0.0,821.12,28.89,-10.63,-4.52,-595.57,328.76,0.0,568.04,2026-06-01
MO-005568,ACT-0057,100,Ended,5568,0.0,427.65,2.94,-1.18,-0.41,-43.16,78.65,0.0,464.49,2026-06-18
MO-005612,SA-0095,300,Ended,5612,0.0,745.53,9.88,25.02,9.15,-88.27,267.71,0.0,969.03,2026-01-07
MO-005613,DRV-0032,200,Ended,5613,0.0,91.8,8.41,8.29,2.8,-134.66,43.72,0.0,20.37,2026-01-24
MO-005614,ACT-0009,100,Ended,5614,0.0,120.66,-1.89,23.53,8.67,-59.98,50.97,0.0,141.96,2026-02-10
MO-005615,ACT-0046,200,Ended,5615,0.0,583.78,-9.6,52.19,17.63,-409.52,475.47,0.0,709.95,2026-02-27
MO-005616,CTL-0023,300,Ended,5616,0.0,38.12,1.44,-2.89,-1.24,157.69,74.59,0.0,267.71,2026-03-16
MO-005617,SYS-0020,300,Ended,5617,0.0,586.76,1.03,9.77,3.73,-212.28,237.04,0.0,626.05,2026-04-02
MO-005618,AFT-0027,300,Ended,5618,0.0,33.88,6.66,1.14,0.37,36.5,22.96,0.0,101.52,2026-04-19
MO-005619,SA-0004,200,Ended,5619,0.0,43.77,5.97,-0.81,0.21,65.36,11.3,0.0,125.8,2026-05-06
MO-005620,SA-0041,300,Ended,5620,0.0,381.76,18.86,-10.1,-3.84,-62.42,207.48,0.0,531.73,2026-05-23
MO-005621,SA-0078,100,Ended,5621,0.0,196.45,5.27,-1.06,-0.38,-1506.14,294.54,0.0,-1011.31,2026-06-09
MO-005622,DRV-0015,100,Released,5622,0.0,0.0,0.0,-86.42,-33.31,119.73,0.0,0.0,0.0,
MO-005666,AFT-0053,100,Ended,5666,0.0,60.64,5.11,5.0,1.84,-8.11,67.9,0.0,132.38,2026-01-14
MO-005667,SA-0030,100,Ended,5667,0.0,24.04,2.33,6.77,2.4,-715.91,44.73,0.0,-635.64,2026-01-31
MO-005668,SA-0067,200,Ended,5668,0.0,205.23,3.65,32.18,12.58,-511.82,173.36,0.0,-84.83,2026-02-17
MO-005669,DRV-0004,200,Ended,5669,0.0,316.92,-4.01,10.52,4.05,22.09,68.96,0.0,418.53,2026-03-06
MO-005670,DRV-0041,100,Ended,5670,0.0,193.62,-5.0,31.44,12.35,-118.2,190.02,0.0,304.23,2026-03-23
MO-005671,ACT-0018,200,Ended,5671,0.0,967.0,13.36,89.55,31.77,-5016.5,737.7,0.0,-3177.13,2026-04-09
MO-005672,ACT-0055,100,Ended,5672,0.0,349.86,8.96,-5.99,-2.24,-9.95,96.07,0.0,436.71,2026-04-26
MO-005673,CTL-0032,300,Ended,5673,0.0,131.96,3.09,2.48,0.89,-59.03,77.92,0.0,157.31,2026-05-14
MO-005674,SYS-0029,100,Ended,5674,0.0,-230.22,10.63,-5.02,-2.02,35.83,40.61,0.0,-150.19,2026-05-31
MO-005675,AFT-0036,300,Ended,5675,0.0,14.82,4.32,-5.48,-1.91,-1204.3,190.13,0.0,-1002.42,2026-06-17
MO-005719,ACT-0044,200,Ended,5719,0.0,-9.44,45.78,-55.9,-20.05,-174.15,33.45,0.0,-180.31,2026-01-05
MO-005720,CTL-0021,300,Ended,5720,0.0,47.96,5.67,-7.23,-2.73,25.15,63.69,0.0,132.51,2026-01-22
MO-005721,SYS-0018,300,Ended,5721,0.0,60.75,2.0,-4.14,-1.41,-560.77,50.51,0.0,-453.06,2026-02-08
MO-005722,AFT-0025,100,Ended,5722,0.0,64.93,1.91,10.2,4.02,-66.28,49.97,0.0,64.75,2026-02-25
MO-005723,SA-0002,300,Ended,5723,0.0,113.66,-0.86,9.5,3.38,-6.17,32.75,0.0,152.26,2026-03-14
MO-005724,SA-0039,100,Ended,5724,0.0,200.44,8.99,30.16,11.0,4.16,72.61,0.0,327.36,2026-03-31
MO-005725,SA-0076,200,Ended,5725,0.0,136.62,-0.21,15.7,5.89,-18.44,106.37,0.0,245.93,2026-04-17
MO-005726,DRV-0013,100,Ended,5726,0.0,258.11,22.75,80.0,31.39,-525.29,299.17,0.0,166.13,2026-05-04
MO-005727,DRV-0050,200,Ended,5727,0.0,3872.44,78.09,44.34,14.61,-1927.33,1647.08,0.0,3729.24,2026-05-21
MO-005728,ACT-0027,100,Ended,5728,0.0,-31.59,5.64,-9.68,-3.52,116.93,83.33,0.0,161.12,2026-06-07
MO-005729,CTL-0004,300,Reported Finished,5729,0.0,1349.59,3.88,-1.79,-0.76,0.63,27.77,0.0,1379.31,
MO-005773,DRV-0002,200,Ended,5773,0.0,1492.16,14.22,16.89,4.77,-517.93,408.75,0.0,1418.87,2026-01-13
MO-005774,DRV-0039,100,Ended,5774,0.0,176.36,48.71,-38.43,-14.77,-191.84,53.94,0.0,33.97,2026-01-30
MO-005775,ACT-0016,200,Ended,5775,0.0,360.9,24.1,-28.99,-10.56,-191.06,190.09,0.0,344.47,2026-02-16
MO-005776,ACT-0053,100,Ended,5776,0.0,55.63,0.53,-4.95,-1.86,75.37,27.46,0.0,152.18,2026-03-05
MO-005777,CTL-0030,300,Ended,5777,0.0,255.79,-0.94,-2.11,-0.79,-715.72,175.71,0.0,-288.06,2026-03-22
MO-005778,SYS-0027,100,Ended,5778,0.0,-79.08,4.66,11.44,4.17,-23.06,70.04,0.0,-11.82,2026-04-08
MO-005779,AFT-0034,100,Ended,5779,0.0,-73.65,0.64,2.02,0.68,31.34,20.05,0.0,-18.92,2026-04-25
MO-005780,SA-0011,300,Ended,5780,0.0,426.13,16.44,16.99,6.24,-104.77,289.61,0.0,650.63,2026-05-12
MO-005781,SA-0048,100,Ended,5781,0.0,99.15,22.52,48.78,18.6,-2318.26,145.06,0.0,-1984.15,2026-05-29
MO-005782,SA-0085,200,Ended,5782,0.0,851.99,57.46,51.09,17.99,-580.24,325.87,0.0,724.15,2026-06-15
MO-005826,AFT-0023,100,Ended,5826,0.0,56.44,7.73,3.65,1.7,109.7,38.25,0.0,217.46,2026-01-03
MO-005827,AFT-0060,300,Ended,5827,0.0,96.61,4.5,-2.13,-0.89,-373.75,45.82,0.0,-229.85,2026-01-20
MO-005828,SA-0037,200,Ended,5828,0.0,541.31,11.76,17.29,7.45,-280.85,147.75,0.0,444.71,2026-02-07
MO-005829,SA-0074,300,Ended,5829,0.0,-17.32,18.41,-27.37,-10.16,-172.59,33.22,0.0,-175.81,2026-02-24
MO-005830,DRV-0011,100,Ended,5830,0.0,764.84,1.62,-6.77,-2.3,-395.04,576.37,0.0,938.71,2026-03-13
MO-005831,DRV-0048,200,Ended,5831,0.0,762.38,-13.42,-9.4,-3.58,-2126.1,641.23,0.0,-748.89,2026-03-30
MO-005832,ACT-0025,100,Ended,5832,0.0,361.77,0.14,-3.47,-1.32,-82.96,125.83,0.0,400.0,2026-04-16
MO-005833,CTL-0002,300,Ended,5833,0.0,82.5,3.85,-0.91,-0.3,60.64,43.98,0.0,189.76,2026-05-03
MO-005834,CTL-0039,300,Ended,5834,0.0,9.63,8.99,11.51,4.51,-13.82,65.93,0.0,86.74,2026-05-20
MO-005835,AFT-0006,300,Ended,5835,0.0,1140.9,6.11,9.17,3.36,-1588.56,1151.0,0.0,721.99,2026-06-06
MO-005836,AFT-0043,100,Started,5836,0.0,5138.19,14.7,19.39,7.24,-34.23,49.12,0.0,5194.41,
MO-005880,ACT-0051,100,Ended,5880,0.0,-8.58,5.1,-1.22,-0.65,-256.57,341.27,0.0,79.34,2026-01-11
MO-005881,CTL-0028,300,Ended,5881,0.0,352.53,4.09,2.39,0.93,-111.83,188.75,0.0,436.86,2026-01-28
MO-005882,SYS-0025,100,Ended,5882,0.0,-6.21,4.27,-2.83,-1.1,-114.57,55.0,0.0,-65.45,2026-02-14
MO-005883,AFT-0032,100,Ended,5883,0.0,-41.56,11.49,0.94,0.2,-42.51,53.21,0.0,-18.23,2026-03-03
MO-005884,SA-0009,100,Ended,5884,0.0,163.56,0.57,-24.18,-9.3,-42.83,52.06,0.0,139.89,2026-03-20
MO-005885,SA-0046,200,Ended,5885,0.0,153.26,-3.25,-7.21,-2.38,-42.51,135.43,0.0,233.33,2026-04-06
MO-005886,SA-0083,300,Ended,5886,0.0,932.92,27.59,35.57,14.08,-355.6,583.73,0.0,1238.29,2026-04-23
MO-005887,DRV-0020,200,Ended,5887,0.0,1341.68,5.13,5.29,2.22,-616.72,502.31,0.0,1239.92,2026-05-10
MO-005888,DRV-0057,100,Ended,5888,0.0,221.5,2.75,-2.68,-1.01,-24.66,116.11,0.0,312.01,2026-05-27
MO-005889,ACT-0034,200,Ended,5889,0.0,6.76,7.0,-1.2,-0.45,161.22,6.77,0.0,180.1,2026-06-13
MO-005933,SA-0072,100,Ended,5933,0.0,93.85,11.05,22.04,8.5,-1149.21,67.07,0.0,-946.7,2026-01-02
MO-005934,DRV-0009,100,Ended,5934,0.0,-39.62,39.32,66.01,24.63,-53.29,42.67,0.0,79.72,2026-01-19
MO-005935,DRV-0046,200,Ended,5935,0.0,367.47,40.31,60.53,20.74,-669.54,767.66,0.0,587.16,2026-02-05
MO-005936,ACT-0023,100,Ended,5936,0.0,341.46,2.0,-3.51,-1.3,-51.29,138.73,0.0,426.1,2026-02-22
MO-005937,ACT-0060,200,Ended,5937,0.0,11.23,1.75,-1.6,-0.57,-235.47,13.08,0.0,-211.59,2026-03-11
MO-005938,CTL-0037,300,Ended,5938,0.0,713.89,2.93,-1.3,-0.72,-364.05,303.2,0.0,653.95,2026-03-28
MO-005939,AFT-0004,100,Ended,5939,0.0,76.0,-2.97,-13.33,-4.57,-52.83,85.75,0.0,88.04,2026-04-14
MO-005940,AFT-0041,100,Ended,5940,0.0,431.59,14.42,-0.07,0.16,-288.91,407.06,0.0,564.25,2026-05-01
MO-005941,SA-0018,100,Ended,5941,0.0,476.68,16.78,7.59,2.6,-2918.62,316.79,0.0,-2098.18,2026-05-18
MO-005942,SA-0055,200,Ended,5942,0.0,784.16,55.02,51.11,18.66,-1556.85,441.87,0.0,-206.03,2026-06-04
MO-005943,SA-0092,300,Released,5943,0.0,0.0,0.0,-23.55,-8.3,31.86,0.0,0.0,0.0,
MO-005987,AFT-0030,300,Ended,5987,0.0,-0.4,6.03,5.15,2.03,-832.62,41.04,0.0,-778.77,2026-01-10
MO-005988,SA-0007,200,Ended,5988,0.0,136.32,33.89,44.88,16.53,-228.82,152.59,0.0,155.39,2026-01-27
MO-005989,SA-0044,300,Ended,5989,0.0,-5.05,18.95,23.56,8.09,-56.67,21.57,0.0,10.45,2026-02-13
MO-005990,SA-0081,100,Ended,5990,0.0,1179.22,27.05,64.32,23.9,-567.18,563.93,0.0,1291.24,2026-03-02
MO-005991,DRV-0018,200,Ended,5991,0.0,650.64,5.61,22.44,7.52,-7654.7,1028.13,0.0,-5940.36,2026-03-19
MO-005992,DRV-0055,100,Ended,5992,0.0,-222.66,0.59,-4.86,-1.8,-204.4,243.02,0.0,-190.11,2026-04-05
MO-005993,ACT-0032,200,Ended,5993,0.0,8.35,-2.92,-1.47,-0.72,39.05,9.31,0.0,51.6,2026-04-22
MO-005994,CTL-0009,300,Ended,5994,0.0,260.1,0.38,-14.91,-5.61,38.14,51.3,0.0,329.4,2026-05-09
MO-005995,SYS-0006,300,Ended,5995,0.0,124.49,7.7,-4.83,-1.81,-430.0,87.32,0.0,-217.13,2026-05-26
MO-005996,AFT-0013,100,Ended,5996,0.0,1245.5,29.49,12.38,4.54,-1035.11,825.05,0.0,1081.85,2026-06-12
MO-005997,AFT-0050,100,Released,5997,0.0,0.0,0.0,-48.13,-16.97,65.1,0.0,0.0,0.0,
MO-006041,ACT-0058,200,Ended,6041,0.0,36.67,3.56,-1.69,-0.62,40.86,28.85,0.0,107.64,2026-01-17
MO-006042,CTL-0035,300,Ended,6042,0.0,1153.47,14.62,9.48,3.77,-169.38,323.89,0.0,1335.85,2026-02-03
MO-006043,AFT-0002,100,Ended,6043,0.0,158.99,10.83,7.14,2.42,-105.12,130.82,0.0,205.08,2026-02-20
MO-006044,AFT-0039,300,Ended,6044,0.0,-2283.73,14.95,27.69,10.27,-566.49,598.74,0.0,-2198.57,2026-03-09
MO-006045,SA-0016,200,Ended,6045,0.0,70.18,8.78,25.69,9.83,-35.28,92.57,0.0,171.77,2026-03-27
MO-006046,SA-0053,300,Ended,6046,0.0,614.31,0.58,24.08,8.42,-514.53,625.9,0.0,758.76,2026-04-13
MO-006047,SA-0090,100,Ended,6047,0.0,496.56,-0.89,5.21,2.84,-7333.24,310.86,0.0,-6518.66,2026-04-30
MO-006048,DRV-0027,100,Ended,6048,0.0,109.25,0.66,-3.65,-1.47,41.54,35.06,0.0,181.39,2026-05-17
MO-006049,ACT-0004,200,Ended,6049,0.0,25.49,0.9,-8.3,-2.96,60.83,4.06,0.0,80.01,2026-06-03
MO-006050,ACT-0041,100,Ended,6050,0.0,137.2,7.97,-8.14,-3.1,60.65,77.62,0.0,272.21,2026-06-20
MO-006094,SA-0079,200,Ended,6094,0.0,464.33,28.85,5.93,2.13,-741.84,173.73,0.0,-66.87,2026-01-08
MO-006095,DRV-0016,200,Ended,6095,0.0,579.13,5.48,1.9,0.63,-304.57,334.08,0.0,616.64,2026-01-25
MO-006096,DRV-0053,100,Ended,6096,0.0,-47.44,5.22,-7.37,-2.76,17.28,149.76,0.0,114.69,2026-02-11
MO-006097,ACT-0030,200,Ended,6097,0.0,15.97,9.83,3.65,1.46,-238.35,26.63,0.0,-180.82,2026-02-28
MO-006098,CTL-0007,300,Ended,6098,0.0,-4.41,7.2,27.41,10.68,-198.16,154.49,0.0,-2.8,2026-03-17
MO-006099,SYS-0004,300,Ended,6099,0.0,38.62,5.74,9.32,3.58,91.71,10.87,0.0,159.85,2026-04-03
MO-006100,AFT-0011,100,Ended,6100,0.0,297.49,0.39,26.3,9.82,-108.19,160.92,0.0,386.73,2026-04-20
MO-006101,AFT-0048,300,Ended,6101,0.0,2923.7,-1.07,6.75,2.35,-2649.19,933.91,0.0,1216.45,2026-05-07
MO-006102,SA-0025,200,Ended,6102,0.0,422.17,1.06,3.39,1.31,-899.06,303.43,0.0,-167.7,2026-05-24
MO-006103,SA-0062,300,Ended,6103,0.0,-123.09,9.42,12.14,2.49,-670.98,183.02,0.0,-587.0,2026-06-10
MO-006104,SA-0099,100,Reported Finished,6104,0.0,610.46,4.71,-8.23,-3.16,67.63,15.7,0.0,687.11,
MO-006148,AFT-0037,100,Ended,6148,0.0,666.89,17.9,-6.84,-2.5,-828.52,430.83,0.0,277.76,2026-01-16
MO-006149,SA-0014,300,Ended,6149,0.0,90.89,15.46,-2.88,-0.99,-72.33,33.33,0.0,63.48,2026-02-02
MO-006150,SA-0051,100,Ended,6150,0.0,774.23,18.25,20.18,8.02,-795.16,762.1,0.0,787.61,2026-02-19
MO-006151,SA-0088,200,Ended,6151,0.0,187.43,33.56,0.99,0.6,-128.05,159.61,0.0,254.13,2026-03-08
MO-006152,DRV-0025,100,Ended,6152,0.0,284.84,6.49,-3.32,-1.26,-30.54,100.84,0.0,357.04,2026-03-25
MO-006153,ACT-0002,200,Ended,6153,0.0,22.84,2.78,8.55,3.04,34.97,15.94,0.0,88.12,2026-04-11
MO-006154,ACT-0039,100,Ended,6154,0.0,144.04,1.45,13.38,4.99,86.3,26.6,0.0,276.76,2026-04-28
MO-006155,CTL-0016,300,Ended,6155,0.0,-10.08,-3.07,8.05,2.76,39.27,54.61,0.0,91.55,2026-05-15
MO-006156,SYS-0013,100,Ended,6156,0.0,293.88,0.54,9.67,4.18,-307.86,244.1,0.0,244.51,2026-06-01
MO-006157,AFT-0020,100,Ended,6157,0.0,0.77,4.93,13.57,3.72,-281.75,211.62,0.0,-47.13,2026-06-18
MO-006201,ACT-0028,200,Ended,6201,0.0,17.97,-1.05,0.19,0.09,95.17,17.09,0.0,129.47,2026-01-07
MO-006202,CTL-0005,300,Ended,6202,0.0,-22.55,2.93,-4.98,-2.03,-56.31,111.82,0.0,28.88,2026-01-24
MO-006203,SYS-0002,300,Ended,6203,0.0,351.27,9.35,-6.61,-2.29,-75.74,97.9,0.0,373.87,2026-02-10
MO-006204,AFT-0009,300,Ended,6204,0.0,219.57,13.83,4.05,1.68,32.86,43.59,0.0,315.59,2026-02-27
MO-006205,AFT-0046,100,Ended,6205,0.0,667.87,9.9,-6.32,-2.13,-281.51,298.86,0.0,686.67,2026-03-16
MO-006206,SA-0023,300,Ended,6206,0.0,707.81,28.38,16.84,6.25,-705.06,806.63,0.0,860.85,2026-04-02
MO-006207,SA-0060,100,Ended,6207,0.0,-61.67,30.01,25.06,8.38,-3209.59,182.51,0.0,-3025.3,2026-04-19
MO-006208,SA-0097,200,Ended,6208,0.0,17.55,0.02,-2.0,-0.78,40.35,30.91,0.0,86.06,2026-05-06
MO-006209,DRV-0034,200,Ended,6209,0.0,3.07,-0.62,9.25,3.25,63.42,8.48,0.0,86.85,2026-05-23
MO-006210,ACT-0011,100,Ended,6210,0.0,104.61,5.5,2.86,0.73,86.74,72.9,0.0,273.34,2026-06-09
MO-006211,ACT-0048,200,Started,6211,0.0,1322.38,0.66,2.36,0.91,-221.84,15.34,0.0,1119.8,
MO-006255,SA-0086,300,Ended,6255,0.0,867.64,4.19,64.44,20.67,-714.82,509.72,0.0,751.84,2026-01-14
MO-006256,DRV-0023,100,Ended,6256,0.0,117.06,7.15,-8.13,-2.89,108.58,87.41,0.0,309.17,2026-01-31
MO-006257,DRV-0060,200,Ended,6257,0.0,25.51,2.73,-4.96,-1.99,-414.44,22.43,0.0,-370.73,2026-02-17
MO-006258,ACT-0037,100,Ended,6258,0.0,1655.16,6.78,-6.97,-2.61,-295.19,265.39,0.0,1622.56,2026-03-06
MO-006259,CTL-0014,300,Ended,6259,0.0,-49.24,6.26,-1.68,-0.62,10.42,15.05,0.0,-19.82,2026-03-23
MO-006260,SYS-0011,100,Ended,6260,0.0,375.51,8.39,3.65,1.5,-163.06,357.18,0.0,583.16,2026-04-09
MO-006261,AFT-0018,300,Ended,6261,0.0,44.62,16.11,1.84,0.42,-691.98,210.12,0.0,-418.88,2026-04-26
MO-006262,AFT-0055,100,Ended,6262,0.0,171.1,-0.89,36.74,13.54,-484.25,118.18,0.0,-145.58,2026-05-14
MO-006263,SA-0032,300,Ended,6263,0.0,113.97,-16.39,41.1,15.83,-302.83,83.59,0.0,-64.72,2026-05-31
MO-006264,SA-0069,100,Ended,6264,0.0,16.39,0.17,-1.39,-0.53,142.87,6.72,0.0,164.22,2026-06-17
MO-006308,AFT-0007,100,Ended,6308,0.0,81.12,-6.15,14.81,5.39,-225.69,41.44,0.0,-89.09,2026-01-05
MO-006309,AFT-0044,100,Ended,6309,0.0,264.16,-0.61,47.63,16.88,-202.49,90.2,0.0,215.76,2026-01-22
MO-006310,SA-0021,100,Ended,6310,0.0,409.88,15.68,54.62,19.23,-638.24,661.52,0.0,522.7,2026-02-08
MO-006311,SA-0058,200,Ended,6311,0.0,134.0,51.02,14.95,8.64,-194.29,240.22,0.0,254.54,2026-02-25
MO-006312,SA-0095,300,Ended,6312,0.0,103.88,6.78,-10.11,-3.81,120.29,57.37,0.0,274.4,2026-03-14
MO-006313,DRV-0032,200,Ended,6313,0.0,7.34,4.82,-6.4,-2.26,60.37,9.71,0.0,73.58,2026-03-31
MO-006314,ACT-0009,100,Ended,6314,0.0,11.77,4.16,-3.06,-1.17,27.2,12.74,0.0,51.64,2026-04-17
MO-006315,ACT-0046,200,Ended,6315,0.0,157.59,4.39,-1.62,-0.45,-5.18,108.68,0.0,263.41,2026-05-04
MO-006316,CTL-0023,300,Ended,6316,0.0,551.66,3.57,9.63,3.63,-133.48,348.08,0.0,783.09,2026-05-21
MO-006317,SYS-0020,300,Ended,6317,0.0,1519.82,-8.89,11.98,4.71,-1083.81,1066.68,0.0,1510.48,2026-06-07
MO-006318,AFT-0027,300,Released,6318,0.0,0.0,0.0,-44.64,-16.74,61.38,0.0,0.0,0.0,
MO-006362,ACT-0035,100,Ended,6362,0.0,854.47,1.7,10.69,4.2,59.39,206.21,0.0,1136.65,2026-01-13
MO-006363,CTL-0012,300,Ended,6363,0.0,-1012.18,-1.75,5.39,1.95,-689.89,358.61,0.0,-1337.87,2026-01-30
MO-006364,SYS-0009,100,Ended,6364,0.0,94.99,4.46,37.91,13.83,19.7,38.5,0.0,209.4,2026-02-16
MO-006365,AFT-0016,100,Ended,6365,0.0,1243.97,30.81,25.14,9.02,-628.54,761.22,0.0,1441.63,2026-03-05
MO-006366,AFT-0053,100,Ended,6366,0.0,244.66,42.98,-5.91,-3.81,-240.37,271.59,0.0,309.14,2026-03-22
MO-006367,SA-0030,100,Ended,6367,0.0,234.82,42.18,-20.46,-8.71,-3492.33,195.68,0.0,-3048.83,2026-04-08
MO-006368,SA-0067,200,Ended,6368,0.0,8.11,2.85,-10.32,-3.95,40.07,37.15,0.0,73.91,2026-04-25
MO-006369,DRV-0004,200,Ended,6369,0.0,22.79,2.53,-4.91,-1.83,103.66,15.33,0.0,137.55,2026-05-12
MO-006370,DRV-0041,100,Ended,6370,0.0,24.79,5.46,-3.81,-1.55,8.69,47.51,0.0,81.08,2026-05-29
MO-006371,ACT-0018,200,Ended,6371,0.0,111.74,-4.66,1.59,0.47,-1056.69,168.62,0.0,-778.94,2026-06-15
MO-006415,SA-0056,300,Ended,6415,0.0,-112.7,-0.03,4.71,2.04,-585.7,512.86,0.0,-178.83,2026-01-03
MO-006416,SA-0093,100,Ended,6416,0.0,71.97,-1.12,-1.47,-0.56,32.75,40.45,0.0,142.02,2026-01-20
MO-006417,DRV-0030,200,Ended,6417,0.0,26.46,1.39,0.48,0.15,-487.0,26.86,0.0,-431.66,2026-02-07
MO-006418,ACT-0007,100,Ended,6418,0.0,184.98,6.73,3.4,1.16,-288.97,193.67,0.0,100.96,2026-02-24
MO-006419,ACT-0044,200,Ended,6419,0.0,20.57,5.39,18.81,6.49,11.25,7.65,0.0,70.15,2026-03-13
MO-006420,CTL-0021,300,Ended,6420,0.0,524.12,22.96,29.89,12.53,-235.59,297.24,0.0,651.15,2026-03-30
MO-006421,SYS-0018,300,Ended,6421,0.0,163.63,27.09,2.01,-0.43,-3123.61,227.3,0.0,-2704.0,2026-04-16
MO-006422,AFT-0025,100,Ended,6422,0.0,106.86,14.87,-13.61,-4.83,-508.81,199.86,0.0,-205.66,2026-05-03
MO-006423,SA-0002,300,Ended,6423,0.0,304.37,9.4,-23.56,-8.63,-411.1,143.28,0.0,13.76,2026-05-20
MO-006424,SA-0039,100,Ended,6424,0.0,25.26,0.67,-7.66,-2.79,141.43,15.56,0.0,172.46,2026-06-06
MO-006425,SA-0076,200,Reported Finished,6425,0.0,184.02,-2.44,-4.99,-1.83,106.61,4.73,0.0,286.09,
MO-006469,AFT-0014,100,Ended,6469,0.0,297.33,0.27,-3.83,-1.29,-150.96,84.24,0.0,225.76,2026-01-11
MO-006470,AFT-0051,300,Ended,6470,0.0,624.16,-7.89,15.3,5.69,-989.66,940.67,0.0,588.28,2026-01-28
MO-006471,SA-0028,200,Ended,6471,0.0,388.44,-2.6,11.82,3.94,-244.1,259.35,0.0,416.86,2026-02-14
MO-006472,SA-0065,300,Ended,6472,0.0,44.1,1.19,-1.32,-0.51,52.17,31.61,0.0,127.24,2026-03-03
MO-006473,DRV-0002,200,Ended,6473,0.0,189.65,4.4,0.97,0.28,-0.61,90.83,0.0,285.51,2026-03-20
MO-006474,DRV-0039,100,Ended,6474,0.0,15.27,12.51,12.06,4.36,174.81,13.48,0.0,232.5,2026-04-06
MO-006475,ACT-0016,200,Ended,6475,0.0,61.98,11.73,20.98,7.99,9.4,43.45,0.0,155.53,2026-04-23
MO-006476,ACT-0053,100,Ended,6476,0.0,175.09,15.37,6.04,2.14,-26.3,128.16,0.0,300.49,2026-05-10
MO-006477,CTL-0030,300,Ended,6477,0.0,531.89,7.9,-5.88,-1.95,-3859.67,790.71,0.0,-2536.99,2026-05-27
MO-006478,SYS-0027,100,Ended,6478,0.0,1155.6,3.07,-12.5,-4.6,-311.91,280.15,0.0,1109.81,2026-06-13
MO-006522,ACT-0005,100,Ended,6522,0.0,178.86,6.99,-14.17,-5.32,29.1,82.86,0.0,278.32,2026-01-02
MO-006523,ACT-0042,200,Ended,6523,0.0,90.37,1.21,-5.89,-2.2,-1507.38,51.48,0.0,-1372.42,2026-01-19
MO-006524,CTL-0019,300,Ended,6524,0.0,-50.51,3.1,13.05,4.79,-227.67,70.62,0.0,-186.62,2026-02-05
MO-006525,SYS-0016,300,Ended,6525,0.0,1125.58,-1.82,2.66,0.82,-859.77,909.99,0.0,1177.47,2026-02-22
MO-006526,AFT-0023,100,Ended,6526,0.0,126.67,8.65,22.01,8.1,-26.3,152.98,0.0,292.11,2026-03-11
MO-006527,AFT-0060,300,Ended,6527,0.0,251.59,21.62,37.21,13.04,-1769.6,200.46,0.0,-1245.68,2026-03-28
MO-006528,SA-0037,200,Ended,6528,0.0,69.05,3.24,-0.4,-0.09,4.14,31.66,0.0,107.6,2026-04-14
MO-006529,SA-0074,300,Ended,6529,0.0,32.99,8.49,5.13,1.78,89.58,7.38,0.0,145.36,2026-05-01
MO-006530,DRV-0011,100,Ended,6530,0.0,179.59,9.99,3.57,1.16,91.58,144.09,0.0,429.98,2026-05-18
MO-006531,DRV-0048,200,Ended,6531,0.0,219.17,6.13,6.46,2.31,-446.94,146.57,0.0,-66.31,2026-06-04
MO-006532,ACT-0025,100,Started,6532,0.0,25164.01,0.16,-1.47,-0.65,-195.39,195.73,0.0,25162.4,
MO-006576,SA-0063,100,Ended,6576,0.0,20.68,2.09,-0.19,-0.24,-12.27,63.33,0.0,73.41,2026-01-10
MO-006577,SA-0100,200,Ended,6577,0.0,2.52,1.18,-8.32,-2.97,16.47,34.19,0.0,43.07,2026-01-27
MO-006578,DRV-0037,100,Ended,6578,0.0,-529.28,-3.69,-8.51,-3.24,-369.26,312.86,0.0,-601.12,2026-02-13
MO-006579,ACT-0014,200,Ended,6579,0.0,117.75,3.64,1.44,0.55,19.65,21.78,0.0,164.81,2026-03-02
MO-006580,ACT-0051,100,Ended,6580,0.0,4072.74,19.93,23.19,9.11,-1541.89,1592.61,0.0,4175.68,2026-03-19
MO-006581,CTL-0028,300,Ended,6581,0.0,1011.43,5.46,7.1,2.77,-792.08,849.37,0.0,1084.05,2026-04-05
MO-006582,SYS-0025,100,Ended,6582,0.0,625.75,16.31,22.18,8.29,-902.4,220.0,0.0,-9.87,2026-04-22
MO-006583,AFT-0032,100,Ended,6583,0.0,896.76,37.5,65.36,24.76,-318.32,232.78,0.0,938.85,2026-05-09
MO-006584,SA-0009,100,Ended,6584,0.0,3.95,7.66,4.88,1.98,67.37,11.15,0.0,96.99,2026-05-26
MO-006585,SA-0046,200,Ended,6585,0.0,20.89,2.57,-0.06,-0.11,106.84,30.1,0.0,160.23,2026-06-12
MO-006586,SA-0083,300,Started,6586,0.0,4121.91,1.69,-4.13,-1.41,230.64,36.48,0.0,4385.17,
MO-006630,AFT-0021,300,Ended,6630,0.0,218.65,2.95,-3.93,-1.94,-339.75,276.65,0.0,152.64,2026-01-17
MO-006631,AFT-0058,100,Ended,6631,0.0,277.78,20.68,24.28,12.31,-121.84,174.01,0.0,387.21,2026-02-03
MO-006632,SA-0035,300,Ended,6632,0.0,107.92,-1.23,-7.77,-2.99,1.38,56.87,0.0,154.17,2026-02-20
MO-006633,SA-0072,100,Ended,6633,0.0,38.53,-0.66,-5.48,-2.02,-210.68,14.9,0.0,-165.41,2026-03-09
MO-006634,DRV-0009,100,Ended,6634,0.0,53.56,3.9,-3.1,-1.18,72.52,10.67,0.0,136.36,2026-03-27
MO-006635,DRV-0046,200,Ended,6635,0.0,45.34,12.02,5.71,2.01,4.77,175.46,0.0,245.32,2026-04-13
MO-006636,ACT-0023,100,Ended,6636,0.0,1093.15,14.74,25.49,9.3,-550.97,647.42,0.0,1239.13,2026-04-30
MO-006637,ACT-0060,200,Ended,6637,0.0,12.93,7.12,6.65,2.26,-1316.03,58.86,0.0,-1228.21,2026-05-17
MO-006638,CTL-0037,300,Ended,6638,0.0,958.62,37.6,45.33,16.97,-1885.51,1212.82,0.0,385.83,2026-06-03
MO-006639,AFT-0004,100,Ended,6639,0.0,-556.7,17.72,126.83,47.17,-289.46,375.14,0.0,-279.3,2026-06-20
MO-006683,ACT-0012,200,Ended,6683,0.0,3.31,10.37,9.7,3.33,-648.06,24.84,0.0,-596.51,2026-01-08
MO-006684,ACT-0049,100,Ended,6684,0.0,82.09,4.64,14.04,5.95,-360.11,58.12,0.0,-195.27,2026-01-25
MO-006685,CTL-0026,300,Ended,6685,0.0,833.28,-0.61,-2.72,-1.29,-526.84,469.97,0.0,771.8,2026-02-11
MO-006686,SYS-0023,100,Ended,6686,0.0,3863.1,-11.41,10.22,3.44,-1189.65,1306.98,0.0,3982.67,2026-02-28
MO-006687,AFT-0030,300,Ended,6687,0.0,136.51,-5.03,-48.63,-17.93,-4073.26,179.56,0.0,-3828.78,2026-03-17
MO-006688,SA-0007,200,Ended,6688,0.0,-16.81,4.04,-4.27,-1.54,-10.43,32.7,0.0,3.69,2026-04-03
MO-006689,SA-0044,300,Ended,6689,0.0,-13.45,2.1,-3.1,-1.12,29.57,4.79,0.0,18.8,2026-04-20
MO-006690,SA-0081,100,Ended,6690,0.0,212.63,9.05,0.34,0.09,-53.72,140.98,0.0,309.37,2026-05-07
MO-006691,DRV-0018,200,Ended,6691,0.0,419.12,9.88,7.77,2.74,-1594.33,235.0,0.0,-919.82,2026-05-24
MO-006692,DRV-0055,100,Ended,6692,0.0,4879.83,2.77,25.78,10.09,-1290.1,1134.09,0.0,4762.45,2026-06-10
MO-006693,ACT-0032,200,Released,6693,0.0,0.0,0.0,-42.12,-15.79,57.92,0.0,0.0,0.0,
MO-006737,SA-0070,200,Ended,6737,0.0,41.95,3.52,11.11,3.91,19.67,30.01,0.0,110.16,2026-01-16
MO-006738,DRV-0007,100,Ended,6738,0.0,407.95,3.93,4.7,1.38,-145.32,94.91,0.0,367.56,2026-02-02
MO-006739,DRV-0044,200,Ended,6739,0.0,11.72,-0.06,9.29,3.57,16.75,8.76,0.0,50.03,2026-02-19
MO-006740,ACT-0021,100,Ended,6740,0.0,121.01,-2.32,0.91,0.26,-267.49,324.84,0.0,177.21,2026-03-08
MO-006741,ACT-0058,200,Ended,6741,0.0,79.22,-2.59,4.2,1.2,-78.32,129.82,0.0,133.51,2026-03-25
MO-006742,CTL-0035,300,Ended,6742,0.0,3647.99,24.08,-40.68,-14.65,-1206.55,1295.55,0.0,3705.74,2026-04-11
MO-006743,AFT-0002,100,Ended,6743,0.0,-188.43,16.11,-23.15,-8.43,-847.34,572.32,0.0,-478.92,2026-04-28
MO-006744,AFT-0039,300,Ended,6744,0.0,885.0,3.97,-2.14,-0.82,-93.81,128.3,0.0,920.5,2026-05-15
MO-006745,SA-0016,200,Ended,6745,0.0,33.28,4.44,-1.51,-0.54,38.66,20.57,0.0,94.9,2026-06-01
MO-006746,SA-0053,300,Ended,6746,0.0,34.1,5.44,2.15,0.8,-32.71,156.48,0.0,166.27,2026-06-18
MO-006790,SYS-0021,100,Ended,6790,0.0,3558.85,61.85,38.41,14.15,-1351.16,1355.14,0.0,3677.25,2026-01-07
MO-006791,AFT-0028,100,Ended,6791,0.0,217.59,30.43,98.23,34.53,-153.64,244.83,0.0,471.96,2026-01-24
MO-006792,SA-0005,300,Ended,6792,0.0,33.7,2.6,0.16,0.05,121.82,28.08,0.0,186.4,2026-02-10
MO-006793,SA-0042,100,Ended,6793,0.0,-30.25,0.22,4.37,1.45,-178.12,32.37,0.0,-169.95,2026-02-27
MO-006794,SA-0079,200,Ended,6794,0.0,57.36,1.06,-1.1,-0.44,-94.69,43.43,0.0,5.62,2026-03-16
MO-006795,DRV-0016,200,Ended,6795,0.0,85.29,-0.53,0.94,0.32,0.7,76.36,0.0,163.07,2026-04-02
MO-006796,DRV-0053,100,Ended,6796,0.0,2305.93,2.26,3.94,1.02,-545.78,698.86,0.0,2466.23,2026-04-19
MO-006797,ACT-0030,200,Ended,6797,0.0,46.31,21.6,-27.66,-9.47,-1351.59,119.82,0.0,-1200.99,2026-05-06
MO-006798,CTL-0007,300,Ended,6798,0.0,-920.75,49.09,3.11,1.57,-1387.05,617.95,0.0,-1636.08,2026-05-23
MO-006799,SYS-0004,300,Ended,6799,0.0,40.57,33.86,-4.07,-1.29,-14.37,47.58,0.0,102.28,2026-06-09
MO-006800,AFT-0011,100,Reported Finished,6800,0.0,279.77,2.02,-0.98,-0.37,33.48,6.9,0.0,320.81,
MO-006844,ACT-0019,100,Ended,6844,0.0,60.43,15.63,8.77,3.49,-446.55,87.43,0.0,-270.79,2026-01-14
MO-006845,ACT-0056,200,Ended,6845,0.0,-12.85,35.17,15.19,5.93,-369.3,278.36,0.0,-47.51,2026-01-31
MO-006846,CTL-0033,300,Ended,6846,0.0,4926.71,14.32,51.13,19.05,-2051.76,2058.87,0.0,5018.31,2026-02-17
MO-006847,SYS-0030,300,Ended,6847,0.0,141.55,2.3,106.6,38.17,-6029.49,1737.14,0.0,-4003.72,2026-03-06
MO-006848,AFT-0037,100,Ended,6848,0.0,34.0,0.48,-6.11,-2.01,-4.24,92.32,0.0,114.44,2026-03-23
MO-006849,SA-0014,300,Ended,6849,0.0,19.57,1.06,0.04,-0.02,21.14,7.41,0.0,49.19,2026-04-09
MO-006850,SA-0051,100,Ended,6850,0.0,80.7,6.62,-3.88,-1.33,-102.75,190.52,0.0,169.89,2026-04-26
MO-006851,SA-0088,200,Ended,6851,0.0,19.84,3.44,1.42,0.2,46.95,36.48,0.0,108.32,2026-05-14
MO-006852,DRV-0025,100,Ended,6852,0.0,857.85,24.8,-23.0,-8.66,-798.3,470.58,0.0,523.27,2026-05-31
MO-006853,ACT-0002,200,Ended,6853,0.0,190.3,24.76,-8.92,-3.37,-136.75,71.72,0.0,137.73,2026-06-17
MO-006897,SA-0040,200,Ended,6897,0.0,32.97,3.28,-4.78,-1.78,54.31,49.4,0.0,133.39,2026-01-05
MO-006898,SA-0077,300,Ended,6898,0.0,59.08,5.09,-0.62,-0.23,13.29,25.31,0.0,101.92,2026-01-22
MO-006899,DRV-0014,200,Ended,6899,0.0,154.04,10.26,0.79,0.27,-17.51,39.07,0.0,186.91,2026-02-08
MO-006900,DRV-0051,100,Ended,6900,0.0,1589.33,8.02,25.61,9.95,-1027.02,1107.04,0.0,1712.93,2026-02-25
MO-006901,ACT-0028,200,Ended,6901,0.0,109.12,3.64,19.43,6.64,11.72,76.89,0.0,227.44,2026-03-14
MO-006902,CTL-0005,300,Ended,6902,0.0,-534.39,-9.22,56.28,20.88,-360.94,447.28,0.0,-380.1,2026-03-31
MO-006903,SYS-0002,300,Ended,6903,0.0,887.69,9.89,56.14,21.99,-699.2,428.3,0.0,704.8,2026-04-17
MO-006904,AFT-0009,300,Ended,6904,0.0,21.87,5.28,-9.76,-3.81,189.34,9.34,0.0,212.26,2026-05-04
MO-006905,AFT-0046,100,Ended,6905,0.0,107.8,0.96,3.09,1.0,-35.83,66.41,0.0,143.43,2026-05-21
MO-006906,SA-0023,300,Ended,6906,0.0,387.27,7.35,-1.45,-0.86,-86.79,201.66,0.0,507.19,2026-06-07
MO-006907,SA-0060,100,Started,6907,0.0,1116.25,5.29,-4.54,-1.62,-179.82,13.91,0.0,949.47,
MO-006951,SYS-0028,300,Ended,6951,0.0,409.97,16.85,-23.26,-8.63,-1477.39,1479.21,0.0,396.76,2026-01-13
MO-006952,AFT-0035,100,Ended,6952,0.0,64.69,4.68,-5.34,-2.0,-0.4,103.16,0.0,164.8,2026-01-30
MO-006953,SA-0012,100,Ended,6953,0.0,22.68,4.29,-3.41,-1.21,-333.04,16.66,0.0,-294.03,2026-02-16
MO-006954,SA-0049,200,Ended,6954,0.0,3.25,9.65,-0.91,-0.34,-34.38,17.39,0.0,-5.34,2026-03-05
MO-006955,SA-0086,300,Ended,6955,0.0,135.61,-0.29,11.19,4.26,-88.38,116.51,0.0,178.89,2026-03-22
MO-006956,DRV-0023,100,Ended,6956,0.0,255.59,3.75,61.48,23.92,-182.91,407.89,0.0,569.71,2026-04-08
MO-006957,DRV-0060,200,Ended,6957,0.0,56.87,-2.01,24.49,9.38,-2300.1,100.92,0.0,-2110.46,2026-04-25
MO-006958,ACT-0037,100,Ended,6958,0.0,5004.1,10.07,54.85,20.47,-1319.77,1061.58,0.0,4831.31,2026-05-12
MO-006959,CTL-0014,300,Ended,6959,0.0,167.8,26.09,14.98,5.24,-380.91,65.86,0.0,-100.94,2026-05-29
MO-006960,SYS-0011,100,Ended,6960,0.0,50.73,5.08,-7.54,-2.9,134.06,76.54,0.0,255.97,2026-06-15
MO-007004,DRV-0049,100,Ended,7004,0.0,595.27,13.57,6.87,2.44,-230.39,83.99,0.0,471.75,2026-01-03
MO-007005,ACT-0026,200,Ended,7005,0.0,732.41,31.99,-7.3,-2.44,-866.09,744.37,0.0,632.94,2026-01-20
MO-007006,CTL-0003,300,Ended,7006,0.0,115.04,24.42,-8.84,-3.25,-1092.0,991.28,0.0,26.66,2026-02-07
MO-007007,CTL-0040,300,Ended,7007,0.0,3980.97,18.31,-7.6,-2.72,-1929.51,1939.03,0.0,3998.48,2026-02-24
MO-007008,AFT-0007,100,Ended,7008,0.0,6.6,2.64,-5.57,-2.08,32.28,8.88,0.0,42.76,2026-03-13
MO-007009,AFT-0044,100,Ended,7009,0.0,36.03,0.31,-3.93,-1.32,82.67,20.04,0.0,133.79,2026-03-30
MO-007010,SA-0021,100,Ended,7010,0.0,261.27,-3.51,8.44,3.13,-132.94,165.38,0.0,301.78,2026-04-16
MO-007011,SA-0058,200,Ended,7011,0.0,90.52,3.51,21.02,7.51,43.62,54.91,0.0,221.08,2026-05-03
MO-007012,SA-0095,300,Ended,7012,0.0,265.17,21.44,33.35,12.37,-80.15,267.71,0.0,519.88,2026-05-20
MO-007013,DRV-0032,200,Ended,7013,0.0,-25.75,6.34,21.95,7.56,-127.45,43.72,0.0,-73.63,2026-06-06
MO-007014,ACT-0009,100,Released,7014,0.0,0.0,0.0,-33.12,-12.42,45.54,0.0,0.0,0.0,
MO-007058,SA-0047,300,Ended,7058,0.0,10.5,13.67,8.61,2.81,161.49,46.09,0.0,243.18,2026-01-11
MO-007059,SA-0084,100,Ended,7059,0.0,32.8,6.42,7.52,2.69,-226.04,28.38,0.0,-148.22,2026-01-28
MO-007060,DRV-0021,100,Ended,7060,0.0,445.04,21.24,-7.0,-2.94,-338.81,359.11,0.0,476.64,2026-02-14
MO-007061,DRV-0058,200,Ended,7061,0.0,1780.41,9.2,-10.42,-3.61,-638.8,729.6,0.0,1866.38,2026-03-03
MO-007062,ACT-0035,100,Ended,7062,0.0,2765.51,6.78,12.96,5.24,-615.57,824.82,0.0,2999.73,2026-03-20
MO-007063,CTL-0012,300,Ended,7063,0.0,8782.2,21.99,-11.56,-3.87,-3200.05,1568.94,0.0,7157.65,2026-04-06
MO-007064,SYS-0009,100,Ended,7064,0.0,35.62,-2.39,-4.12,-1.58,82.0,8.25,0.0,117.79,2026-04-23
MO-007065,AFT-0016,100,Ended,7065,0.0,174.55,2.18,2.72,0.93,1.24,169.16,0.0,350.78,2026-05-10
MO-007066,AFT-0053,100,Ended,7066,0.0,20.29,11.71,24.72,9.04,4.57,67.9,0.0,138.23,2026-05-27
MO-007067,SA-0030,100,Ended,7067,0.0,27.28,11.91,22.27,7.82,-707.7,44.73,0.0,-593.69,2026-06-13
MO-007111,CTL-0038,300,Ended,7111,0.0,1920.08,11.13,59.44,21.53,-1616.65,1139.57,0.0,1535.09,2026-01-02
MO-007112,AFT-0005,100,Ended,7112,0.0,255.55,4.74,3.11,1.19,-13.05,105.07,0.0,356.62,2026-01-19
MO-007113,AFT-0042,300,Ended,7113,0.0,28.41,4.64,7.66,2.64,-231.04,11.97,0.0,-175.72,2026-02-05
MO-007114,SA-0019,200,Ended,7114,0.0,172.05,10.87,-3.17,-0.65,-126.41,33.53,0.0,86.22,2026-02-22
MO-007115,SA-0056,300,Ended,7115,0.0,291.13,9.62,-2.5,-1.2,-112.12,117.22,0.0,302.15,2026-03-11
MO-007116,SA-0093,100,Ended,7116,0.0,214.11,3.82,-10.95,-4.1,-169.74,188.77,0.0,221.91,2026-03-28
MO-007117,DRV-0030,200,Ended,7117,0.0,46.12,0.19,0.71,0.22,-2740.28,120.88,0.0,-2572.15,2026-04-14
MO-007118,ACT-0007,100,Ended,7118,0.0,-447.93,-2.97,11.99,4.71,-1921.04,774.68,0.0,-1580.56,2026-05-01
MO-007119,ACT-0044,200,Ended,7119,0.0,19.28,-6.71,4.5,1.13,-142.06,33.45,0.0,-90.42,2026-05-18
MO-007120,CTL-0021,300,Ended,7120,0.0,90.97,2.2,-0.93,-0.37,29.56,63.69,0.0,185.12,2026-06-04
MO-007121,SYS-0018,300,Reported Finished,7121,0.0,348.69,7.12,2.51,0.9,-380.16,12.63,0.0,-8.31,
MO-007165,DRV-0056,200,Ended,7165,0.0,664.3,1.48,7.89,2.69,-1388.2,1346.93,0.0,635.08,2026-01-10
MO-007166,ACT-0033,100,Ended,7166,0.0,725.96,10.42,31.83,11.6,-769.54,740.42,0.0,750.7,2026-01-27
MO-007167,CTL-0010,300,Ended,7167,0.0,5800.48,49.07,93.74,33.2,-1379.95,1491.79,0.0,6088.33,2026-02-13
MO-007168,SYS-0007,100,Ended,7168,0.0,62.77,5.83,-0.57,-0.26,14.61,27.0,0.0,109.38,2026-03-02
MO-007169,AFT-0014,100,Ended,7169,0.0,9.6,7.45,0.79,0.14,30.79,18.72,0.0,67.49,2026-03-19
MO-007170,AFT-0051,300,Ended,7170,0.0,13.62,3.64,-4.86,-1.49,-134.16,235.17,0.0,111.91,2026-04-05
MO-007171,SA-0028,200,Ended,7171,0.0,44.84,0.61,-5.72,-2.03,-37.88,59.28,0.0,59.09,2026-04-22
MO-007172,SA-0065,300,Ended,7172,0.0,390.11,-2.25,-3.2,-1.25,-75.12,147.53,0.0,455.82,2026-05-09
MO-007173,DRV-0002,200,Ended,7173,0.0,912.29,0.52,0.62,0.48,-524.36,408.75,0.0,798.31,2026-05-26
MO-007174,DRV-0039,100,Ended,7174,0.0,24.87,19.54,24.38,9.23,-144.41,53.94,0.0,-12.45,2026-06-12
MO-007175,ACT-0016,200,Reported Finished,7175,0.0,1274.87,16.16,19.68,7.71,-4.59,38.02,0.0,1351.85,
MO-007219,SA-0054,100,Ended,7219,0.0,218.83,6.85,9.26,3.26,-1240.61,34.45,0.0,-967.95,2026-01-17
MO-007220,SA-0091,200,Ended,7220,0.0,120.16,19.52,30.11,11.77,-341.11,251.69,0.0,92.15,2026-02-03
MO-007221,DRV-0028,200,Ended,7221,0.0,-803.92,7.6,13.79,5.01,-799.42,849.13,0.0,-727.82,2026-02-20
MO-007222,ACT-0005,100,Ended,7222,0.0,400.54,48.26,77.58,28.33,-184.98,331.45,0.0,701.18,2026-03-09
MO-007223,ACT-0042,200,Ended,7223,0.0,206.44,42.28,51.55,18.5,-7260.57,225.21,0.0,-6716.57,2026-03-27
MO-007224,CTL-0019,300,Ended,7224,0.0,75.63,1.89,-4.76,-1.91,18.58,15.13,0.0,104.57,2026-04-13
MO-007225,SYS-0016,300,Ended,7225,0.0,250.87,0.97,-2.51,-0.68,-133.74,202.22,0.0,317.13,2026-04-30
MO-007226,AFT-0023,100,Ended,7226,0.0,61.82,-2.05,-7.29,-2.76,100.42,38.25,0.0,188.38,2026-05-17
MO-007227,AFT-0060,300,Ended,7227,0.0,18.41,1.71,-0.87,-0.31,-372.86,45.82,0.0,-308.11,2026-06-03
MO-007228,SA-0037,200,Ended,7228,0.0,103.13,1.53,-4.83,-2.06,-307.57,147.75,0.0,-62.05,2026-06-20
MO-007272,SYS-0005,100,Ended,7272,0.0,13.24,0.13,-7.74,-2.92,153.47,13.28,0.0,169.46,2026-01-08
MO-007273,AFT-0012,300,Ended,7273,0.0,-34.72,3.51,1.05,0.39,-255.0,40.18,0.0,-244.58,2026-01-25
MO-007274,AFT-0049,100,Ended,7274,0.0,29.7,13.71,10.7,4.21,-83.02,25.2,0.0,0.5,2026-02-11
MO-007275,SA-0026,300,Ended,7275,0.0,228.35,11.81,9.39,3.35,-117.79,163.17,0.0,298.29,2026-02-28
MO-007276,SA-0063,100,Ended,7276,0.0,832.45,9.03,15.23,5.39,-266.28,295.54,0.0,891.37,2026-03-17
MO-007277,SA-0100,200,Ended,7277,0.0,303.74,34.89,43.58,15.05,-92.44,153.87,0.0,458.69,2026-04-03
MO-007278,DRV-0037,100,Ended,7278,0.0,7304.76,19.03,63.16,26.37,-1793.73,1251.46,0.0,6871.04,2026-04-20
MO-007279,ACT-0014,200,Ended,7279,0.0,264.18,1.14,5.83,-0.2,-590.86,95.28,0.0,-224.63,2026-05-07
MO-007280,ACT-0051,100,Ended,7280,0.0,660.39,0.6,-5.77,-2.18,-259.38,341.27,0.0,734.94,2026-05-24
MO-007281,CTL-0028,300,Ended,7281,0.0,75.49,-0.38,-4.7,-1.76,-115.92,188.75,0.0,141.47,2026-06-10
MO-007282,SYS-0025,100,Started,7282,0.0,2142.22,1.36,-2.85,-1.07,58.5,18.33,0.0,2216.5,
MO-007326,ACT-0003,100,Ended,7326,0.0,-361.68,14.49,-12.73,-4.96,-1180.5,1119.05,0.0,-426.33,2026-01-16
MO-007327,ACT-0040,200,Ended,7327,0.0,43.61,6.47,-6.2,-2.05,-77.45,104.91,0.0,69.29,2026-02-02
MO-007328,CTL-0017,300,Ended,7328,0.0,23.38,4.0,-6.2,-2.33,160.09,7.39,0.0,186.34,2026-02-19
MO-007329,SYS-0014,300,Ended,7329,0.0,101.27,6.26,2.05,0.72,30.25,16.94,0.0,157.49,2026-03-08
MO-007330,AFT-0021,300,Ended,7330,0.0,40.09,4.79,9.0,3.28,40.49,69.16,0.0,166.81,2026-03-25
MO-007331,AFT-0058,100,Ended,7331,0.0,37.73,12.53,8.67,2.99,54.35,39.77,0.0,156.04,2026-04-11
MO-007332,SA-0035,300,Ended,7332,0.0,246.25,16.21,32.84,12.08,-186.02,265.4,0.0,386.76,2026-04-28
MO-007333,SA-0072,100,Ended,7333,0.0,100.95,0.62,49.71,18.93,-1133.36,67.07,0.0,-896.07,2026-05-15
MO-007334,DRV-0009,100,Ended,7334,0.0,116.19,-11.38,14.71,5.27,-77.55,42.67,0.0,89.91,2026-06-01
MO-007335,DRV-0046,200,Ended,7335,0.0,1748.55,10.08,-9.18,-2.97,-705.42,767.66,0.0,1808.71,2026-06-18
MO-007379,SA-0024,100,Ended,7379,0.0,53.05,-4.03,7.83,2.56,-601.01,34.88,0.0,-506.72,2026-01-07
MO-007380,SA-0061,200,Ended,7380,0.0,124.25,-2.17,-22.45,-8.43,-416.47,132.02,0.0,-193.23,2026-01-24
MO-007381,SA-0098,300,Ended,7381,0.0,470.77,18.22,-10.72,-4.04,-412.16,367.71,0.0,429.78,2026-02-10
MO-007382,DRV-0035,100,Ended,7382,0.0,710.46,62.36,28.49,10.45,-270.64,379.73,0.0,920.85,2026-02-27
MO-007383,ACT-0012,200,Ended,7383,0.0,-90.95,19.47,6.28,1.99,-3160.81,108.66,0.0,-3115.36,2026-03-16
MO-007384,ACT-0049,100,Ended,7384,0.0,-18.15,6.85,-5.47,-2.07,55.81,12.45,0.0,49.43,2026-04-02
MO-007385,CTL-0026,300,Ended,7385,0.0,120.69,1.48,1.8,0.64,-59.07,104.44,0.0,169.98,2026-04-19
MO-007386,SYS-0023,100,Ended,7386,0.0,804.34,11.68,8.11,3.17,-161.85,326.74,0.0,992.2,2026-05-06
MO-007387,AFT-0030,300,Ended,7387,0.0,61.06,0.51,18.53,7.08,-824.96,41.04,0.0,-696.73,2026-05-23
MO-007388,SA-0007,200,Ended,7388,0.0,61.97,-2.81,15.96,5.52,-256.87,152.59,0.0,-23.64,2026-06-09
MO-007389,SA-0044,300,Released,7389,0.0,0.0,0.0,-31.74,-11.19,42.94,0.0,0.0,0.0,
MO-007433,SYS-0012,300,Ended,7433,0.0,34.85,-1.55,-3.21,-1.25,-415.29,21.78,0.0,-364.67,2026-01-14
MO-007434,AFT-0019,100,Ended,7434,0.0,180.01,-1.84,2.36,1.59,-45.46,26.94,0.0,163.6,2026-01-31
MO-007435,AFT-0056,100,Ended,7435,0.0,19.79,5.65,-14.04,-5.15,-56.51,77.22,0.0,26.96,2026-02-17
MO-007436,SA-0033,100,Ended,7436,0.0,16.71,15.44,-11.25,-4.32,-74.84,115.4,0.0,57.14,2026-03-06
MO-007437,SA-0070,200,Ended,7437,0.0,66.98,33.83,5.52,2.03,-101.15,135.04,0.0,142.26,2026-03-23
MO-007438,DRV-0007,100,Ended,7438,0.0,1181.9,23.43,49.83,19.55,-955.36,379.65,0.0,699.0,2026-04-09
MO-007439,DRV-0044,200,Ended,7439,0.0,198.89,28.32,15.1,5.87,-274.6,38.33,0.0,11.91,2026-04-26
MO-007440,ACT-0021,100,Ended,7440,0.0,152.49,1.62,-5.49,-2.06,77.91,69.61,0.0,294.08,2026-05-14
MO-007441,ACT-0058,200,Ended,7441,0.0,24.81,1.49,4.91,1.9,44.69,28.85,0.0,106.65,2026-05-31
MO-007442,CTL-0035,300,Ended,7442,0.0,579.13,-2.48,22.33,8.75,-159.53,323.89,0.0,772.09,2026-06-17
MO-007486,DRV-0033,100,Ended,7486,0.0,927.81,1.25,61.68,23.02,-607.08,629.95,0.0,1036.63,2026-01-05
MO-007487,ACT-0010,200,Ended,7487,0.0,1641.77,-2.9,18.21,6.42,-1130.81,1172.52,0.0,1705.21,2026-01-22
MO-007488,ACT-0047,100,Ended,7488,0.0,10.79,2.37,-8.96,-3.32,155.57,22.99,0.0,179.44,2026-02-08
MO-007489,CTL-0024,300,Ended,7489,0.0,17.4,0.32,-1.35,-0.04,-378.37,15.64,0.0,-346.4,2026-02-25
MO-007490,SYS-0021,100,Ended,7490,0.0,684.76,7.93,-13.34,-5.05,-305.32,338.79,0.0,707.76,2026-03-14
MO-007491,AFT-0028,100,Ended,7491,0.0,114.61,18.38,-4.64,-1.56,45.75,55.96,0.0,228.5,2026-03-31
MO-007492,SA-0005,300,Ended,7492,0.0,260.99,26.2,-0.54,-0.24,-0.29,131.04,0.0,417.17,2026-04-17
MO-007493,SA-0042,100,Ended,7493,0.0,567.45,10.55,15.48,5.47,-978.02,145.67,0.0,-233.4,2026-05-04
MO-007494,SA-0079,200,Ended,7494,0.0,-280.71,4.72,54.36,19.83,-710.52,173.73,0.0,-738.6,2026-05-21
MO-007495,DRV-0016,200,Ended,7495,0.0,167.14,0.07,13.9,4.75,-298.34,334.08,0.0,221.61,2026-06-07
MO-007496,DRV-0053,100,Reported Finished,7496,0.0,1834.37,-2.37,-3.9,-1.46,132.71,37.44,0.0,1996.79,
MO-007540,SA-0031,200,Ended,7540,0.0,178.41,2.82,36.34,13.48,-454.88,209.3,0.0,-14.53,2026-01-13
MO-007541,SA-0068,300,Ended,7541,0.0,681.05,-6.57,24.69,8.51,-435.1,366.92,0.0,639.49,2026-01-30
MO-007542,DRV-0005,100,Ended,7542,0.0,1201.92,1.01,25.72,10.99,-433.39,488.35,0.0,1294.6,2026-02-16
MO-007543,DRV-0042,200,Ended,7543,0.0,250.8,13.54,-3.84,-2.01,-3446.94,143.34,0.0,-3045.12,2026-03-05
MO-007544,ACT-0019,100,Ended,7544,0.0,84.18,6.22,-7.88,-3.09,58.01,18.74,0.0,156.18,2026-03-22
MO-007545,ACT-0056,200,Ended,7545,0.0,149.76,5.64,-9.88,-3.67,13.26,61.86,0.0,216.96,2026-04-08
MO-007546,CTL-0033,300,Ended,7546,0.0,829.97,13.61,-6.71,-2.53,-477.63,514.72,0.0,871.42,2026-04-25
MO-007547,SYS-0030,300,Ended,7547,0.0,-365.4,6.61,1.35,0.43,-1290.5,397.06,0.0,-1250.44,2026-05-12
MO-007548,AFT-0037,100,Ended,7548,0.0,-419.29,3.9,21.19,7.73,-810.43,430.83,0.0,-766.06,2026-05-29
MO-007549,SA-0014,300,Ended,7549,0.0,56.54,-0.55,20.11,7.07,-60.13,33.33,0.0,56.37,2026-06-15
MO-007593,CTL-0022,300,Ended,7593,0.0,283.24,4.21,0.82,0.2,61.68,82.8,0.0,432.96,2026-01-03
MO-007594,SYS-0019,100,Ended,7594,0.0,366.7,2.25,24.48,8.95,-146.46,62.93,0.0,318.86,2026-01-20
MO-007595,AFT-0026,100,Ended,7595,0.0,53.0,-3.21,8.42,2.88,-24.75,38.91,0.0,75.26,2026-02-07
MO-007596,SA-0003,100,Ended,7596,0.0,169.71,10.96,15.12,4.98,-174.32,234.97,0.0,261.42,2026-02-24
MO-007597,SA-0040,200,Ended,7597,0.0,587.78,2.47,23.94,9.16,-133.8,222.28,0.0,711.83,2026-03-13
MO-007598,SA-0077,300,Ended,7598,0.0,90.1,9.14,-0.33,-0.28,-69.4,101.22,0.0,130.44,2026-03-30
MO-007599,DRV-0014,200,Ended,7599,0.0,166.88,36.11,9.86,2.93,-422.59,170.95,0.0,-35.87,2026-04-16
MO-007600,DRV-0051,100,Ended,7600,0.0,201.02,8.4,-12.83,-4.66,-82.77,237.22,0.0,346.38,2026-05-03
MO-007601,ACT-0028,200,Ended,7601,0.0,13.68,8.29,-6.77,-2.42,91.38,17.09,0.0,121.24,2026-05-20
MO-007602,CTL-0005,300,Ended,7602,0.0,406.9,3.05,-1.94,-0.77,-52.95,111.82,0.0,466.11,2026-06-06
MO-007603,SYS-0002,300,Started,7603,0.0,6011.51,0.05,1.68,0.6,40.79,48.95,0.0,6103.57,
MO-007647,DRV-0040,200,Ended,7647,0.0,300.79,45.06,-3.65,-1.69,-108.27,114.95,0.0,347.2,2026-01-11
MO-007648,ACT-0017,100,Ended,7648,0.0,63.58,-0.02,0.35,0.11,66.03,18.98,0.0,149.03,2026-01-28
MO-007649,ACT-0054,200,Ended,7649,0.0,-406.16,-1.01,6.31,2.24,-516.24,76.49,0.0,-838.37,2026-02-14
MO-007650,CTL-0031,300,Ended,7650,0.0,421.03,7.31,10.87,3.78,-437.89,342.01,0.0,347.12,2026-03-03
MO-007651,SYS-0028,300,Ended,7651,0.0,-172.87,1.22,9.09,3.49,-292.13,338.11,0.0,-113.1,2026-03-20
MO-007652,AFT-0035,100,Ended,7652,0.0,-201.87,7.02,8.4,2.89,-381.69,481.43,0.0,-83.82,2026-04-06
MO-007653,SA-0012,100,Ended,7653,0.0,16.18,5.52,5.22,1.81,-1859.61,74.98,0.0,-1755.89,2026-04-23
MO-007654,SA-0049,200,Ended,7654,0.0,288.97,31.02,5.83,1.25,-261.04,69.56,0.0,135.59,2026-05-10
MO-007655,SA-0086,300,Ended,7655,0.0,542.47,39.46,-51.63,-17.67,-772.78,509.72,0.0,249.57,2026-05-27
MO-007656,DRV-0023,100,Ended,7656,0.0,-7.54,3.14,-8.64,-3.29,107.1,87.41,0.0,178.18,2026-06-13
MO-007700,SA-0001,200,Ended,7700,0.0,205.64,8.8,-4.63,-1.79,-215.31,100.73,0.0,93.44,2026-01-02
MO-007701,SA-0038,300,Ended,7701,0.0,489.16,0.72,6.17,2.14,-463.99,372.95,0.0,407.15,2026-01-19
MO-007702,SA-0075,100,Ended,7702,0.0,488.36,12.63,21.78,8.62,-373.28,299.8,0.0,457.92,2026-02-05
MO-007703,DRV-0012,200,Ended,7703,0.0,5.73,-18.75,25.48,10.01,-1127.44,82.69,0.0,-1022.29,2026-02-22
MO-007704,DRV-0049,100,Ended,7704,0.0,74.97,0.17,1.74,0.64,18.17,18.0,0.0,113.7,2026-03-11
MO-007705,ACT-0026,200,Ended,7705,0.0,75.59,4.65,6.82,2.42,-66.17,165.42,0.0,188.73,2026-03-28
MO-007706,CTL-0003,300,Ended,7706,0.0,519.08,15.21,3.3,1.7,-75.7,247.82,0.0,711.41,2026-04-14
MO-007707,CTL-0040,300,Ended,7707,0.0,453.25,3.18,6.65,2.27,-402.37,443.21,0.0,506.19,2026-05-01
MO-007708,AFT-0007,100,Ended,7708,0.0,-19.49,13.35,13.81,4.97,-228.67,41.44,0.0,-174.61,2026-05-18
MO-007709,AFT-0044,100,Ended,7709,0.0,-102.73,31.2,-4.48,-2.64,-232.12,90.2,0.0,-220.57,2026-06-04
MO-007710,SA-0021,100,Released,7710,0.0,0.0,0.0,-21.6,-8.1,29.7,0.0,0.0,0.0,
MO-007754,CTL-0029,300,Ended,7754,0.0,58.73,7.01,-8.11,-3.07,90.93,26.11,0.0,171.61,2026-01-10
MO-007755,SYS-0026,300,Ended,7755,0.0,20.05,1.49,-1.78,-0.62,-237.42,280.34,0.0,62.07,2026-01-27
MO-007756,AFT-0033,300,Ended,7756,0.0,119.5,11.87,2.21,0.94,-244.52,279.35,0.0,169.35,2026-02-13
MO-007757,SA-0010,200,Ended,7757,0.0,269.06,-9.41,5.41,1.92,-119.46,206.17,0.0,353.69,2026-03-02
MO-007758,SA-0047,300,Ended,7758,0.0,222.31,8.83,56.1,21.7,18.02,184.37,0.0,511.33,2026-03-19
MO-007759,SA-0084,100,Ended,7759,0.0,625.64,5.72,34.08,11.6,-1087.02,124.18,0.0,-285.8,2026-04-05
MO-007760,DRV-0021,100,Ended,7760,0.0,49.82,3.31,2.15,0.78,-0.83,76.95,0.0,132.2,2026-04-22
MO-007761,DRV-0058,200,Ended,7761,0.0,269.52,8.4,1.28,0.72,-23.97,162.13,0.0,418.09,2026-05-09
MO-007762,ACT-0035,100,Ended,7762,0.0,481.37,6.15,-4.22,-1.73,47.58,206.21,0.0,735.36,2026-05-26
MO-007763,CTL-0012,300,Ended,7763,0.0,1443.51,7.36,7.96,2.66,-688.82,358.61,0.0,1131.27,2026-06-12
MO-007764,SYS-0009,100,Released,7764,0.0,0.0,0.0,-56.16,-21.06,77.22,0.0,0.0,0.0,
MO-007808,DRV-0047,100,Ended,7808,0.0,543.91,2.36,-4.53,-1.7,-51.72,112.05,0.0,600.38,2026-01-17
MO-007809,ACT-0024,200,Ended,7809,0.0,253.92,2.16,-4.81,-1.79,-236.71,39.97,0.0,52.73,2026-02-03
MO-007810,CTL-0001,300,Ended,7810,0.0,930.68,0.24,-3.98,-1.49,-431.6,380.85,0.0,874.7,2026-02-20
MO-007811,CTL-0038,300,Ended,7811,0.0,243.82,-3.04,-2.27,-0.87,-216.37,260.47,0.0,281.74,2026-03-09
MO-007812,AFT-0005,100,Ended,7812,0.0,689.71,1.78,8.36,3.18,-405.29,490.34,0.0,788.07,2026-03-27
MO-007813,AFT-0042,300,Ended,7813,0.0,77.99,3.31,11.52,3.85,-1315.55,53.86,0.0,-1165.02,2026-04-13
MO-007814,SA-0019,200,Ended,7814,0.0,350.89,78.42,129.14,50.23,-1133.31,134.12,0.0,-390.52,2026-04-30
MO-007815,SA-0056,300,Ended,7815,0.0,969.79,24.27,42.78,16.42,-563.85,512.86,0.0,1002.27,2026-05-17
MO-007816,SA-0093,100,Ended,7816,0.0,55.53,5.5,2.0,0.74,35.05,40.45,0.0,139.27,2026-06-03
MO-007817,DRV-0030,200,Ended,7817,0.0,40.2,3.09,-3.54,-1.3,-489.2,26.86,0.0,-423.89,2026-06-20
MO-007861,SA-0008,300,Ended,7861,0.0,154.5,27.48,53.26,20.28,-279.2,273.11,0.0,249.43,2026-01-08
MO-007862,SA-0045,100,Ended,7862,0.0,237.5,32.47,15.76,5.65,-142.02,119.14,0.0,268.49,2026-01-25
MO-007863,SA-0082,200,Ended,7863,0.0,-55.06,16.5,-12.58,-4.15,-298.13,348.29,0.0,-5.13,2026-02-11
MO-007864,DRV-0019,100,Ended,7864,0.0,-33.72,0.51,-4.5,-1.64,0.65,21.07,0.0,-17.62,2026-02-28
MO-007865,DRV-0056,200,Ended,7865,0.0,-42.49,-1.11,-2.86,-1.01,-264.34,299.32,0.0,-12.5,2026-03-17
MO-007866,ACT-0033,100,Ended,7866,0.0,39.7,-1.01,-4.51,-1.67,-101.19,185.1,0.0,116.42,2026-04-03
MO-007867,CTL-0010,300,Ended,7867,0.0,1017.25,4.87,1.79,0.71,-172.07,340.98,0.0,1193.54,2026-04-20
MO-007868,SYS-0007,100,Ended,7868,0.0,264.59,27.85,32.63,12.26,-283.17,126.01,0.0,180.17,2026-05-07
MO-007869,AFT-0014,100,Ended,7869,0.0,355.23,15.14,18.76,7.23,-138.0,84.24,0.0,342.6,2026-05-24
MO-007870,AFT-0051,300,Ended,7870,0.0,2608.26,41.42,52.88,19.74,-964.61,940.67,0.0,2698.35,2026-06-10
MO-007871,SA-0028,200,Reported Finished,7871,0.0,2407.03,23.82,30.64,10.53,-35.59,64.84,0.0,2501.27,
MO-007915,CTL-0036,300,Ended,7915,0.0,1770.19,14.59,19.96,7.62,-1410.67,751.05,0.0,1152.75,2026-01-16
MO-007916,AFT-0003,300,Ended,7916,0.0,1649.75,21.3,26.08,9.2,-1190.16,1263.93,0.0,1780.09,2026-02-02
MO-007917,AFT-0040,100,Ended,7917,0.0,305.96,11.31,5.77,3.59,-98.28,153.21,0.0,381.57,2026-02-19
MO-007918,SA-0017,300,Ended,7918,0.0,12.26,0.89,-12.1,-5.18,-24.22,89.66,0.0,61.31,2026-03-08
MO-007919,SA-0054,100,Ended,7919,0.0,786.53,-2.31,-18.81,-6.51,-6046.47,150.71,0.0,-5136.85,2026-03-25
MO-007920,SA-0091,200,Ended,7920,0.0,123.88,2.04,-2.32,-0.87,-27.83,53.93,0.0,148.83,2026-04-11
MO-007921,DRV-0028,200,Ended,7921,0.0,629.15,0.16,-3.42,-1.23,-130.57,188.7,0.0,682.8,2026-04-28
MO-007922,ACT-0005,100,Ended,7922,0.0,72.98,6.21,-1.16,-0.52,38.32,82.86,0.0,198.69,2026-05-15
MO-007923,ACT-0042,200,Ended,7923,0.0,4.0,22.91,15.68,5.57,-1495.59,51.48,0.0,-1395.94,2026-06-01
MO-007924,CTL-0019,300,Ended,7924,0.0,157.85,18.79,53.09,19.4,-201.92,70.62,0.0,117.84,2026-06-18
MO-007968,DRV-0017,100,Ended,7968,0.0,-30.75,4.44,-4.05,-1.52,123.87,23.31,0.0,115.31,2026-01-07
MO-007969,DRV-0054,200,Ended,7969,0.0,-210.69,3.33,4.25,1.54,-194.41,47.78,0.0,-348.2,2026-01-24
MO-007970,ACT-0031,100,Ended,7970,0.0,114.13,13.75,14.17,5.3,-478.61,441.54,0.0,110.28,2026-02-10
MO-007971,CTL-0008,300,Ended,7971,0.0,264.74,7.72,19.28,6.67,-84.0,113.73,0.0,328.14,2026-02-27
MO-007972,SYS-0005,100,Ended,7972,0.0,117.69,0.11,7.0,2.6,89.79,62.0,0.0,279.19,2026-03-16
MO-007973,AFT-0012,300,Ended,7973,0.0,624.84,-1.92,-10.22,-4.27,-1411.32,180.81,0.0,-622.07,2026-04-02
MO-007974,AFT-0049,100,Ended,7974,0.0,444.13,18.63,-8.76,-3.13,-885.41,100.79,0.0,-333.75,2026-04-19
MO-007975,SA-0026,300,Ended,7975,0.0,573.64,17.65,3.37,1.16,-1154.28,713.89,0.0,155.42,2026-05-06
MO-007976,SA-0063,100,Ended,7976,0.0,130.96,3.57,-2.24,-0.78,-12.81,63.33,0.0,182.04,2026-05-23
MO-007977,SA-0100,200,Ended,7977,0.0,34.97,4.7,-1.49,-0.58,20.1,34.19,0.0,91.9,2026-06-09
MO-007978,DRV-0037,100,Started,7978,0.0,20844.65,8.1,0.96,0.34,-88.35,156.43,0.0,20922.12,
MO-008022,SA-0015,100,Ended,8022,0.0,244.09,32.78,59.55,21.74,-212.55,215.77,0.0,361.38,2026-01-14
MO-008023,SA-0052,200,Ended,8023,0.0,454.05,16.16,16.55,5.64,-148.34,180.14,0.0,524.21,2026-01-31
MO-008024,SA-0089,300,Ended,8024,0.0,12.05,4.68,-3.39,-1.31,142.51,5.15,0.0,159.7,2026-02-17
MO-008025,DRV-0026,200,Ended,8025,0.0,103.31,3.39,8.07,2.87,-30.55,63.88,0.0,150.97,2026-03-06
MO-008026,ACT-0003,100,Ended,8026,0.0,880.98,1.41,6.03,2.22,-184.54,279.76,0.0,985.86,2026-03-23
MO-008027,ACT-0040,200,Ended,8027,0.0,-9.52,-4.13,5.89,1.9,62.01,23.98,0.0,80.13,2026-04-09
MO-008028,CTL-0017,300,Ended,8028,0.0,68.81,0.47,-3.22,-0.54,120.42,34.48,0.0,220.41,2026-04-26
MO-008029,SYS-0014,300,Ended,8029,0.0,227.27,10.25,-10.33,-3.77,-142.74,76.24,0.0,156.91,2026-05-14
MO-008030,AFT-0021,300,Ended,8030,0.0,431.22,29.84,8.99,3.2,-328.89,276.65,0.0,421.01,2026-05-31
MO-008031,AFT-0058,100,Ended,8031,0.0,198.91,21.48,-14.48,-5.55,-149.13,174.01,0.0,225.24,2026-06-17
MO-008075,CTL-0006,300,Ended,8075,0.0,359.02,12.27,1.46,0.46,-1023.41,321.68,0.0,-328.52,2026-01-05
MO-008076,SYS-0003,100,Ended,8076,0.0,481.53,20.58,22.79,8.32,-147.09,221.19,0.0,607.32,2026-01-22
MO-008077,AFT-0010,100,Ended,8077,0.0,173.98,11.92,7.4,2.51,22.25,59.9,0.0,277.96,2026-02-08
MO-008078,AFT-0047,100,Ended,8078,0.0,654.08,10.42,18.76,6.9,-465.82,525.41,0.0,749.74,2026-02-25
MO-008079,SA-0024,100,Ended,8079,0.0,-194.21,23.98,28.25,10.27,-2907.2,152.59,0.0,-2886.32,2026-03-14
MO-008080,SA-0061,200,Ended,8080,0.0,14.08,1.16,1.39,0.44,37.09,28.29,0.0,82.45,2026-03-31
MO-008081,SA-0098,300,Ended,8081,0.0,45.72,-1.22,3.21,1.15,-49.62,81.71,0.0,80.95,2026-04-17
MO-008082,DRV-0035,100,Ended,8082,0.0,175.01,6.16,-4.0,-1.87,16.89,94.93,0.0,287.12,2026-05-04
MO-008083,ACT-0012,200,Ended,8083,0.0,61.9,1.04,-0.89,0.11,-652.91,24.84,0.0,-565.91,2026-05-21
MO-008084,ACT-0049,100,Ended,8084,0.0,142.62,8.76,-8.17,-3.11,-378.96,58.12,0.0,-180.74,2026-06-07
MO-008085,CTL-0026,300,Released,8085,0.0,0.0,0.0,-38.82,-13.5,52.33,0.0,0.0,0.0,
MO-008129,DRV-0024,200,Ended,8129,0.0,87.35,2.82,-6.73,-2.41,-352.84,32.51,0.0,-239.28,2026-01-13
MO-008130,ACT-0001,100,Ended,8130,0.0,596.4,9.09,-1.77,-0.71,-431.97,415.65,0.0,586.69,2026-01-30
MO-008131,ACT-0038,200,Ended,8131,0.0,12.69,10.23,6.05,2.15,-43.19,67.68,0.0,55.61,2026-02-16
MO-008132,CTL-0015,300,Ended,8132,0.0,80.3,6.37,28.41,11.11,-20.03,106.12,0.0,212.27,2026-03-05
MO-008133,SYS-0012,300,Ended,8133,0.0,42.19,4.17,8.6,3.31,-2318.27,97.99,0.0,-2162.0,2026-03-22
MO-008134,AFT-0019,100,Ended,8134,0.0,664.33,13.65,41.68,15.34,-372.92,107.76,0.0,469.84,2026-04-08
MO-008135,AFT-0056,100,Ended,8135,0.0,614.04,-16.97,122.1,42.8,-586.74,337.85,0.0,513.09,2026-04-25
MO-008136,SA-0033,100,Ended,8136,0.0,0.3,0.04,-0.14,0.23,108.67,24.73,0.0,133.83,2026-05-12
MO-008137,SA-0070,200,Ended,8137,0.0,-12.18,3.61,-1.88,-0.9,12.37,30.01,0.0,31.03,2026-05-29
MO-008138,DRV-0007,100,Ended,8138,0.0,160.27,14.9,-6.06,-2.23,-151.97,94.91,0.0,109.81,2026-06-15
MO-008182,AFT-0045,300,Ended,8182,0.0,397.71,15.4,11.32,2.8,-628.12,535.0,0.0,334.11,2026-01-03
MO-008183,SA-0022,200,Ended,8183,0.0,205.74,27.4,-51.68,-17.25,-331.07,327.41,0.0,160.56,2026-01-20
MO-008184,SA-0059,300,Ended,8184,0.0,11.54,8.96,-8.82,-3.41,152.7,6.97,0.0,167.93,2026-02-07
MO-008185,SA-0096,100,Ended,8185,0.0,99.56,6.32,-4.51,-1.66,-442.68,105.21,0.0,-237.77,2026-02-24
MO-008186,DRV-0033,100,Ended,8186,0.0,186.33,5.53,1.8,0.66,-129.24,157.49,0.0,222.56,2026-03-13
MO-008187,ACT-0010,200,Ended,8187,0.0,192.3,2.39,8.16,2.91,-176.61,268.0,0.0,297.16,2026-03-30
MO-008188,ACT-0047,100,Ended,8188,0.0,74.63,1.36,25.25,9.2,72.2,107.28,0.0,289.92,2026-04-16
MO-008189,CTL-0024,300,Ended,8189,0.0,-98.89,-11.75,23.35,8.09,-2116.23,70.4,0.0,-2125.03,2026-05-03
MO-008190,SYS-0021,100,Ended,8190,0.0,1919.16,1.49,102.52,38.15,-1306.36,1355.14,0.0,2110.1,2026-05-20
MO-008191,AFT-0028,100,Ended,8191,0.0,354.11,32.06,39.89,13.15,-186.07,244.83,0.0,497.96,2026-06-06
MO-008192,SA-0005,300,Reported Finished,8192,0.0,363.85,3.63,-5.5,-2.08,138.6,9.36,0.0,507.87,
MO-008236,CTL-0013,300,Ended,8236,0.0,63.44,2.89,0.22,0.1,-228.33,75.5,0.0,-86.17,2026-01-11
MO-008237,SYS-0010,300,Ended,8237,0.0,398.88,12.12,4.61,0.72,-177.8,274.74,0.0,513.26,2026-01-28
MO-008238,AFT-0017,100,Ended,8238,0.0,255.05,47.19,-39.39,-15.02,-308.35,477.65,0.0,417.12,2026-02-14
MO-008239,AFT-0054,300,Ended,8239,0.0,34.47,39.46,-26.53,-9.67,-1697.65,48.77,0.0,-1611.13,2026-03-03
MO-008240,SA-0031,200,Ended,8240,0.0,22.39,3.27,-4.03,-1.46,18.48,44.85,0.0,83.5,2026-03-20
MO-008241,SA-0068,300,Ended,8241,0.0,88.81,3.29,-2.9,-1.05,-18.5,81.54,0.0,151.18,2026-04-06
MO-008242,DRV-0005,100,Ended,8242,0.0,175.96,-0.41,3.49,1.27,-80.36,122.09,0.0,222.04,2026-04-23
MO-008243,DRV-0042,200,Ended,8243,0.0,21.16,-0.18,7.73,2.71,-707.39,32.76,0.0,-643.2,2026-05-10
MO-008244,ACT-0019,100,Ended,8244,0.0,230.44,1.83,23.82,9.28,-437.31,87.43,0.0,-84.51,2026-05-27
MO-008245,ACT-0056,200,Ended,8245,0.0,600.72,4.89,45.0,17.16,-352.23,278.36,0.0,593.9,2026-06-13
MO-008289,SA-0094,200,Ended,8289,0.0,48.15,1.59,3.07,1.38,99.4,16.29,0.0,169.87,2026-01-02
MO-008290,DRV-0031,100,Ended,8290,0.0,163.66,9.63,-2.97,-1.26,-333.04,243.77,0.0,79.79,2026-01-19
MO-008291,ACT-0008,200,Ended,8291,0.0,58.92,1.5,0.98,0.28,-29.22,36.45,0.0,68.9,2026-02-05
MO-008292,ACT-0045,100,Ended,8292,0.0,126.61,11.79,7.53,4.21,-23.49,65.52,0.0,192.17,2026-02-22
MO-008293,CTL-0022,300,Ended,8293,0.0,702.85,36.6,-27.61,-10.16,-287.31,372.62,0.0,787.0,2026-03-11
MO-008294,SYS-0019,100,Ended,8294,0.0,742.2,23.14,5.78,2.18,-1409.38,251.74,0.0,-384.35,2026-03-28
MO-008295,AFT-0026,100,Ended,8295,0.0,145.73,17.66,-7.86,-3.0,-281.9,170.24,0.0,40.88,2026-04-14
MO-008296,SA-0003,100,Ended,8296,0.0,84.08,1.24,-2.14,-0.79,94.82,50.35,0.0,227.57,2026-05-01
MO-008297,SA-0040,200,Ended,8297,0.0,104.02,-1.76,-2.1,-0.77,55.85,49.4,0.0,204.63,2026-05-18
MO-008298,SA-0077,300,Ended,8298,0.0,68.47,0.41,3.53,1.32,15.9,25.31,0.0,114.94,2026-06-04
MO-008299,DRV-0014,200,Started,8299,0.0,4664.07,1.67,4.81,1.83,38.11,39.07,0.0,4749.56,
MO-008343,AFT-0052,100,Ended,8343,0.0,214.87,13.48,109.18,38.3,8.82,110.47,0.0,495.12,2026-01-10
MO-008344,SA-0029,300,Ended,8344,0.0,9.51,1.54,3.9,1.45,60.36,4.74,0.0,81.49,2026-01-27
MO-008345,SA-0066,100,Ended,8345,0.0,122.45,5.08,-2.26,-0.84,-487.25,109.14,0.0,-253.68,2026-02-13
MO-008346,DRV-0003,100,Ended,8346,0.0,108.3,7.42,-5.9,-2.28,-134.22,275.75,0.0,249.07,2026-03-02
MO-008347,DRV-0040,200,Ended,8347,0.0,46.59,7.56,4.27,2.37,1.83,26.28,0.0,88.89,2026-03-19
MO-008348,ACT-0017,100,Ended,8348,0.0,178.2,21.06,-24.18,-9.17,-30.44,88.56,0.0,224.03,2026-04-05
MO-008349,ACT-0054,200,Ended,8349,0.0,3059.79,6.28,-6.27,-2.07,-2861.93,344.21,0.0,540.01,2026-04-22
MO-008350,CTL-0031,300,Ended,8350,0.0,1627.65,8.53,33.72,13.34,-2568.52,1368.05,0.0,482.77,2026-05-09
MO-008351,SYS-0028,300,Ended,8351,0.0,5279.49,-8.8,5.0,2.08,-1461.13,1479.21,0.0,5295.86,2026-05-26
MO-008352,AFT-0035,100,Ended,8352,0.0,-151.19,0.16,-2.99,-1.13,1.11,103.16,0.0,-50.88,2026-06-12
MO-008353,SA-0012,100,Started,8353,0.0,747.74,0.37,-2.71,-0.96,-52.3,8.33,0.0,700.46,
MO-008397,CTL-0020,300,Ended,8397,0.0,211.8,-2.31,20.07,7.74,-224.17,185.52,0.0,198.65,2026-01-17
MO-008398,SYS-0017,100,Ended,8398,0.0,-1352.44,12.91,59.25,22.11,-671.87,803.64,0.0,-1126.4,2026-02-03
MO-008399,AFT-0024,300,Ended,8399,0.0,195.57,37.63,53.88,18.43,-7174.73,102.29,0.0,-6766.94,2026-02-20
MO-008400,SA-0001,200,Ended,8400,0.0,33.29,3.22,-0.08,0.11,6.15,21.58,0.0,64.28,2026-03-09
MO-008401,SA-0038,300,Ended,8401,0.0,170.59,3.97,-4.62,-1.68,-10.41,82.88,0.0,240.73,2026-03-27
MO-008402,SA-0075,100,Ended,8402,0.0,109.5,10.09,-2.61,-1.13,77.79,74.95,0.0,268.59,2026-04-13
MO-008403,DRV-0012,200,Ended,8403,0.0,32.92,6.32,-12.55,-4.63,-243.91,18.9,0.0,-202.96,2026-04-30
MO-008404,DRV-0049,100,Ended,8404,0.0,104.46,1.55,-10.72,-4.06,-248.02,83.99,0.0,-72.8,2026-05-17
MO-008405,ACT-0026,200,Ended,8405,0.0,-111.14,-2.57,7.46,2.57,-858.5,744.37,0.0,-217.81,2026-06-03
MO-008406,CTL-0003,300,Ended,8406,0.0,1392.83,20.33,46.66,17.02,-1056.18,991.28,0.0,1411.94,2026-06-20
MO-008450,DRV-0001,100,Ended,8450,0.0,60.52,-4.5,-2.1,-0.85,-230.42,188.65,0.0,11.29,2026-01-08
MO-008451,DRV-0038,200,Ended,8451,0.0,139.91,1.16,10.08,3.45,-42.36,87.09,0.0,199.33,2026-01-25
MO-008452,ACT-0015,100,Ended,8452,0.0,595.42,24.75,56.97,20.83,-169.96,225.72,0.0,753.74,2026-02-11
MO-008453,ACT-0052,200,Ended,8453,0.0,448.23,7.34,20.94,7.19,-66.78,116.38,0.0,533.3,2026-02-28
MO-008454,CTL-0029,300,Ended,8454,0.0,292.36,27.96,57.26,21.26,30.28,104.46,0.0,533.58,2026-03-17
MO-008455,SYS-0026,300,Ended,8455,0.0,3323.23,25.9,18.14,6.11,-1698.1,1226.5,0.0,2901.76,2026-04-03
MO-008456,AFT-0033,300,Ended,8456,0.0,-17.88,2.62,-1.71,-0.6,25.06,59.86,0.0,67.35,2026-04-20
MO-008457,SA-0010,200,Ended,8457,0.0,15.0,6.53,-3.21,-1.23,72.01,45.82,0.0,134.92,2026-05-07
MO-008458,SA-0047,300,Ended,8458,0.0,106.27,0.48,-15.14,-5.47,151.23,46.09,0.0,283.46,2026-05-24
MO-008459,SA-0084,100,Ended,8459,0.0,61.76,-3.6,-6.62,-2.4,-233.75,28.38,0.0,-156.22,2026-06-10
MO-008460,DRV-0021,100,Released,8460,0.0,0.0,0.0,-44.64,-16.74,61.38,0.0,0.0,0.0,
MO-008504,AFT-0059,100,Ended,8504,0.0,18.77,-2.25,-8.49,-3.24,161.54,4.05,0.0,170.38,2026-01-16
MO-008505,SA-0036,100,Ended,8505,0.0,73.92,-1.2,-1.87,-0.71,-179.58,49.64,0.0,-59.79,2026-02-02
MO-008506,SA-0073,200,Ended,8506,0.0,109.9,4.69,7.38,2.71,-89.48,54.47,0.0,89.68,2026-02-19
MO-008507,DRV-0010,200,Ended,8507,0.0,5.36,15.13,20.67,7.27,113.88,43.73,0.0,206.04,2026-03-08
MO-008508,DRV-0047,100,Ended,8508,0.0,1731.49,22.54,31.24,11.22,-451.81,522.92,0.0,1867.6,2026-03-25
MO-008509,ACT-0024,200,Ended,8509,0.0,594.43,14.49,22.56,8.64,-1267.66,179.86,0.0,-447.68,2026-04-11
MO-008510,CTL-0001,300,Ended,8510,0.0,2778.5,14.09,19.15,6.66,-2098.02,1523.4,0.0,2243.79,2026-04-28
MO-008511,CTL-0038,300,Ended,8511,0.0,424.38,26.11,40.02,15.59,-1625.62,1139.57,0.0,20.04,2026-05-15
MO-008512,AFT-0005,100,Ended,8512,0.0,68.96,0.83,-5.32,-2.11,-18.38,105.07,0.0,149.05,2026-06-01
MO-008513,AFT-0042,300,Ended,8513,0.0,12.74,-2.5,-7.73,-2.76,-239.21,11.97,0.0,-227.49,2026-06-18
MO-008557,ACT-0050,200,Ended,8557,0.0,994.26,0.49,-13.51,-4.94,-334.19,288.0,0.0,930.12,2026-01-07
MO-008558,CTL-0027,300,Ended,8558,0.0,820.08,5.47,6.89,2.46,-338.9,294.61,0.0,790.6,2026-01-24
MO-008559,SYS-0024,300,Ended,8559,0.0,11820.24,-8.14,-11.58,-4.86,-4083.55,1005.1,0.0,8717.22,2026-02-10
MO-008560,AFT-0031,100,Ended,8560,0.0,13.98,1.87,-6.72,-2.48,46.51,23.26,0.0,76.42,2026-02-27
MO-008561,SA-0008,300,Ended,8561,0.0,-9.99,2.89,1.34,0.55,-30.48,60.69,0.0,25.01,2026-03-16
MO-008562,SA-0045,100,Ended,8562,0.0,37.94,11.82,10.58,3.94,48.31,29.78,0.0,142.37,2026-04-02
MO-008563,SA-0082,200,Ended,8563,0.0,296.79,12.08,22.53,8.06,86.88,79.61,0.0,505.94,2026-04-19
MO-008564,DRV-0019,100,Ended,8564,0.0,607.37,7.14,15.41,6.62,-191.02,98.32,0.0,543.84,2026-05-06
MO-008565,DRV-0056,200,Ended,8565,0.0,4150.81,4.8,16.49,5.66,-1383.69,1346.93,0.0,4141.0,2026-05-23
MO-008566,ACT-0033,100,Ended,8566,0.0,-408.42,20.38,29.85,10.78,-775.42,740.42,0.0,-382.43,2026-06-09
MO-008567,CTL-0010,300,Reported Finished,8567,0.0,22789.2,-14.15,-3.09,-2.72,-411.27,497.26,0.0,22855.23,
MO-008611,DRV-0008,200,Ended,8611,0.0,18.26,1.87,-0.76,0.22,-25.01,41.61,0.0,36.19,2026-01-14
MO-008612,DRV-0045,100,Ended,8612,0.0,29.35,-3.79,-10.45,-3.98,-39.27,79.55,0.0,51.41,2026-01-31
MO-008613,ACT-0022,200,Ended,8613,0.0,13.13,4.18,-1.7,-0.6,-148.72,178.27,0.0,44.57,2026-02-17
MO-008614,ACT-0059,100,Ended,8614,0.0,190.53,17.85,7.23,2.96,-14.41,120.51,0.0,324.67,2026-03-06
MO-008615,CTL-0036,300,Ended,8615,0.0,5734.16,23.73,9.34,3.95,-6549.43,3285.85,0.0,2507.61,2026-03-23
MO-008616,AFT-0003,300,Ended,8616,0.0,184.13,7.52,-3.64,-1.38,-122.43,270.84,0.0,335.03,2026-04-09
MO-008617,AFT-0040,100,Ended,8617,0.0,44.33,6.19,7.54,2.68,40.61,34.05,0.0,135.4,2026-04-26
MO-008618,SA-0017,300,Ended,8618,0.0,-24.52,9.0,11.87,4.4,87.87,22.42,0.0,111.05,2026-05-14
MO-008619,SA-0054,100,Ended,8619,0.0,98.56,2.22,11.0,4.39,-1238.87,34.45,0.0,-1088.26,2026-05-31
MO-008620,SA-0091,200,Ended,8620,0.0,439.23,1.88,0.6,0.02,-364.5,251.69,0.0,328.92,2026-06-17
MO-008664,AFT-0029,100,Ended,8664,0.0,-4.19,2.36,-4.61,-1.74,173.48,6.57,0.0,171.87,2026-01-05
MO-008665,SA-0006,100,Ended,8665,0.0,65.55,0.33,-6.24,-2.45,-682.63,100.78,0.0,-524.65,2026-01-22
MO-008666,SA-0043,200,Ended,8666,0.0,55.39,1.4,-5.84,-2.14,-104.74,62.54,0.0,6.61,2026-02-08
MO-008667,SA-0080,300,Ended,8667,0.0,53.88,-0.66,-6.1,-2.26,-50.05,63.96,0.0,58.76,2026-02-25
MO-008668,DRV-0017,100,Ended,8668,0.0,549.12,4.13,-2.39,-0.89,21.68,108.79,0.0,680.45,2026-03-14
MO-008669,DRV-0054,200,Ended,8669,0.0,2286.96,10.09,-2.76,-1.11,-1061.96,215.02,0.0,1446.23,2026-03-31
MO-008670,ACT-0031,100,Ended,8670,0.0,-622.76,34.06,19.19,7.26,-2311.99,1766.14,0.0,-1108.09,2026-04-17
MO-008671,CTL-0008,300,Ended,8671,0.0,793.66,42.13,23.29,7.8,-706.32,497.56,0.0,658.11,2026-05-04
MO-008672,SYS-0005,100,Ended,8672,0.0,14.99,6.35,-2.53,-0.97,157.13,13.28,0.0,188.25,2026-05-21
MO-008673,AFT-0012,300,Ended,8673,0.0,135.09,1.15,7.94,2.8,-251.35,40.18,0.0,-64.19,2026-06-07
MO-008674,AFT-0049,100,Started,8674,0.0,2754.3,0.9,-1.07,-0.53,60.73,25.2,0.0,2839.53,
MO-008718,ACT-0057,100,Ended,8718,0.0,120.85,26.3,79.99,31.39,-687.13,734.03,0.0,305.44,2026-01-13
MO-008719,CTL-0034,300,Ended,8719,0.0,2415.54,0.49,43.44,14.29,-289.42,340.65,0.0,2524.99,2026-01-30
MO-008720,AFT-0001,100,Ended,8720,0.0,95.66,0.51,-8.27,-2.97,-47.69,129.39,0.0,166.63,2026-02-16
MO-008721,AFT-0038,100,Ended,8721,0.0,118.18,-0.68,-4.87,-1.94,-31.22,108.77,0.0,188.24,2026-03-05
MO-008722,SA-0015,100,Ended,8722,0.0,13.84,8.62,-6.0,-2.19,3.15,53.94,0.0,71.35,2026-03-22
MO-008723,SA-0052,200,Ended,8723,0.0,40.27,2.07,-2.46,-0.88,20.94,41.17,0.0,101.12,2026-04-08
MO-008724,SA-0089,300,Ended,8724,0.0,-9.25,10.08,-3.45,-1.25,106.61,24.04,0.0,126.78,2026-04-25
MO-008725,DRV-0026,200,Ended,8725,0.0,401.66,25.82,6.3,2.39,-319.57,287.45,0.0,404.05,2026-05-12
MO-008726,ACT-0003,100,Ended,8726,0.0,3029.7,28.58,67.39,25.35,-1126.33,1119.05,0.0,3143.75,2026-05-29
MO-008727,ACT-0040,200,Ended,8727,0.0,287.19,21.63,37.29,14.37,-52.51,104.91,0.0,412.87,2026-06-15
MO-008771,SA-0078,100,Ended,8771,0.0,216.4,2.95,9.59,3.37,-623.61,130.91,0.0,-260.39,2026-01-03
MO-008772,DRV-0015,100,Ended,8772,0.0,391.58,10.89,16.79,6.16,-198.77,259.08,0.0,485.72,2026-01-20
MO-008773,DRV-0052,200,Ended,8773,0.0,498.97,1.06,48.86,18.63,-130.98,233.66,0.0,670.21,2026-02-07
MO-008774,ACT-0029,100,Ended,8774,0.0,214.72,-13.59,50.78,17.86,-63.03,129.26,0.0,336.0,2026-02-24
MO-008775,CTL-0006,300,Ended,8775,0.0,772.25,10.69,12.77,7.51,-4817.55,1407.36,0.0,-2606.98,2026-03-13
MO-008776,SYS-0003,100,Ended,8776,0.0,70.43,5.69,-9.9,-3.72,108.2,47.4,0.0,218.1,2026-03-30
MO-008777,AFT-0010,100,Ended,8777,0.0,26.02,1.9,-5.85,-2.07,95.64,13.31,0.0,128.95,2026-04-16
MO-008778,AFT-0047,100,Ended,8778,0.0,298.77,4.21,-2.42,-0.93,-72.99,131.35,0.0,358.0,2026-05-03
MO-008779,SA-0024,100,Ended,8779,0.0,221.04,5.95,-3.41,-1.17,-606.66,34.88,0.0,-349.37,2026-05-20
MO-008780,SA-0061,200,Ended,8780,0.0,107.46,26.71,3.3,1.07,-398.2,132.02,0.0,-127.64,2026-06-06
MO-008781,SA-0098,300,Released,8781,0.0,0.0,0.0,-26.16,-9.46,35.63,0.0,0.0,0.0,
MO-008825,AFT-0036,300,Ended,8825,0.0,88.72,3.05,-0.23,-0.06,-526.45,95.06,0.0,-339.91,2026-01-11
MO-008826,SA-0013,200,Ended,8826,0.0,27.11,2.34,2.57,0.95,-111.94,47.99,0.0,-30.98,2026-01-28
MO-008827,SA-0050,300,Ended,8827,0.0,186.2,6.14,11.06,4.01,-85.04,107.41,0.0,229.77,2026-02-14
MO-008828,SA-0087,100,Ended,8828,0.0,25.33,-6.25,34.39,12.81,6.44,62.36,0.0,135.08,2026-03-03
MO-008829,DRV-0024,200,Ended,8829,0.0,-29.89,-3.41,47.12,16.32,-1918.54,146.31,0.0,-1742.11,2026-03-20
MO-008830,ACT-0001,100,Ended,8830,0.0,1449.27,11.51,11.77,4.37,-1851.42,1662.61,0.0,1288.1,2026-04-06
MO-008831,ACT-0038,200,Ended,8831,0.0,360.58,37.44,-18.06,-7.65,-545.87,296.08,0.0,122.51,2026-04-23
MO-008832,CTL-0015,300,Ended,8832,0.0,25.48,5.34,-9.9,-3.79,146.37,22.74,0.0,186.23,2026-05-10
MO-008833,SYS-0012,300,Ended,8833,0.0,-16.1,4.0,-4.55,-1.7,-415.98,21.78,0.0,-412.55,2026-05-27
MO-008834,AFT-0019,100,Ended,8834,0.0,89.29,8.72,-4.84,-1.87,-56.44,26.94,0.0,61.79,2026-06-13
MO-008878,ACT-0027,100,Ended,8878,0.0,1531.84,31.06,34.59,13.7,-842.24,777.78,0.0,1546.73,2026-01-02
MO-008879,CTL-0004,300,Ended,8879,0.0,-822.89,36.13,4.5,1.93,-230.17,242.95,0.0,-767.56,2026-01-19
MO-008880,SYS-0001,100,Ended,8880,0.0,48.31,1.24,-1.79,-0.67,-1.3,36.32,0.0,82.1,2026-02-05
MO-008881,AFT-0008,100,Ended,8881,0.0,28.21,0.2,-0.49,-0.2,75.56,19.38,0.0,122.66,2026-02-22
MO-008882,AFT-0045,300,Ended,8882,0.0,274.89,-2.45,5.86,2.02,36.51,133.75,0.0,450.58,2026-03-11
MO-008883,SA-0022,200,Ended,8883,0.0,174.18,-0.3,19.02,6.75,-3.34,74.84,0.0,271.16,2026-03-28
MO-008884,SA-0059,300,Ended,8884,0.0,39.06,17.33,18.16,6.79,130.09,32.51,0.0,243.95,2026-04-14
MO-008885,SA-0096,100,Ended,8885,0.0,191.43,9.15,16.36,5.44,-2376.73,473.42,0.0,-1680.92,2026-05-01
MO-008886,DRV-0033,100,Ended,8886,0.0,271.18,26.62,-8.46,-1.86,-641.05,629.95,0.0,276.38,2026-05-18
MO-008887,ACT-0010,200,Ended,8887,0.0,-382.25,23.93,-18.22,-6.66,-1150.63,1172.52,0.0,-361.31,2026-06-04
MO-008888,ACT-0047,100,Reported Finished,8888,0.0,532.72,1.9,-7.63,-2.79,169.39,11.49,0.0,705.09,
MO-008932,SA-0085,200,Ended,8932,0.0,78.76,28.21,-12.1,-4.58,-286.0,162.93,0.0,-32.77,2026-01-10
MO-008933,DRV-0022,200,Ended,8933,0.0,3298.12,14.79,7.0,2.39,-668.58,755.82,0.0,3409.54,2026-01-27
MO-008934,DRV-0059,100,Ended,8934,0.0,250.29,8.13,50.35,18.39,-380.28,572.08,0.0,518.96,2026-02-13
MO-008935,ACT-0036,200,Ended,8935,0.0,303.87,1.44,10.11,3.38,-1136.68,181.3,0.0,-636.58,2026-03-02
MO-008936,CTL-0013,300,Ended,8936,0.0,23.41,-0.76,-1.83,-0.7,18.78,16.18,0.0,55.08,2026-03-19
MO-008937,SYS-0010,300,Ended,8937,0.0,26.92,0.08,2.08,0.64,76.89,61.05,0.0,167.67,2026-04-05
MO-008938,AFT-0017,100,Ended,8938,0.0,-113.13,8.78,19.32,6.97,149.55,119.41,0.0,190.91,2026-04-22
MO-008939,AFT-0054,300,Ended,8939,0.0,-15.11,4.9,19.41,7.4,-336.18,11.15,0.0,-308.42,2026-05-09
MO-008940,SA-0031,200,Ended,8940,0.0,271.22,23.42,-2.4,-1.7,-487.34,209.3,0.0,12.5,2026-05-26
MO-008941,SA-0068,300,Ended,8941,0.0,384.16,14.78,1.09,1.34,-445.91,366.92,0.0,322.38,2026-06-12
MO-008942,DRV-0005,100,Reported Finished,8942,0.0,7245.01,12.75,-14.15,-5.38,-139.89,162.78,0.0,7261.12,
MO-008986,AFT-0043,100,Ended,8986,0.0,167.84,17.26,-14.37,-5.41,-157.76,98.24,0.0,105.79,2026-01-17
MO-008987,SA-0020,300,Ended,8987,0.0,166.8,14.58,-7.51,-2.72,-25.32,46.99,0.0,192.82,2026-02-03
MO-008988,SA-0057,100,Ended,8988,0.0,26.14,6.43,-1.62,-0.7,-13.62,32.47,0.0,49.1,2026-02-20
MO-008989,SA-0094,200,Ended,8989,0.0,0.25,-0.22,17.38,6.14,15.2,73.3,0.0,112.04,2026-03-09
MO-008990,DRV-0031,100,Ended,8990,0.0,96.03,6.66,60.65,23.7,-1999.9,975.09,0.0,-837.77,2026-03-27
MO-008991,ACT-0008,200,Ended,8991,0.0,139.83,-0.67,12.21,4.75,-228.75,159.45,0.0,86.81,2026-04-13
MO-008992,ACT-0045,100,Ended,8992,0.0,20.74,0.77,0.6,0.2,60.87,14.04,0.0,97.21,2026-04-30
MO-008993,CTL-0022,300,Ended,8993,0.0,169.07,7.01,8.91,3.06,66.02,82.8,0.0,336.88,2026-05-17
MO-008994,SYS-0019,100,Ended,8994,0.0,78.26,16.02,0.36,0.02,-165.26,62.93,0.0,-7.66,2026-06-03
MO-008995,AFT-0026,100,Ended,8995,0.0,13.62,7.5,5.53,1.97,-26.12,38.91,0.0,41.42,2026-06-20
MO-009039,ACT-0034,200,Ended,9039,0.0,294.35,30.0,3.84,2.35,0.03,59.27,0.0,389.84,2026-01-08
MO-009040,CTL-0011,300,Ended,9040,0.0,326.73,3.33,-2.31,-0.98,-156.42,213.52,0.0,383.87,2026-01-25
MO-009041,SYS-0008,300,Ended,9041,0.0,2.3,7.56,-7.76,-2.77,14.75,17.44,0.0,31.52,2026-02-11
MO-009042,AFT-0015,300,Ended,9042,0.0,96.38,4.42,-7.85,-2.99,-36.9,118.04,0.0,171.11,2026-02-28
MO-009043,AFT-0052,100,Ended,9043,0.0,17.98,0.09,1.34,0.51,143.29,25.25,0.0,188.47,2026-03-17
MO-009044,SA-0029,300,Ended,9044,0.0,90.16,-3.91,5.64,2.09,35.94,22.1,0.0,152.03,2026-04-03
MO-009045,SA-0066,100,Ended,9045,0.0,657.0,5.05,21.85,7.8,-2629.89,491.11,0.0,-1447.08,2026-04-20
MO-009046,DRV-0003,100,Ended,9046,0.0,-86.6,24.01,54.17,19.74,-1151.22,1103.0,0.0,-36.89,2026-05-07
MO-009047,DRV-0040,200,Ended,9047,0.0,106.87,11.16,40.81,14.12,-84.31,114.95,0.0,203.62,2026-05-24
MO-009048,ACT-0017,100,Ended,9048,0.0,12.79,6.67,7.33,2.72,70.91,18.98,0.0,119.4,2026-06-10
MO-009049,ACT-0054,200,Started,9049,0.0,9716.47,4.81,-2.99,-1.07,-137.59,76.49,0.0,9656.12,
MO-009093,SA-0092,300,Ended,9093,0.0,-79.76,7.83,20.51,7.05,-68.07,44.04,0.0,-68.4,2026-01-16
MO-009094,DRV-0029,100,Ended,9094,0.0,445.38,18.73,2.57,1.01,-149.15,226.4,0.0,544.94,2026-02-02
MO-009095,ACT-0006,200,Ended,9095,0.0,379.57,35.76,10.83,2.06,-6217.52,456.19,0.0,-5333.12,2026-02-19
MO-009096,ACT-0043,100,Ended,9096,0.0,46.92,2.59,-7.87,-3.02,-8.34,29.99,0.0,60.27,2026-03-08
MO-009097,CTL-0020,300,Ended,9097,0.0,62.96,0.18,-5.11,-1.88,-4.66,41.23,0.0,92.71,2026-03-25
MO-009098,SYS-0017,100,Ended,9098,0.0,1186.87,-2.81,-2.92,-1.11,-80.82,200.91,0.0,1300.13,2026-04-11
MO-009099,AFT-0024,300,Ended,9099,0.0,3.74,2.9,5.17,1.82,-1481.62,23.38,0.0,-1444.61,2026-04-28
MO-009100,SA-0001,200,Ended,9100,0.0,105.11,4.21,8.85,3.24,-205.81,100.73,0.0,16.32,2026-05-15
MO-009101,SA-0038,300,Ended,9101,0.0,481.13,12.72,20.77,7.28,-456.21,372.95,0.0,438.64,2026-06-01
MO-009102,SA-0075,100,Ended,9102,0.0,362.45,30.23,51.58,20.06,-354.99,299.8,0.0,409.14,2026-06-18
MO-009146,AFT-0013,100,Ended,9146,0.0,974.69,15.88,13.65,5.08,-448.65,412.53,0.0,973.17,2026-01-07
MO-009147,AFT-0050,100,Ended,9147,0.0,729.11,5.13,8.18,2.81,-273.08,296.56,0.0,768.7,2026-01-24
MO-009148,SA-0027,100,Ended,9148,0.0,113.39,11.3,4.19,1.38,-2.63,89.99,0.0,217.62,2026-02-10
MO-009149,SA-0064,200,Ended,9149,0.0,79.31,8.86,3.54,1.12,11.26,21.41,0.0,125.51,2026-02-27
MO-009150,DRV-0001,100,Ended,9150,0.0,1392.5,37.68,17.08,9.15,-1210.58,754.59,0.0,1000.42,2026-03-16
MO-009151,DRV-0038,200,Ended,9151,0.0,363.34,1.82,-51.13,-18.83,-855.27,381.03,0.0,-179.03,2026-04-02
MO-009152,ACT-0015,100,Ended,9152,0.0,82.38,0.67,-2.9,-1.05,1.63,48.37,0.0,129.11,2026-04-19
MO-009153,ACT-0052,200,Ended,9153,0.0,60.63,-0.61,-2.92,-1.05,27.73,25.86,0.0,109.65,2026-05-06
MO-009154,CTL-0029,300,Ended,9154,0.0,-3.84,2.99,0.12,0.01,96.72,26.11,0.0,122.11,2026-05-23
MO-009155,SYS-0026,300,Ended,9155,0.0,645.05,8.89,6.46,2.27,-233.04,280.34,0.0,709.97,2026-06-09
MO-009156,AFT-0033,300,Released,9156,0.0,0.0,0.0,-50.97,-19.64,70.61,0.0,0.0,0.0,
MO-009200,ACT-0041,100,Ended,9200,0.0,27.54,4.56,-1.16,-0.46,116.31,33.26,0.0,180.05,2026-01-14
MO-009201,CTL-0018,300,Ended,9201,0.0,140.81,8.0,9.82,3.45,-188.17,54.8,0.0,28.71,2026-01-31
MO-009202,SYS-0015,100,Ended,9202,0.0,-650.46,6.96,3.45,0.95,-487.85,577.77,0.0,-549.2,2026-02-17
MO-009203,AFT-0022,100,Ended,9203,0.0,6.5,7.63,7.26,2.79,69.24,18.03,0.0,111.45,2026-03-06
MO-009204,AFT-0059,100,Ended,9204,0.0,40.93,12.5,16.65,6.89,151.22,18.91,0.0,247.09,2026-03-23
MO-009205,SA-0036,100,Ended,9205,0.0,215.5,10.51,10.74,5.71,-950.04,223.39,0.0,-484.2,2026-04-09
MO-009206,SA-0073,200,Ended,9206,0.0,321.06,-13.1,-45.72,-17.34,-739.48,217.89,0.0,-276.67,2026-04-26
MO-009207,DRV-0010,200,Ended,9207,0.0,489.05,14.25,-10.12,-3.3,-142.26,191.32,0.0,538.94,2026-05-14
MO-009208,DRV-0047,100,Ended,9208,0.0,225.26,5.15,-0.05,0.02,-47.73,112.05,0.0,294.69,2026-05-31
MO-009209,ACT-0024,200,Ended,9209,0.0,167.01,1.82,-1.53,-0.55,-234.82,39.97,0.0,-28.11,2026-06-17
MO-009253,SA-0062,300,Ended,9253,0.0,197.39,6.28,7.41,2.68,-246.08,94.13,0.0,61.81,2026-01-05
MO-009254,SA-0099,100,Ended,9254,0.0,637.61,40.49,49.36,18.29,-152.4,146.53,0.0,739.87,2026-01-22
MO-009255,DRV-0036,200,Ended,9255,0.0,851.46,30.63,39.73,15.31,-4000.18,1310.04,0.0,-1753.02,2026-02-08
MO-009256,ACT-0013,100,Ended,9256,0.0,7.72,8.05,-0.55,-0.22,41.13,22.31,0.0,78.43,2026-02-25
MO-009257,ACT-0050,200,Ended,9257,0.0,156.5,2.61,3.48,1.14,-32.01,64.0,0.0,195.72,2026-03-14
MO-009258,CTL-0027,300,Ended,9258,0.0,195.05,1.45,-1.8,-0.68,5.79,73.65,0.0,273.46,2026-03-31
MO-009259,SYS-0024,300,Ended,9259,0.0,2014.64,7.45,9.28,3.73,-855.96,229.74,0.0,1408.89,2026-04-17
MO-009260,AFT-0031,100,Ended,9260,0.0,125.28,-9.35,-4.67,-2.56,-422.1,108.56,0.0,-204.84,2026-05-04
MO-009261,SA-0008,300,Ended,9261,0.0,391.96,-2.54,-26.65,-9.84,-324.94,273.11,0.0,301.11,2026-05-21
MO-009262,SA-0045,100,Ended,9262,0.0,66.06,14.04,-19.07,-7.22,-176.92,119.14,0.0,-3.97,2026-06-07
MO-009263,SA-0082,200,Reported Finished,9263,0.0,7546.87,36.9,14.98,5.23,-82.89,174.14,0.0,7695.23,
MO-009307,AFT-0020,100,Ended,9307,0.0,108.38,2.92,-1.56,-0.43,-73.85,94.05,0.0,129.51,2026-01-13
MO-009308,AFT-0057,300,Ended,9308,0.0,-8.74,18.8,9.35,3.52,-16.52,86.61,0.0,93.02,2026-01-30
MO-009309,SA-0034,200,Ended,9309,0.0,31.76,34.86,29.06,10.07,82.3,67.73,0.0,255.79,2026-02-16
MO-009310,SA-0071,300,Ended,9310,0.0,544.32,39.56,114.92,42.01,-262.56,404.31,0.0,882.57,2026-03-05
MO-009311,DRV-0008,200,Ended,9311,0.0,331.74,40.56,41.35,14.2,-343.84,182.05,0.0,266.06,2026-03-22
MO-009312,DRV-0045,100,Ended,9312,0.0,44.06,2.06,-0.77,-0.31,114.51,17.05,0.0,176.61,2026-04-08
MO-009313,ACT-0022,200,Ended,9313,0.0,53.31,-0.12,-0.46,-0.18,3.79,39.62,0.0,95.94,2026-04-25
MO-009314,ACT-0059,100,Ended,9314,0.0,-38.94,-1.39,3.54,1.51,98.5,30.13,0.0,93.36,2026-05-12
MO-009315,CTL-0036,300,Ended,9315,0.0,851.11,-1.68,-3.54,-1.77,-1424.96,751.05,0.0,170.22,2026-05-29
MO-009316,AFT-0003,300,Ended,9316,0.0,-128.65,8.17,-20.73,-7.81,-1224.49,1263.93,0.0,-109.57,2026-06-15
MO-009360,ACT-0011,100,Ended,9360,0.0,19.55,3.01,-8.87,-3.39,128.88,31.24,0.0,170.43,2026-01-03
MO-009361,ACT-0048,200,Ended,9361,0.0,28.36,0.71,-4.42,-1.65,-370.42,30.67,0.0,-316.75,2026-01-20
MO-009362,CTL-0025,300,Ended,9362,0.0,201.98,2.66,-3.5,-1.43,-149.82,130.26,0.0,180.14,2026-02-07
MO-009363,SYS-0022,300,Ended,9363,0.0,1958.84,12.0,1.68,0.5,-309.59,397.22,0.0,2060.65,2026-02-24
MO-009364,AFT-0029,100,Ended,9364,0.0,90.08,26.84,33.28,12.28,155.64,30.68,0.0,348.81,2026-03-13
MO-009365,SA-0006,100,Ended,9365,0.0,175.63,17.21,51.84,18.22,-3725.12,453.51,0.0,-3008.7,2026-03-30
MO-009366,SA-0043,200,Ended,9366,0.0,90.16,14.32,64.11,23.08,-670.86,250.17,0.0,-229.03,2026-04-16
MO-009367,SA-0080,300,Ended,9367,0.0,-41.5,-0.59,44.54,17.05,-454.45,279.84,0.0,-155.12,2026-05-03
MO-009368,DRV-0017,100,Ended,9368,0.0,82.48,-1.3,-4.77,-1.84,123.57,23.31,0.0,221.44,2026-05-20
MO-009369,DRV-0054,200,Ended,9369,0.0,380.15,-0.14,1.99,0.85,-195.45,47.78,0.0,235.19,2026-06-06
MO-009370,ACT-0031,100,Started,9370,0.0,11667.72,2.8,-3.16,-1.29,-26.61,88.31,0.0,11727.77,
MO-009414,SA-0069,100,Ended,9414,0.0,155.97,0.87,-4.38,-0.08,-123.11,62.72,0.0,91.99,2026-01-11
MO-009415,DRV-0006,200,Ended,9415,0.0,1349.84,21.49,-24.45,-8.95,-4107.59,1555.55,0.0,-1214.11,2026-01-28
MO-009416,DRV-0043,100,Ended,9416,0.0,45.61,6.17,-6.32,-2.31,26.42,34.9,0.0,104.48,2026-02-14
MO-009417,ACT-0020,200,Ended,9417,0.0,46.79,2.96,-4.92,-1.82,24.07,37.57,0.0,104.65,2026-03-03
MO-009418,ACT-0057,100,Ended,9418,0.0,-252.93,12.31,0.63,0.32,-154.78,183.51,0.0,-210.93,2026-03-20
MO-009419,CTL-0034,300,Ended,9419,0.0,315.03,8.47,15.95,5.63,13.11,77.86,0.0,436.05,2026-04-06
MO-009420,AFT-0001,100,Ended,9420,0.0,192.3,9.38,56.24,21.89,-915.05,603.81,0.0,-31.44,2026-04-23
MO-009421,AFT-0038,100,Ended,9421,0.0,154.16,0.06,21.67,8.3,-577.64,489.45,0.0,95.99,2026-05-10
MO-009422,SA-0015,100,Ended,9422,0.0,241.06,4.19,32.64,13.88,-219.26,215.77,0.0,288.28,2026-05-27
MO-009423,SA-0052,200,Ended,9423,0.0,558.01,-1.72,33.53,11.52,-139.45,180.14,0.0,642.04,2026-06-13
MO-009467,SYS-0020,300,Ended,9467,0.0,1671.66,-4.37,21.23,8.09,-455.08,474.08,0.0,1715.61,2026-01-02
MO-009468,AFT-0027,300,Ended,9468,0.0,122.49,0.26,5.86,2.07,-11.77,45.93,0.0,164.85,2026-01-19
MO-009469,SA-0004,200,Ended,9469,0.0,132.18,2.26,0.89,1.44,34.99,25.43,0.0,197.18,2026-02-05
MO-009470,SA-0041,300,Ended,9470,0.0,191.63,17.42,-17.48,-6.66,-299.7,414.95,0.0,300.16,2026-02-22
MO-009471,SA-0078,100,Ended,9471,0.0,549.92,33.46,-1.78,-0.63,-2997.18,572.73,0.0,-1843.48,2026-03-11
MO-009472,DRV-0015,100,Ended,9472,0.0,58.74,3.31,-6.66,-2.55,86.17,55.52,0.0,194.52,2026-03-28
MO-009473,DRV-0052,200,Ended,9473,0.0,32.23,10.59,-2.74,-0.98,52.96,51.93,0.0,143.98,2026-04-14
MO-009474,ACT-0029,100,Ended,9474,0.0,93.05,4.22,7.91,2.94,11.27,32.31,0.0,151.7,2026-05-01
MO-009475,CTL-0006,300,Ended,9475,0.0,580.5,0.79,19.03,6.79,-1013.81,321.68,0.0,-85.03,2026-05-18
MO-009476,SYS-0003,100,Ended,9476,0.0,175.91,2.38,29.52,10.95,-140.23,221.19,0.0,299.73,2026-06-04
MO-009477,AFT-0010,100,Released,9477,0.0,0.0,0.0,-64.51,-22.74,87.26,0.0,0.0,0.0,
MO-009521,ACT-0018,200,Ended,9521,0.0,76.02,-2.71,5.75,2.01,-460.68,84.31,0.0,-295.3,2026-01-10
MO-009522,ACT-0055,100,Ended,9522,0.0,-95.35,4.41,4.15,1.37,-308.88,224.16,0.0,-170.14,2026-01-27
MO-009523,CTL-0032,300,Ended,9523,0.0,449.55,1.1,6.57,2.35,-146.19,155.83,0.0,469.22,2026-02-13
MO-009524,SYS-0029,100,Ended,9524,0.0,-215.35,9.86,-6.47,-2.7,-13.1,81.23,0.0,-146.54,2026-03-02
MO-009525,AFT-0036,300,Ended,9525,0.0,251.39,22.49,-7.88,-2.75,-2893.2,427.78,0.0,-2202.16,2026-03-19
MO-009526,SA-0013,200,Ended,9526,0.0,248.42,25.17,-1.51,-0.55,-985.91,191.96,0.0,-522.42,2026-04-05
MO-009527,SA-0050,300,Ended,9527,0.0,704.22,19.65,-3.77,-1.57,-659.67,469.91,0.0,528.75,2026-04-22
MO-009528,SA-0087,100,Ended,9528,0.0,-11.32,3.15,-4.97,-1.78,117.91,13.36,0.0,116.36,2026-05-09
MO-009529,DRV-0024,200,Ended,9529,0.0,-100.64,1.3,-0.93,-0.37,-349.76,32.51,0.0,-417.88,2026-05-26
MO-009530,ACT-0001,100,Ended,9530,0.0,106.24,-2.7,10.28,3.8,-423.53,415.65,0.0,109.74,2026-06-12
MO-009531,ACT-0038,200,Released,9531,0.0,0.0,0.0,-52.33,-18.2,70.53,0.0,0.0,0.0,
MO-009575,SA-0076,200,Ended,9575,0.0,221.79,-16.6,31.01,11.63,-150.55,206.82,0.0,304.11,2026-01-17
MO-009576,DRV-0013,100,Ended,9576,0.0,48.29,-0.45,5.67,2.28,-0.43,32.05,0.0,87.41,2026-02-03
MO-009577,DRV-0050,200,Ended,9577,0.0,636.67,4.97,0.73,0.16,-113.26,188.24,0.0,717.52,2026-02-20
MO-009578,ACT-0027,100,Ended,9578,0.0,201.14,19.43,-3.5,-0.84,-36.3,194.44,0.0,374.37,2026-03-09
MO-009579,CTL-0004,300,Ended,9579,0.0,545.86,4.89,-2.37,-1.12,-30.7,55.53,0.0,572.09,2026-03-27
MO-009580,SYS-0001,100,Ended,9580,0.0,132.04,14.46,-8.76,-3.27,-326.14,169.5,0.0,-22.17,2026-04-13
MO-009581,AFT-0008,100,Ended,9581,0.0,70.16,4.76,2.0,0.71,-205.68,87.23,0.0,-40.83,2026-04-30
MO-009582,AFT-0045,300,Ended,9582,0.0,568.28,34.59,5.36,2.3,-627.04,535.0,0.0,518.5,2026-05-17
MO-009583,SA-0022,200,Ended,9583,0.0,705.61,1.34,13.89,5.22,-297.06,327.41,0.0,756.41,2026-06-03
MO-009584,SA-0059,300,Ended,9584,0.0,25.96,-0.45,-0.11,-0.11,158.59,6.97,0.0,190.86,2026-06-20
MO-009628,SYS-0027,100,Ended,9628,0.0,48.01,1.71,25.4,9.27,-105.2,140.08,0.0,119.26,2026-01-08
MO-009629,AFT-0034,100,Ended,9629,0.0,-25.21,-2.47,6.33,2.15,-3.39,45.1,0.0,22.51,2026-01-25
MO-009630,SA-0011,300,Ended,9630,0.0,1033.65,6.54,37.1,13.68,-413.01,579.22,0.0,1257.17,2026-02-11
MO-009631,SA-0048,100,Ended,9631,0.0,307.06,9.8,95.37,36.36,-4632.4,282.06,0.0,-3901.75,2026-02-28
MO-009632,SA-0085,200,Ended,9632,0.0,-15.22,3.74,2.58,0.84,-6.32,34.91,0.0,20.53,2026-03-17
MO-009633,DRV-0022,200,Ended,9633,0.0,469.47,9.86,-2.85,-0.7,-49.35,167.96,0.0,594.38,2026-04-03
MO-009634,DRV-0059,100,Ended,9634,0.0,-383.79,9.17,-8.19,-3.25,57.38,143.02,0.0,-185.66,2026-04-20
MO-009635,ACT-0036,200,Ended,9635,0.0,49.44,5.59,-4.63,-1.64,-241.11,41.44,0.0,-150.93,2026-05-07
MO-009636,CTL-0013,300,Ended,9636,0.0,116.2,1.54,-1.92,-0.76,-228.45,75.5,0.0,-37.89,2026-05-24
MO-009637,SYS-0010,300,Ended,9637,0.0,191.27,4.64,-2.62,-0.64,-179.8,274.74,0.0,287.59,2026-06-10
MO-009638,AFT-0017,100,Reported Finished,9638,0.0,9683.46,-8.23,27.01,10.01,-6.35,238.82,0.0,9944.73,
MO-009682,ACT-0025,100,Ended,9682,0.0,1147.51,-0.28,0.71,0.22,-334.15,293.6,0.0,1107.62,2026-01-16
MO-009683,CTL-0002,300,Ended,9683,0.0,273.28,-0.77,7.93,2.79,-47.61,87.96,0.0,323.58,2026-02-02
MO-009684,CTL-0039,300,Ended,9684,0.0,297.99,7.83,25.67,10.05,-91.61,131.86,0.0,381.8,2026-02-19
MO-009685,AFT-0006,300,Ended,9685,0.0,4161.3,0.98,22.53,8.27,-3654.55,2589.75,0.0,3128.26,2026-03-08
MO-009686,AFT-0043,100,Ended,9686,0.0,414.33,34.53,105.73,39.47,-916.56,392.97,0.0,70.47,2026-03-25
MO-009687,SA-0020,300,Ended,9687,0.0,545.7,32.85,91.95,31.85,-455.32,205.58,0.0,452.61,2026-04-11
MO-009688,SA-0057,100,Ended,9688,0.0,12.92,6.21,-1.53,-0.58,46.1,6.96,0.0,70.08,2026-04-28
MO-009689,SA-0094,200,Ended,9689,0.0,92.9,3.49,-6.29,-2.35,93.72,16.29,0.0,197.75,2026-05-15
MO-009690,DRV-0031,100,Ended,9690,0.0,591.68,3.29,-7.28,-2.75,-335.89,243.77,0.0,492.82,2026-06-01
MO-009691,ACT-0008,200,Ended,9691,0.0,5.01,-0.3,-1.68,-0.63,-30.58,36.45,0.0,8.26,2026-06-18
MO-009735,SA-0046,200,Ended,9735,0.0,236.21,12.65,-13.43,-4.42,-222.79,263.33,0.0,271.55,2026-01-07
MO-009736,SA-0083,300,Ended,9736,0.0,28.61,1.75,-8.4,-3.2,200.44,62.54,0.0,281.74,2026-01-24
MO-009737,DRV-0020,200,Ended,9737,0.0,55.23,-1.55,-1.03,-0.36,-28.63,57.41,0.0,81.06,2026-02-10
MO-009738,DRV-0057,100,Ended,9738,0.0,944.06,0.4,2.54,0.94,-198.12,270.91,0.0,1020.74,2026-02-27
MO-009739,ACT-0034,200,Ended,9739,0.0,52.62,4.97,7.67,2.74,144.7,13.55,0.0,226.24,2026-03-16
MO-009740,CTL-0011,300,Ended,9740,0.0,986.6,13.04,20.11,7.1,-931.97,996.42,0.0,1091.3,2026-04-02
MO-009741,SYS-0008,300,Ended,9741,0.0,142.2,17.89,40.07,13.83,-103.4,78.48,0.0,189.08,2026-04-19
MO-009742,AFT-0015,300,Ended,9742,0.0,1125.74,54.65,57.21,23.9,-471.22,472.17,0.0,1262.44,2026-05-06
MO-009743,AFT-0052,100,Ended,9743,0.0,-57.5,26.08,5.09,-0.19,-49.6,110.47,0.0,34.35,2026-05-23
MO-009744,SA-0029,300,Ended,9744,0.0,7.29,1.53,-3.73,-1.26,56.67,4.74,0.0,65.24,2026-06-09
MO-009745,SA-0066,100,Started,9745,0.0,2375.39,0.26,-4.69,-1.7,-76.38,21.83,0.0,2314.71,
MO-009789,AFT-0004,100,Ended,9789,0.0,749.9,8.13,-28.57,-9.79,-177.45,192.93,0.0,735.15,2026-01-14
MO-009790,AFT-0041,100,Ended,9790,0.0,1313.29,9.79,1.92,1.11,-712.01,814.12,0.0,1428.22,2026-01-31
MO-009791,SA-0018,100,Ended,9791,0.0,1287.42,-5.41,15.38,5.28,-5822.66,615.97,0.0,-3904.02,2026-02-17
MO-009792,SA-0055,200,Ended,9792,0.0,127.36,3.7,-6.12,-2.22,53.59,47.34,0.0,223.65,2026-03-06
MO-009793,SA-0092,300,Ended,9793,0.0,46.04,0.46,-0.29,-0.12,16.87,9.79,0.0,72.74,2026-03-23
MO-009794,DRV-0029,100,Ended,9794,0.0,283.42,3.62,2.45,0.88,46.99,56.6,0.0,393.96,2026-04-09
MO-009795,ACT-0006,200,Ended,9795,0.0,48.75,11.33,12.29,4.11,-1281.37,104.27,0.0,-1100.62,2026-04-26
MO-009796,ACT-0043,100,Ended,9796,0.0,137.71,31.03,47.21,17.25,-223.72,139.93,0.0,149.42,2026-05-14
MO-009797,CTL-0020,300,Ended,9797,0.0,101.95,30.01,45.02,17.15,-209.87,185.52,0.0,169.77,2026-05-31
MO-009798,SYS-0017,100,Ended,9798,0.0,3524.55,14.4,12.7,4.53,-694.12,803.64,0.0,3665.7,2026-06-17
MO-009842,DRV-0055,100,Ended,9842,0.0,74.91,1.95,-3.37,-1.13,-606.2,567.04,0.0,33.22,2026-01-05
MO-009843,ACT-0032,200,Ended,9843,0.0,39.5,11.73,1.48,0.22,-1.28,18.61,0.0,70.26,2026-01-22
MO-009844,CTL-0009,300,Ended,9844,0.0,823.98,2.25,-23.48,-8.85,-74.11,102.59,0.0,822.38,2026-02-08
MO-009845,SYS-0006,300,Ended,9845,0.0,286.57,-3.04,-9.39,-3.54,-1029.17,196.48,0.0,-562.09,2026-02-25
MO-009846,AFT-0013,100,Ended,9846,0.0,2823.27,22.89,26.73,9.79,-2194.13,1650.1,0.0,2338.64,2026-03-14
MO-009847,AFT-0050,100,Ended,9847,0.0,1825.84,3.72,6.18,1.99,-1516.78,1297.44,0.0,1618.39,2026-03-31
MO-009848,SA-0027,100,Ended,9848,0.0,-1.19,9.2,-5.5,-2.08,213.05,19.28,0.0,232.76,2026-04-17
MO-009849,SA-0064,200,Ended,9849,0.0,3.36,1.72,-0.13,-0.03,39.65,4.76,0.0,49.34,2026-05-04
MO-009850,DRV-0001,100,Ended,9850,0.0,354.98,10.31,7.96,2.91,-222.62,188.65,0.0,342.19,2026-05-21
MO-009851,DRV-0038,200,Ended,9851,0.0,99.42,12.88,26.09,9.12,-33.77,87.09,0.0,200.84,2026-06-07
MO-009852,ACT-0015,100,Released,9852,0.0,0.0,0.0,-31.56,-11.49,43.05,0.0,0.0,0.0,
MO-009896,SA-0053,300,Ended,9896,0.0,117.02,3.63,-3.34,-1.32,59.0,67.06,0.0,242.05,2026-01-13
MO-009897,SA-0090,100,Ended,9897,0.0,34.15,2.04,-6.64,-2.29,-656.13,35.53,0.0,-593.34,2026-01-30
MO-009898,DRV-0027,100,Ended,9898,0.0,274.92,3.36,-0.94,-0.67,-22.55,81.81,0.0,335.93,2026-02-16
MO-009899,ACT-0004,200,Ended,9899,0.0,-20.46,-4.7,-12.41,-4.44,48.56,8.12,0.0,14.66,2026-03-05
MO-009900,ACT-0041,100,Ended,9900,0.0,49.23,0.67,-9.94,-3.82,-29.09,155.24,0.0,162.29,2026-03-22
MO-009901,CTL-0018,300,Ended,9901,0.0,469.77,14.32,5.31,1.94,-1033.46,246.62,0.0,-295.51,2026-04-08
MO-009902,SYS-0015,100,Ended,9902,0.0,8531.0,50.0,45.12,17.72,-2326.37,2311.08,0.0,8628.54,2026-04-25
MO-009903,AFT-0022,100,Ended,9903,0.0,178.5,13.23,13.09,5.08,-41.05,78.88,0.0,247.73,2026-05-12
MO-009904,AFT-0059,100,Ended,9904,0.0,9.25,6.5,-5.18,-1.91,164.54,4.05,0.0,177.25,2026-05-29
MO-009905,SA-0036,100,Ended,9905,0.0,21.86,5.93,3.16,1.08,-176.87,49.64,0.0,-95.19,2026-06-15
MO-009949,SYS-0004,300,Ended,9949,0.0,152.91,19.8,24.32,9.32,63.87,24.47,0.0,294.68,2026-01-03
MO-009950,AFT-0011,100,Ended,9950,0.0,175.95,18.15,53.25,19.87,-258.01,321.83,0.0,331.06,2026-01-20
MO-009951,AFT-0048,300,Ended,9951,0.0,-517.05,6.41,13.53,4.72,-5248.54,1815.93,0.0,-3924.99,2026-02-07
MO-009952,SA-0025,200,Ended,9952,0.0,14.63,-0.08,-5.56,-2.08,17.8,32.51,0.0,57.23,2026-02-24
MO-009953,SA-0062,300,Ended,9953,0.0,14.9,-2.36,-5.62,-2.15,96.18,20.92,0.0,121.88,2026-03-13
MO-009954,SA-0099,100,Ended,9954,0.0,145.83,1.94,-13.88,-5.31,19.03,36.63,0.0,184.24,2026-03-30
MO-009955,DRV-0036,200,Ended,9955,0.0,469.23,1.77,-6.68,-2.44,-860.17,299.44,0.0,-98.86,2026-04-16
MO-009956,ACT-0013,100,Ended,9956,0.0,106.02,12.26,-0.17,-0.09,-374.26,104.1,0.0,-152.13,2026-05-03
MO-009957,ACT-0050,200,Ended,9957,0.0,414.17,24.98,13.91,4.92,-319.23,288.0,0.0,426.75,2026-05-20
MO-009958,CTL-0027,300,Ended,9958,0.0,341.58,16.53,47.2,17.2,-312.76,294.61,0.0,404.36,2026-06-06
MO-009959,SYS-0024,300,Reported Finished,9959,0.0,47956.37,24.21,16.34,6.03,-3383.78,1005.1,0.0,45624.26,
MO-010003,ACT-0002,200,Ended,10003,0.0,-12.4,12.44,21.31,7.61,-4.39,31.88,0.0,56.44,2026-01-11
MO-010004,ACT-0039,100,Ended,10004,0.0,-116.46,10.29,33.33,12.36,18.98,53.19,0.0,11.69,2026-01-28
MO-010005,CTL-0016,300,Ended,10005,0.0,47.67,8.4,21.29,7.33,-42.77,122.87,0.0,164.79,2026-02-14
MO-010006,SYS-0013,100,Ended,10006,0.0,955.27,-1.83,19.98,8.61,-657.34,488.2,0.0,812.88,2026-03-03
MO-010007,AFT-0020,100,Ended,10007,0.0,413.41,-10.58,26.79,7.38,-640.27,411.48,0.0,208.2,2026-03-20
MO-010008,AFT-0057,300,Ended,10008,0.0,-11.88,1.24,-9.33,-3.55,149.67,18.56,0.0,144.71,2026-04-06
MO-010009,SA-0034,200,Ended,10009,0.0,-35.61,4.1,-13.03,-4.75,170.96,15.05,0.0,136.72,2026-04-23
MO-010010,SA-0071,300,Ended,10010,0.0,86.05,17.56,-2.31,-0.82,-15.83,101.08,0.0,185.73,2026-05-10
MO-010011,DRV-0008,200,Ended,10011,0.0,48.15,5.73,-2.52,-0.94,-26.81,41.61,0.0,65.23,2026-05-27
MO-010012,DRV-0045,100,Ended,10012,0.0,135.48,19.26,5.85,2.12,-27.81,79.55,0.0,214.44,2026-06-13
MO-010056,SA-0023,300,Ended,10056,0.0,106.04,4.22,-3.9,-1.41,32.91,86.42,0.0,224.27,2026-01-02
MO-010057,SA-0060,100,Ended,10057,0.0,5.83,6.9,-0.31,-0.16,-288.08,20.86,0.0,-254.96,2026-01-19
MO-010058,SA-0097,200,Ended,10058,0.0,142.59,11.94,9.54,3.52,-132.95,72.13,0.0,106.76,2026-02-05
MO-010059,DRV-0034,200,Ended,10059,0.0,51.47,2.3,22.57,7.92,56.21,16.96,0.0,157.43,2026-02-22
MO-010060,ACT-0011,100,Ended,10060,0.0,117.91,3.04,12.63,4.12,7.17,145.8,0.0,290.68,2026-03-11
MO-010061,ACT-0048,200,Ended,10061,0.0,56.05,-3.95,19.41,7.44,-2048.58,138.03,0.0,-1831.62,2026-03-28
MO-010062,CTL-0025,300,Ended,10062,0.0,282.72,-5.72,30.88,12.86,-675.68,521.03,0.0,166.09,2026-04-14
MO-010063,SYS-0022,300,Ended,10063,0.0,5829.6,11.79,-6.2,-1.81,-1709.08,1737.82,0.0,5862.12,2026-05-01
MO-010064,AFT-0029,100,Ended,10064,0.0,24.23,8.42,-12.49,-4.53,170.16,6.57,0.0,192.35,2026-05-18
MO-010065,SA-0006,100,Ended,10065,0.0,168.21,12.02,-7.99,-2.75,-683.07,100.78,0.0,-412.81,2026-06-04
MO-010066,SA-0043,200,Started,10066,0.0,1366.45,3.3,0.62,0.27,36.59,15.64,0.0,1422.86,
MO-010110,SYS-0011,100,Ended,10110,0.0,1178.39,20.91,10.77,4.26,-545.97,714.35,0.0,1382.7,2026-01-10
MO-010111,AFT-0018,300,Ended,10111,0.0,363.53,47.24,3.68,0.85,-1372.83,408.58,0.0,-548.96,2026-01-27
MO-010112,AFT-0055,100,Ended,10112,0.0,9.84,5.54,0.03,-0.01,23.39,12.66,0.0,51.45,2026-02-13
MO-010113,SA-0032,300,Ended,10113,0.0,6.75,3.95,1.35,0.56,50.91,9.55,0.0,73.06,2026-03-02
MO-010114,SA-0069,100,Ended,10114,0.0,-2.14,0.94,10.98,4.09,106.25,15.68,0.0,135.8,2026-03-19
MO-010115,DRV-0006,200,Ended,10115,0.0,97.8,-1.01,9.53,3.21,-871.8,355.55,0.0,-406.72,2026-04-05
MO-010116,DRV-0043,100,Ended,10116,0.0,251.86,7.59,1.95,0.65,-438.46,162.87,0.0,-13.55,2026-04-22
MO-010117,ACT-0020,200,Ended,10117,0.0,422.3,-0.43,23.75,9.4,-236.84,169.07,0.0,387.24,2026-05-09
MO-010118,ACT-0057,100,Ended,10118,0.0,3991.26,20.07,-11.65,-6.01,-768.51,734.03,0.0,3959.18,2026-05-26
MO-010119,CTL-0034,300,Ended,10119,0.0,823.09,76.57,-47.2,-16.19,-335.53,340.65,0.0,841.38,2026-06-12
MO-010120,AFT-0001,100,Started,10120,0.0,2852.91,3.19,-8.4,-3.23,131.5,25.88,0.0,3001.86,
MO-010164,ACT-0009,100,Ended,10164,0.0,60.33,9.12,-3.47,-1.35,-8.5,25.49,0.0,81.62,2026-01-17
MO-010165,ACT-0046,200,Ended,10165,0.0,300.23,13.06,0.06,0.28,-163.95,244.53,0.0,394.2,2026-02-03
MO-010166,CTL-0023,300,Ended,10166,0.0,355.87,50.27,22.92,8.67,-505.07,696.15,0.0,628.82,2026-02-20
MO-010167,SYS-0020,300,Ended,10167,0.0,5134.55,25.42,23.41,9.2,-2137.1,2074.1,0.0,5129.58,2026-03-09
MO-010168,AFT-0027,300,Ended,10168,0.0,14.52,0.48,1.21,0.44,64.95,9.84,0.0,91.45,2026-03-27
MO-010169,SA-0004,200,Ended,10169,0.0,21.89,-2.26,1.71,0.56,78.75,5.65,0.0,106.3,2026-04-13
MO-010170,SA-0041,300,Ended,10170,0.0,190.88,0.35,10.14,3.75,68.16,103.74,0.0,377.02,2026-04-30
MO-010171,SA-0078,100,Ended,10171,0.0,87.31,4.17,1.65,0.53,-627.91,130.91,0.0,-403.34,2026-05-17
MO-010172,DRV-0015,100,Ended,10172,0.0,19.06,15.42,12.81,5.24,-197.72,259.08,0.0,113.9,2026-06-03
MO-010173,DRV-0052,200,Ended,10173,0.0,-209.06,20.33,-4.82,-2.83,-163.63,233.66,0.0,-126.35,2026-06-20
MO-010217,SA-0030,100,Ended,10217,0.0,12.02,6.09,-5.78,-2.19,-314.06,22.36,0.0,-281.57,2026-01-08
MO-010218,SA-0067,200,Ended,10218,0.0,102.61,10.04,-7.76,-2.92,-170.67,86.68,0.0,17.97,2026-01-25
MO-010219,DRV-0004,200,Ended,10219,0.0,140.85,6.31,-2.68,-0.99,79.08,30.65,0.0,253.22,2026-02-11
MO-010220,DRV-0041,100,Ended,10220,0.0,96.81,10.19,-4.98,-2.11,-45.52,95.01,0.0,149.4,2026-02-28
MO-010221,ACT-0018,200,Ended,10221,0.0,497.31,18.9,7.39,2.44,-2537.88,379.39,0.0,-1632.45,2026-03-17
MO-010222,ACT-0055,100,Ended,10222,0.0,3265.36,1.62,70.08,25.84,-1850.15,896.64,0.0,2409.4,2026-04-03
MO-010223,CTL-0032,300,Ended,10223,0.0,1154.93,-14.11,30.64,10.42,-737.17,681.78,0.0,1126.48,2026-04-20
MO-010224,SYS-0029,100,Ended,10224,0.0,-98.65,0.15,1.57,0.57,68.42,17.41,0.0,-10.53,2026-05-07
MO-010225,AFT-0036,300,Ended,10225,0.0,7.4,3.51,0.31,0.35,-525.8,95.06,0.0,-419.17,2026-05-24
MO-010226,SA-0013,200,Ended,10226,0.0,32.38,4.9,0.9,0.21,-112.65,47.99,0.0,-26.26,2026-06-10
MO-010227,SA-0050,300,Released,10227,0.0,0.0,0.0,-40.11,-14.51,54.63,0.0,0.0,0.0,
MO-010271,SYS-0018,300,Ended,10271,0.0,531.54,47.36,4.61,-0.59,-6237.67,441.97,0.0,-5212.77,2026-01-16
MO-010272,AFT-0025,100,Ended,10272,0.0,27.83,4.37,-4.37,-1.64,2.28,21.41,0.0,49.88,2026-02-02
MO-010273,SA-0002,300,Ended,10273,0.0,56.83,4.65,-6.25,-2.27,42.55,16.37,0.0,111.88,2026-02-19
MO-010274,SA-0039,100,Ended,10274,0.0,100.22,3.2,-2.38,-0.88,85.89,36.3,0.0,222.35,2026-03-08
MO-010275,SA-0076,200,Ended,10275,0.0,60.72,7.42,-3.94,-1.56,53.07,47.27,0.0,162.98,2026-03-25
MO-010276,DRV-0013,100,Ended,10276,0.0,129.06,0.59,3.2,1.37,-258.28,149.59,0.0,25.52,2026-04-11
MO-010277,DRV-0050,200,Ended,10277,0.0,1991.57,-3.37,39.07,13.78,-921.74,847.07,0.0,1966.37,2026-04-28
MO-010278,ACT-0027,100,Ended,10278,0.0,-294.59,28.95,118.5,46.11,-778.71,777.78,0.0,-101.95,2026-05-15
MO-010279,CTL-0004,300,Ended,10279,0.0,1630.57,5.38,38.27,14.7,-210.77,242.95,0.0,1721.1,2026-06-01
MO-010280,SYS-0001,100,Ended,10280,0.0,46.1,2.56,1.1,0.4,0.59,36.32,0.0,87.07,2026-06-18
MO-010324,DRV-0039,100,Ended,10324,0.0,88.18,11.13,35.29,13.02,80.98,26.97,0.0,255.57,2026-01-07
MO-010325,ACT-0016,200,Ended,10325,0.0,185.6,11.25,48.59,18.51,-38.44,97.76,0.0,323.28,2026-01-24
MO-010326,ACT-0053,100,Ended,10326,0.0,519.15,35.34,13.76,4.91,-160.85,256.31,0.0,668.62,2026-02-10
MO-010327,CTL-0030,300,Ended,10327,0.0,2238.29,34.79,-10.71,-3.52,-7677.59,1537.48,0.0,-3881.26,2026-02-27
MO-010328,SYS-0027,100,Ended,10328,0.0,-33.87,1.4,-4.1,-1.5,19.06,30.02,0.0,11.0,2026-03-16
MO-010329,AFT-0034,100,Ended,10329,0.0,-36.83,1.38,-2.52,-0.89,43.76,10.02,0.0,14.92,2026-04-02
MO-010330,SA-0011,300,Ended,10330,0.0,213.06,6.39,-2.53,-0.93,45.93,144.8,0.0,406.72,2026-04-19
MO-010331,SA-0048,100,Ended,10331,0.0,44.06,-5.64,0.7,0.37,-968.84,64.47,0.0,-864.88,2026-05-06
MO-010332,SA-0085,200,Ended,10332,0.0,425.99,0.83,17.61,6.54,-265.91,162.93,0.0,348.0,2026-05-23
MO-010333,DRV-0022,200,Ended,10333,0.0,1590.05,17.49,47.15,16.85,-646.64,755.82,0.0,1780.71,2026-06-09
MO-010334,DRV-0059,100,Reported Finished,10334,0.0,20673.13,43.4,51.95,19.23,-361.92,572.08,0.0,20997.87,
MO-010378,SA-0037,200,Ended,10378,0.0,270.65,1.04,6.05,2.41,-102.09,73.88,0.0,251.95,2026-01-14
MO-010379,SA-0074,300,Ended,10379,0.0,-7.7,8.95,18.87,6.68,27.28,14.77,0.0,68.85,2026-01-31
MO-010380,DRV-0011,100,Ended,10380,0.0,382.42,34.5,17.74,6.17,-65.0,288.19,0.0,664.03,2026-02-17
MO-010381,DRV-0048,200,Ended,10381,0.0,392.08,17.71,15.87,5.66,-1060.46,329.77,0.0,-299.36,2026-03-06
MO-010382,ACT-0025,100,Ended,10382,0.0,3376.54,24.65,-10.65,-4.54,-1679.28,1174.4,0.0,2881.11,2026-03-23
MO-010383,CTL-0002,300,Ended,10383,0.0,721.93,3.97,-13.78,-4.8,-821.39,384.84,0.0,270.77,2026-04-09
MO-010384,CTL-0039,300,Ended,10384,0.0,4.11,0.49,-2.2,-0.83,26.43,28.26,0.0,56.27,2026-04-26
MO-010385,AFT-0006,300,Ended,10385,0.0,570.45,-2.61,-3.98,-1.44,-766.47,575.5,0.0,371.44,2026-05-14
MO-010386,AFT-0043,100,Ended,10386,0.0,39.34,0.4,1.74,0.62,-146.84,98.24,0.0,-6.5,2026-05-31
MO-010387,SA-0020,300,Ended,10387,0.0,82.67,1.71,3.98,1.31,-19.23,46.99,0.0,117.42,2026-06-17
MO-010431,CTL-0028,300,Ended,10431,0.0,3084.32,-1.81,14.13,5.5,-1617.33,1651.55,0.0,3136.36,2026-01-05
MO-010432,SYS-0025,100,Ended,10432,0.0,-2.66,1.45,-4.55,-1.71,36.87,23.57,0.0,52.96,2026-01-22
MO-010433,AFT-0032,100,Ended,10433,0.0,-20.78,3.32,5.75,2.21,6.94,26.6,0.0,24.04,2026-02-08
MO-010434,SA-0009,100,Ended,10434,0.0,81.77,10.42,18.38,7.24,45.44,26.03,0.0,189.28,2026-02-25
MO-010435,SA-0046,200,Ended,10435,0.0,68.11,16.18,8.22,2.68,69.36,60.19,0.0,224.74,2026-03-14
MO-010436,SA-0083,300,Ended,10436,0.0,466.46,13.31,3.1,2.2,-46.44,291.87,0.0,730.49,2026-03-31
MO-010437,DRV-0020,200,Ended,10437,0.0,690.01,8.41,-3.99,-2.01,-298.53,258.33,0.0,652.22,2026-04-17
MO-010438,DRV-0057,100,Ended,10438,0.0,2067.04,0.28,-15.66,-5.86,-1137.93,1083.65,0.0,1991.52,2026-05-04
MO-010439,ACT-0034,200,Ended,10439,0.0,59.15,-0.16,5.77,2.06,-0.46,59.27,0.0,125.63,2026-05-21
MO-010440,CTL-0011,300,Ended,10440,0.0,78.41,0.59,-2.94,-1.03,-156.3,213.52,0.0,132.24,2026-06-07
MO-010441,SYS-0008,300,Started,10441,0.0,415.74,0.42,-1.66,-0.6,46.23,4.36,0.0,464.48,
MO-010485,DRV-0046,200,Ended,10485,0.0,188.98,6.17,19.03,6.76,-248.27,394.79,0.0,367.46,2026-01-13
MO-010486,ACT-0023,100,Ended,10486,0.0,3187.15,29.42,52.43,19.12,-1193.87,1294.85,0.0,3389.1,2026-01-30
MO-010487,ACT-0060,200,Ended,10487,0.0,98.24,5.62,13.22,4.51,-2629.95,114.46,0.0,-2393.9,2026-02-16
MO-010488,CTL-0037,300,Ended,10488,0.0,305.95,4.98,-2.07,-0.78,-68.47,129.94,0.0,369.56,2026-03-05
MO-010489,AFT-0004,100,Ended,10489,0.0,38.0,9.95,12.83,4.81,8.08,42.87,0.0,116.54,2026-03-22
MO-010490,AFT-0041,100,Ended,10490,0.0,215.8,7.92,2.24,0.68,-75.15,203.53,0.0,355.02,2026-04-08
MO-010491,SA-0018,100,Ended,10491,0.0,211.86,6.01,1.34,1.15,-1210.13,140.79,0.0,-848.98,2026-04-25
MO-010492,SA-0055,200,Ended,10492,0.0,392.07,3.46,-6.69,-2.98,-673.96,220.93,0.0,-67.16,2026-05-12
MO-010493,SA-0092,300,Ended,10493,0.0,144.26,-3.74,-9.35,-3.32,-83.77,44.04,0.0,88.11,2026-05-29
MO-010494,DRV-0029,100,Ended,10494,0.0,654.03,1.37,-1.79,-0.75,-149.39,226.4,0.0,729.88,2026-06-15
MO-010538,SA-0007,200,Ended,10538,0.0,68.16,-0.84,-5.02,-1.79,-102.25,76.3,0.0,34.55,2026-01-03
MO-010539,SA-0044,300,Ended,10539,0.0,-2.25,-1.16,-2.86,-1.07,1.02,9.59,0.0,3.27,2026-01-20
MO-010540,SA-0081,100,Ended,10540,0.0,589.61,5.75,6.1,2.2,-235.95,281.96,0.0,649.67,2026-02-07
MO-010541,DRV-0018,200,Ended,10541,0.0,334.62,18.59,23.47,8.23,-3833.26,528.75,0.0,-2919.59,2026-02-24
MO-010542,DRV-0055,100,Ended,10542,0.0,-2077.72,18.74,53.08,20.77,-2679.77,2268.18,0.0,-2396.72,2026-03-13
MO-010543,ACT-0032,200,Ended,10543,0.0,73.06,35.18,45.5,16.7,-258.06,81.44,0.0,-6.18,2026-03-30
MO-010544,CTL-0009,300,Ended,10544,0.0,111.5,6.4,4.65,1.72,112.41,21.98,0.0,258.66,2026-04-16
MO-010545,SYS-0006,300,Ended,10545,0.0,62.24,2.84,2.66,0.95,-187.2,43.66,0.0,-74.85,2026-05-03
MO-010546,AFT-0013,100,Ended,10546,0.0,622.73,1.64,-4.05,-1.84,-463.45,412.53,0.0,567.54,2026-05-20
MO-010547,AFT-0050,100,Ended,10547,0.0,455.13,-2.87,-0.97,0.01,-277.29,296.56,0.0,470.57,2026-06-06
MO-010548,SA-0027,100,Released,10548,0.0,0.0,0.0,-139.61,-53.8,193.41,0.0,0.0,0.0,
MO-010592,CTL-0035,300,Ended,10592,0.0,494.36,-0.87,-11.54,-4.18,7.16,138.81,0.0,623.74,2026-01-11
MO-010593,AFT-0002,100,Ended,10593,0.0,79.49,-0.88,-6.36,-2.27,-4.7,65.41,0.0,130.69,2026-01-28
MO-010594,AFT-0039,300,Ended,10594,0.0,-1141.88,3.02,-1.61,-0.65,-272.96,299.37,0.0,-1114.71,2026-02-14
MO-010595,SA-0016,200,Ended,10595,0.0,31.2,3.43,0.5,0.24,14.21,41.14,0.0,90.72,2026-03-03
MO-010596,SA-0053,300,Ended,10596,0.0,307.15,12.63,9.72,3.63,-193.94,312.95,0.0,452.15,2026-03-20
MO-010597,SA-0090,100,Ended,10597,0.0,255.38,10.96,23.1,8.27,-3659.13,159.87,0.0,-3201.55,2026-04-06
MO-010598,DRV-0027,100,Ended,10598,0.0,1019.63,29.97,42.94,15.18,-337.14,327.25,0.0,1097.82,2026-04-23
MO-010599,ACT-0004,200,Ended,10599,0.0,223.02,31.58,80.07,27.66,29.49,35.51,0.0,427.32,2026-05-10
MO-010600,ACT-0041,100,Ended,10600,0.0,58.82,0.03,-0.77,-0.03,117.74,33.26,0.0,209.06,2026-05-27
MO-010601,CTL-0018,300,Ended,10601,0.0,67.97,-0.68,-1.96,-0.9,-194.78,54.8,0.0,-75.55,2026-06-13
MO-010645,DRV-0016,200,Ended,10645,0.0,297.83,0.45,4.82,1.67,-110.49,171.81,0.0,366.09,2026-01-02
MO-010646,DRV-0053,100,Ended,10646,0.0,-442.76,-16.91,10.6,3.06,-1266.4,1397.72,0.0,-314.69,2026-01-19
MO-010647,ACT-0030,200,Ended,10647,0.0,139.76,5.32,-53.5,-18.32,-2696.67,232.98,0.0,-2390.43,2026-02-05
MO-010648,CTL-0007,300,Ended,10648,0.0,-1.88,7.07,-7.23,-2.75,-0.94,66.21,0.0,60.48,2026-02-22
MO-010649,SYS-0004,300,Ended,10649,0.0,19.31,2.65,-4.38,-1.61,98.43,5.44,0.0,119.84,2026-03-11
MO-010650,AFT-0011,100,Ended,10650,0.0,148.74,6.61,1.53,0.56,-40.71,80.46,0.0,197.2,2026-03-28
MO-010651,AFT-0048,300,Ended,10651,0.0,1299.44,5.98,6.84,2.44,-1117.93,415.07,0.0,611.85,2026-04-14
MO-010652,SA-0025,200,Ended,10652,0.0,211.08,7.03,9.53,3.51,-376.59,151.71,0.0,6.27,2026-05-01
MO-010653,SA-0062,300,Ended,10653,0.0,-63.3,22.78,33.93,11.43,-232.86,94.13,0.0,-133.89,2026-05-18
MO-010654,SA-0099,100,Ended,10654,0.0,172.14,2.94,98.09,35.89,-122.55,146.53,0.0,333.05,2026-06-04
MO-010655,DRV-0036,200,Reported Finished,10655,0.0,10601.23,-13.59,71.0,27.04,-2375.28,262.01,0.0,8572.42,
MO-010699,SA-0014,300,Ended,10699,0.0,40.39,-0.23,2.74,0.89,-3.78,14.81,0.0,54.82,2026-01-10
MO-010700,SA-0051,100,Ended,10700,0.0,387.12,2.64,-2.26,-0.54,-337.69,381.05,0.0,430.32,2026-01-27
MO-010701,SA-0088,200,Ended,10701,0.0,96.39,-5.02,6.04,1.52,-16.12,82.08,0.0,164.89,2026-02-13
MO-010702,DRV-0025,100,Ended,10702,0.0,2658.23,16.53,-43.27,-16.31,-1771.45,941.16,0.0,1784.88,2026-03-02
MO-010703,ACT-0002,200,Ended,10703,0.0,199.91,52.36,-17.05,-6.45,-338.12,139.45,0.0,30.1,2026-03-19
MO-010704,ACT-0039,100,Ended,10704,0.0,61.74,6.52,-4.15,-1.51,120.38,11.4,0.0,194.38,2026-04-05
MO-010705,CTL-0016,300,Ended,10705,0.0,-5.04,4.59,-2.92,-1.05,69.08,27.31,0.0,91.97,2026-04-22
MO-010706,SYS-0013,100,Ended,10706,0.0,146.94,3.88,2.76,1.0,-135.62,122.05,0.0,141.0,2026-05-09
MO-010707,AFT-0020,100,Ended,10707,0.0,0.3,4.48,7.37,2.5,-69.43,94.05,0.0,39.28,2026-05-26
MO-010708,AFT-0057,300,Ended,10708,0.0,337.41,3.47,30.67,11.31,-3.69,86.61,0.0,465.77,2026-06-12
MO-010709,SA-0034,200,Reported Finished,10709,0.0,3131.95,-7.52,52.52,18.44,111.22,67.73,0.0,3374.34,
MO-010753,SYS-0002,300,Ended,10753,0.0,175.64,-0.03,2.08,1.01,27.1,48.95,0.0,254.75,2026-01-17
MO-010754,AFT-0009,300,Ended,10754,0.0,109.79,1.28,-3.69,-1.53,132.65,21.8,0.0,260.3,2026-02-03
MO-010755,AFT-0046,100,Ended,10755,0.0,296.84,-1.78,7.88,2.63,-102.2,132.83,0.0,336.19,2026-02-20
MO-010756,SA-0023,300,Ended,10756,0.0,353.91,7.56,2.32,0.19,-295.68,403.31,0.0,471.61,2026-03-09
MO-010757,SA-0060,100,Ended,10757,0.0,-31.71,9.93,-25.03,-8.98,-1626.67,93.86,0.0,-1588.6,2026-03-27
MO-010758,SA-0097,200,Ended,10758,0.0,163.79,40.24,-17.05,-6.57,-1101.87,288.53,0.0,-632.93,2026-04-13
MO-010759,DRV-0034,200,Ended,10759,0.0,26.87,43.31,11.92,4.33,-45.63,74.2,0.0,114.99,2026-04-30
MO-010760,ACT-0011,100,Ended,10760,0.0,44.83,2.61,-2.64,-0.98,133.62,31.24,0.0,208.69,2026-05-17
MO-010761,ACT-0048,200,Ended,10761,0.0,34.73,2.33,-2.33,-0.86,-369.22,30.67,0.0,-304.67,2026-06-03
MO-010762,CTL-0025,300,Ended,10762,0.0,347.87,5.75,4.16,1.63,-142.87,130.26,0.0,346.79,2026-06-20
MO-010806,DRV-0023,100,Ended,10806,0.0,1092.52,19.59,126.08,49.04,-569.29,815.78,0.0,1533.72,2026-01-08
MO-010807,DRV-0060,200,Ended,10807,0.0,223.22,0.19,48.13,18.43,-4597.08,196.23,0.0,-4110.88,2026-01-25
MO-010808,ACT-0037,100,Ended,10808,0.0,709.34,-1.03,2.98,1.11,-85.55,113.74,0.0,740.58,2026-02-11
MO-010809,CTL-0014,300,Ended,10809,0.0,-24.62,1.16,-2.77,-1.02,69.11,7.53,0.0,49.39,2026-02-28
MO-010810,SYS-0011,100,Ended,10810,0.0,187.76,6.05,0.53,-0.17,27.14,178.59,0.0,399.9,2026-03-17
MO-010811,AFT-0018,300,Ended,10811,0.0,19.82,4.63,-0.23,0.76,-290.52,93.39,0.0,-172.16,2026-04-03
MO-010812,AFT-0055,100,Ended,10812,0.0,85.55,21.29,-21.91,-8.31,-226.8,59.09,0.0,-91.07,2026-04-20
MO-010813,SA-0032,300,Ended,10813,0.0,58.62,21.86,-12.5,-4.54,-127.07,42.99,0.0,-20.64,2026-05-07
MO-010814,SA-0069,100,Ended,10814,0.0,152.98,25.57,2.79,0.99,-133.47,62.72,0.0,111.59,2026-05-24
MO-010815,DRV-0006,200,Ended,10815,0.0,-494.29,9.53,28.32,10.04,-4078.81,1555.55,0.0,-2969.67,2026-06-10
MO-010816,DRV-0043,100,Started,10816,0.0,944.55,0.44,-4.95,-1.8,112.92,8.73,0.0,1059.88,
MO-010860,SA-0021,100,Ended,10860,0.0,204.94,8.8,18.61,6.91,-306.89,330.76,0.0,263.14,2026-01-16
MO-010861,SA-0058,200,Ended,10861,0.0,68.92,1.81,50.34,17.99,-29.31,123.54,0.0,233.29,2026-02-02
MO-010862,SA-0095,300,Ended,10862,0.0,969.54,4.75,69.66,25.82,-348.17,535.42,0.0,1257.02,2026-02-19
MO-010863,DRV-0032,200,Ended,10863,0.0,64.22,-3.12,43.16,14.87,-362.51,85.0,0.0,-158.37,2026-03-08
MO-010864,ACT-0009,100,Ended,10864,0.0,5.04,1.03,-0.64,-0.12,49.82,5.46,0.0,60.59,2026-03-25
MO-010865,ACT-0046,200,Ended,10865,0.0,78.79,3.77,-1.15,-0.62,58.49,54.34,0.0,193.62,2026-04-11
MO-010866,CTL-0023,300,Ended,10866,0.0,275.83,11.08,-5.95,-2.19,43.7,174.04,0.0,496.51,2026-04-28
MO-010867,SYS-0020,300,Ended,10867,0.0,675.52,10.06,-11.4,-4.21,-473.77,474.08,0.0,670.27,2026-05-15
MO-010868,AFT-0027,300,Ended,10868,0.0,13.04,13.95,-9.4,-3.55,-27.13,45.93,0.0,32.83,2026-06-01
MO-010869,SA-0004,200,Ended,10869,0.0,28.11,10.38,-3.13,-1.22,30.9,25.43,0.0,90.45,2026-06-18
MO-010913,CTL-0012,300,Ended,10913,0.0,-506.09,4.06,-2.96,-1.06,-323.87,179.31,0.0,-650.61,2026-01-07
MO-010914,SYS-0009,100,Ended,10914,0.0,47.49,7.19,-0.81,-0.39,50.75,19.25,0.0,123.49,2026-01-24
MO-010915,AFT-0016,100,Ended,10915,0.0,552.88,1.19,15.51,5.51,-175.26,338.32,0.0,738.14,2026-02-10
MO-010916,AFT-0053,100,Ended,10916,0.0,122.33,3.19,51.97,18.99,-49.95,135.8,0.0,282.34,2026-02-27
MO-010917,SA-0030,100,Ended,10917,0.0,120.76,6.87,53.05,18.62,-1713.38,100.63,0.0,-1413.44,2026-03-16
MO-010918,SA-0067,200,Ended,10918,0.0,75.73,34.27,29.43,9.81,-1265.81,346.71,0.0,-769.85,2026-04-02
MO-010919,DRV-0004,200,Ended,10919,0.0,199.44,9.26,39.5,15.13,-70.97,134.09,0.0,326.45,2026-04-19
MO-010920,DRV-0041,100,Ended,10920,0.0,10.62,2.76,0.47,0.31,44.27,20.36,0.0,78.79,2026-05-06
MO-010921,ACT-0018,200,Ended,10921,0.0,55.87,7.38,-5.02,-1.77,-466.4,84.31,0.0,-325.63,2026-05-23
MO-010922,ACT-0055,100,Ended,10922,0.0,606.79,8.05,-14.04,-5.08,-316.55,224.16,0.0,503.32,2026-06-09
MO-010923,CTL-0032,300,Released,10923,0.0,0.0,0.0,-15.36,-5.41,20.78,0.0,0.0,0.0,
MO-010967,DRV-0030,200,Ended,10967,0.0,231.5,10.79,1.99,0.66,-5475.88,235.05,0.0,-4995.91,2026-01-14
MO-010968,ACT-0007,100,Ended,10968,0.0,79.28,2.81,-10.31,-3.72,14.57,83.0,0.0,165.63,2026-01-31
MO-010969,ACT-0044,200,Ended,10969,0.0,10.28,1.17,-1.04,-0.42,22.29,3.82,0.0,36.11,2026-02-17
MO-010970,CTL-0021,300,Ended,10970,0.0,262.06,-3.67,6.63,2.43,-71.62,148.62,0.0,344.44,2026-03-06
MO-010971,SYS-0018,300,Ended,10971,0.0,72.73,3.66,18.69,6.57,-1281.32,101.02,0.0,-1078.65,2026-03-23
MO-010972,AFT-0025,100,Ended,10972,0.0,53.43,19.07,27.47,9.85,-202.63,99.93,0.0,7.11,2026-04-09
MO-010973,SA-0002,300,Ended,10973,0.0,156.53,19.11,24.66,8.38,-141.85,73.68,0.0,140.52,2026-04-26
MO-010974,SA-0039,100,Ended,10974,0.0,235.83,24.48,7.54,2.64,-220.67,145.21,0.0,195.03,2026-05-14
MO-010975,SA-0076,200,Ended,10975,0.0,237.3,23.3,46.95,18.53,-140.02,206.82,0.0,392.89,2026-05-31
MO-010976,DRV-0013,100,Ended,10976,0.0,50.51,6.61,-4.05,-1.69,-9.06,32.05,0.0,74.38,2026-06-17
MO-011020,AFT-0051,300,Ended,11020,0.0,312.08,20.81,-3.38,-0.61,-418.7,470.34,0.0,380.53,2026-01-05
MO-011021,SA-0028,200,Ended,11021,0.0,199.77,13.93,-12.01,-4.27,-121.0,133.38,0.0,209.8,2026-01-22
MO-011022,SA-0065,300,Ended,11022,0.0,411.68,3.96,-5.05,-1.99,-236.29,295.07,0.0,467.38,2026-02-08
MO-011023,DRV-0002,200,Ended,11023,0.0,1659.49,20.19,1.81,1.14,-1159.71,794.79,0.0,1317.7,2026-02-25
MO-011024,DRV-0039,100,Ended,11024,0.0,6.55,-1.29,-9.6,-3.72,223.07,5.78,0.0,220.78,2026-03-14
MO-011025,ACT-0016,200,Ended,11025,0.0,30.99,-0.64,1.11,0.46,23.48,21.73,0.0,77.13,2026-03-31
MO-011026,ACT-0053,100,Ended,11026,0.0,87.54,3.89,9.37,3.49,43.43,64.08,0.0,211.78,2026-04-17
MO-011027,CTL-0030,300,Ended,11027,0.0,236.42,12.16,19.89,7.11,-1601.51,351.42,0.0,-974.5,2026-05-04
MO-011028,SYS-0027,100,Ended,11028,0.0,577.77,14.56,12.5,5.44,-108.74,140.08,0.0,641.6,2026-05-21
MO-011029,AFT-0034,100,Ended,11029,0.0,373.53,7.1,12.63,4.31,-0.11,45.1,0.0,442.56,2026-06-07
MO-011030,SA-0011,300,Reported Finished,11030,0.0,4555.49,15.28,24.85,10.05,60.69,115.84,0.0,4782.19,
MO-011074,CTL-0019,300,Ended,11074,0.0,-25.24,9.6,-3.51,-1.7,-76.1,35.31,0.0,-61.65,2026-01-13
MO-011075,SYS-0016,300,Ended,11075,0.0,500.25,9.14,-0.84,0.12,-340.6,404.44,0.0,572.52,2026-01-30
MO-011076,AFT-0023,100,Ended,11076,0.0,63.34,3.76,-8.25,-3.14,50.44,76.49,0.0,182.63,2026-02-16
MO-011077,AFT-0060,300,Ended,11077,0.0,129.39,-0.74,-0.53,-0.21,-897.51,103.09,0.0,-666.51,2026-03-05
MO-011078,SA-0037,200,Ended,11078,0.0,644.43,-11.99,-8.33,-3.62,-701.17,295.51,0.0,214.83,2026-03-22
MO-011079,SA-0074,300,Ended,11079,0.0,288.67,-2.85,16.34,5.44,-445.27,64.6,0.0,-73.06,2026-04-08
MO-011080,DRV-0011,100,Ended,11080,0.0,76.97,6.42,-4.03,-1.43,183.57,61.75,0.0,323.25,2026-04-25
MO-011081,DRV-0048,200,Ended,11081,0.0,109.58,2.03,2.01,0.66,-202.0,73.28,0.0,-14.43,2026-05-12
MO-011082,ACT-0025,100,Ended,11082,0.0,540.74,9.08,10.2,3.77,-327.49,293.6,0.0,529.9,2026-05-29
MO-011083,CTL-0002,300,Ended,11083,0.0,32.24,10.07,9.03,3.64,-46.3,87.96,0.0,96.65,2026-06-15
MO-011127,SA-0100,200,Ended,11127,0.0,22.06,36.88,84.97,29.35,-236.18,299.19,0.0,236.28,2026-01-03
MO-011128,DRV-0037,100,Ended,11128,0.0,-226.87,9.02,0.84,0.6,-78.06,134.08,0.0,-160.37,2026-01-20
MO-011129,ACT-0014,200,Ended,11129,0.0,58.88,5.32,-6.34,-2.46,105.34,10.89,0.0,171.63,2026-02-07
MO-011130,ACT-0051,100,Ended,11130,0.0,2036.37,3.63,-5.47,-2.01,-734.49,796.3,0.0,2094.33,2026-02-24
MO-011131,CTL-0028,300,Ended,11131,0.0,449.46,-0.07,-4.99,-1.86,-311.22,377.5,0.0,508.82,2026-03-13
MO-011132,SYS-0025,100,Ended,11132,0.0,312.85,-2.01,-1.11,-0.4,-381.82,110.0,0.0,37.51,2026-03-30
MO-011133,AFT-0032,100,Ended,11133,0.0,461.18,-2.11,-6.45,-2.58,-162.69,119.72,0.0,407.07,2026-04-16
MO-011134,SA-0009,100,Ended,11134,0.0,36.88,8.98,8.27,3.44,-129.74,104.11,0.0,31.95,2026-05-03
MO-011135,SA-0046,200,Ended,11135,0.0,182.76,59.7,77.03,27.15,-174.97,263.33,0.0,435.01,2026-05-20
MO-011136,SA-0083,300,Ended,11136,0.0,75.96,8.47,0.49,0.24,207.18,62.54,0.0,354.89,2026-06-06
MO-011137,DRV-0020,200,Started,11137,0.0,2423.58,2.17,0.11,0.06,22.5,19.14,0.0,2467.56,
MO-011181,AFT-0058,100,Ended,11181,0.0,142.86,12.59,22.67,7.85,-8.85,89.49,0.0,266.61,2026-01-11
MO-011182,SA-0035,300,Ended,11182,0.0,1007.21,42.83,66.67,24.54,-436.97,530.8,0.0,1235.09,2026-01-28
MO-011183,SA-0072,100,Ended,11183,0.0,337.11,62.51,96.91,36.9,-2265.1,130.42,0.0,-1601.24,2026-02-14
MO-011184,DRV-0009,100,Ended,11184,0.0,22.95,2.75,-4.35,-1.66,105.82,4.57,0.0,130.09,2026-03-03
MO-011185,DRV-0046,200,Ended,11185,0.0,22.67,0.8,-8.29,-2.96,101.34,87.73,0.0,201.29,2026-03-20
MO-011186,ACT-0023,100,Ended,11186,0.0,546.58,1.37,-5.09,-1.87,-240.47,323.71,0.0,624.23,2026-04-06
MO-011187,ACT-0060,200,Ended,11187,0.0,5.75,-0.42,-1.74,-0.61,-545.5,26.16,0.0,-516.37,2026-04-23
MO-011188,CTL-0037,300,Ended,11188,0.0,479.35,2.39,-5.75,-2.15,-882.61,606.41,0.0,197.64,2026-05-10
MO-011189,AFT-0004,100,Ended,11189,0.0,-286.28,22.52,13.44,5.34,-154.51,192.93,0.0,-206.56,2026-05-27
MO-011190,AFT-0041,100,Ended,11190,0.0,1008.2,50.35,92.73,36.16,-643.33,814.12,0.0,1358.23,2026-06-13
MO-011234,ACT-0049,100,Ended,11234,0.0,41.04,5.61,1.46,0.51,-96.88,29.06,0.0,-19.2,2026-01-02
MO-011235,CTL-0026,300,Ended,11235,0.0,370.33,7.87,7.68,2.69,-188.76,208.87,0.0,408.68,2026-01-19
MO-011236,SYS-0023,100,Ended,11236,0.0,1931.52,15.96,23.14,9.01,-490.01,653.49,0.0,2143.12,2026-02-05
MO-011237,AFT-0030,300,Ended,11237,0.0,70.2,36.66,45.04,17.18,-1998.63,92.35,0.0,-1737.19,2026-02-22
MO-011238,SA-0007,200,Ended,11238,0.0,-156.9,13.57,32.86,11.38,-573.69,305.19,0.0,-367.6,2026-03-11
MO-011239,SA-0044,300,Ended,11239,0.0,-117.64,6.64,32.25,11.5,-173.14,41.94,0.0,-198.45,2026-03-28
MO-011240,SA-0081,100,Ended,11240,0.0,91.14,-1.55,-6.96,-2.67,47.35,60.42,0.0,187.73,2026-04-14
MO-011241,DRV-0018,200,Ended,11241,0.0,209.56,1.62,-8.41,-2.92,-704.0,117.5,0.0,-386.65,2026-05-01
MO-011242,DRV-0055,100,Ended,11242,0.0,2439.92,6.53,-0.48,-0.13,-604.74,567.04,0.0,2408.15,2026-05-18
MO-011243,ACT-0032,200,Ended,11243,0.0,47.14,3.35,-4.55,-1.61,-4.04,18.61,0.0,58.9,2026-06-04
MO-011244,CTL-0009,300,Released,11244,0.0,0.0,0.0,-79.2,-29.7,108.9,0.0,0.0,0.0,
MO-011288,DRV-0007,100,Ended,11288,0.0,174.87,8.01,-0.67,-0.22,15.02,40.68,0.0,237.68,2026-01-10
MO-011289,DRV-0044,200,Ended,11289,0.0,5.86,3.13,-1.62,-0.58,54.13,4.38,0.0,65.31,2026-01-27
MO-011290,ACT-0021,100,Ended,11290,0.0,60.5,8.45,1.4,0.52,-45.31,162.42,0.0,187.97,2026-02-13
MO-011291,ACT-0058,200,Ended,11291,0.0,35.21,10.3,14.03,5.33,15.06,57.7,0.0,137.61,2026-03-02
MO-011292,CTL-0035,300,Ended,11292,0.0,1824.03,8.29,51.23,19.88,-472.68,647.78,0.0,2078.52,2026-03-19
MO-011293,AFT-0002,100,Ended,11293,0.0,-96.91,3.75,42.74,14.8,-355.18,294.34,0.0,-96.47,2026-04-05
MO-011294,AFT-0039,300,Ended,11294,0.0,8260.34,-9.58,10.01,3.72,-1216.03,1197.48,0.0,8245.94,2026-04-22
MO-011295,SA-0016,200,Ended,11295,0.0,291.25,-3.07,-6.64,-3.48,-164.47,180.0,0.0,293.58,2026-05-09
MO-011296,SA-0053,300,Ended,11296,0.0,14.62,1.52,-7.49,-2.81,56.06,67.06,0.0,128.95,2026-05-26
MO-011297,SA-0090,100,Ended,11297,0.0,34.18,5.32,-6.42,-2.33,-656.19,35.53,0.0,-589.9,2026-06-12
MO-011298,DRV-0027,100,Released,11298,0.0,0.0,0.0,-48.39,-17.62,66.01,0.0,0.0,0.0,
MO-011342,SA-0005,300,Ended,11342,0.0,314.52,25.17,1.29,0.42,-153.22,262.09,0.0,450.26,2026-01-17
MO-011343,SA-0042,100,Ended,11343,0.0,-264.72,54.26,30.3,10.71,-1948.8,283.24,0.0,-1835.01,2026-02-03
MO-011344,SA-0079,200,Ended,11344,0.0,24.57,3.57,0.12,0.05,32.32,18.61,0.0,79.25,2026-02-20
MO-011345,DRV-0016,200,Ended,11345,0.0,42.65,3.93,-1.58,-0.57,44.64,38.18,0.0,127.24,2026-03-09
MO-011346,DRV-0053,100,Ended,11346,0.0,1152.96,11.2,7.13,2.66,-180.78,349.43,0.0,1342.6,2026-03-27
MO-011347,ACT-0030,200,Ended,11347,0.0,20.59,-0.34,27.96,10.42,-538.09,53.25,0.0,-426.22,2026-04-13
MO-011348,CTL-0007,300,Ended,11348,0.0,-460.36,2.08,10.46,3.65,-602.59,308.98,0.0,-737.79,2026-04-30
MO-011349,SYS-0004,300,Ended,11349,0.0,20.86,-2.24,14.72,4.9,57.11,24.47,0.0,119.81,2026-05-17
MO-011350,AFT-0011,100,Ended,11350,0.0,414.76,8.39,-7.81,-1.84,-287.87,321.83,0.0,447.46,2026-06-03
MO-011351,AFT-0048,300,Ended,11351,0.0,4411.4,25.33,-12.93,-4.7,-5262.82,1815.93,0.0,972.21,2026-06-20
MO-011395,ACT-0056,200,Ended,11395,0.0,-5.72,2.19,-12.62,-4.66,-101.71,123.72,0.0,1.19,2026-01-08
MO-011396,CTL-0033,300,Ended,11396,0.0,2463.3,13.27,-10.78,-4.08,-1018.16,1029.43,0.0,2473.0,2026-01-25
MO-011397,SYS-0030,300,Ended,11397,0.0,72.75,32.89,6.87,2.36,-3063.95,893.39,0.0,-2055.69,2026-02-11
MO-011398,AFT-0037,100,Ended,11398,0.0,317.24,25.35,45.86,16.73,-1840.69,861.66,0.0,-573.85,2026-02-28
MO-011399,SA-0014,300,Ended,11399,0.0,171.22,13.02,39.3,13.81,-161.64,64.81,0.0,140.52,2026-03-17
MO-011400,SA-0051,100,Ended,11400,0.0,34.58,1.19,-0.24,-0.06,34.96,81.65,0.0,152.07,2026-04-03
MO-011401,SA-0088,200,Ended,11401,0.0,9.92,1.35,1.9,0.67,73.7,18.24,0.0,105.79,2026-04-20
MO-011402,DRV-0025,100,Ended,11402,0.0,428.87,-4.54,22.66,8.45,-287.4,235.29,0.0,403.33,2026-05-07
MO-011403,ACT-0002,200,Ended,11403,0.0,84.58,2.81,8.13,2.91,-11.52,31.88,0.0,118.78,2026-05-24
MO-011404,ACT-0039,100,Ended,11404,0.0,369.22,20.05,-2.62,-1.7,-11.07,53.19,0.0,427.07,2026-06-10
MO-011405,CTL-0016,300,Reported Finished,11405,0.0,1155.28,4.63,1.24,1.07,53.53,24.57,0.0,1240.32,
MO-011449,DRV-0014,200,Ended,11449,0.0,77.02,1.76,-2.43,-0.95,41.24,19.54,0.0,136.16,2026-01-16
MO-011450,DRV-0051,100,Ended,11450,0.0,794.66,12.65,-14.46,-5.22,-437.25,553.52,0.0,903.9,2026-02-02
MO-011451,ACT-0028,200,Ended,11451,0.0,48.5,7.51,-6.77,-2.45,64.65,34.17,0.0,145.62,2026-02-19
MO-011452,CTL-0005,300,Ended,11452,0.0,-267.23,21.48,-1.24,-0.55,-168.8,223.64,0.0,-192.69,2026-03-08
MO-011453,SYS-0002,300,Ended,11453,0.0,456.54,9.4,15.76,5.55,-308.43,220.27,0.0,399.09,2026-03-25
MO-011454,AFT-0009,300,Ended,11454,0.0,204.08,6.83,54.41,21.28,-139.7,87.19,0.0,234.09,2026-04-11
MO-011455,AFT-0046,100,Ended,11455,0.0,943.22,22.83,15.93,5.85,-561.97,581.12,0.0,1006.99,2026-04-28
MO-011456,SA-0023,300,Ended,11456,0.0,165.97,-1.04,-1.02,-0.42,34.59,86.42,0.0,284.49,2026-05-15
MO-011457,SA-0060,100,Ended,11457,0.0,47.04,-1.03,5.98,2.04,-284.74,20.86,0.0,-209.84,2026-06-01
MO-011458,SA-0097,200,Ended,11458,0.0,107.67,4.37,10.46,4.54,-129.58,72.13,0.0,69.6,2026-06-18
MO-011502,AFT-0035,100,Ended,11502,0.0,603.97,1.22,18.49,6.41,-871.62,962.85,0.0,721.32,2026-01-07
MO-011503,SA-0012,100,Ended,11503,0.0,198.42,2.17,10.58,3.68,-3716.04,145.79,0.0,-3355.41,2026-01-24
MO-011504,SA-0049,200,Ended,11504,0.0,1.4,1.71,-1.27,-0.57,8.46,7.45,0.0,17.18,2026-02-10
MO-011505,SA-0086,300,Ended,11505,0.0,67.81,8.53,-9.35,-3.22,-3.26,58.25,0.0,118.77,2026-02-27
MO-011506,DRV-0023,100,Ended,11506,0.0,127.78,9.92,-3.85,-1.39,-14.26,203.95,0.0,322.14,2026-03-16
MO-011507,DRV-0060,200,Ended,11507,0.0,25.27,12.66,-2.54,-0.9,-956.46,44.85,0.0,-877.11,2026-04-02
MO-011508,ACT-0037,100,Ended,11508,0.0,2502.05,3.82,5.09,1.89,-642.43,530.79,0.0,2401.21,2026-04-19
MO-011509,CTL-0014,300,Ended,11509,0.0,86.3,0.12,19.31,6.9,-126.41,33.87,0.0,20.08,2026-05-06
MO-011510,SYS-0011,100,Ended,11510,0.0,473.5,-3.13,50.2,18.02,-522.74,714.35,0.0,730.21,2026-05-23
MO-011511,AFT-0018,300,Ended,11511,0.0,-190.02,-6.91,63.17,21.71,-1341.23,408.58,0.0,-1044.71,2026-06-09
MO-011512,AFT-0055,100,Started,11512,0.0,331.83,1.09,-0.03,-0.02,64.82,4.22,0.0,401.9,
MO-011556,CTL-0003,300,Ended,11556,0.0,57.46,10.07,17.2,7.26,-399.55,495.64,0.0,188.08,2026-01-14
MO-011557,CTL-0040,300,Ended,11557,0.0,2047.32,1.51,16.28,5.58,-960.17,997.22,0.0,2107.74,2026-01-31
MO-011558,AFT-0007,100,Ended,11558,0.0,61.63,9.57,29.3,10.56,-565.57,82.87,0.0,-371.64,2026-02-17
MO-011559,AFT-0044,100,Ended,11559,0.0,315.19,44.87,-8.01,-4.89,-615.33,175.38,0.0,-92.79,2026-03-06
MO-011560,SA-0021,100,Ended,11560,0.0,111.98,6.97,-6.99,-2.63,-40.01,70.88,0.0,140.19,2026-03-23
MO-011561,SA-0058,200,Ended,11561,0.0,45.26,4.38,-5.33,-1.96,64.79,27.45,0.0,134.58,2026-04-09
MO-011562,SA-0095,300,Ended,11562,0.0,132.58,3.01,2.6,0.96,44.6,133.86,0.0,317.61,2026-04-26
MO-011563,DRV-0032,200,Ended,11563,0.0,-11.44,1.14,0.05,-0.03,5.84,19.43,0.0,14.99,2026-05-14
MO-011564,ACT-0009,100,Ended,11564,0.0,-47.65,-2.22,7.58,2.77,-0.68,25.49,0.0,-14.71,2026-05-31
MO-011565,ACT-0046,200,Ended,11565,0.0,209.81,0.42,19.96,6.8,-154.1,244.53,0.0,327.42,2026-06-17
MO-011609,SA-0084,100,Ended,11609,0.0,16.4,-2.05,2.88,0.97,-99.1,14.19,0.0,-66.71,2026-01-05
MO-011610,DRV-0021,100,Ended,11610,0.0,222.52,0.36,12.01,4.45,-113.68,179.56,0.0,305.22,2026-01-22
MO-011611,DRV-0058,200,Ended,11611,0.0,791.28,6.36,10.89,4.34,-192.25,324.27,0.0,944.89,2026-02-08
MO-011612,ACT-0035,100,Ended,11612,0.0,1382.75,21.72,2.73,0.84,-173.49,412.41,0.0,1646.96,2026-02-25
MO-011613,CTL-0012,300,Ended,11613,0.0,4516.55,7.36,19.3,6.5,-1609.43,806.88,0.0,3747.16,2026-03-14
MO-011614,SYS-0009,100,Ended,11614,0.0,332.42,44.02,1.66,3.48,-98.48,77.01,0.0,360.11,2026-03-31
MO-011615,AFT-0016,100,Ended,11615,0.0,1527.46,32.98,-44.88,-16.52,-1446.89,1480.16,0.0,1532.31,2026-04-17
MO-011616,AFT-0053,100,Ended,11616,0.0,8.69,1.29,-2.79,-1.01,28.1,29.1,0.0,63.38,2026-05-04
MO-011617,SA-0030,100,Ended,11617,0.0,13.64,0.04,-1.95,-0.66,-311.72,22.36,0.0,-278.29,2026-05-21
MO-011618,SA-0067,200,Ended,11618,0.0,159.58,1.71,7.0,2.78,-159.44,86.68,0.0,98.32,2026-06-07
MO-011619,DRV-0004,200,Released,11619,0.0,0.0,0.0,-68.04,-25.51,93.56,0.0,0.0,0.0,
MO-011663,AFT-0042,300,Ended,11663,0.0,248.59,-17.72,22.7,7.58,-2629.01,104.73,0.0,-2263.13,2026-01-13
MO-011664,SA-0019,200,Ended,11664,0.0,73.74,4.54,3.17,1.27,86.83,14.37,0.0,183.92,2026-01-30
MO-011665,SA-0056,300,Ended,11665,0.0,145.57,0.77,3.82,1.48,-37.15,58.61,0.0,173.1,2026-02-16
MO-011666,SA-0093,100,Ended,11666,0.0,107.05,5.38,11.66,4.35,-29.96,94.39,0.0,192.87,2026-03-05
MO-011667,DRV-0030,200,Ended,11667,0.0,20.5,10.7,1.52,0.51,-1130.28,53.73,0.0,-1043.32,2026-03-22
MO-011668,ACT-0007,100,Ended,11668,0.0,-223.93,11.51,10.78,3.2,-833.9,387.34,0.0,-645.0,2026-04-08
MO-011669,ACT-0044,200,Ended,11669,0.0,9.92,31.97,0.71,2.17,-48.95,17.2,0.0,13.02,2026-04-25
MO-011670,CTL-0021,300,Ended,11670,0.0,849.03,15.31,-41.2,-15.63,-662.84,594.48,0.0,739.15,2026-05-12
MO-011671,SYS-0018,300,Ended,11671,0.0,383.88,-0.03,-7.8,-2.53,-6240.49,441.97,0.0,-5424.99,2026-05-29
MO-011672,AFT-0025,100,Ended,11672,0.0,18.26,0.73,-0.25,-0.06,5.91,21.41,0.0,46.0,2026-06-15
MO-011716,ACT-0033,100,Ended,11716,0.0,362.98,8.92,-3.61,-1.31,-330.91,370.21,0.0,406.29,2026-01-03
MO-011717,CTL-0010,300,Ended,11717,0.0,2983.13,-9.07,10.0,3.68,-633.16,767.21,0.0,3121.78,2026-01-20
MO-011718,SYS-0007,100,Ended,11718,0.0,585.89,15.11,66.79,25.11,-665.91,252.02,0.0,279.0,2026-02-07
MO-011719,AFT-0014,100,Ended,11719,0.0,84.08,6.8,36.8,14.19,-345.51,163.8,0.0,-39.84,2026-02-24
MO-011720,AFT-0051,300,Ended,11720,0.0,5.83,3.82,-1.26,-0.48,30.2,100.79,0.0,138.89,2026-03-13
MO-011721,SA-0028,200,Ended,11721,0.0,22.42,2.28,3.34,1.14,-1.18,29.64,0.0,57.65,2026-03-30
MO-011722,SA-0065,300,Ended,11722,0.0,195.07,7.43,3.3,1.52,10.9,73.77,0.0,291.99,2026-04-16
MO-011723,DRV-0002,200,Ended,11723,0.0,405.48,6.0,4.61,1.16,-149.03,181.67,0.0,449.89,2026-05-03
MO-011724,DRV-0039,100,Ended,11724,0.0,12.44,17.37,-1.86,-0.51,50.3,26.97,0.0,104.69,2026-05-20
MO-011725,ACT-0016,200,Ended,11725,0.0,93.33,0.49,-24.09,-8.89,-80.06,97.76,0.0,78.53,2026-06-06
MO-011726,ACT-0053,100,Reported Finished,11726,0.0,2293.51,-7.85,-12.29,-4.65,10.44,64.08,0.0,2343.24,
MO-011770,SA-0091,200,Ended,11770,0.0,60.08,1.12,-0.21,-0.02,-149.25,125.85,0.0,37.57,2026-01-11
MO-011771,DRV-0028,200,Ended,11771,0.0,-357.29,-3.46,-3.32,-1.14,-324.23,377.39,0.0,-312.05,2026-01-28
MO-011772,ACT-0005,100,Ended,11772,0.0,200.26,-2.32,3.09,0.99,-51.87,165.73,0.0,315.88,2026-02-14
MO-011773,ACT-0042,200,Ended,11773,0.0,106.18,20.9,41.46,14.78,-3624.07,115.82,0.0,-3324.93,2026-03-03
MO-011774,CTL-0019,300,Ended,11774,0.0,705.86,65.48,107.63,39.33,-495.77,141.24,0.0,563.78,2026-03-20
MO-011775,SYS-0016,300,Ended,11775,0.0,2195.12,19.88,36.35,12.48,-1726.45,1769.43,0.0,2306.81,2026-04-06
MO-011776,AFT-0023,100,Ended,11776,0.0,26.49,6.45,-1.67,-0.65,132.78,16.39,0.0,179.8,2026-04-23
MO-011777,AFT-0060,300,Ended,11777,0.0,9.2,1.41,-0.95,-0.34,-162.98,22.91,0.0,-130.76,2026-05-10
MO-011778,SA-0037,200,Ended,11778,0.0,51.57,6.17,6.04,2.59,-99.52,73.88,0.0,40.72,2026-05-27
MO-011779,SA-0074,300,Ended,11779,0.0,29.71,2.34,-3.01,-0.99,15.65,14.77,0.0,58.46,2026-06-13
MO-011823,AFT-0012,300,Ended,11823,0.0,-303.78,7.7,-19.57,-8.19,-2812.82,351.57,0.0,-2785.09,2026-01-02
MO-011824,AFT-0049,100,Ended,11824,0.0,12.74,1.01,-8.5,-3.25,52.81,10.8,0.0,65.6,2026-01-19
MO-011825,SA-0026,300,Ended,11825,0.0,114.18,-0.62,-5.93,-2.15,26.93,81.59,0.0,213.99,2026-02-05
MO-011826,SA-0063,100,Ended,11826,0.0,416.22,1.84,-0.28,-0.01,-107.8,147.77,0.0,457.74,2026-02-22
MO-011827,SA-0100,200,Ended,11827,0.0,134.99,1.73,0.35,0.02,-17.91,68.39,0.0,187.57,2026-03-11
MO-011828,DRV-0037,100,Ended,11828,0.0,3652.38,16.04,18.25,6.72,-846.16,625.73,0.0,3472.96,2026-03-28
MO-011829,ACT-0014,200,Ended,11829,0.0,135.86,39.51,48.53,17.05,-181.01,49.0,0.0,108.95,2026-04-14
MO-011830,ACT-0051,100,Ended,11830,0.0,6163.68,24.88,56.63,20.36,-3195.46,3185.21,0.0,6255.3,2026-05-01
MO-011831,CTL-0028,300,Ended,11831,0.0,660.15,28.73,37.39,14.33,-1603.91,1651.55,0.0,788.24,2026-05-18
MO-011832,SYS-0025,100,Ended,11832,0.0,45.03,1.49,-5.3,-2.03,36.49,23.57,0.0,99.25,2026-06-04
MO-011833,AFT-0032,100,Started,11833,0.0,1636.78,0.61,1.62,0.7,30.75,13.3,0.0,1683.77,
MO-011877,ACT-0040,200,Ended,11877,0.0,22.43,13.52,16.11,5.34,17.78,53.95,0.0,129.13,2026-01-10
MO-011878,CTL-0017,300,Ended,11878,0.0,218.25,3.54,-3.72,-0.07,66.0,68.96,0.0,352.96,2026-01-27
MO-011879,SYS-0014,300,Ended,11879,0.0,886.07,-1.52,-19.78,-7.22,-349.77,148.24,0.0,656.01,2026-02-13
MO-011880,AFT-0021,300,Ended,11880,0.0,17.18,2.25,-6.22,-2.27,101.2,29.64,0.0,141.78,2026-03-02
MO-011881,AFT-0058,100,Ended,11881,0.0,18.87,0.34,-5.36,-1.94,75.09,19.89,0.0,106.88,2026-03-19
MO-011882,SA-0035,300,Ended,11882,0.0,123.12,8.61,2.62,0.97,-69.35,132.7,0.0,198.66,2026-04-05
MO-011883,SA-0072,100,Ended,11883,0.0,44.87,8.36,4.86,1.92,-477.42,29.81,0.0,-387.61,2026-04-22
MO-011884,DRV-0009,100,Ended,11884,0.0,58.09,27.09,23.79,8.87,33.06,21.34,0.0,172.24,2026-05-09
MO-011885,DRV-0046,200,Ended,11885,0.0,899.26,12.93,50.3,18.02,-231.2,394.79,0.0,1144.1,2026-05-26
MO-011886,ACT-0023,100,Ended,11886,0.0,1842.1,4.64,26.88,11.54,-1200.88,1294.85,0.0,1979.14,2026-06-12
MO-011887,ACT-0060,200,Started,11887,0.0,3053.78,0.27,11.45,3.94,-879.86,38.15,0.0,2227.74,
MO-011931,SA-0098,300,Ended,11931,0.0,209.23,5.93,9.17,3.28,-147.71,163.43,0.0,243.34,2026-01-17
MO-011932,DRV-0035,100,Ended,11932,0.0,355.22,3.38,-2.78,-1.85,-88.33,189.87,0.0,455.52,2026-02-03
MO-011933,ACT-0012,200,Ended,11933,0.0,-46.77,-6.3,0.71,1.21,-1581.11,55.88,0.0,-1576.38,2026-02-20
MO-011934,ACT-0049,100,Ended,11934,0.0,-169.38,1.34,-13.62,-5.21,-932.76,116.24,0.0,-1003.39,2026-03-09
MO-011935,CTL-0026,300,Ended,11935,0.0,1055.73,13.73,0.47,0.11,-1089.13,913.82,0.0,894.73,2026-03-27
MO-011936,SYS-0023,100,Ended,11936,0.0,344.7,5.69,-7.46,-2.88,21.01,140.03,0.0,501.1,2026-04-13
MO-011937,AFT-0030,300,Ended,11937,0.0,30.53,5.63,-2.78,-0.99,-361.61,20.52,0.0,-308.7,2026-04-30
MO-011938,SA-0007,200,Ended,11938,0.0,30.99,12.84,14.63,5.41,-89.21,76.3,0.0,50.95,2026-05-17
MO-011939,SA-0044,300,Ended,11939,0.0,55.06,11.54,6.54,2.22,6.0,9.59,0.0,90.94,2026-06-03
MO-011940,SA-0081,100,Ended,11940,0.0,260.95,5.61,24.88,9.23,-222.76,281.96,0.0,359.87,2026-06-20
MO-011984,AFT-0019,100,Ended,11984,0.0,77.14,4.51,1.57,0.56,15.89,11.55,0.0,111.21,2026-01-08
MO-011985,AFT-0056,100,Ended,11985,0.0,9.89,4.12,9.48,3.27,45.58,38.61,0.0,110.96,2026-01-25
MO-011986,SA-0033,100,Ended,11986,0.0,8.36,-0.04,12.08,5.2,55.29,57.7,0.0,138.59,2026-02-11
MO-011987,SA-0070,200,Ended,11987,0.0,29.77,-1.47,-1.09,-0.88,-21.33,60.02,0.0,65.02,2026-02-28
MO-011988,DRV-0007,100,Ended,11988,0.0,590.95,11.05,-6.63,-2.35,-436.13,189.83,0.0,346.71,2026-03-17
MO-011989,DRV-0044,200,Ended,11989,0.0,102.29,2.17,-8.63,-3.2,-102.73,19.71,0.0,9.61,2026-04-03
MO-011990,ACT-0021,100,Ended,11990,0.0,1423.22,10.99,1.02,0.42,-714.37,649.68,0.0,1370.96,2026-04-20
MO-011991,ACT-0058,200,Ended,11991,0.0,217.09,35.39,-10.87,-4.4,-234.86,252.42,0.0,254.78,2026-05-07
MO-011992,CTL-0035,300,Ended,11992,0.0,248.23,8.39,-3.97,-1.34,12.46,138.81,0.0,402.58,2026-05-24
MO-011993,AFT-0002,100,Ended,11993,0.0,-122.58,8.21,-1.13,-0.44,-1.93,65.41,0.0,-52.47,2026-06-10
MO-011994,AFT-0039,300,Released,11994,0.0,0.0,0.0,-21.6,-8.1,29.7,0.0,0.0,0.0,
MO-012038,ACT-0047,100,Ended,12038,0.0,100.78,5.75,53.47,19.48,-43.46,214.56,0.0,350.58,2026-01-16
MO-012039,CTL-0024,300,Ended,12039,0.0,152.26,49.6,45.88,15.9,-4229.58,136.89,0.0,-3829.05,2026-02-02
MO-012040,SYS-0021,100,Ended,12040,0.0,293.49,-0.04,8.09,3.0,-84.12,145.19,0.0,365.61,2026-02-19
MO-012041,AFT-0028,100,Ended,12041,0.0,57.3,-1.15,0.22,0.0,85.74,27.98,0.0,170.1,2026-03-08
MO-012042,SA-0005,300,Ended,12042,0.0,130.5,0.12,0.09,-0.03,79.96,65.52,0.0,276.17,2026-03-25
MO-012043,SA-0042,100,Ended,12043,0.0,252.2,5.72,-4.68,-1.61,-413.04,64.74,0.0,-96.68,2026-04-11
MO-012044,SA-0079,200,Ended,12044,0.0,-140.36,21.04,-6.09,-2.24,-314.18,86.87,0.0,-354.96,2026-04-28
MO-012045,DRV-0016,200,Ended,12045,0.0,85.96,5.11,-1.27,-0.45,-113.7,171.81,0.0,147.47,2026-05-15
MO-012046,DRV-0053,100,Ended,12046,0.0,3524.17,33.93,-8.18,-3.04,-1274.55,1397.72,0.0,3670.05,2026-06-01
MO-012047,ACT-0030,200,Ended,12047,0.0,347.48,41.74,27.36,10.81,-2652.51,232.98,0.0,-1992.14,2026-06-18
MO-012091,SA-0068,300,Ended,12091,0.0,302.69,7.95,0.1,-0.01,-140.1,163.08,0.0,333.71,2026-01-07
MO-012092,DRV-0005,100,Ended,12092,0.0,600.97,8.89,8.71,3.19,-201.74,244.17,0.0,664.18,2026-01-24
MO-012093,DRV-0042,200,Ended,12093,0.0,128.98,0.57,20.34,7.13,-1712.69,73.72,0.0,-1481.95,2026-02-10
MO-012094,ACT-0019,100,Ended,12094,0.0,785.69,12.83,50.77,19.76,-1078.09,174.87,0.0,-34.18,2026-02-27
MO-012095,ACT-0056,200,Ended,12095,0.0,1310.35,-20.43,88.01,33.56,-809.55,541.26,0.0,1143.2,2026-03-16
MO-012096,CTL-0033,300,Ended,12096,0.0,355.67,0.07,2.03,0.65,-163.84,220.59,0.0,415.17,2026-04-02
MO-012097,SYS-0030,300,Ended,12097,0.0,-182.76,4.02,-3.11,-0.83,-581.84,198.53,0.0,-565.99,2026-04-19
MO-012098,AFT-0037,100,Ended,12098,0.0,-209.64,14.49,-7.7,-3.03,-306.52,215.42,0.0,-296.99,2026-05-06
MO-012099,SA-0014,300,Ended,12099,0.0,25.13,9.67,-5.32,-1.85,-7.92,14.81,0.0,34.52,2026-05-23
MO-012100,SA-0051,100,Ended,12100,0.0,742.44,5.39,3.45,1.44,-334.8,381.05,0.0,798.97,2026-06-09
MO-012101,SA-0088,200,Reported Finished,12101,0.0,799.22,19.43,-5.41,-1.86,47.51,20.52,0.0,879.4,
MO-012145,AFT-0026,100,Ended,12145,0.0,26.5,4.08,-2.45,-0.89,6.31,19.46,0.0,53.01,2026-01-14
MO-012146,SA-0003,100,Ended,12146,0.0,84.86,4.98,8.55,3.38,2.05,117.48,0.0,221.3,2026-01-31
MO-012147,SA-0040,200,Ended,12147,0.0,261.23,3.78,2.03,0.81,-0.25,98.79,0.0,366.39,2026-02-17
MO-012148,SA-0077,300,Ended,12148,0.0,45.05,-0.47,8.79,3.29,-9.21,50.61,0.0,98.06,2026-03-06
MO-012149,DRV-0014,200,Ended,12149,0.0,85.83,-9.9,34.93,13.21,-149.36,87.92,0.0,62.64,2026-03-23
MO-012150,DRV-0051,100,Ended,12150,0.0,1876.23,8.13,105.09,40.7,-2202.92,2214.08,0.0,2041.31,2026-04-09
MO-012151,ACT-0028,200,Ended,12151,0.0,119.67,6.2,83.52,28.92,-67.9,149.51,0.0,319.92,2026-04-26
MO-012152,CTL-0005,300,Ended,12152,0.0,174.41,2.86,-1.75,-0.66,12.78,47.92,0.0,235.57,2026-05-14
MO-012153,SYS-0002,300,Ended,12153,0.0,39.41,7.57,-6.02,-2.23,22.19,48.95,0.0,109.87,2026-05-31
MO-012154,AFT-0009,300,Ended,12154,0.0,-7.75,5.38,-6.41,-2.41,130.97,21.8,0.0,141.58,2026-06-17
MO-012198,ACT-0017,100,Ended,12198,0.0,593.4,44.68,-47.03,-17.83,-146.92,177.11,0.0,603.41,2026-01-05
MO-012199,ACT-0054,200,Ended,12199,0.0,-3554.02,54.13,-11.6,-3.81,-5705.0,669.3,0.0,-8551.0,2026-01-22
MO-012200,CTL-0031,300,Ended,12200,0.0,180.47,3.99,-8.6,-3.28,-36.65,146.58,0.0,282.5,2026-02-08
MO-012201,SYS-0028,300,Ended,12201,0.0,-86.44,1.99,-1.06,-0.38,-125.14,169.05,0.0,-41.97,2026-02-25
MO-012202,AFT-0035,100,Ended,12202,0.0,-100.93,0.17,1.81,0.67,-137.99,240.71,0.0,4.44,2026-03-14
MO-012203,SA-0012,100,Ended,12203,0.0,7.19,-1.86,1.88,0.63,-767.73,33.32,0.0,-726.57,2026-03-31
MO-012204,SA-0049,200,Ended,12204,0.0,144.49,-3.25,20.43,7.64,-97.58,34.78,0.0,106.51,2026-04-17
MO-012205,SA-0086,300,Ended,12205,0.0,278.98,13.65,65.06,24.17,-299.34,262.14,0.0,344.67,2026-05-04
MO-012206,DRV-0023,100,Ended,12206,0.0,-70.26,69.58,24.58,8.72,-648.42,815.78,0.0,199.98,2026-05-21
MO-012207,DRV-0060,200,Ended,12207,0.0,-2.06,25.08,29.65,9.92,-4610.08,196.23,0.0,-4351.27,2026-06-07
MO-012208,ACT-0037,100,Started,12208,0.0,7502.68,2.58,-3.01,-1.09,-7.4,56.87,0.0,7550.65,
MO-012252,SA-0075,100,Ended,12252,0.0,244.18,15.48,4.53,1.49,-78.95,149.9,0.0,336.65,2026-01-13
MO-012253,DRV-0012,200,Ended,12253,0.0,2.95,23.86,-27.32,-10.09,-587.66,42.53,0.0,-555.74,2026-01-30
MO-012254,DRV-0049,100,Ended,12254,0.0,699.72,29.7,-20.11,-7.61,-582.07,167.97,0.0,287.6,2026-02-16
MO-012255,ACT-0026,200,Ended,12255,0.0,661.53,14.62,15.13,5.23,-1816.88,1447.38,0.0,327.0,2026-03-05
MO-012256,CTL-0003,300,Ended,12256,0.0,222.41,0.95,-6.6,-2.4,107.23,106.21,0.0,427.81,2026-03-22
MO-012257,CTL-0040,300,Ended,12257,0.0,226.62,-1.01,-0.49,-0.19,-180.98,221.6,0.0,265.57,2026-04-08
MO-012258,AFT-0007,100,Ended,12258,0.0,-9.75,-1.08,2.82,1.0,-60.96,20.72,0.0,-47.24,2026-04-25
MO-012259,AFT-0044,100,Ended,12259,0.0,-45.65,4.81,16.94,5.91,4.26,40.09,0.0,26.36,2026-05-12
MO-012260,SA-0021,100,Ended,12260,0.0,334.1,16.84,50.67,18.91,-285.15,330.76,0.0,466.13,2026-05-29
MO-012261,SA-0058,200,Ended,12261,0.0,160.81,38.04,20.99,7.52,-45.19,123.54,0.0,305.71,2026-06-15
MO-012305,SYS-0026,300,Ended,12305,0.0,10.03,5.7,-4.93,-1.74,-21.21,140.17,0.0,128.02,2026-01-03
MO-012306,AFT-0033,300,Ended,12306,0.0,59.75,5.89,3.99,1.68,-70.79,139.67,0.0,140.19,2026-01-20
MO-012307,SA-0010,200,Ended,12307,0.0,119.57,9.98,0.73,0.12,17.98,91.63,0.0,240.01,2026-02-07
MO-012308,SA-0047,300,Ended,12308,0.0,111.16,18.06,-21.02,-7.57,85.81,92.18,0.0,278.63,2026-02-24
MO-012309,SA-0084,100,Ended,12309,0.0,321.76,11.81,-14.04,-5.09,-561.7,63.86,0.0,-183.4,2026-03-13
MO-012310,DRV-0021,100,Ended,12310,0.0,464.99,-1.24,-0.64,-0.41,-750.36,718.23,0.0,430.57,2026-03-30
MO-012311,DRV-0058,200,Ended,12311,0.0,2358.13,-2.31,32.18,11.33,-1354.76,1418.68,0.0,2463.24,2026-04-16
MO-012312,ACT-0035,100,Ended,12312,0.0,206.28,3.34,-6.3,-2.4,176.06,88.37,0.0,465.35,2026-05-03
MO-012313,CTL-0012,300,Ended,12313,0.0,721.75,0.11,0.3,0.1,-322.12,179.31,0.0,579.45,2026-05-20
MO-012314,SYS-0009,100,Ended,12314,0.0,51.49,6.24,12.33,4.46,60.07,19.25,0.0,153.84,2026-06-06
MO-012315,AFT-0016,100,Released,12315,0.0,0.0,0.0,-95.92,-34.7,130.63,0.0,0.0,0.0,
MO-012359,ACT-0024,200,Ended,12359,0.0,2221.81,12.22,44.13,16.9,-2526.24,349.73,0.0,118.54,2026-01-11
MO-012360,CTL-0001,300,Ended,12360,0.0,398.86,3.96,-3.87,-1.51,-110.66,163.22,0.0,450.0,2026-01-28
MO-012361,CTL-0038,300,Ended,12361,0.0,121.91,5.76,-2.66,-0.84,-3.83,130.24,0.0,250.58,2026-02-14
MO-012362,AFT-0005,100,Ended,12362,0.0,344.86,12.34,-4.84,-2.17,-162.35,245.17,0.0,433.01,2026-03-03
MO-012363,AFT-0042,300,Ended,12363,0.0,34.66,6.69,-11.27,-4.03,-551.53,23.94,0.0,-501.55,2026-03-20
MO-012364,SA-0019,200,Ended,12364,0.0,175.44,5.56,0.96,0.56,-494.33,67.06,0.0,-244.75,2026-04-06
MO-012365,SA-0056,300,Ended,12365,0.0,498.75,-6.09,-4.17,-1.44,-289.7,263.75,0.0,461.12,2026-04-23
MO-012366,SA-0093,100,Ended,12366,0.0,518.23,1.61,11.88,4.42,-404.04,377.55,0.0,509.65,2026-05-10
MO-012367,DRV-0030,200,Ended,12367,0.0,351.73,18.4,39.06,13.96,-5455.71,235.05,0.0,-4797.5,2026-05-27
MO-012368,ACT-0007,100,Ended,12368,0.0,-157.22,7.1,-6.02,-2.22,17.1,83.0,0.0,-58.27,2026-06-13
MO-012412,SA-0045,100,Ended,12412,0.0,118.75,7.82,25.65,9.56,-10.03,59.57,0.0,211.33,2026-01-02
MO-012413,SA-0082,200,Ended,12413,0.0,-28.31,26.58,56.08,20.09,-30.63,179.12,0.0,222.92,2026-01-19
MO-012414,DRV-0019,100,Ended,12414,0.0,-314.66,33.07,31.76,13.58,-441.99,196.64,0.0,-481.6,2026-02-05
MO-012415,DRV-0056,200,Ended,12415,0.0,-371.71,16.3,32.31,11.09,-2746.95,2619.02,0.0,-439.94,2026-02-22
MO-012416,ACT-0033,100,Ended,12416,0.0,17.03,4.32,-2.72,-1.07,31.05,79.33,0.0,127.94,2026-03-11
MO-012417,CTL-0010,300,Ended,12417,0.0,508.68,4.2,-7.75,-2.93,8.64,170.49,0.0,681.32,2026-03-28
MO-012418,SYS-0007,100,Ended,12418,0.0,132.29,1.21,-12.7,-4.86,-110.79,63.0,0.0,68.15,2026-04-14
MO-012419,AFT-0014,100,Ended,12419,0.0,157.88,-3.67,-6.1,-2.23,-24.11,37.44,0.0,159.21,2026-05-01
MO-012420,AFT-0051,300,Ended,12420,0.0,1304.12,0.78,0.2,0.06,-422.68,470.34,0.0,1352.82,2026-05-18
MO-012421,SA-0028,200,Ended,12421,0.0,2.03,1.85,1.51,0.44,-113.87,133.38,0.0,25.34,2026-06-04
MO-012422,SA-0065,300,Reported Finished,12422,0.0,4265.59,10.24,13.97,5.13,-21.12,98.36,0.0,4372.17,
MO-012466,AFT-0003,300,Ended,12466,0.0,824.94,4.84,5.71,2.11,-512.78,631.97,0.0,956.78,2026-01-10
MO-012467,AFT-0040,100,Ended,12467,0.0,135.99,12.54,19.29,6.89,6.89,68.09,0.0,249.69,2026-01-27
MO-012468,SA-0017,300,Ended,12468,0.0,6.13,18.29,28.24,10.48,69.11,44.83,0.0,177.08,2026-02-13
MO-012469,SA-0054,100,Ended,12469,0.0,404.5,21.81,29.96,11.69,-3002.24,77.51,0.0,-2456.76,2026-03-02
MO-012470,SA-0091,200,Ended,12470,0.0,1156.22,8.98,2.2,0.43,-793.95,503.38,0.0,877.27,2026-03-19
MO-012471,DRV-0028,200,Ended,12471,0.0,5504.86,25.06,38.18,12.9,-1611.16,1651.08,0.0,5620.92,2026-04-05
MO-012472,ACT-0005,100,Ended,12472,0.0,31.28,1.45,-5.65,-1.82,91.16,35.51,0.0,151.93,2026-04-22
MO-012473,ACT-0042,200,Ended,12473,0.0,2.01,-1.4,-12.31,-4.49,-653.86,25.74,0.0,-644.31,2026-05-09
MO-012474,CTL-0019,300,Ended,12474,0.0,78.92,6.54,-2.08,-0.74,-72.83,35.31,0.0,45.11,2026-05-26
MO-012475,SYS-0016,300,Ended,12475,0.0,247.13,1.09,-2.17,-0.81,-342.03,404.44,0.0,307.65,2026-06-12
MO-012476,AFT-0023,100,Reported Finished,12476,0.0,708.24,7.35,4.54,1.65,121.12,19.12,0.0,862.02,
MO-012520,ACT-0031,100,Ended,12520,0.0,48.94,3.11,-3.65,-1.3,-139.26,189.23,0.0,97.06,2026-01-17
MO-012521,CTL-0008,300,Ended,12521,0.0,132.37,2.76,-0.51,-0.23,-1.99,56.86,0.0,189.27,2026-02-03
MO-012522,SYS-0005,100,Ended,12522,0.0,58.85,12.03,8.32,3.06,139.52,31.0,0.0,252.77,2026-02-20
MO-012523,AFT-0012,300,Ended,12523,0.0,277.71,10.3,19.96,7.01,-573.32,80.36,0.0,-177.98,2026-03-09
MO-012524,AFT-0049,100,Ended,12524,0.0,222.06,6.84,10.38,3.33,-350.38,50.4,0.0,-57.37,2026-03-27
MO-012525,SA-0026,300,Ended,12525,0.0,295.02,4.39,8.61,3.03,-500.94,367.14,0.0,177.26,2026-04-13
MO-012526,SA-0063,100,Ended,12526,0.0,1222.23,21.53,18.31,5.22,-607.94,591.07,0.0,1250.42,2026-04-30
MO-012527,SA-0100,200,Ended,12527,0.0,305.97,-21.31,2.34,4.52,-273.56,299.19,0.0,317.16,2026-05-17
MO-012528,DRV-0037,100,Ended,12528,0.0,585.31,0.13,-10.32,-3.89,-87.13,134.08,0.0,618.18,2026-06-03
MO-012529,ACT-0014,200,Ended,12529,0.0,31.66,5.23,-7.78,-2.68,105.01,10.89,0.0,142.32,2026-06-20
MO-012573,SA-0052,200,Ended,12573,0.0,233.51,-0.93,-3.29,-1.18,-45.87,92.64,0.0,274.89,2026-01-08
MO-012574,SA-0089,300,Ended,12574,0.0,112.47,3.1,-4.53,-1.6,60.57,48.08,0.0,218.09,2026-01-25
MO-012575,DRV-0026,200,Ended,12575,0.0,903.97,27.99,12.45,4.72,-666.11,558.93,0.0,841.95,2026-02-11
MO-012576,ACT-0003,100,Ended,12576,0.0,377.59,8.75,1.21,0.4,-3.3,119.9,0.0,504.54,2026-02-28
MO-012577,ACT-0040,200,Ended,12577,0.0,-4.76,6.23,0.92,0.39,79.51,11.99,0.0,94.28,2026-03-17
MO-012578,CTL-0017,300,Ended,12578,0.0,34.4,7.97,9.29,3.46,152.8,17.24,0.0,225.17,2026-04-03
MO-012579,SYS-0014,300,Ended,12579,0.0,100.99,2.34,7.97,2.67,-14.29,33.88,0.0,133.57,2026-04-20
MO-012580,AFT-0021,300,Ended,12580,0.0,215.61,1.04,0.58,0.19,-90.0,138.33,0.0,265.74,2026-05-07
MO-012581,AFT-0058,100,Ended,12581,0.0,102.3,-11.93,40.79,14.36,1.02,89.49,0.0,236.02,2026-05-24
MO-012582,SA-0035,300,Ended,12582,0.0,149.11,1.05,-6.89,-2.25,-497.71,530.8,0.0,174.1,2026-06-10
MO-012583,SA-0072,100,Started,12583,0.0,5687.88,2.76,-14.42,-5.31,-805.69,65.21,0.0,4930.44,
MO-012627,AFT-0010,100,Ended,12627,0.0,77.33,-0.83,-4.93,-1.75,73.18,26.62,0.0,169.62,2026-01-16
MO-012628,AFT-0047,100,Ended,12628,0.0,327.04,2.9,-2.18,-0.86,-208.87,262.7,0.0,380.73,2026-02-02
MO-012629,SA-0024,100,Ended,12629,0.0,-99.88,3.81,-5.3,-1.75,-1466.0,78.48,0.0,-1490.64,2026-02-19
MO-012630,SA-0061,200,Ended,12630,0.0,131.45,32.94,8.97,3.03,-949.06,264.05,0.0,-508.62,2026-03-08
MO-012631,SA-0098,300,Ended,12631,0.0,400.07,53.34,72.78,25.9,-797.44,715.0,0.0,469.65,2026-03-25
MO-012632,DRV-0035,100,Ended,12632,0.0,75.01,3.13,5.84,2.14,84.91,40.69,0.0,211.72,2026-04-11
MO-012633,ACT-0012,200,Ended,12633,0.0,30.95,3.16,1.13,0.36,-280.61,12.42,0.0,-232.59,2026-04-28
MO-012634,ACT-0049,100,Ended,12634,0.0,71.3,-0.32,8.34,3.08,-92.03,29.06,0.0,19.43,2026-05-15
MO-012635,CTL-0026,300,Ended,12635,0.0,112.26,-0.26,0.67,0.21,-192.53,208.87,0.0,129.23,2026-06-01
MO-012636,SYS-0023,100,Ended,12636,0.0,1110.32,1.24,31.82,13.09,-477.71,653.49,0.0,1332.24,2026-06-18
MO-012680,ACT-0001,100,Ended,12680,0.0,255.6,-1.36,-0.63,-0.24,-161.94,178.14,0.0,269.56,2026-01-07
MO-012681,ACT-0038,200,Ended,12681,0.0,6.34,1.43,-5.51,-2.07,22.67,33.84,0.0,56.7,2026-01-24
MO-012682,CTL-0015,300,Ended,12682,0.0,40.15,9.54,-6.79,-2.56,77.36,53.06,0.0,170.76,2026-02-10
MO-012683,SYS-0012,300,Ended,12683,0.0,18.75,2.46,-1.96,-0.73,-960.19,43.55,0.0,-898.12,2026-02-27
MO-012684,AFT-0019,100,Ended,12684,0.0,332.18,11.4,-7.03,-2.75,-175.77,53.88,0.0,211.91,2026-03-16
MO-012685,AFT-0056,100,Ended,12685,0.0,315.79,37.51,13.08,4.36,-265.39,173.75,0.0,279.1,2026-04-02
MO-012686,SA-0033,100,Ended,12686,0.0,2.77,40.82,38.99,14.38,-261.0,230.79,0.0,66.75,2026-04-19
MO-012687,SA-0070,200,Ended,12687,0.0,-106.55,9.85,86.61,30.45,-201.37,262.58,0.0,81.57,2026-05-06
MO-012688,DRV-0007,100,Ended,12688,0.0,68.69,1.06,0.28,-0.05,13.7,40.68,0.0,124.35,2026-05-23
MO-012689,DRV-0044,200,Ended,12689,0.0,10.92,-1.67,1.08,0.44,55.69,4.38,0.0,70.84,2026-06-09
MO-012690,ACT-0021,100,Released,12690,0.0,0.0,0.0,-90.72,-34.02,124.74,0.0,0.0,0.0,
MO-012734,SA-0059,300,Ended,12734,0.0,107.69,-6.54,38.92,14.59,91.35,65.02,0.0,311.04,2026-01-14
MO-012735,SA-0096,100,Ended,12735,0.0,871.18,-4.57,32.26,10.75,-4730.25,920.54,0.0,-2900.08,2026-01-31
MO-012736,DRV-0033,100,Ended,12736,0.0,79.84,1.22,-2.8,-0.91,-32.26,67.49,0.0,112.6,2026-02-17
MO-012737,ACT-0010,200,Ended,12737,0.0,96.19,4.72,-5.64,-2.05,-41.97,134.0,0.0,185.25,2026-03-06
MO-012738,ACT-0047,100,Ended,12738,0.0,37.32,7.07,-2.14,-0.8,121.63,53.64,0.0,216.71,2026-03-23
MO-012739,CTL-0024,300,Ended,12739,0.0,-43.95,9.45,-4.93,-1.84,-881.16,31.29,0.0,-891.14,2026-04-09
MO-012740,SYS-0021,100,Ended,12740,0.0,959.58,21.44,8.02,2.89,-651.13,677.57,0.0,1018.37,2026-04-26
MO-012741,AFT-0028,100,Ended,12741,0.0,182.11,6.36,36.01,12.69,-26.75,125.91,0.0,336.34,2026-05-14
MO-012742,SA-0005,300,Ended,12742,0.0,278.69,2.7,49.98,18.63,-120.47,262.09,0.0,491.61,2026-05-31
MO-012743,SA-0042,100,Ended,12743,0.0,1141.8,-3.53,92.04,32.94,-1915.1,283.24,0.0,-368.6,2026-06-17
MO-012787,SYS-0010,300,Ended,12787,0.0,177.28,2.29,12.49,4.18,9.45,122.11,0.0,327.8,2026-01-05
MO-012788,AFT-0017,100,Ended,12788,0.0,127.53,-5.89,49.82,18.25,30.47,238.82,0.0,458.99,2026-01-22
MO-012789,AFT-0054,300,Ended,12789,0.0,17.73,-2.4,45.07,17.17,-815.98,25.08,0.0,-713.32,2026-02-08
MO-012790,SA-0031,200,Ended,12790,0.0,208.93,40.8,-2.34,-2.5,-1130.58,418.61,0.0,-467.08,2026-02-25
MO-012791,SA-0068,300,Ended,12791,0.0,777.07,11.34,2.55,2.74,-967.18,713.46,0.0,539.99,2026-03-14
MO-012792,DRV-0005,100,Ended,12792,0.0,75.4,2.72,-3.85,-1.45,-14.01,52.32,0.0,111.14,2026-03-31
MO-012793,DRV-0042,200,Ended,12793,0.0,10.58,3.55,-3.25,-1.14,-308.43,16.38,0.0,-282.31,2026-04-17
MO-012794,ACT-0019,100,Ended,12794,0.0,115.22,9.62,-4.41,-1.71,-126.91,43.72,0.0,35.52,2026-05-04
MO-012795,ACT-0056,200,Ended,12795,0.0,266.99,8.0,0.63,0.33,-94.13,123.72,0.0,305.54,2026-05-21
MO-012796,CTL-0033,300,Ended,12796,0.0,1156.68,1.54,16.11,5.99,-1000.01,1029.43,0.0,1209.73,2026-06-07
MO-012797,SYS-0030,300,Reported Finished,12797,0.0,15179.76,-2.17,34.4,12.3,-1973.76,297.8,0.0,13548.34,
MO-012841,ACT-0008,200,Ended,12841,0.0,29.46,-0.14,0.33,0.14,1.15,18.22,0.0,49.16,2026-01-13
MO-012842,ACT-0045,100,Ended,12842,0.0,63.31,-4.62,8.4,3.08,30.28,32.76,0.0,133.2,2026-01-30
MO-012843,CTL-0022,300,Ended,12843,0.0,312.38,1.05,26.43,9.24,-19.84,165.61,0.0,494.87,2026-02-16
MO-012844,SYS-0019,100,Ended,12844,0.0,371.1,24.81,11.33,3.89,-578.68,125.87,0.0,-41.67,2026-03-05
MO-012845,AFT-0026,100,Ended,12845,0.0,74.95,6.68,13.78,4.91,-113.61,87.55,0.0,74.26,2026-03-22
MO-012846,SA-0003,100,Ended,12846,0.0,784.77,35.05,-9.8,-3.37,-543.82,469.94,0.0,732.76,2026-04-08
MO-012847,SA-0040,200,Ended,12847,0.0,910.12,21.1,-15.36,-5.7,-404.95,432.21,0.0,937.43,2026-04-25
MO-012848,SA-0077,300,Ended,12848,0.0,29.34,1.36,-2.31,-0.86,28.49,10.85,0.0,66.87,2026-05-12
MO-012849,DRV-0014,200,Ended,12849,0.0,-3.85,6.19,-4.68,-1.75,40.04,19.54,0.0,55.5,2026-05-29
MO-012850,DRV-0051,100,Ended,12850,0.0,128.28,0.41,3.03,1.35,-425.02,553.52,0.0,261.55,2026-06-15
MO-012894,SA-0029,300,Ended,12894,0.0,88.77,8.84,12.28,4.55,8.04,44.2,0.0,166.68,2026-01-03
MO-012895,SA-0066,100,Ended,12895,0.0,1071.47,0.55,42.99,15.35,-5236.12,954.94,0.0,-3150.83,2026-01-20
MO-012896,DRV-0003,100,Ended,12896,0.0,46.44,0.63,-4.32,-1.57,69.06,118.18,0.0,228.42,2026-02-07
MO-012897,DRV-0040,200,Ended,12897,0.0,23.3,-1.22,3.65,1.26,15.49,13.14,0.0,55.62,2026-02-24
MO-012898,ACT-0017,100,Ended,12898,0.0,89.1,4.81,24.1,8.96,53.7,44.28,0.0,224.94,2026-03-13
MO-012899,ACT-0054,200,Ended,12899,0.0,1359.87,13.91,7.41,2.41,-1184.33,152.98,0.0,352.26,2026-03-30
MO-012900,CTL-0031,300,Ended,12900,0.0,813.81,22.58,2.44,1.83,-1153.24,684.03,0.0,371.44,2026-04-16
MO-012901,SYS-0028,300,Ended,12901,0.0,2715.12,12.6,-3.57,-1.77,-732.31,760.74,0.0,2750.81,2026-05-03
MO-012902,AFT-0035,100,Ended,12902,0.0,-1411.33,11.5,-11.26,-4.19,-892.34,962.85,0.0,-1344.77,2026-05-20
MO-012903,SA-0012,100,Ended,12903,0.0,-135.5,5.93,-1.43,-0.51,-3722.37,145.79,0.0,-3708.08,2026-06-06
MO-012904,SA-0049,200,Started,12904,0.0,827.76,0.33,-2.28,-0.86,24.42,7.45,0.0,856.82,
MO-012948,SYS-0017,100,Ended,12948,0.0,-676.18,6.08,-0.42,-0.18,-290.16,401.82,0.0,-559.04,2026-01-11
MO-012949,AFT-0024,300,Ended,12949,0.0,100.58,0.87,17.81,6.33,-3592.65,52.61,0.0,-3414.46,2026-01-28
MO-012950,SA-0001,200,Ended,12950,0.0,310.75,-5.19,18.7,6.86,-475.46,201.45,0.0,57.11,2026-02-14
MO-012951,SA-0038,300,Ended,12951,0.0,1492.59,7.68,40.88,14.32,-1003.35,725.17,0.0,1277.29,2026-03-03
MO-012952,SA-0075,100,Ended,12952,0.0,46.93,4.2,-5.14,-1.96,170.22,32.12,0.0,246.37,2026-03-20
MO-012953,DRV-0012,200,Ended,12953,0.0,16.46,2.89,8.57,3.28,-97.71,9.45,0.0,-57.05,2026-04-06
MO-012954,DRV-0049,100,Ended,12954,0.0,52.22,11.22,9.74,3.38,-69.01,41.99,0.0,49.55,2026-04-23
MO-012955,ACT-0026,200,Ended,12955,0.0,-49.41,11.05,0.85,0.89,-294.9,330.83,0.0,-0.69,2026-05-10
MO-012956,CTL-0003,300,Ended,12956,0.0,696.42,7.96,-5.72,-2.54,-421.25,495.64,0.0,770.51,2026-05-27
MO-012957,CTL-0040,300,Ended,12957,0.0,-38.71,4.07,-6.89,-2.43,-972.3,997.22,0.0,-19.06,2026-06-13
MO-013001,DRV-0038,200,Ended,13001,0.0,69.96,6.77,-12.16,-4.44,61.1,43.55,0.0,164.78,2026-01-02
MO-013002,ACT-0015,100,Ended,13002,0.0,297.71,3.0,-1.81,-0.64,-74.1,112.86,0.0,337.01,2026-01-19
MO-013003,ACT-0052,200,Ended,13003,0.0,199.21,1.19,-2.5,-0.93,-2.66,51.72,0.0,246.02,2026-02-05
MO-013004,CTL-0029,300,Ended,13004,0.0,146.18,-3.84,5.66,2.04,64.93,52.23,0.0,267.2,2026-02-22
MO-013005,SYS-0026,300,Ended,13005,0.0,1709.06,4.87,20.52,7.19,-770.36,630.77,0.0,1602.04,2026-03-11
MO-013006,AFT-0033,300,Ended,13006,0.0,-166.95,17.96,49.57,19.42,-558.01,558.7,0.0,-79.32,2026-03-28
MO-013007,SA-0010,200,Ended,13007,0.0,131.25,24.74,69.02,26.08,-321.05,400.88,0.0,330.92,2026-04-14
MO-013008,SA-0047,300,Ended,13008,0.0,45.54,8.76,1.42,0.78,198.58,19.75,0.0,274.84,2026-05-01
MO-013009,SA-0084,100,Ended,13009,0.0,30.88,5.1,8.14,2.81,-96.32,14.19,0.0,-35.2,2026-05-18
MO-013010,DRV-0021,100,Ended,13010,0.0,278.0,8.39,0.74,0.27,-123.83,179.56,0.0,343.14,2026-06-04
MO-013011,DRV-0058,200,Released,13011,0.0,0.0,0.0,-79.34,-27.59,106.93,0.0,0.0,0.0,
MO-013055,SA-0036,100,Ended,13055,0.0,646.79,41.37,21.07,11.16,-1889.17,434.37,0.0,-734.42,2026-01-10
MO-013056,SA-0073,200,Ended,13056,0.0,47.1,2.62,-9.81,-3.7,15.47,23.35,0.0,75.03,2026-01-27
MO-013057,DRV-0010,200,Ended,13057,0.0,2.68,0.16,-7.27,-2.5,134.65,21.87,0.0,149.58,2026-02-13
MO-013058,DRV-0047,100,Ended,13058,0.0,865.75,1.74,5.08,2.05,-195.68,261.46,0.0,940.39,2026-03-02
MO-013059,ACT-0024,200,Ended,13059,0.0,264.18,-0.65,0.45,0.21,-532.75,79.94,0.0,-188.62,2026-03-19
MO-013060,CTL-0001,300,Ended,13060,0.0,1389.26,4.12,8.27,3.09,-984.71,761.7,0.0,1181.72,2026-04-05
MO-013061,CTL-0038,300,Ended,13061,0.0,218.27,13.02,22.87,8.26,-733.73,586.06,0.0,114.75,2026-04-22
MO-013062,AFT-0005,100,Ended,13062,0.0,643.7,36.07,60.18,22.06,-878.43,980.67,0.0,864.25,2026-05-09
MO-013063,AFT-0042,300,Ended,13063,0.0,111.46,44.29,73.21,25.28,-2602.21,104.73,0.0,-2243.24,2026-05-26
MO-013064,SA-0019,200,Ended,13064,0.0,1.45,4.92,-7.87,-3.11,78.22,14.37,0.0,87.97,2026-06-12
MO-013065,SA-0056,300,Released,13065,0.0,0.0,0.0,-16.2,-6.07,22.28,0.0,0.0,0.0,
MO-013109,SYS-0024,300,Ended,13109,0.0,6078.9,17.2,23.59,9.36,-2037.97,516.91,0.0,4607.98,2026-01-17
MO-013110,AFT-0031,100,Ended,13110,0.0,130.5,26.67,-6.61,-4.1,-1019.05,217.12,0.0,-655.47,2026-02-03
MO-013111,SA-0008,300,Ended,13111,0.0,-87.38,1.15,-51.64,-19.06,-677.34,531.06,0.0,-303.2,2026-02-20
MO-013112,SA-0045,100,Ended,13112,0.0,16.26,-1.72,-6.96,-2.62,75.75,12.76,0.0,93.48,2026-03-09
MO-013113,SA-0082,200,Ended,13113,0.0,148.4,1.84,-4.42,-1.63,126.49,39.8,0.0,310.48,2026-03-27
MO-013114,DRV-0019,100,Ended,13114,0.0,303.69,8.71,8.54,3.12,-67.3,49.16,0.0,305.92,2026-04-13
MO-013115,DRV-0056,200,Ended,13115,0.0,1844.84,1.99,1.44,0.47,-584.79,598.63,0.0,1862.58,2026-04-30
MO-013116,ACT-0033,100,Ended,13116,0.0,-204.19,9.94,10.27,3.74,-322.39,370.21,0.0,-132.42,2026-05-17
MO-013117,CTL-0010,300,Ended,13117,0.0,1490.5,30.38,43.55,15.18,-615.76,767.21,0.0,1731.05,2026-06-03
MO-013118,SYS-0007,100,Ended,13118,0.0,195.92,31.33,69.11,24.8,-662.18,252.02,0.0,-89.01,2026-06-20
MO-013162,DRV-0045,100,Ended,13162,0.0,14.67,11.92,10.62,3.93,68.93,39.78,0.0,149.84,2026-01-08
MO-013163,ACT-0022,200,Ended,13163,0.0,5.84,3.18,1.74,0.56,-38.48,79.23,0.0,52.07,2026-01-25
MO-013164,ACT-0059,100,Ended,13164,0.0,95.26,11.64,12.57,5.15,64.82,60.26,0.0,249.7,2026-02-11
MO-013165,CTL-0036,300,Ended,13165,0.0,2948.99,3.08,-5.1,-2.91,-3327.91,1689.87,0.0,1306.02,2026-02-28
MO-013166,AFT-0003,300,Ended,13166,0.0,1718.69,-12.21,-38.74,-14.59,-2623.83,2527.86,0.0,1557.18,2026-03-17
MO-013167,AFT-0040,100,Ended,13167,0.0,387.89,12.52,-14.45,-5.47,-282.54,297.91,0.0,395.86,2026-04-03
MO-013168,SA-0017,300,Ended,13168,0.0,-10.51,1.79,-4.9,-1.86,93.55,9.61,0.0,87.69,2026-04-20
MO-013169,SA-0054,100,Ended,13169,0.0,49.28,6.57,-2.25,-0.77,-536.92,17.22,0.0,-466.86,2026-05-07
MO-013170,SA-0091,200,Ended,13170,0.0,219.62,6.23,10.24,4.02,-141.24,125.85,0.0,224.72,2026-05-24
MO-013171,DRV-0028,200,Ended,13171,0.0,960.18,5.75,3.14,1.15,-320.76,377.39,0.0,1026.84,2026-06-10
MO-013172,ACT-0005,100,Reported Finished,13172,0.0,2337.19,22.55,23.33,8.49,77.08,55.24,0.0,2523.87,
MO-013216,SA-0043,200,Ended,13216,0.0,23.74,3.99,2.41,0.75,15.21,26.8,0.0,72.91,2026-01-16
MO-013217,SA-0080,300,Ended,13217,0.0,26.95,5.81,2.32,0.91,19.02,31.98,0.0,86.98,2026-02-02
MO-013218,DRV-0017,100,Ended,13218,0.0,274.56,2.32,1.28,0.35,90.06,54.39,0.0,422.96,2026-02-19
MO-013219,DRV-0054,200,Ended,13219,0.0,1016.46,6.5,6.73,2.69,-439.37,95.56,0.0,688.59,2026-03-08
MO-013220,ACT-0031,100,Ended,13220,0.0,-311.37,-5.75,-5.4,-2.77,-1103.96,883.07,0.0,-546.17,2026-03-25
MO-013221,CTL-0008,300,Ended,13221,0.0,408.18,-2.91,-22.5,-8.07,-337.44,255.89,0.0,293.15,2026-04-11
MO-013222,SYS-0005,100,Ended,13222,0.0,139.9,13.1,-14.41,-5.57,-6.75,123.99,0.0,250.25,2026-04-28
MO-013223,AFT-0012,300,Ended,13223,0.0,1182.06,39.19,11.5,4.14,-2794.05,351.57,0.0,-1205.59,2026-05-15
MO-013224,AFT-0049,100,Ended,13224,0.0,42.63,5.04,-3.04,-1.14,56.97,10.8,0.0,111.27,2026-06-01
MO-013225,SA-0026,300,Ended,13225,0.0,110.4,4.98,-1.74,-0.65,29.21,81.59,0.0,223.79,2026-06-18
MO-013269,CTL-0034,300,Ended,13269,0.0,1242.29,43.25,38.83,13.69,-91.56,175.19,0.0,1421.69,2026-01-07
MO-013270,AFT-0001,100,Ended,13270,0.0,892.78,31.74,115.6,44.98,-2033.57,1207.63,0.0,259.15,2026-01-24
MO-013271,AFT-0038,100,Ended,13271,0.0,1034.08,40.56,42.64,16.34,-1247.85,951.7,0.0,837.47,2026-02-10
MO-013272,SA-0015,100,Ended,13272,0.0,5.93,1.07,-0.74,-0.05,56.97,23.12,0.0,86.29,2026-02-27
MO-013273,SA-0052,200,Ended,13273,0.0,20.13,0.44,1.2,0.39,49.39,20.59,0.0,92.14,2026-03-16
MO-013274,SA-0089,300,Ended,13274,0.0,-4.63,-3.82,4.0,1.39,132.77,12.02,0.0,141.74,2026-04-02
MO-013275,DRV-0026,200,Ended,13275,0.0,178.52,-0.46,-3.9,-1.83,-120.07,127.76,0.0,180.03,2026-04-19
MO-013276,ACT-0003,100,Ended,13276,0.0,1514.85,17.01,-20.75,-7.93,-532.18,559.52,0.0,1530.53,2026-05-06
MO-013277,ACT-0040,200,Ended,13277,0.0,147.7,8.88,-10.84,-3.94,3.73,53.95,0.0,199.48,2026-05-23
MO-013278,CTL-0017,300,Ended,13278,0.0,92.82,30.42,3.54,1.29,57.93,68.96,0.0,254.96,2026-06-09
MO-013279,SYS-0014,300,Started,13279,0.0,17903.51,9.66,11.57,4.12,-159.34,148.24,0.0,17917.76,
MO-013323,DRV-0052,200,Ended,13323,0.0,221.78,10.34,0.75,0.39,-6.04,103.85,0.0,331.06,2026-01-14
MO-013324,ACT-0029,100,Ended,13324,0.0,107.35,29.39,17.55,6.52,-18.48,64.63,0.0,206.96,2026-01-31
MO-013325,CTL-0006,300,Ended,13325,0.0,397.15,14.98,45.85,16.39,-2408.52,723.78,0.0,-1210.37,2026-02-17
MO-013326,SYS-0003,100,Ended,13326,0.0,657.41,7.92,62.01,22.98,-468.33,442.39,0.0,724.38,2026-03-06
MO-013327,AFT-0010,100,Ended,13327,0.0,227.64,2.08,36.53,12.58,-60.03,116.47,0.0,335.27,2026-03-23
MO-013328,AFT-0047,100,Ended,13328,0.0,128.05,-0.66,-1.26,-0.38,6.16,56.29,0.0,188.21,2026-04-09
MO-013329,SA-0024,100,Ended,13329,0.0,110.52,-1.08,1.74,0.49,-260.76,17.44,0.0,-131.64,2026-04-26
MO-013330,SA-0061,200,Ended,13330,0.0,53.73,2.42,-2.93,-0.4,-118.99,66.01,0.0,-0.16,2026-05-14
MO-013331,SA-0098,300,Ended,13331,0.0,-26.34,13.11,-12.53,-4.6,-159.67,163.43,0.0,-26.6,2026-05-31
MO-013332,DRV-0035,100,Ended,13332,0.0,174.53,23.37,0.05,0.05,-81.86,189.87,0.0,306.0,2026-06-17
MO-013376,SA-0013,200,Ended,13376,0.0,11.62,3.17,-8.1,-3.04,47.35,20.57,0.0,71.57,2026-01-05
MO-013377,SA-0050,300,Ended,13377,0.0,93.11,4.69,-3.07,-1.14,-8.96,53.7,0.0,138.33,2026-01-22
MO-013378,SA-0087,100,Ended,13378,0.0,12.67,11.89,1.25,0.52,72.56,31.18,0.0,130.08,2026-02-08
MO-013379,DRV-0024,200,Ended,13379,0.0,-13.28,14.89,4.06,1.34,-802.61,65.02,0.0,-730.59,2026-02-25
MO-013380,ACT-0001,100,Ended,13380,0.0,724.65,6.46,22.28,8.25,-888.08,831.3,0.0,704.86,2026-03-14
MO-013381,ACT-0038,200,Ended,13381,0.0,185.44,-0.26,47.24,16.58,-201.98,152.27,0.0,199.29,2026-03-31
MO-013382,CTL-0015,300,Ended,13382,0.0,237.85,4.92,24.43,8.08,-279.23,212.23,0.0,208.28,2026-04-17
MO-013383,SYS-0012,300,Ended,13383,0.0,-140.85,-1.02,30.64,11.77,-4624.61,190.54,0.0,-4533.54,2026-05-04
MO-013384,AFT-0019,100,Ended,13384,0.0,38.26,0.6,3.71,1.35,18.01,11.55,0.0,73.48,2026-05-21
MO-013385,AFT-0056,100,Ended,13385,0.0,51.53,6.03,-6.25,-2.19,37.32,38.61,0.0,125.06,2026-06-07
MO-013386,SA-0033,100,Released,13386,0.0,0.0,0.0,-79.2,-29.7,108.9,0.0,0.0,0.0,
MO-013430,SYS-0001,100,Ended,13430,0.0,451.05,14.18,-16.17,-6.05,-738.31,339.0,0.0,43.71,2026-01-13
MO-013431,AFT-0008,100,Ended,13431,0.0,246.79,29.69,4.5,1.6,-547.51,169.61,0.0,-95.33,2026-01-30
MO-013432,AFT-0045,300,Ended,13432,0.0,117.81,5.76,-11.02,-3.98,153.21,57.32,0.0,319.1,2026-02-16
MO-013433,SA-0022,200,Ended,13433,0.0,87.09,7.42,-0.97,-0.29,29.16,37.42,0.0,159.83,2026-03-05
MO-013434,SA-0059,300,Ended,13434,0.0,19.53,5.61,13.29,4.97,150.84,16.26,0.0,210.51,2026-03-22
MO-013435,SA-0096,100,Ended,13435,0.0,85.08,0.28,7.05,2.73,-991.67,210.41,0.0,-686.12,2026-04-08
MO-013436,DRV-0033,100,Ended,13436,0.0,135.58,-3.9,24.22,9.04,-286.92,314.97,0.0,193.0,2026-04-25
MO-013437,ACT-0010,200,Ended,13437,0.0,-196.55,4.53,20.64,6.99,-525.82,603.01,0.0,-87.2,2026-05-12
MO-013438,ACT-0047,100,Ended,13438,0.0,808.0,21.35,4.76,1.68,-78.72,214.56,0.0,971.64,2026-05-29
MO-013439,CTL-0024,300,Ended,13439,0.0,509.79,12.5,81.64,28.76,-4210.09,136.89,0.0,-3440.52,2026-06-15
MO-013483,DRV-0022,200,Ended,13483,0.0,1465.83,7.58,1.43,1.19,-224.72,335.92,0.0,1587.23,2026-01-03
MO-013484,DRV-0059,100,Ended,13484,0.0,125.15,27.82,-7.12,-3.14,-101.88,286.04,0.0,326.86,2026-01-20
MO-013485,ACT-0036,200,Ended,13485,0.0,156.28,6.55,-9.56,-3.39,-578.27,93.24,0.0,-335.15,2026-02-07
MO-013486,CTL-0013,300,Ended,13486,0.0,218.46,17.98,-2.51,-1.02,-542.93,151.0,0.0,-159.02,2026-02-24
MO-013487,SYS-0010,300,Ended,13487,0.0,235.65,34.85,-4.49,-1.04,-489.74,534.21,0.0,309.44,2026-03-13
MO-013488,AFT-0017,100,Ended,13488,0.0,-48.5,4.12,-8.82,-3.46,210.88,51.18,0.0,205.39,2026-03-30
MO-013489,AFT-0054,300,Ended,13489,0.0,-7.55,0.15,0.93,0.39,-148.96,5.57,0.0,-149.46,2026-04-16
MO-013490,SA-0031,200,Ended,13490,0.0,135.61,1.6,23.08,8.44,-146.83,104.65,0.0,126.54,2026-05-03
MO-013491,SA-0068,300,Ended,13491,0.0,170.74,-1.1,7.2,2.46,-136.35,163.08,0.0,206.03,2026-05-20
MO-013492,DRV-0005,100,Ended,13492,0.0,431.64,4.3,22.33,8.27,-192.14,244.17,0.0,518.58,2026-06-06
MO-013493,DRV-0042,200,Reported Finished,13493,0.0,1034.3,9.39,3.92,1.32,-1313.88,36.86,0.0,-228.09,
MO-013537,SA-0020,300,Ended,13537,0.0,83.4,1.06,6.26,2.14,53.5,23.49,0.0,169.85,2026-01-11
MO-013538,SA-0057,100,Ended,13538,0.0,13.07,6.37,1.61,0.59,24.66,16.24,0.0,62.53,2026-01-28
MO-013539,SA-0094,200,Ended,13539,0.0,0.1,14.07,-5.67,-2.29,67.69,32.58,0.0,106.48,2026-02-14
MO-013540,DRV-0031,100,Ended,13540,0.0,48.02,9.73,-4.82,-1.74,-906.32,487.55,0.0,-367.58,2026-03-03
MO-013541,ACT-0008,200,Ended,13541,0.0,71.92,8.01,-2.88,-1.07,-107.67,82.0,0.0,50.31,2026-03-20
MO-013542,ACT-0045,100,Ended,13542,0.0,193.58,36.05,-12.1,-4.77,-176.5,131.03,0.0,167.3,2026-04-06
MO-013543,CTL-0022,300,Ended,13543,0.0,1479.47,1.89,27.57,9.24,-662.6,724.54,0.0,1580.11,2026-04-23
MO-013544,SYS-0019,100,Ended,13544,0.0,33.54,0.73,-1.55,-0.55,75.45,26.97,0.0,134.59,2026-05-10
MO-013545,AFT-0026,100,Ended,13545,0.0,6.81,-0.57,1.62,0.53,8.47,19.46,0.0,36.31,2026-05-27
MO-013546,SA-0003,100,Ended,13546,0.0,116.77,11.11,10.74,3.77,-0.99,117.48,0.0,258.88,2026-06-13
MO-013590,CTL-0011,300,Ended,13590,0.0,3049.33,1.78,41.16,14.54,-1923.9,1992.84,0.0,3175.75,2026-01-02
MO-013591,SYS-0008,300,Ended,13591,0.0,20.14,6.95,78.14,26.99,-257.49,152.61,0.0,27.33,2026-01-19
MO-013592,AFT-0015,300,Ended,13592,0.0,41.31,4.26,0.21,0.34,63.64,50.59,0.0,160.34,2026-02-05
MO-013593,AFT-0052,100,Ended,13593,0.0,8.99,10.6,-6.42,-2.46,167.19,12.62,0.0,190.53,2026-02-22
MO-013594,SA-0029,300,Ended,13594,0.0,45.09,10.18,-3.53,-0.99,49.31,11.05,0.0,111.12,2026-03-11
MO-013595,SA-0066,100,Ended,13595,0.0,292.01,4.2,-5.62,-2.05,-1105.01,218.27,0.0,-598.2,2026-03-28
MO-013596,DRV-0003,100,Ended,13596,0.0,-43.27,1.69,3.94,1.4,-479.62,551.5,0.0,35.63,2026-04-14
MO-013597,DRV-0040,200,Ended,13597,0.0,54.96,8.15,-9.56,-3.6,-45.74,59.12,0.0,63.32,2026-05-01
MO-013598,ACT-0017,100,Ended,13598,0.0,119.4,-13.79,18.07,6.54,-101.43,177.11,0.0,205.89,2026-05-18
MO-013599,ACT-0054,200,Ended,13599,0.0,3938.23,15.01,72.79,25.65,-5660.38,669.3,0.0,-939.4,2026-06-04
MO-013600,CTL-0031,300,Started,13600,0.0,3405.37,4.75,-7.38,-2.83,184.52,29.32,0.0,3613.74,
MO-013644,DRV-0029,100,Ended,13644,0.0,222.64,0.73,9.39,3.45,-12.66,113.2,0.0,336.75,2026-01-10
MO-013645,ACT-0006,200,Ended,13645,0.0,195.21,6.17,32.88,11.07,-3097.87,234.61,0.0,-2617.92,2026-01-27
MO-013646,ACT-0043,100,Ended,13646,0.0,437.97,39.8,95.42,34.89,-512.38,279.87,0.0,375.57,2026-02-13
MO-013647,CTL-0020,300,Ended,13647,0.0,550.9,32.16,87.79,33.44,-469.43,360.73,0.0,595.6,2026-03-02
MO-013648,SYS-0017,100,Ended,13648,0.0,508.66,7.23,-4.56,-1.74,39.76,86.1,0.0,635.46,2026-03-19
MO-013649,AFT-0024,300,Ended,13649,0.0,1.87,4.19,-8.13,-2.91,-641.64,11.69,0.0,-634.92,2026-04-05
MO-013650,SA-0001,200,Ended,13650,0.0,52.56,1.73,-5.89,-2.23,-77.79,50.36,0.0,18.73,2026-04-22
MO-013651,SA-0038,300,Ended,13651,0.0,213.83,-0.23,-1.07,-0.38,-139.68,165.75,0.0,238.22,2026-05-09
MO-013652,SA-0075,100,Ended,13652,0.0,181.22,-5.05,-0.11,-0.06,-75.2,149.9,0.0,250.7,2026-05-26
MO-013653,DRV-0012,200,Ended,13653,0.0,85.4,-2.65,2.95,1.32,-570.34,42.53,0.0,-440.79,2026-06-12
MO-013654,DRV-0049,100,Started,13654,0.0,20442.24,5.56,14.16,5.27,-243.25,167.97,0.0,20391.95,
MO-013698,SA-0027,100,Ended,13698,0.0,56.69,6.32,9.04,3.57,143.01,45.0,0.0,263.62,2026-01-17
MO-013699,SA-0064,200,Ended,13699,0.0,35.25,0.74,2.35,0.92,32.49,9.51,0.0,81.27,2026-02-03
MO-013700,DRV-0001,100,Ended,13700,0.0,696.25,7.37,20.41,7.51,-551.89,377.3,0.0,556.95,2026-02-20
MO-013701,DRV-0038,200,Ended,13701,0.0,186.86,35.01,64.09,22.48,-302.09,195.96,0.0,202.31,2026-03-09
MO-013702,ACT-0015,100,Ended,13702,0.0,768.88,40.08,19.4,6.6,-474.33,451.44,0.0,812.08,2026-03-27
MO-013703,ACT-0052,200,Ended,13703,0.0,530.47,39.21,28.13,10.02,-192.37,226.29,0.0,641.74,2026-04-13
MO-013704,CTL-0029,300,Ended,13704,0.0,-1.65,1.9,-6.84,-2.62,112.03,11.19,0.0,114.02,2026-04-30
MO-013705,SYS-0026,300,Ended,13705,0.0,322.52,0.04,-7.84,-2.73,-22.71,140.17,0.0,429.44,2026-05-17
MO-013706,AFT-0033,300,Ended,13706,0.0,363.02,-0.87,-4.57,-1.73,-75.77,139.67,0.0,419.76,2026-06-03
MO-013707,SA-0010,200,Ended,13707,0.0,3.32,-0.62,-3.71,-1.45,15.6,91.63,0.0,104.76,2026-06-20
MO-013751,CTL-0018,300,Ended,13751,0.0,1232.15,-3.45,10.51,3.83,-2054.24,479.54,0.0,-331.64,2026-01-08
MO-013752,SYS-0015,100,Ended,13752,0.0,-278.71,2.94,-1.18,-0.42,-131.87,247.62,0.0,-161.62,2026-01-25
MO-013753,AFT-0022,100,Ended,13753,0.0,3.25,0.67,-1.85,-0.67,80.82,9.01,0.0,91.24,2026-02-11
MO-013754,AFT-0059,100,Ended,13754,0.0,20.47,4.39,2.13,0.87,156.83,9.45,0.0,194.15,2026-02-28
MO-013755,SA-0036,100,Ended,13755,0.0,95.78,5.49,8.79,3.04,-396.85,99.28,0.0,-184.47,2026-03-17
MO-013756,SA-0073,200,Ended,13756,0.0,160.53,34.55,51.48,19.16,-263.08,108.95,0.0,111.58,2026-04-03
MO-013757,DRV-0010,200,Ended,13757,0.0,251.51,19.63,21.56,7.13,24.7,98.39,0.0,422.93,2026-04-20
MO-013758,DRV-0047,100,Ended,13758,0.0,2102.16,17.2,1.61,2.42,-986.46,1045.83,0.0,2182.77,2026-05-07
MO-013759,ACT-0024,200,Ended,13759,0.0,1461.38,1.18,-6.07,-3.13,-2556.71,349.73,0.0,-753.62,2026-05-24
MO-013760,CTL-0001,300,Ended,13760,0.0,196.53,-1.09,-7.03,-2.63,-112.86,163.22,0.0,236.15,2026-06-10
MO-013761,CTL-0038,300,Released,13761,0.0,0.0,0.0,-109.87,-39.75,149.63,0.0,0.0,0.0,
MO-013805,DRV-0036,200,Ended,13805,0.0,437.9,-8.03,-12.66,-4.61,-2036.42,673.74,0.0,-950.08,2026-01-16
MO-013806,ACT-0013,100,Ended,13806,0.0,72.09,1.59,2.04,0.71,-901.16,208.2,0.0,-616.53,2026-02-02
MO-013807,ACT-0050,200,Ended,13807,0.0,1369.32,22.57,27.24,9.65,-667.83,559.99,0.0,1320.95,2026-02-19
MO-013808,CTL-0027,300,Ended,13808,0.0,83.6,5.83,-0.65,-0.24,74.94,31.57,0.0,195.05,2026-03-08
MO-013809,SYS-0024,300,Ended,13809,0.0,1007.38,2.83,-0.93,-0.29,-385.86,114.87,0.0,738.01,2026-03-25
MO-013810,AFT-0031,100,Ended,13810,0.0,62.64,15.94,12.09,4.81,-108.3,54.28,0.0,41.45,2026-04-11
MO-013811,SA-0008,300,Ended,13811,0.0,174.21,16.06,18.61,7.11,-100.15,121.38,0.0,237.22,2026-04-28
MO-013812,SA-0045,100,Ended,13812,0.0,33.03,8.8,23.06,8.11,-9.37,59.57,0.0,123.21,2026-05-15
MO-013813,SA-0082,200,Ended,13813,0.0,402.77,1.87,7.19,3.94,-55.04,179.12,0.0,539.86,2026-06-01
MO-013814,DRV-0019,100,Ended,13814,0.0,714.96,4.94,-14.79,-6.31,-486.04,196.64,0.0,409.39,2026-06-18
MO-013858,AFT-0057,300,Ended,13858,0.0,-4.37,2.93,-5.44,-1.99,85.05,43.3,0.0,119.48,2026-01-07
MO-013859,SA-0034,200,Ended,13859,0.0,14.12,-4.05,-14.53,-5.33,138.33,30.1,0.0,158.64,2026-01-24
MO-013860,SA-0071,300,Ended,13860,0.0,272.16,13.21,-0.75,-0.23,-122.26,202.16,0.0,364.29,2026-02-10
MO-013861,DRV-0008,200,Ended,13861,0.0,170.61,2.44,-3.42,-1.32,-153.3,93.63,0.0,108.64,2026-02-27
MO-013862,DRV-0045,100,Ended,13862,0.0,411.25,18.13,14.07,5.12,-208.27,159.1,0.0,399.4,2026-03-16
MO-013863,ACT-0022,200,Ended,13863,0.0,466.45,34.89,33.47,11.74,-314.45,346.64,0.0,578.73,2026-04-02
MO-013864,ACT-0059,100,Ended,13864,0.0,-16.68,3.04,-0.49,-0.15,119.16,12.91,0.0,117.79,2026-04-19
MO-013865,CTL-0036,300,Ended,13865,0.0,425.59,10.43,4.92,1.91,-658.87,375.53,0.0,159.49,2026-05-06
MO-013866,AFT-0003,300,Ended,13866,0.0,-64.33,5.57,20.49,7.64,-502.78,631.97,0.0,98.55,2026-05-23
MO-013867,AFT-0040,100,Ended,13867,0.0,76.05,0.76,7.03,2.51,0.24,68.09,0.0,154.68,2026-06-09
MO-013868,SA-0017,300,Reported Finished,13868,0.0,877.43,-4.35,4.45,1.66,74.42,22.42,0.0,976.03,
MO-013912,CTL-0025,300,Ended,13912,0.0,86.55,2.74,1.42,0.67,-35.97,55.82,0.0,111.23,2026-01-14
MO-013913,SYS-0022,300,Ended,13913,0.0,979.42,-2.55,-4.27,-1.49,-105.79,198.61,0.0,1063.93,2026-01-31
MO-013914,AFT-0029,100,Ended,13914,0.0,45.04,4.6,-13.64,-4.94,152.92,15.34,0.0,199.32,2026-02-17
MO-013915,SA-0006,100,Ended,13915,0.0,78.06,9.17,-4.82,-1.63,-1559.59,201.56,0.0,-1277.25,2026-03-06
MO-013916,SA-0043,200,Ended,13916,0.0,45.08,30.7,13.05,5.21,-289.13,125.08,0.0,-70.01,2026-03-23
MO-013917,SA-0080,300,Ended,13917,0.0,-21.34,10.1,3.26,1.33,-205.24,143.92,0.0,-67.97,2026-04-09
MO-013918,DRV-0017,100,Ended,13918,0.0,769.72,25.92,19.59,7.32,-95.08,217.57,0.0,945.05,2026-04-26
MO-013919,DRV-0054,200,Ended,13919,0.0,3326.48,20.55,37.88,13.68,-2088.11,418.09,0.0,1728.56,2026-05-14
MO-013920,ACT-0031,100,Ended,13920,0.0,483.01,3.07,0.8,0.31,-136.71,189.23,0.0,539.71,2026-05-31
MO-013921,CTL-0008,300,Ended,13921,0.0,63.98,1.25,5.21,1.78,1.04,56.86,0.0,130.12,2026-06-17
MO-013965,DRV-0006,200,Ended,13965,0.0,694.19,5.71,23.7,8.04,-2056.11,800.0,0.0,-524.48,2026-01-05
MO-013966,DRV-0043,100,Ended,13966,0.0,425.64,2.36,6.35,2.21,-1032.81,325.74,0.0,-270.52,2026-01-22
MO-013967,ACT-0020,200,Ended,13967,0.0,409.46,-17.3,46.6,18.42,-560.65,328.76,0.0,225.28,2026-02-08
MO-013968,ACT-0057,100,Ended,13968,0.0,-108.38,-0.5,-3.14,-1.35,-45.92,78.65,0.0,-80.65,2026-02-25
MO-013969,CTL-0034,300,Ended,13969,0.0,157.51,4.84,-8.84,-3.05,46.71,38.93,0.0,236.1,2026-03-14
MO-013970,AFT-0001,100,Ended,13970,0.0,96.15,19.13,-3.6,-1.3,-378.17,301.91,0.0,34.12,2026-03-31
MO-013971,AFT-0038,100,Ended,13971,0.0,68.51,6.51,-2.21,-0.78,-190.02,217.53,0.0,99.54,2026-04-17
MO-013972,SA-0015,100,Ended,13972,0.0,120.53,12.29,19.75,7.21,-66.31,107.88,0.0,201.36,2026-05-04
MO-013973,SA-0052,200,Ended,13973,0.0,286.97,11.46,5.45,1.84,-41.3,92.64,0.0,357.07,2026-05-21
MO-013974,SA-0089,300,Ended,13974,0.0,-149.47,18.57,23.66,8.64,77.87,48.08,0.0,27.34,2026-06-07
MO-013975,DRV-0026,200,Started,13975,0.0,12905.23,0.53,29.19,10.17,-107.0,111.79,0.0,12949.91,
MO-014019,SA-0004,200,Ended,14019,0.0,58.75,5.68,8.48,2.9,69.39,11.3,0.0,156.5,2026-01-13
MO-014020,SA-0041,300,Ended,14020,0.0,95.82,-0.69,27.55,10.23,-35.95,207.48,0.0,304.42,2026-01-30
MO-014021,SA-0078,100,Ended,14021,0.0,282.82,-0.83,5.9,1.95,-1502.62,294.54,0.0,-918.23,2026-02-16
MO-014022,DRV-0015,100,Ended,14022,0.0,548.24,5.58,28.22,11.47,-564.27,518.17,0.0,547.41,2026-03-05
MO-014023,DRV-0052,200,Ended,14023,0.0,281.84,8.2,-8.93,-5.33,-427.01,454.35,0.0,303.12,2026-03-22
MO-014024,ACT-0029,100,Ended,14024,0.0,39.88,3.38,-6.63,-2.49,22.2,13.85,0.0,70.19,2026-04-08
MO-014025,CTL-0006,300,Ended,14025,0.0,290.23,9.3,-5.04,-1.85,-463.22,160.84,0.0,-9.74,2026-04-25
MO-014026,SYS-0003,100,Ended,14026,0.0,87.94,8.82,2.16,0.8,15.62,110.6,0.0,225.93,2026-05-12
MO-014027,AFT-0010,100,Ended,14027,0.0,26.74,8.52,0.02,-0.03,75.78,26.62,0.0,137.66,2026-05-29
MO-014028,AFT-0047,100,Ended,14028,0.0,185.35,1.38,6.12,2.23,-202.96,262.7,0.0,254.83,2026-06-15
MO-014072,ACT-0055,100,Ended,14072,0.0,-40.87,4.67,-2.62,-0.92,-5.82,96.07,0.0,50.51,2026-01-03
MO-014073,CTL-0032,300,Ended,14073,0.0,224.74,2.82,2.49,0.83,-59.12,77.92,0.0,249.69,2026-01-20
MO-014074,SYS-0029,100,Ended,14074,0.0,-107.67,-0.32,10.67,3.95,47.9,40.61,0.0,-4.86,2026-02-07
MO-014075,AFT-0036,300,Ended,14075,0.0,111.72,-0.86,8.96,3.6,-1195.92,190.13,0.0,-882.37,2026-02-24
MO-014076,SA-0013,200,Ended,14076,0.0,124.21,0.59,9.06,3.14,-397.57,95.98,0.0,-164.59,2026-03-13
MO-014077,SA-0050,300,Ended,14077,0.0,362.17,4.57,17.09,6.76,-290.53,241.67,0.0,341.73,2026-03-30
MO-014078,SA-0087,100,Ended,14078,0.0,-105.61,30.53,-7.87,-4.49,-193.03,124.73,0.0,-155.75,2026-04-16
MO-014079,DRV-0024,200,Ended,14079,0.0,-880.52,28.82,-43.34,-15.55,-3902.47,284.48,0.0,-4528.57,2026-05-03
MO-014080,ACT-0001,100,Ended,14080,0.0,45.52,5.58,-3.93,-1.49,-163.16,178.14,0.0,60.65,2026-05-20
MO-014081,ACT-0038,200,Ended,14081,0.0,63.8,3.15,-1.99,-0.68,24.8,33.84,0.0,122.91,2026-06-06
MO-014082,CTL-0015,300,Released,14082,0.0,0.0,0.0,-104.15,-40.14,144.29,0.0,0.0,0.0,
MO-014126,DRV-0013,100,Ended,14126,0.0,450.7,54.3,7.39,3.1,-580.38,299.17,0.0,234.28,2026-01-11
MO-014127,DRV-0050,200,Ended,14127,0.0,5570.76,13.31,76.46,26.96,-1908.56,1647.08,0.0,5426.03,2026-01-28
MO-014128,ACT-0027,100,Ended,14128,0.0,86.19,1.7,2.03,0.83,124.82,83.33,0.0,298.91,2026-02-14
MO-014129,CTL-0004,300,Ended,14129,0.0,272.89,-1.48,3.31,1.28,3.2,27.77,0.0,306.96,2026-03-03
MO-014130,SYS-0001,100,Ended,14130,0.0,66.02,0.42,9.56,3.57,-110.37,84.75,0.0,53.95,2026-03-20
MO-014131,AFT-0008,100,Ended,14131,0.0,31.19,4.33,0.45,0.12,-4.7,38.77,0.0,70.16,2026-04-06
MO-014132,AFT-0045,300,Ended,14132,0.0,284.13,16.68,27.67,9.34,-175.29,267.5,0.0,430.03,2026-04-23
MO-014133,SA-0022,200,Ended,14133,0.0,362.89,22.47,-6.86,-3.46,-126.81,168.38,0.0,416.61,2026-05-10
MO-014134,SA-0059,300,Ended,14134,0.0,242.3,42.52,-38.88,-14.84,28.6,65.02,0.0,324.72,2026-05-27
MO-014135,SA-0096,100,Ended,14135,0.0,1775.94,46.54,-19.62,-7.12,-4757.3,920.54,0.0,-2041.02,2026-06-13
MO-014179,AFT-0034,100,Ended,14179,0.0,-11.21,3.56,-1.72,-0.61,29.4,20.05,0.0,39.48,2026-01-02
MO-014180,SA-0011,300,Ended,14180,0.0,516.82,9.05,3.27,1.34,-108.56,289.61,0.0,711.53,2026-01-19
MO-014181,SA-0048,100,Ended,14181,0.0,157.92,17.11,5.4,2.26,-2343.08,145.06,0.0,-2015.34,2026-02-05
MO-014182,SA-0085,200,Ended,14182,0.0,-142.07,3.47,36.21,13.45,-595.64,325.87,0.0,-358.72,2026-02-22
MO-014183,DRV-0022,200,Ended,14183,0.0,4107.59,-5.66,92.18,32.96,-1379.81,1469.65,0.0,4316.91,2026-03-11
MO-014184,DRV-0059,100,Ended,14184,0.0,-164.47,3.42,-3.27,-1.14,153.16,61.29,0.0,48.99,2026-03-28
MO-014185,ACT-0036,200,Ended,14185,0.0,24.72,0.44,2.59,0.88,-103.49,20.72,0.0,-54.14,2026-04-14
MO-014186,CTL-0013,300,Ended,14186,0.0,58.1,3.22,1.87,0.93,-67.43,37.75,0.0,34.45,2026-05-01
MO-014187,SYS-0010,300,Ended,14187,0.0,85.01,10.63,13.77,4.33,9.67,122.11,0.0,245.51,2026-05-18
MO-014188,AFT-0017,100,Ended,14188,0.0,198.44,30.31,-6.43,-2.15,-10.02,238.82,0.0,448.98,2026-06-04
MO-014189,AFT-0054,300,Reported Finished,14189,0.0,609.26,20.75,-17.11,-6.32,-664.69,25.08,0.0,-33.04,
MO-014233,CTL-0002,300,Ended,14233,0.0,136.68,5.97,-7.69,-2.68,57.04,43.98,0.0,233.31,2026-01-10
MO-014234,CTL-0039,300,Ended,14234,0.0,149.0,1.43,0.06,0.08,-22.63,65.93,0.0,193.88,2026-01-27
MO-014235,AFT-0006,300,Ended,14235,0.0,1849.52,11.02,-4.44,-1.57,-1596.03,1151.0,0.0,1409.49,2026-02-13
MO-014236,AFT-0043,100,Ended,14236,0.0,207.17,2.27,8.89,3.27,-422.19,196.48,0.0,-4.11,2026-03-02
MO-014237,SA-0020,300,Ended,14237,0.0,280.65,-9.91,12.58,4.22,-193.47,105.73,0.0,199.8,2026-03-19
MO-014238,SA-0057,100,Ended,14238,0.0,120.54,1.47,46.7,17.29,-56.81,64.94,0.0,194.12,2026-04-05
MO-014239,SA-0094,200,Ended,14239,0.0,812.85,27.58,94.87,33.29,-54.64,142.52,0.0,1056.47,2026-04-22
MO-014240,DRV-0031,100,Ended,14240,0.0,253.55,8.22,-7.93,-3.2,-9.81,104.47,0.0,345.3,2026-05-09
MO-014241,ACT-0008,200,Ended,14241,0.0,2.5,1.51,1.84,0.72,2.03,18.22,0.0,26.83,2026-05-26
MO-014242,ACT-0045,100,Ended,14242,0.0,21.91,9.93,13.35,4.91,35.16,32.76,0.0,118.02,2026-06-12
MO-014243,CTL-0022,300,Reported Finished,14243,0.0,3419.18,9.7,-4.42,-1.48,52.0,82.8,0.0,3557.78,
MO-014287,DRV-0020,200,Ended,14287,0.0,483.23,27.5,-7.56,-3.84,-625.99,502.31,0.0,375.66,2026-01-17
MO-014288,DRV-0057,100,Ended,14288,0.0,404.58,2.99,-6.59,-2.47,-27.22,116.11,0.0,487.4,2026-02-03
MO-014289,ACT-0034,200,Ended,14289,0.0,26.31,1.66,-5.66,-2.05,158.8,6.77,0.0,185.83,2026-02-20
MO-014290,CTL-0011,300,Ended,14290,0.0,493.32,2.47,-1.92,-0.61,-442.62,498.21,0.0,548.86,2026-03-09
MO-014291,SYS-0008,300,Ended,14291,0.0,63.2,-4.72,0.33,0.02,-21.96,34.88,0.0,71.75,2026-03-27
MO-014292,AFT-0015,300,Ended,14292,0.0,562.86,0.71,16.74,6.16,-183.41,236.08,0.0,639.15,2026-04-13
MO-014293,AFT-0052,100,Ended,14293,0.0,-29.57,16.75,44.06,15.47,94.95,56.81,0.0,198.47,2026-04-30
MO-014294,SA-0029,300,Ended,14294,0.0,68.07,20.77,50.63,18.89,33.6,44.2,0.0,236.16,2026-05-17
MO-014295,SA-0066,100,Ended,14295,0.0,764.99,42.3,41.51,14.09,-5238.07,954.94,0.0,-3420.23,2026-06-03
MO-014296,DRV-0003,100,Ended,14296,0.0,294.32,3.97,-9.49,-3.46,65.32,118.18,0.0,468.85,2026-06-20
MO-014340,AFT-0041,100,Ended,14340,0.0,656.64,25.34,9.97,3.47,-282.48,407.06,0.0,820.0,2026-01-08
MO-014341,SA-0018,100,Ended,14341,0.0,662.11,24.33,7.64,4.26,-2916.02,316.79,0.0,-1900.91,2026-01-25
MO-014342,SA-0055,200,Ended,14342,0.0,1188.68,16.22,-9.39,-4.5,-1599.74,441.87,0.0,33.13,2026-02-11
MO-014343,SA-0092,300,Ended,14343,0.0,402.8,9.77,-18.01,-6.39,-204.77,85.62,0.0,269.04,2026-02-28
MO-014344,DRV-0029,100,Ended,14344,0.0,121.5,-0.12,-5.11,-1.92,78.7,24.26,0.0,217.31,2026-03-17
MO-014345,ACT-0006,200,Ended,14345,0.0,24.38,-2.13,-6.47,-2.19,-560.1,52.14,0.0,-494.37,2026-04-03
MO-014346,ACT-0043,100,Ended,14346,0.0,68.86,1.77,4.42,1.58,-91.37,69.97,0.0,55.22,2026-04-20
MO-014347,CTL-0020,300,Ended,14347,0.0,45.31,1.81,4.39,1.73,-66.06,82.45,0.0,69.64,2026-05-07
MO-014348,SYS-0017,100,Ended,14348,0.0,1762.23,12.65,21.35,7.96,-275.58,401.82,0.0,1930.44,2026-05-24
MO-014349,AFT-0024,300,Ended,14349,0.0,136.16,30.12,45.5,16.3,-3577.54,52.61,0.0,-3296.87,2026-06-10
MO-014350,SA-0001,200,Started,14350,0.0,4148.96,11.58,17.88,6.63,-89.7,40.29,0.0,4135.64,
MO-014394,CTL-0009,300,Ended,14394,0.0,411.99,15.02,23.26,8.68,64.02,51.3,0.0,574.26,2026-01-16
MO-014395,SYS-0006,300,Ended,14395,0.0,127.37,11.95,8.07,2.89,-422.88,87.32,0.0,-185.27,2026-02-02
MO-014396,AFT-0013,100,Ended,14396,0.0,1411.65,10.06,-2.89,-1.79,-1049.01,825.05,0.0,1193.07,2026-02-19
MO-014397,AFT-0050,100,Ended,14397,0.0,939.02,8.14,0.54,0.98,-735.96,667.25,0.0,879.97,2026-03-08
MO-014398,SA-0027,100,Ended,14398,0.0,-11.19,5.55,-4.96,-1.67,-289.6,179.98,0.0,-121.88,2026-03-25
MO-014399,SA-0064,200,Ended,14399,0.0,29.43,-3.92,-4.76,-1.76,-29.67,41.63,0.0,30.94,2026-04-11
MO-014400,DRV-0001,100,Ended,14400,0.0,152.13,-0.69,-6.11,-2.31,-39.61,80.85,0.0,184.25,2026-04-28
MO-014401,DRV-0038,200,Ended,14401,0.0,49.71,3.96,-3.04,-1.18,66.04,43.55,0.0,159.04,2026-05-15
MO-014402,ACT-0015,100,Ended,14402,0.0,100.85,17.99,19.96,7.3,-60.1,112.86,0.0,198.87,2026-06-01
MO-014403,ACT-0052,200,Ended,14403,0.0,43.29,5.79,5.76,1.95,1.71,51.72,0.0,110.23,2026-06-18
MO-014447,SA-0090,100,Ended,14447,0.0,298.87,24.66,45.74,16.38,-7312.77,310.86,0.0,-6616.26,2026-01-07
MO-014448,DRV-0027,100,Ended,14448,0.0,117.82,3.97,0.37,0.08,44.34,35.06,0.0,201.65,2026-01-24
MO-014449,ACT-0004,200,Ended,14449,0.0,-10.23,6.89,6.52,2.23,68.7,4.06,0.0,78.18,2026-02-10
MO-014450,ACT-0041,100,Ended,14450,0.0,24.62,12.23,10.61,4.58,76.45,77.62,0.0,206.11,2026-02-27
MO-014451,CTL-0018,300,Ended,14451,0.0,208.78,2.92,-1.26,-0.88,-435.62,109.61,0.0,-116.45,2026-03-16
MO-014452,SYS-0015,100,Ended,14452,0.0,4265.56,3.93,-5.89,-2.09,-1118.91,1155.54,0.0,4298.14,2026-04-02
MO-014453,AFT-0022,100,Ended,14453,0.0,91.8,-3.44,-6.11,-2.28,19.4,40.57,0.0,139.93,2026-04-19
MO-014454,AFT-0059,100,Ended,14454,0.0,86.29,-4.66,-15.47,-6.57,70.49,37.81,0.0,167.9,2026-05-06
MO-014455,SA-0036,100,Ended,14455,0.0,191.24,0.62,-17.5,-6.61,-1916.32,434.37,0.0,-1314.2,2026-05-23
MO-014456,SA-0073,200,Ended,14456,0.0,21.7,4.49,-2.91,-1.12,20.3,23.35,0.0,65.8,2026-06-09
MO-014457,DRV-0010,200,Released,14457,0.0,0.0,0.0,-92.84,-32.28,125.13,0.0,0.0,0.0,
MO-014501,AFT-0048,300,Ended,14501,0.0,-265.93,14.69,18.44,6.58,-2642.78,933.91,0.0,-1935.09,2026-01-14
MO-014502,SA-0025,200,Ended,14502,0.0,136.56,15.65,21.1,7.77,-883.63,303.43,0.0,-399.11,2026-01-31
MO-014503,SA-0062,300,Ended,14503,0.0,130.36,37.78,66.77,22.5,-640.62,183.02,0.0,-200.17,2026-02-17
MO-014504,SA-0099,100,Ended,14504,0.0,62.51,5.02,6.05,2.13,73.96,15.7,0.0,165.36,2026-03-06
MO-014505,DRV-0036,200,Ended,14505,0.0,234.62,3.82,7.25,2.78,-383.06,149.72,0.0,15.13,2026-03-23
MO-014506,ACT-0013,100,Ended,14506,0.0,53.01,1.15,-0.4,-0.21,-107.81,52.05,0.0,-2.22,2026-04-09
MO-014507,ACT-0050,200,Ended,14507,0.0,184.08,-0.83,-4.26,-1.47,-119.66,128.0,0.0,185.86,2026-04-26
MO-014508,CTL-0027,300,Ended,14508,0.0,170.79,7.91,-4.25,-1.59,-111.85,147.3,0.0,208.31,2026-05-14
MO-014509,SYS-0024,300,Ended,14509,0.0,2914.5,-0.26,-11.48,-4.64,-2059.26,516.91,0.0,1355.76,2026-05-31
MO-014510,AFT-0031,100,Ended,14510,0.0,168.38,22.3,-6.67,-2.43,-1007.41,217.12,0.0,-608.72,2026-06-17
MO-014554,ACT-0039,100,Ended,14554,0.0,-58.23,11.6,3.16,1.17,78.33,26.6,0.0,62.62,2026-01-05
MO-014555,CTL-0016,300,Ended,14555,0.0,21.18,3.08,0.08,-0.01,35.07,54.61,0.0,114.01,2026-01-22
MO-014556,SYS-0013,100,Ended,14556,0.0,477.62,9.01,7.25,2.65,-312.26,244.1,0.0,428.36,2026-02-08
MO-014557,AFT-0020,100,Ended,14557,0.0,212.65,13.27,19.52,6.65,-277.27,211.62,0.0,186.45,2026-02-25
MO-014558,AFT-0057,300,Ended,14558,0.0,-110.86,53.16,64.47,23.82,-210.85,173.21,0.0,-7.05,2026-03-14
MO-014559,SA-0034,200,Ended,14559,0.0,-311.5,29.58,128.45,45.07,0.42,131.7,0.0,23.71,2026-03-31
MO-014560,SA-0071,300,Ended,14560,0.0,36.88,0.82,-2.05,-0.79,44.43,43.32,0.0,122.61,2026-04-17
MO-014561,DRV-0008,200,Ended,14561,0.0,24.07,-2.13,0.64,0.24,25.35,20.81,0.0,68.98,2026-05-04
MO-014562,DRV-0045,100,Ended,14562,0.0,67.74,0.22,-5.68,-2.24,56.6,39.78,0.0,156.41,2026-05-21
MO-014563,ACT-0022,200,Ended,14563,0.0,287.83,4.02,-4.18,-1.46,-41.54,79.23,0.0,323.9,2026-06-07
MO-014564,ACT-0059,100,Reported Finished,14564,0.0,2651.62,12.53,-3.46,-1.29,59.31,60.26,0.0,2778.96,
MO-014608,SA-0097,200,Ended,14608,0.0,61.1,2.39,-9.76,-3.68,34.92,30.91,0.0,115.89,2026-01-13
MO-014609,DRV-0034,200,Ended,14609,0.0,25.73,5.99,-1.19,-0.39,57.89,8.48,0.0,96.5,2026-01-30
MO-014610,ACT-0011,100,Ended,14610,0.0,58.96,9.83,7.38,2.93,92.58,72.9,0.0,244.58,2026-02-16
MO-014611,ACT-0048,200,Ended,14611,0.0,24.91,6.08,1.57,0.63,-850.38,61.35,0.0,-755.84,2026-03-05
MO-014612,CTL-0025,300,Ended,14612,0.0,141.36,10.42,10.04,3.91,-326.76,260.51,0.0,99.49,2026-03-22
MO-014613,SYS-0022,300,Ended,14613,0.0,2998.05,19.83,42.09,15.01,-804.64,893.74,0.0,3164.08,2026-04-08
MO-014614,AFT-0029,100,Ended,14614,0.0,226.1,1.12,81.25,32.7,142.8,61.37,0.0,545.34,2026-04-25
MO-014615,SA-0006,100,Ended,14615,0.0,1471.74,-7.63,43.56,14.43,-7463.39,881.82,0.0,-5059.46,2026-05-12
MO-014616,SA-0043,200,Ended,14616,0.0,31.27,2.86,-4.15,-1.41,13.31,26.8,0.0,68.68,2026-05-29
MO-014617,SA-0080,300,Ended,14617,0.0,-1.08,0.7,-3.36,-1.36,15.58,31.98,0.0,42.47,2026-06-15
MO-014661,AFT-0018,300,Ended,14661,0.0,186.96,-3.88,0.35,2.01,-689.44,210.12,0.0,-293.88,2026-01-03
MO-014662,AFT-0055,100,Ended,14662,0.0,91.82,14.59,-42.47,-16.11,-539.63,118.18,0.0,-373.62,2026-01-20
MO-014663,SA-0032,300,Ended,14663,0.0,59.05,18.16,-23.92,-8.69,-340.08,83.59,0.0,-211.89,2026-02-07
MO-014664,SA-0069,100,Ended,14664,0.0,-0.91,6.27,-7.64,-2.87,138.68,6.72,0.0,140.25,2026-02-24
MO-014665,DRV-0006,200,Ended,14665,0.0,48.9,4.36,0.59,0.19,-399.72,177.78,0.0,-167.9,2026-03-13
MO-014666,DRV-0043,100,Ended,14666,0.0,125.93,2.97,8.09,2.95,-134.45,81.43,0.0,86.92,2026-03-30
MO-014667,ACT-0020,200,Ended,14667,0.0,187.69,7.54,3.11,1.18,-50.8,75.14,0.0,223.86,2026-04-16
MO-014668,ACT-0057,100,Ended,14668,0.0,1995.63,0.61,30.5,12.0,-329.7,367.01,0.0,2076.06,2026-05-03
MO-014669,CTL-0034,300,Ended,14669,0.0,423.32,-4.16,49.66,19.29,-82.98,175.19,0.0,580.32,2026-05-20
MO-014670,AFT-0001,100,Ended,14670,0.0,-304.86,24.09,21.6,7.63,-2106.97,1207.63,0.0,-1150.88,2026-06-06
MO-014671,AFT-0038,100,Started,14671,0.0,28479.28,2.12,13.38,4.65,-260.47,237.92,0.0,28476.9,
MO-014715,ACT-0046,200,Ended,14715,0.0,133.43,0.12,4.61,1.16,-2.77,108.68,0.0,245.23,2026-01-11
MO-014716,CTL-0023,300,Ended,14716,0.0,177.93,10.14,-2.15,-0.63,-147.14,348.08,0.0,386.23,2026-01-28
MO-014717,SYS-0020,300,Ended,14717,0.0,2640.56,9.77,-24.74,-9.14,-1104.84,1066.68,0.0,2578.3,2026-02-14
MO-014718,AFT-0027,300,Ended,14718,0.0,135.53,35.19,-17.46,-6.6,-140.29,91.86,0.0,98.22,2026-03-03
MO-014719,SA-0004,200,Ended,14719,0.0,191.51,30.4,-5.73,-2.25,-25.49,49.44,0.0,237.88,2026-03-20
MO-014720,SA-0041,300,Ended,14720,0.0,81.8,5.06,-6.35,-2.4,123.3,44.46,0.0,245.87,2026-04-06
MO-014721,SA-0078,100,Ended,14721,0.0,43.66,0.58,1.38,0.49,-277.23,65.45,0.0,-165.66,2026-04-23
MO-014722,DRV-0015,100,Ended,14722,0.0,9.52,6.66,8.97,3.54,-10.46,129.54,0.0,147.76,2026-05-10
MO-014723,DRV-0052,200,Ended,14723,0.0,-92.9,-5.78,15.36,5.89,2.32,103.85,0.0,28.74,2026-05-27
MO-014724,ACT-0029,100,Ended,14724,0.0,0.51,0.88,47.56,17.75,1.82,64.63,0.0,133.15,2026-06-13
MO-014768,SA-0067,200,Ended,14768,0.0,43.99,0.54,-5.96,-2.46,42.34,37.15,0.0,115.59,2026-01-02
MO-014769,DRV-0004,200,Ended,14769,0.0,70.43,-0.48,0.03,0.05,106.52,15.33,0.0,191.88,2026-01-19
MO-014770,DRV-0041,100,Ended,14770,0.0,48.4,0.73,6.27,2.67,20.38,47.51,0.0,125.97,2026-02-05
MO-014771,ACT-0018,200,Ended,14771,0.0,221.03,7.86,-2.91,-0.95,-1058.83,168.62,0.0,-665.19,2026-02-22
MO-014772,ACT-0055,100,Ended,14772,0.0,1632.67,33.58,-18.83,-6.8,-849.74,448.32,0.0,1239.2,2026-03-11
MO-014773,CTL-0032,300,Ended,14773,0.0,593.96,16.67,-12.37,-4.48,-379.94,350.63,0.0,564.46,2026-03-28
MO-014774,SYS-0029,100,Ended,14774,0.0,-920.84,24.57,0.02,-0.15,-99.85,162.46,0.0,-833.78,2026-04-14
MO-014775,AFT-0036,300,Ended,14775,0.0,64.81,3.95,29.08,10.22,-5742.56,831.8,0.0,-4802.7,2026-05-01
MO-014776,SA-0013,200,Ended,14776,0.0,13.88,0.43,-5.77,-2.17,48.85,20.57,0.0,75.79,2026-05-18
MO-014777,SA-0050,300,Ended,14777,0.0,69.02,-1.48,1.8,0.65,-6.26,53.7,0.0,117.43,2026-06-04
MO-014778,SA-0087,100,Released,14778,0.0,0.0,0.0,-82.06,-29.87,111.93,0.0,0.0,0.0,
MO-014822,AFT-0025,100,Ended,14822,0.0,259.73,5.45,55.93,20.08,-470.2,199.86,0.0,70.85,2026-01-10
MO-014823,SA-0002,300,Ended,14823,0.0,497.27,9.38,48.36,16.44,-373.14,143.28,0.0,341.58,2026-01-27
MO-014824,SA-0039,100,Ended,14824,0.0,42.96,4.6,-7.84,-2.87,140.78,15.56,0.0,193.18,2026-02-13
MO-014825,SA-0076,200,Ended,14825,0.0,30.36,1.72,1.12,0.62,89.53,23.64,0.0,146.99,2026-03-02
MO-014826,DRV-0013,100,Ended,14826,0.0,64.53,8.97,-4.25,-2.0,-104.06,74.79,0.0,37.98,2026-03-19
MO-014827,DRV-0050,200,Ended,14827,0.0,885.14,14.75,-12.13,-4.17,-356.7,376.48,0.0,903.36,2026-04-05
MO-014828,ACT-0027,100,Ended,14828,0.0,-147.29,11.55,1.48,0.75,-312.66,388.89,0.0,-57.29,2026-04-22
MO-014829,CTL-0004,300,Ended,14829,0.0,838.62,7.75,-3.54,-1.22,-106.44,124.94,0.0,860.12,2026-05-09
MO-014830,SYS-0001,100,Ended,14830,0.0,430.32,0.22,10.79,4.02,-720.63,339.0,0.0,63.71,2026-05-26
MO-014831,AFT-0008,100,Ended,14831,0.0,194.61,-0.06,33.31,11.92,-531.87,169.61,0.0,-122.48,2026-06-12
MO-014832,AFT-0045,300,Released,14832,0.0,0.0,0.0,-132.55,-48.26,180.81,0.0,0.0,0.0,
MO-014876,ACT-0053,100,Ended,14876,0.0,259.57,-5.51,23.23,8.66,-19.79,128.16,0.0,394.31,2026-01-17
MO-014877,CTL-0030,300,Ended,14877,0.0,1151.13,6.42,50.14,17.96,-3829.5,790.71,0.0,-1813.14,2026-02-03
MO-014878,SYS-0027,100,Ended,14878,0.0,-316.25,27.1,25.95,11.22,-277.45,280.15,0.0,-249.28,2026-02-20
MO-014879,AFT-0034,100,Ended,14879,0.0,-322.2,5.77,24.79,8.47,-56.66,87.7,0.0,-252.12,2026-03-09
MO-014880,SA-0011,300,Ended,14880,0.0,91.32,4.65,-5.98,-2.24,133.93,62.06,0.0,283.74,2026-03-27
MO-014881,SA-0048,100,Ended,14881,0.0,22.03,8.38,-5.39,-2.25,-421.97,32.24,0.0,-366.96,2026-04-13
MO-014882,SA-0085,200,Ended,14882,0.0,212.99,8.6,-12.32,-4.64,-114.91,81.47,0.0,171.2,2026-04-30
MO-014883,DRV-0022,200,Ended,14883,0.0,706.69,4.6,-4.53,-1.7,-229.14,335.92,0.0,811.84,2026-05-17
MO-014884,DRV-0059,100,Ended,14884,0.0,-1660.41,2.71,12.73,4.65,-87.12,286.04,0.0,-1441.39,2026-06-03
MO-014885,ACT-0036,200,Ended,14885,0.0,66.19,-3.71,1.46,0.44,-572.47,93.24,0.0,-414.85,2026-06-20
MO-014929,SA-0074,300,Ended,14929,0.0,-3.85,0.81,-3.53,-1.33,84.86,7.38,0.0,84.34,2026-01-08
MO-014930,DRV-0011,100,Ended,14930,0.0,191.21,-0.86,11.36,4.22,101.11,144.09,0.0,451.14,2026-01-25
MO-014931,DRV-0048,200,Ended,14931,0.0,174.25,-1.14,6.48,2.2,-447.11,146.57,0.0,-118.76,2026-02-11
MO-014932,ACT-0025,100,Ended,14932,0.0,1688.28,5.92,24.9,9.23,-761.62,587.2,0.0,1553.9,2026-02-28
MO-014933,CTL-0002,300,Ended,14933,0.0,371.28,18.0,25.55,10.0,-318.95,197.92,0.0,303.81,2026-03-17
MO-014934,CTL-0039,300,Ended,14934,0.0,38.47,17.27,-0.75,-0.65,-290.47,263.73,0.0,27.59,2026-04-03
MO-014935,AFT-0006,300,Ended,14935,0.0,4991.44,35.39,78.25,28.1,-7149.35,5035.62,0.0,3019.44,2026-04-20
MO-014936,AFT-0043,100,Ended,14936,0.0,16.86,5.72,-6.8,-2.29,10.17,42.1,0.0,65.75,2026-05-07
MO-014937,SA-0020,300,Ended,14937,0.0,41.33,4.58,-9.06,-3.22,45.37,23.49,0.0,102.5,2026-05-24
MO-014938,SA-0057,100,Ended,14938,0.0,13.51,-0.24,-6.21,-2.37,21.78,16.24,0.0,42.7,2026-06-10
MO-014939,SA-0094,200,Reported Finished,14939,0.0,1418.94,-0.83,1.08,0.4,76.03,32.58,0.0,1528.19,
MO-014983,AFT-0032,100,Ended,14983,0.0,-181.69,11.15,-12.34,-4.94,-363.45,232.78,0.0,-318.48,2026-01-16
MO-014984,SA-0009,100,Ended,14984,0.0,35.06,-2.25,-3.02,-1.1,61.38,11.15,0.0,101.23,2026-02-02
MO-014985,SA-0046,200,Ended,14985,0.0,34.06,2.21,3.58,1.29,108.96,30.1,0.0,180.2,2026-02-19
MO-014986,SA-0083,300,Ended,14986,0.0,233.24,14.99,23.03,8.98,129.33,145.93,0.0,555.5,2026-03-08
MO-014987,DRV-0020,200,Ended,14987,0.0,306.68,3.45,8.19,3.15,-99.69,114.81,0.0,336.59,2026-03-25
MO-014988,DRV-0057,100,Ended,14988,0.0,1033.53,12.84,23.27,8.68,-493.91,541.83,0.0,1126.24,2026-04-11
MO-014989,ACT-0034,200,Ended,14989,0.0,30.42,10.61,6.29,2.18,90.48,30.48,0.0,170.46,2026-04-28
MO-014990,CTL-0011,300,Ended,14990,0.0,731.77,30.86,51.73,17.39,-1924.22,1992.84,0.0,900.38,2026-05-15
MO-014991,SYS-0008,300,Ended,14991,0.0,188.91,30.55,1.99,4.08,-291.99,152.61,0.0,86.15,2026-06-01
MO-014992,AFT-0015,300,Ended,14992,0.0,97.83,-0.01,-9.84,-3.71,55.45,50.59,0.0,190.31,2026-06-18
MO-015036,ACT-0023,100,Ended,15036,0.0,1593.62,2.33,-6.31,-2.32,-571.53,647.42,0.0,1663.21,2026-01-07
MO-015037,ACT-0060,200,Ended,15037,0.0,50.53,0.2,-1.67,-0.59,-1320.35,58.86,0.0,-1213.03,2026-01-24
MO-015038,CTL-0037,300,Ended,15038,0.0,2855.66,-15.95,-9.13,-3.4,-1917.87,1212.82,0.0,2122.12,2026-02-10
MO-015039,AFT-0004,100,Ended,15039,0.0,332.5,5.53,26.31,10.46,-345.16,375.14,0.0,404.79,2026-02-27
MO-015040,AFT-0041,100,Ended,15040,0.0,92.48,6.86,3.92,1.56,48.45,87.23,0.0,240.5,2026-03-16
MO-015041,SA-0018,100,Ended,15041,0.0,105.93,7.94,5.19,1.83,-524.88,70.4,0.0,-333.59,2026-04-02
MO-015042,SA-0055,200,Ended,15042,0.0,196.05,13.55,9.87,3.69,-198.73,110.47,0.0,134.9,2026-04-19
MO-015043,SA-0092,300,Ended,15043,0.0,64.11,5.26,6.87,2.35,-6.75,19.57,0.0,91.41,2026-05-06
MO-015044,DRV-0029,100,Ended,15044,0.0,326.98,7.19,7.64,3.32,-11.61,113.2,0.0,446.73,2026-05-23
MO-015045,ACT-0006,200,Ended,15045,0.0,261.36,23.76,35.73,11.41,-3097.38,234.61,0.0,-2530.5,2026-06-09
MO-015046,ACT-0043,100,Started,15046,0.0,6638.89,2.36,-4.19,-1.39,-138.64,69.97,0.0,6567.0,
MO-015090,SA-0081,100,Ended,15090,0.0,294.8,3.44,-5.64,-2.25,-58.95,140.98,0.0,372.38,2026-01-14
MO-015091,DRV-0018,200,Ended,15091,0.0,148.73,-0.05,-5.65,-1.97,-1601.45,235.0,0.0,-1225.38,2026-01-31
MO-015092,DRV-0055,100,Ended,15092,0.0,-1038.86,3.07,3.12,1.32,-1307.55,1134.09,0.0,-1204.81,2026-02-17
MO-015093,ACT-0032,200,Ended,15093,0.0,37.57,-4.6,-7.88,-2.73,-110.11,41.88,0.0,-45.86,2026-03-06
MO-015094,CTL-0009,300,Ended,15094,0.0,1040.39,17.4,20.84,7.69,-256.5,205.19,0.0,1035.01,2026-03-23
MO-015095,SYS-0006,300,Ended,15095,0.0,544.64,53.85,66.85,23.8,-2001.84,382.04,0.0,-930.67,2026-04-09
MO-015096,AFT-0013,100,Ended,15096,0.0,266.91,6.21,4.77,1.75,-121.73,176.8,0.0,334.7,2026-04-26
MO-015097,AFT-0050,100,Ended,15097,0.0,227.57,4.42,0.56,0.16,-93.02,148.28,0.0,287.97,2026-05-14
MO-015098,SA-0027,100,Ended,15098,0.0,153.37,5.01,0.12,-0.29,134.04,45.0,0.0,337.24,2026-05-31
MO-015099,SA-0064,200,Ended,15099,0.0,-21.8,1.72,5.43,2.1,34.28,9.51,0.0,31.24,2026-06-17
MO-015143,AFT-0002,100,Ended,15143,0.0,695.59,53.57,83.53,28.92,-790.76,572.32,0.0,643.17,2026-01-05
MO-015144,AFT-0039,300,Ended,15144,0.0,-489.31,1.8,-0.82,-0.31,-93.86,128.3,0.0,-454.2,2026-01-22
MO-015145,SA-0016,200,Ended,15145,0.0,15.6,0.31,-2.96,-1.22,37.61,20.57,0.0,69.9,2026-02-08
MO-015146,SA-0053,300,Ended,15146,0.0,153.57,-1.87,-6.88,-2.58,-38.63,156.48,0.0,260.1,2026-02-25
MO-015147,SA-0090,100,Ended,15147,0.0,113.5,2.19,-1.31,-0.48,-1515.96,71.05,0.0,-1331.0,2026-03-14
MO-015148,DRV-0027,100,Ended,15148,0.0,509.8,7.71,-1.0,-0.19,-135.15,163.63,0.0,544.8,2026-03-31
MO-015149,ACT-0004,200,Ended,15149,0.0,114.7,10.39,2.91,0.81,31.44,18.26,0.0,178.52,2026-04-17
MO-015150,ACT-0041,100,Ended,15150,0.0,548.86,41.23,36.0,13.28,-173.39,310.47,0.0,776.45,2026-05-04
MO-015151,CTL-0018,300,Ended,15151,0.0,594.7,44.39,77.99,27.41,-2018.52,479.54,0.0,-794.48,2026-05-21
MO-015152,SYS-0015,100,Ended,15152,0.0,655.55,2.44,-0.53,-0.35,-133.21,247.62,0.0,771.52,2026-06-07
MO-015153,AFT-0022,100,Released,15153,0.0,0.0,0.0,-50.76,-19.03,69.8,0.0,0.0,0.0,
MO-015197,ACT-0030,200,Ended,15197,0.0,71.87,23.47,65.09,24.2,-1300.52,119.82,0.0,-996.06,2026-01-13
MO-015198,CTL-0007,300,Ended,15198,0.0,-17.6,21.4,23.51,8.3,-1374.01,617.95,0.0,-720.43,2026-01-30
MO-015199,SYS-0004,300,Ended,15199,0.0,168.95,1.2,29.06,9.69,2.22,47.58,0.0,258.69,2026-02-16
MO-015200,AFT-0011,100,Ended,15200,0.0,63.75,-0.89,-2.73,-0.91,5.58,34.48,0.0,99.29,2026-03-05
MO-015201,AFT-0048,300,Ended,15201,0.0,649.69,1.16,-5.04,-1.83,-511.93,207.54,0.0,339.59,2026-03-22
MO-015202,SA-0025,200,Ended,15202,0.0,105.55,2.02,-3.45,-1.31,-127.96,75.86,0.0,50.71,2026-04-08
MO-015203,SA-0062,300,Ended,15203,0.0,-28.13,7.65,-3.3,-1.03,-1.99,41.83,0.0,15.05,2026-04-25
MO-015204,SA-0099,100,Ended,15204,0.0,86.08,24.26,12.01,4.37,-34.81,73.27,0.0,165.18,2026-05-12
MO-015205,DRV-0036,200,Ended,15205,0.0,662.82,22.25,12.04,4.71,-2022.27,673.74,0.0,-646.71,2026-05-29
MO-015206,ACT-0013,100,Ended,15206,0.0,306.13,26.07,45.14,16.83,-872.28,208.2,0.0,-269.91,2026-06-15
MO-015250,SA-0051,100,Ended,15250,0.0,193.55,3.55,10.19,4.0,-92.67,190.52,0.0,309.15,2026-01-03
MO-015251,SA-0088,200,Ended,15251,0.0,42.84,12.67,9.14,3.34,51.73,36.48,0.0,156.21,2026-01-20
MO-015252,DRV-0025,100,Ended,15252,0.0,1329.07,10.61,52.57,19.62,-747.06,470.58,0.0,1135.39,2026-02-07
MO-015253,ACT-0002,200,Ended,15253,0.0,102.81,1.83,20.55,7.36,-120.47,71.72,0.0,83.79,2026-02-24
MO-015254,ACT-0039,100,Ended,15254,0.0,576.17,4.19,-2.77,-2.5,-178.03,106.38,0.0,503.43,2026-03-13
MO-015255,CTL-0016,300,Ended,15255,0.0,-44.11,-3.2,2.21,2.31,-201.53,238.92,0.0,-5.4,2026-03-30
MO-015256,SYS-0013,100,Ended,15256,0.0,62.98,0.88,-3.38,-1.28,-37.15,52.31,0.0,74.36,2026-04-16
MO-015257,AFT-0020,100,Ended,15257,0.0,0.19,3.44,-5.02,-1.66,9.93,47.03,0.0,53.9,2026-05-03
MO-015258,AFT-0057,300,Ended,15258,0.0,168.7,10.83,-4.7,-1.84,88.01,43.3,0.0,304.32,2026-05-20
MO-015259,SA-0034,200,Ended,15259,0.0,245.47,19.43,4.0,1.28,148.35,30.1,0.0,448.62,2026-06-06
MO-015260,SA-0071,300,Reported Finished,15260,0.0,1339.37,9.43,34.09,12.47,64.31,40.43,0.0,1500.09,
MO-015304,AFT-0009,300,Ended,15304,0.0,47.05,3.77,-4.83,-1.83,193.29,9.34,0.0,246.78,2026-01-11
MO-015305,AFT-0046,100,Ended,15305,0.0,148.42,3.72,0.75,0.27,-36.93,66.41,0.0,182.65,2026-01-28
MO-015306,SA-0023,300,Ended,15306,0.0,176.95,9.47,7.83,2.74,-80.31,201.66,0.0,318.34,2026-02-14
MO-015307,SA-0060,100,Ended,15307,0.0,-14.1,2.28,17.02,5.87,-657.58,41.72,0.0,-604.79,2026-03-03
MO-015308,SA-0097,200,Ended,15308,0.0,81.89,-7.17,28.18,11.8,-431.43,144.27,0.0,-172.46,2026-03-20
MO-015309,DRV-0034,200,Ended,15309,0.0,13.82,5.54,-0.84,-1.31,6.47,38.16,0.0,61.85,2026-04-06
MO-015310,ACT-0011,100,Ended,15310,0.0,418.44,33.28,-8.33,-2.85,-176.29,291.61,0.0,555.87,2026-04-23
MO-015311,ACT-0048,200,Ended,15311,0.0,303.91,7.96,-10.52,-3.92,-4120.36,268.39,0.0,-3554.55,2026-05-10
MO-015312,CTL-0025,300,Ended,15312,0.0,149.08,2.32,-4.04,-1.6,-42.03,55.82,0.0,159.56,2026-05-27
MO-015313,SYS-0022,300,Ended,15313,0.0,353.04,7.08,-4.61,-1.72,-106.14,198.61,0.0,446.25,2026-06-13
MO-015357,DRV-0060,200,Ended,15357,0.0,114.8,13.67,-1.89,-0.58,-2315.23,100.92,0.0,-2088.32,2026-01-02
MO-015358,ACT-0037,100,Ended,15358,0.0,6620.64,32.88,11.17,4.15,-1348.69,1061.58,0.0,6381.73,2026-01-19
MO-015359,CTL-0014,300,Ended,15359,0.0,-215.44,11.04,38.06,13.59,-368.25,65.86,0.0,-455.14,2026-02-05
MO-015360,SYS-0011,100,Ended,15360,0.0,80.46,2.71,-4.75,-1.76,136.4,76.54,0.0,289.61,2026-02-22
MO-015361,AFT-0018,300,Ended,15361,0.0,9.91,1.13,6.21,2.12,-128.16,46.69,0.0,-62.09,2026-03-11
MO-015362,AFT-0055,100,Ended,15362,0.0,42.78,-3.73,21.92,8.15,-46.79,29.55,0.0,51.87,2026-03-28
MO-015363,SA-0032,300,Ended,15363,0.0,26.05,-1.27,19.18,7.31,12.53,19.11,0.0,82.92,2026-04-14
MO-015364,SA-0069,100,Ended,15364,0.0,76.49,6.33,5.82,2.06,29.05,31.36,0.0,151.12,2026-05-01
MO-015365,DRV-0006,200,Ended,15365,0.0,-254.19,17.53,-7.39,-2.52,-2072.08,800.0,0.0,-1518.65,2026-05-18
MO-015366,DRV-0043,100,Ended,15366,0.0,287.11,23.05,-5.26,-1.99,-1035.43,325.74,0.0,-406.78,2026-06-04
MO-015367,ACT-0020,200,Started,15367,0.0,13447.27,9.15,-3.98,-1.81,-136.21,109.59,0.0,13424.01,
MO-015411,SA-0058,200,Ended,15411,0.0,30.63,18.07,-4.99,-1.87,29.4,54.91,0.0,126.14,2026-01-10
MO-015412,SA-0095,300,Ended,15412,0.0,484.78,17.19,13.11,4.8,-95.93,267.71,0.0,691.67,2026-01-27
MO-015413,DRV-0032,200,Ended,15413,0.0,33.03,17.56,3.73,1.22,-137.06,43.72,0.0,-37.8,2026-02-13
MO-015414,ACT-0009,100,Ended,15414,0.0,47.08,3.96,16.16,5.92,-65.2,50.97,0.0,58.9,2026-03-02
MO-015415,ACT-0046,200,Ended,15415,0.0,689.45,20.96,39.3,13.4,-415.91,475.47,0.0,822.67,2026-03-19
MO-015416,CTL-0023,300,Ended,15416,0.0,118.21,-1.41,-3.69,-1.53,156.86,74.59,0.0,343.03,2026-04-05
MO-015417,SYS-0020,300,Ended,15417,0.0,337.7,-0.63,7.73,2.96,-213.44,237.04,0.0,371.35,2026-04-22
MO-015418,AFT-0027,300,Ended,15418,0.0,6.52,3.54,8.46,2.92,39.95,22.96,0.0,84.36,2026-05-09
MO-015419,SA-0004,200,Ended,15419,0.0,12.49,3.67,5.53,1.97,67.99,11.3,0.0,102.96,2026-05-26
MO-015420,SA-0041,300,Ended,15420,0.0,262.35,14.3,-4.73,-2.0,-60.36,207.48,0.0,417.04,2026-06-12
MO-015421,SA-0078,100,Started,15421,0.0,8675.34,5.15,-1.47,-0.52,-460.15,73.64,0.0,8291.97,
MO-015465,AFT-0016,100,Ended,15465,0.0,276.42,12.2,-11.45,-4.17,-6.51,169.16,0.0,435.65,2026-01-17
MO-015466,AFT-0053,100,Ended,15466,0.0,61.17,8.82,-1.57,-0.56,-12.34,67.9,0.0,123.42,2026-02-03
MO-015467,SA-0030,100,Ended,15467,0.0,53.67,6.0,1.6,0.6,-718.64,44.73,0.0,-612.04,2026-02-20
MO-015468,SA-0067,200,Ended,15468,0.0,37.87,6.05,22.34,8.77,-519.3,173.36,0.0,-270.91,2026-03-09
MO-015469,DRV-0004,200,Ended,15469,0.0,102.57,-0.44,7.34,2.84,20.25,68.96,0.0,201.52,2026-03-27
MO-015470,DRV-0041,100,Ended,15470,0.0,99.15,-12.3,21.34,8.3,-127.37,190.02,0.0,179.15,2026-04-13
MO-015471,ACT-0018,200,Ended,15471,0.0,488.86,-3.08,82.8,29.53,-5019.89,737.7,0.0,-3684.08,2026-04-30
MO-015472,ACT-0055,100,Ended,15472,0.0,260.03,5.95,-1.37,-0.17,-3.77,96.07,0.0,356.74,2026-05-17
MO-015473,CTL-0032,300,Ended,15473,0.0,50.27,2.0,7.17,2.47,-56.64,77.92,0.0,83.19,2026-06-03
MO-015474,SYS-0029,100,Ended,15474,0.0,381.67,8.16,0.29,0.11,38.64,40.61,0.0,469.48,2026-06-20
MO-015518,ACT-0007,100,Ended,15518,0.0,740.0,27.75,25.54,7.84,-1919.63,774.68,0.0,-343.81,2026-01-08
MO-015519,ACT-0044,200,Ended,15519,0.0,89.98,33.54,1.56,4.28,-137.05,33.45,0.0,25.76,2026-01-25
MO-015520,CTL-0021,300,Ended,15520,0.0,112.31,7.98,-9.33,-3.52,23.68,63.69,0.0,194.83,2026-02-11
MO-015521,SYS-0018,300,Ended,15521,0.0,36.36,4.66,-7.01,-2.42,-562.29,50.51,0.0,-480.18,2026-02-28
MO-015522,AFT-0025,100,Ended,15522,0.0,26.72,3.19,4.62,1.86,-70.51,49.97,0.0,15.84,2026-03-17
MO-015523,SA-0002,300,Ended,15523,0.0,69.57,0.39,5.42,1.91,-8.4,32.75,0.0,101.64,2026-04-03
MO-015524,SA-0039,100,Ended,15524,0.0,117.91,2.9,23.4,8.53,-0.22,72.61,0.0,225.13,2026-04-20
MO-015525,SA-0076,200,Ended,15525,0.0,122.04,-4.59,10.47,3.86,-21.53,106.37,0.0,216.61,2026-05-07
MO-015526,DRV-0013,100,Ended,15526,0.0,471.5,9.14,61.85,24.31,-539.07,299.17,0.0,326.92,2026-05-24
MO-015527,DRV-0050,200,Ended,15527,0.0,3133.77,58.98,97.3,37.74,-1892.04,1647.08,0.0,3082.82,2026-06-10
MO-015528,ACT-0027,100,Released,15528,0.0,0.0,0.0,-121.88,-46.97,168.85,0.0,0.0,0.0,
MO-015572,SA-0065,300,Ended,15572,0.0,205.85,6.72,10.17,4.38,-62.96,147.53,0.0,311.69,2026-01-16
MO-015573,DRV-0002,200,Ended,15573,0.0,853.44,16.71,14.85,4.16,-518.85,408.75,0.0,779.05,2026-02-02
MO-015574,DRV-0039,100,Ended,15574,0.0,61.1,41.25,0.46,0.59,-172.14,53.94,0.0,-14.8,2026-02-19
MO-015575,ACT-0016,200,Ended,15575,0.0,271.18,53.25,-46.66,-17.22,-201.18,190.09,0.0,249.47,2026-03-08
MO-015576,ACT-0053,100,Ended,15576,0.0,37.52,2.1,-6.68,-2.51,74.21,27.46,0.0,132.1,2026-03-25
MO-015577,CTL-0030,300,Ended,15577,0.0,118.21,0.51,-4.45,-1.64,-717.0,175.71,0.0,-428.65,2026-04-11
MO-015578,SYS-0027,100,Ended,15578,0.0,288.89,1.45,7.42,2.71,-25.66,70.04,0.0,344.84,2026-04-28
MO-015579,AFT-0034,100,Ended,15579,0.0,166.01,-0.38,1.08,0.36,30.86,20.05,0.0,217.97,2026-05-15
MO-015580,SA-0011,300,Ended,15580,0.0,260.61,10.85,24.97,9.78,-93.35,289.61,0.0,502.47,2026-06-01
MO-015581,SA-0048,100,Ended,15581,0.0,40.38,13.68,37.94,14.51,-2324.47,145.06,0.0,-2072.9,2026-06-18
MO-015625,SYS-0016,300,Ended,15625,0.0,250.15,0.67,1.52,0.5,-131.98,202.22,0.0,323.09,2026-01-07
MO-015626,AFT-0023,100,Ended,15626,0.0,31.67,5.47,8.51,3.14,111.56,38.25,0.0,198.61,2026-01-24
MO-015627,AFT-0060,300,Ended,15627,0.0,57.51,6.86,0.75,0.24,-372.03,45.82,0.0,-260.85,2026-02-10
MO-015628,SA-0037,200,Ended,15628,0.0,322.21,13.69,15.65,6.51,-283.81,147.75,0.0,222.01,2026-02-27
MO-015629,SA-0074,300,Ended,15629,0.0,148.46,31.81,-2.17,-0.56,-158.0,33.22,0.0,52.75,2026-03-16
MO-015630,DRV-0011,100,Ended,15630,0.0,718.34,11.34,-32.57,-11.75,-412.16,576.37,0.0,849.57,2026-04-02
MO-015631,DRV-0048,200,Ended,15631,0.0,958.87,4.75,-22.91,-8.3,-2133.25,641.23,0.0,-559.61,2026-04-19
MO-015632,ACT-0025,100,Ended,15632,0.0,231.73,-1.38,-4.82,-1.82,-83.91,125.83,0.0,265.62,2026-05-06
MO-015633,CTL-0002,300,Ended,15633,0.0,16.08,1.6,-2.61,-0.89,59.74,43.98,0.0,117.9,2026-05-23
MO-015634,CTL-0039,300,Ended,15634,0.0,-185.21,6.45,8.65,3.4,-16.03,65.93,0.0,-116.8,2026-06-09
MO-015635,AFT-0006,300,Reported Finished,15635,0.0,9222.43,2.75,4.58,1.69,-568.74,230.2,0.0,8892.91,
MO-015679,ACT-0014,200,Ended,15679,0.0,515.16,33.8,95.16,33.43,-539.8,95.28,0.0,233.04,2026-01-14
MO-015680,ACT-0051,100,Ended,15680,0.0,872.75,7.22,1.61,0.46,-255.28,341.27,0.0,968.03,2026-01-31
MO-015681,CTL-0028,300,Ended,15681,0.0,224.73,2.94,1.5,0.6,-112.34,188.75,0.0,306.18,2026-02-17
MO-015682,SYS-0025,100,Ended,15682,0.0,156.42,7.79,0.04,-0.09,-113.13,55.0,0.0,106.03,2026-03-06
MO-015683,AFT-0032,100,Ended,15683,0.0,204.97,10.63,17.19,6.87,-32.35,53.21,0.0,260.52,2026-03-23
MO-015684,SA-0009,100,Ended,15684,0.0,18.44,13.54,-5.72,-2.97,-34.78,52.06,0.0,40.56,2026-04-09
MO-015685,SA-0046,200,Ended,15685,0.0,93.99,0.26,-22.72,-7.79,-50.71,135.43,0.0,148.46,2026-04-26
MO-015686,SA-0083,300,Ended,15686,0.0,708.95,6.93,7.88,3.39,-376.56,583.73,0.0,934.31,2026-05-14
MO-015687,DRV-0020,200,Ended,15687,0.0,828.23,-2.61,-5.86,-1.99,-623.12,502.31,0.0,696.96,2026-05-31
MO-015688,DRV-0057,100,Ended,15688,0.0,174.97,1.44,-3.66,-1.37,-25.3,116.11,0.0,262.19,2026-06-17
MO-015732,SA-0035,300,Ended,15732,0.0,503.6,1.3,7.9,2.96,-202.66,265.4,0.0,578.49,2026-01-05
MO-015733,SA-0072,100,Ended,15733,0.0,173.37,4.16,12.81,5.02,-1154.49,67.07,0.0,-892.05,2026-01-22
MO-015734,DRV-0009,100,Ended,15734,0.0,214.22,26.37,49.62,18.5,-64.32,42.67,0.0,287.06,2026-02-08
MO-015735,DRV-0046,200,Ended,15735,0.0,198.34,60.0,98.64,35.33,-647.36,767.66,0.0,512.6,2026-02-25
MO-015736,ACT-0023,100,Ended,15736,0.0,234.23,3.43,-1.35,-0.31,-48.2,138.73,0.0,326.53,2026-03-14
MO-015737,ACT-0060,200,Ended,15737,0.0,2.88,3.61,0.27,0.06,-234.51,13.08,0.0,-214.62,2026-03-31
MO-015738,CTL-0037,300,Ended,15738,0.0,239.67,11.72,12.74,4.82,-355.72,303.2,0.0,216.44,2026-04-17
MO-015739,AFT-0004,100,Ended,15739,0.0,-127.22,0.51,-6.86,-3.01,-50.51,85.75,0.0,-101.34,2026-05-04
MO-015740,AFT-0041,100,Ended,15740,0.0,504.09,3.46,-15.21,-5.69,-300.35,407.06,0.0,593.37,2026-05-21
MO-015741,SA-0018,100,Ended,15741,0.0,309.45,6.76,-5.65,-2.17,-2925.86,316.79,0.0,-2300.68,2026-06-07
MO-015742,SA-0055,200,Started,15742,0.0,16433.68,15.75,16.61,6.06,-381.27,147.29,0.0,16238.11,
MO-015786,SYS-0023,100,Ended,15786,0.0,965.76,1.53,-3.86,-1.5,-170.19,326.74,0.0,1118.49,2026-01-13
MO-015787,AFT-0030,300,Ended,15787,0.0,31.2,2.24,0.68,0.35,-835.17,41.04,0.0,-759.65,2026-01-30
MO-015788,SA-0007,200,Ended,15788,0.0,-78.45,26.67,31.78,11.74,-237.51,152.59,0.0,-93.18,2026-02-16
MO-015789,SA-0044,300,Ended,15789,0.0,-60.5,13.37,16.51,5.62,-60.41,21.57,0.0,-63.84,2026-03-05
MO-015790,SA-0081,100,Ended,15790,0.0,850.57,40.59,51.8,19.22,-575.97,563.93,0.0,950.13,2026-03-22
MO-015791,DRV-0018,200,Ended,15791,0.0,1833.7,16.16,51.24,19.97,-7635.71,1028.13,0.0,-4686.51,2026-04-08
MO-015792,DRV-0055,100,Ended,15792,0.0,1045.66,1.02,-4.4,-1.74,-204.52,243.02,0.0,1079.04,2026-04-25
MO-015793,ACT-0032,200,Ended,15793,0.0,23.57,1.42,6.39,2.25,43.56,9.31,0.0,86.51,2026-05-12
MO-015794,CTL-0009,300,Ended,15794,0.0,108.2,-4.4,-5.67,-1.51,50.38,51.3,0.0,198.29,2026-05-29
MO-015795,SYS-0006,300,Ended,15795,0.0,86.25,3.08,-11.29,-4.14,-433.54,87.32,0.0,-272.33,2026-06-15
MO-015839,DRV-0044,200,Ended,15839,0.0,51.29,-7.43,-16.39,-6.08,-292.76,38.33,0.0,-233.04,2026-01-03
MO-015840,ACT-0021,100,Ended,15840,0.0,25.93,0.15,-7.83,-2.93,76.44,69.61,0.0,161.37,2026-01-20
MO-015841,ACT-0058,200,Ended,15841,0.0,17.6,1.61,-3.88,-1.46,39.59,28.85,0.0,82.31,2026-02-07
MO-015842,CTL-0035,300,Ended,15842,0.0,912.02,12.67,3.59,1.55,-173.5,323.89,0.0,1080.22,2026-02-24
MO-015843,AFT-0002,100,Ended,15843,0.0,-43.08,7.64,3.65,1.2,-106.97,130.82,0.0,-6.74,2026-03-13
MO-015844,AFT-0039,300,Ended,15844,0.0,4130.27,22.2,20.39,7.54,-571.6,598.74,0.0,4207.55,2026-03-30
MO-015845,SA-0016,200,Ended,15845,0.0,149.78,20.58,20.02,7.68,-38.54,92.57,0.0,252.09,2026-04-16
MO-015846,SA-0053,300,Ended,15846,0.0,136.41,6.32,48.58,18.14,-500.55,625.9,0.0,334.8,2026-05-03
MO-015847,SA-0090,100,Ended,15847,0.0,299.09,-0.49,14.24,4.97,-7330.06,310.86,0.0,-6701.4,2026-05-20
MO-015848,DRV-0027,100,Ended,15848,0.0,56.98,-1.15,1.52,0.4,44.3,35.06,0.0,137.11,2026-06-06
MO-015849,ACT-0004,200,Released,15849,0.0,0.0,0.0,-39.94,-14.08,54.02,0.0,0.0,0.0,
MO-015893,SA-0042,100,Ended,15893,0.0,-136.13,-2.2,-9.07,-3.1,-991.0,145.67,0.0,-995.83,2026-01-11
MO-015894,SA-0079,200,Ended,15894,0.0,229.41,16.95,-10.22,-3.77,-752.28,173.73,0.0,-346.18,2026-01-28
MO-015895,DRV-0016,200,Ended,15895,0.0,373.13,2.18,-2.11,-0.74,-306.65,334.08,0.0,399.89,2026-02-14
MO-015896,DRV-0053,100,Ended,15896,0.0,494.12,3.23,-8.81,-3.3,16.42,149.76,0.0,651.41,2026-03-03
MO-015897,ACT-0030,200,Ended,15897,0.0,10.29,8.42,0.57,0.35,-240.03,26.63,0.0,-193.78,2026-03-20
MO-015898,CTL-0007,300,Ended,15898,0.0,-230.2,10.05,19.72,7.71,-203.97,154.49,0.0,-242.2,2026-04-06
MO-015899,SYS-0004,300,Ended,15899,0.0,9.27,12.78,6.36,2.47,90.01,10.87,0.0,131.76,2026-04-23
MO-015900,AFT-0011,100,Ended,15900,0.0,207.38,3.75,20.92,7.81,-111.75,160.92,0.0,289.03,2026-05-10
MO-015901,AFT-0048,300,Ended,15901,0.0,2268.7,-0.06,16.66,5.61,-2644.27,933.91,0.0,580.55,2026-05-27
MO-015902,SA-0025,200,Ended,15902,0.0,725.5,-3.54,17.65,7.52,-881.55,303.43,0.0,169.01,2026-06-13
MO-015946,CTL-0033,300,Ended,15946,0.0,1231.65,1.01,9.92,3.45,-465.21,514.72,0.0,1295.54,2026-01-02
MO-015947,SYS-0030,300,Ended,15947,0.0,32.3,-1.75,0.93,0.93,-1289.71,397.06,0.0,-860.24,2026-01-19
MO-015948,AFT-0037,100,Ended,15948,0.0,158.57,10.03,-6.14,-2.7,-829.69,430.83,0.0,-239.1,2026-02-05
MO-015949,SA-0014,300,Ended,15949,0.0,88.06,9.91,-10.54,-3.67,-76.4,33.33,0.0,40.69,2026-02-22
MO-015950,SA-0051,100,Ended,15950,0.0,322.76,31.29,8.97,3.68,-803.8,762.1,0.0,325.0,2026-03-11
MO-015951,SA-0088,200,Ended,15951,0.0,86.81,22.57,-13.98,-4.82,-136.27,159.61,0.0,113.91,2026-03-28
MO-015952,DRV-0025,100,Ended,15952,0.0,183.84,10.41,-5.63,-2.13,-32.11,100.84,0.0,255.22,2026-04-14
MO-015953,ACT-0002,200,Ended,15953,0.0,42.29,4.29,5.26,1.86,33.17,15.94,0.0,102.81,2026-05-01
MO-015954,ACT-0039,100,Ended,15954,0.0,184.61,2.98,21.21,7.75,89.95,26.6,0.0,333.09,2026-05-18
MO-015955,CTL-0016,300,Ended,15955,0.0,132.35,1.08,6.06,2.07,38.22,54.61,0.0,234.39,2026-06-04
MO-015956,SYS-0013,100,Reported Finished,15956,0.0,2464.2,-1.77,14.52,5.37,-100.53,61.02,0.0,2442.82,
MO-016000,DRV-0051,100,Ended,16000,0.0,340.58,0.38,2.61,1.21,-71.61,237.22,0.0,510.39,2026-01-10
MO-016001,ACT-0028,200,Ended,16001,0.0,24.25,-2.98,5.3,1.81,97.78,17.09,0.0,143.23,2026-01-27
MO-016002,CTL-0005,300,Ended,16002,0.0,-133.61,0.12,1.11,0.41,-53.08,111.82,0.0,-73.23,2026-02-13
MO-016003,SYS-0002,300,Ended,16003,0.0,202.93,5.86,-5.12,-2.05,-75.38,97.9,0.0,224.14,2026-03-02
MO-016004,AFT-0009,300,Ended,16004,0.0,102.05,21.63,-3.07,-1.07,27.42,43.59,0.0,190.56,2026-03-19
MO-016005,AFT-0046,100,Ended,16005,0.0,485.08,6.46,-11.14,-3.84,-284.09,298.86,0.0,491.33,2026-04-05
MO-016006,SA-0023,300,Ended,16006,0.0,1549.09,25.66,0.67,0.59,-714.2,806.63,0.0,1668.44,2026-04-22
MO-016007,SA-0060,100,Ended,16007,0.0,411.58,58.18,6.72,1.95,-3219.33,182.51,0.0,-2558.39,2026-05-09
MO-016008,SA-0097,200,Ended,16008,0.0,46.14,2.97,-3.94,-1.5,38.99,30.91,0.0,113.57,2026-05-26
MO-016009,DRV-0034,200,Ended,16009,0.0,-19.59,0.02,6.64,2.34,62.04,8.48,0.0,59.92,2026-06-12
MO-016010,ACT-0011,100,Reported Finished,16010,0.0,487.03,1.1,6.58,2.28,149.11,14.58,0.0,660.68,
MO-016054,SA-0049,200,Ended,16054,0.0,13.02,8.38,41.5,15.53,-236.79,69.56,0.0,-88.79,2026-01-17
MO-016055,SA-0086,300,Ended,16055,0.0,593.27,-14.22,126.9,47.13,-674.49,509.72,0.0,588.3,2026-02-03
MO-016056,DRV-0023,100,Ended,16056,0.0,54.76,3.8,-6.48,-2.58,108.49,87.41,0.0,245.4,2026-02-20
MO-016057,DRV-0060,200,Ended,16057,0.0,12.64,1.01,-1.09,-0.55,-412.24,22.43,0.0,-377.8,2026-03-09
MO-016058,ACT-0037,100,Ended,16058,0.0,1251.08,4.62,-3.36,-0.98,-290.12,265.39,0.0,1226.63,2026-03-27
MO-016059,CTL-0014,300,Ended,16059,0.0,38.35,10.14,-4.53,-1.65,8.87,15.05,0.0,66.23,2026-04-13
MO-016060,SYS-0011,100,Ended,16060,0.0,236.75,10.32,-2.92,-0.79,-166.94,357.18,0.0,433.59,2026-04-30
MO-016061,AFT-0018,300,Ended,16061,0.0,-97.72,31.05,-8.36,-3.16,-697.4,210.12,0.0,-565.47,2026-05-17
MO-016062,AFT-0055,100,Ended,16062,0.0,95.47,16.09,16.94,6.13,-498.1,118.18,0.0,-245.28,2026-06-03
MO-016063,SA-0032,300,Ended,16063,0.0,14.22,0.75,24.84,9.7,-312.14,83.59,0.0,-179.04,2026-06-20
MO-016107,CTL-0040,300,Ended,16107,0.0,909.95,2.3,1.5,0.49,-405.07,443.21,0.0,952.38,2026-01-08
MO-016108,AFT-0007,100,Ended,16108,0.0,30.81,9.49,10.14,3.69,-228.56,41.44,0.0,-133.0,2026-01-25
MO-016109,AFT-0044,100,Ended,16109,0.0,162.1,-9.54,43.34,15.1,-205.19,90.2,0.0,96.0,2026-02-11
MO-016110,SA-0021,100,Ended,16110,0.0,1045.06,1.73,101.99,38.07,-611.93,661.52,0.0,1236.43,2026-02-28
MO-016111,SA-0058,200,Ended,16111,0.0,396.05,31.65,41.22,14.76,-185.19,240.22,0.0,538.7,2026-03-17
MO-016112,SA-0095,300,Ended,16112,0.0,56.82,8.81,-8.81,-3.37,120.74,57.37,0.0,231.56,2026-04-03
MO-016113,DRV-0032,200,Ended,16113,0.0,-5.72,3.48,-3.91,-1.2,61.99,9.71,0.0,64.35,2026-04-20
MO-016114,ACT-0009,100,Ended,16114,0.0,-23.83,6.6,-4.9,-1.86,25.89,12.74,0.0,14.65,2026-05-07
MO-016115,ACT-0046,200,Ended,16115,0.0,93.25,5.07,-4.57,-1.41,-6.64,108.68,0.0,194.37,2026-05-24
MO-016116,CTL-0023,300,Ended,16116,0.0,638.98,16.09,-0.68,-0.31,-141.27,348.08,0.0,860.89,2026-06-10
MO-016117,SYS-0020,300,Started,16117,0.0,45081.4,0.22,1.46,0.62,-342.94,355.56,0.0,45096.32,
MO-016161,DRV-0058,200,Ended,16161,0.0,395.68,1.35,-1.55,-0.52,-25.87,162.13,0.0,531.22,2026-01-16
MO-016162,ACT-0035,100,Ended,16162,0.0,691.34,1.85,7.17,2.84,56.7,206.21,0.0,966.1,2026-02-02
MO-016163,CTL-0012,300,Ended,16163,0.0,2007.31,-3.5,3.22,1.18,-691.06,358.61,0.0,1675.75,2026-02-19
MO-016164,SYS-0009,100,Ended,16164,0.0,166.21,-2.47,29.15,10.6,13.49,38.5,0.0,255.49,2026-03-08
MO-016165,AFT-0016,100,Ended,16165,0.0,785.53,19.51,45.55,15.64,-618.53,761.22,0.0,1008.92,2026-03-25
MO-016166,AFT-0053,100,Ended,16166,0.0,81.15,57.95,16.56,5.63,-228.33,271.59,0.0,204.55,2026-04-11
MO-016167,SA-0030,100,Ended,16167,0.0,119.35,57.63,-0.01,-1.95,-3482.12,195.68,0.0,-3111.42,2026-04-28
MO-016168,SA-0067,200,Ended,16168,0.0,68.39,4.05,-9.9,-3.77,39.97,37.15,0.0,135.88,2026-05-15
MO-016169,DRV-0004,200,Ended,16169,0.0,19.34,5.64,-5.62,-2.1,103.25,15.33,0.0,135.83,2026-06-01
MO-016170,DRV-0041,100,Ended,16170,0.0,40.39,5.03,-6.34,-2.56,6.39,47.51,0.0,90.41,2026-06-18
MO-016214,SA-0019,200,Ended,16214,0.0,688.21,23.68,5.58,2.53,-1226.76,134.12,0.0,-372.65,2026-01-07
MO-016215,SA-0056,300,Ended,16215,0.0,1273.68,16.85,-7.98,-2.76,-592.98,512.86,0.0,1199.67,2026-01-24
MO-016216,SA-0093,100,Ended,16216,0.0,45.88,0.29,-2.63,-0.99,31.99,40.45,0.0,114.99,2026-02-10
MO-016217,DRV-0030,200,Ended,16217,0.0,10.25,-0.54,-0.93,-0.36,-487.77,26.86,0.0,-452.48,2026-02-27
MO-016218,ACT-0007,100,Ended,16218,0.0,-111.96,3.12,6.71,2.38,-287.33,193.67,0.0,-193.41,2026-03-16
MO-016219,ACT-0044,200,Ended,16219,0.0,4.41,1.79,14.2,4.88,8.8,7.65,0.0,41.72,2026-04-02
MO-016220,CTL-0021,300,Ended,16220,0.0,424.51,16.28,47.16,17.55,-229.33,297.24,0.0,573.41,2026-04-19
MO-016221,SYS-0018,300,Ended,16221,0.0,197.43,36.15,19.28,6.38,-3113.26,227.3,0.0,-2626.71,2026-05-06
MO-016222,AFT-0025,100,Ended,16222,0.0,170.4,22.88,0.28,1.68,-486.48,199.86,0.0,-91.37,2026-05-23
MO-016223,SA-0002,300,Ended,16223,0.0,111.47,17.28,-13.02,-4.4,-404.67,143.28,0.0,-150.07,2026-06-09
MO-016224,SA-0039,100,Released,16224,0.0,0.0,0.0,-98.89,-36.0,134.89,0.0,0.0,0.0,
MO-016268,SYS-0007,100,Ended,16268,0.0,292.95,13.7,-21.33,-8.15,-319.66,126.01,0.0,83.52,2026-01-14
MO-016269,AFT-0014,100,Ended,16269,0.0,43.24,10.92,-11.36,-4.14,-155.27,84.24,0.0,-32.36,2026-01-31
MO-016270,AFT-0051,300,Ended,16270,0.0,54.48,1.49,2.78,1.0,-998.0,940.67,0.0,2.42,2026-02-17
MO-016271,SA-0028,200,Ended,16271,0.0,196.19,-8.61,3.06,0.89,-248.73,259.35,0.0,202.15,2026-03-06
MO-016272,SA-0065,300,Ended,16272,0.0,83.6,0.14,-2.1,-0.8,51.62,31.61,0.0,164.07,2026-03-23
MO-016273,DRV-0002,200,Ended,16273,0.0,202.72,2.42,-0.53,-0.21,-1.35,90.83,0.0,293.87,2026-04-09
MO-016274,DRV-0039,100,Ended,16274,0.0,6.22,12.48,10.18,3.67,172.85,13.48,0.0,218.88,2026-04-26
MO-016275,ACT-0016,200,Ended,16275,0.0,41.48,8.36,16.94,6.47,7.08,43.45,0.0,123.78,2026-05-14
MO-016276,ACT-0053,100,Ended,16276,0.0,90.59,25.59,20.52,7.21,-19.48,128.16,0.0,252.58,2026-05-31
MO-016277,CTL-0030,300,Ended,16277,0.0,-240.59,13.21,6.07,3.36,-3851.57,790.71,0.0,-3278.82,2026-06-17
MO-016321,DRV-0028,200,Ended,16321,0.0,-178.67,3.56,2.16,0.65,-127.73,188.7,0.0,-111.34,2026-01-05
MO-016322,ACT-0005,100,Ended,16322,0.0,100.13,14.07,-2.59,-0.27,43.29,82.86,0.0,237.5,2026-01-22
MO-016323,ACT-0042,200,Ended,16323,0.0,47.19,6.2,-13.08,-4.8,-1511.31,51.48,0.0,-1424.33,2026-02-08
MO-016324,CTL-0019,300,Ended,16324,0.0,352.93,3.0,-0.3,-0.08,-236.26,70.62,0.0,189.92,2026-02-25
MO-016325,SYS-0016,300,Ended,16325,0.0,1128.92,-5.77,-2.63,-1.02,-862.56,909.99,0.0,1166.93,2026-03-14
MO-016326,AFT-0023,100,Ended,16326,0.0,247.27,1.39,12.97,4.73,-32.66,152.98,0.0,386.68,2026-03-31
MO-016327,AFT-0060,300,Ended,16327,0.0,80.53,14.29,27.69,9.7,-1774.67,200.46,0.0,-1442.0,2026-04-17
MO-016328,SA-0037,200,Ended,16328,0.0,22.09,1.96,-1.5,-0.53,3.14,31.66,0.0,56.82,2026-05-04
MO-016329,SA-0074,300,Ended,16329,0.0,14.85,8.39,4.35,1.52,89.19,7.38,0.0,125.69,2026-05-21
MO-016330,DRV-0011,100,Ended,16330,0.0,159.57,16.31,14.23,5.95,105.86,144.09,0.0,446.02,2026-06-07
MO-016331,DRV-0048,200,Reported Finished,16331,0.0,1521.07,9.37,12.51,4.32,-262.89,36.64,0.0,1321.02,
MO-016375,SA-0026,300,Ended,16375,0.0,999.05,22.45,17.46,6.15,-1146.72,713.89,0.0,612.27,2026-01-13
MO-016376,SA-0063,100,Ended,16376,0.0,178.38,2.08,-0.8,-0.45,-12.66,63.33,0.0,229.88,2026-01-30
MO-016377,SA-0100,200,Ended,16377,0.0,67.5,4.62,-1.82,-0.22,20.67,34.19,0.0,124.93,2026-02-16
MO-016378,DRV-0037,100,Ended,16378,0.0,1826.19,-0.12,-13.49,-5.1,-372.74,312.86,0.0,1747.6,2026-03-05
MO-016379,ACT-0014,200,Ended,16379,0.0,60.38,-1.51,-4.39,-1.48,16.57,21.78,0.0,91.34,2026-03-22
MO-016380,ACT-0051,100,Ended,16380,0.0,3081.88,11.48,12.14,4.84,-1550.28,1592.61,0.0,3152.67,2026-04-08
MO-016381,CTL-0028,300,Ended,16381,0.0,339.46,2.18,3.11,1.25,-794.38,849.37,0.0,400.99,2026-04-25
MO-016382,SYS-0025,100,Ended,16382,0.0,420.41,11.26,16.68,6.24,-905.87,220.0,0.0,-231.28,2026-05-12
MO-016383,AFT-0032,100,Ended,16383,0.0,905.3,36.94,45.94,17.34,-329.6,232.78,0.0,908.69,2026-05-29
MO-016384,SA-0009,100,Ended,16384,0.0,59.66,7.09,2.9,1.21,65.87,11.15,0.0,147.9,2026-06-15
MO-016428,CTL-0017,300,Ended,16428,0.0,109.12,17.75,25.85,9.64,133.34,34.48,0.0,330.19,2026-01-03
MO-016429,SYS-0014,300,Ended,16429,0.0,455.7,15.02,20.2,6.82,-126.7,76.24,0.0,447.27,2026-01-20
MO-016430,AFT-0021,300,Ended,16430,0.0,160.36,6.96,3.62,1.27,-335.88,276.65,0.0,112.98,2026-02-07
MO-016431,AFT-0058,100,Ended,16431,0.0,165.1,51.29,79.73,28.08,-98.15,174.01,0.0,400.06,2026-02-24
MO-016432,SA-0035,300,Ended,16432,0.0,52.77,1.17,-3.65,-1.36,3.47,56.87,0.0,109.27,2026-03-13
MO-016433,SA-0072,100,Ended,16433,0.0,22.44,-2.33,-7.53,-2.79,-211.85,14.9,0.0,-187.17,2026-03-30
MO-016434,DRV-0009,100,Ended,16434,0.0,29.05,0.39,-7.2,-2.71,69.76,10.67,0.0,99.95,2026-04-16
MO-016435,DRV-0046,200,Ended,16435,0.0,399.67,7.45,1.08,0.34,2.24,175.46,0.0,586.24,2026-05-03
MO-016436,ACT-0023,100,Ended,16436,0.0,921.09,21.13,17.54,6.39,-556.11,647.42,0.0,1057.47,2026-05-20
MO-016437,ACT-0060,200,Ended,16437,0.0,78.64,5.1,4.57,1.55,-1317.11,58.86,0.0,-1168.39,2026-06-06
MO-016438,CTL-0037,300,Started,16438,0.0,74943.4,15.08,14.8,5.54,-745.49,606.41,0.0,74839.74,
MO-016482,DRV-0035,100,Ended,16482,0.0,177.61,13.38,23.84,8.72,37.12,94.93,0.0,355.6,2026-01-11
MO-016483,ACT-0012,200,Ended,16483,0.0,-20.79,7.98,7.32,2.5,-649.32,24.84,0.0,-627.48,2026-01-28
MO-016484,ACT-0049,100,Ended,16484,0.0,-84.7,11.94,23.93,8.87,-356.33,58.12,0.0,-338.17,2026-02-14
MO-016485,CTL-0026,300,Ended,16485,0.0,542.93,0.79,3.7,1.23,-523.01,469.97,0.0,495.61,2026-03-03
MO-016486,SYS-0023,100,Ended,16486,0.0,3217.32,13.25,66.22,27.17,-1124.26,1306.98,0.0,3506.7,2026-03-20
MO-016487,AFT-0030,300,Ended,16487,0.0,267.13,-19.65,-8.1,-4.84,-4053.5,179.56,0.0,-3639.4,2026-04-06
MO-016488,SA-0007,200,Ended,16488,0.0,13.28,1.82,-7.08,-2.56,-12.29,32.7,0.0,25.86,2026-04-23
MO-016489,SA-0044,300,Ended,16489,0.0,27.53,0.71,-4.66,-1.67,28.73,4.79,0.0,55.43,2026-05-10
MO-016490,SA-0081,100,Ended,16490,0.0,130.48,6.06,-2.79,-1.08,-55.92,140.98,0.0,217.73,2026-05-27
MO-016491,DRV-0018,200,Ended,16491,0.0,262.36,13.43,4.42,1.56,-1596.11,235.0,0.0,-1079.35,2026-06-13
MO-016535,AFT-0056,100,Ended,16535,0.0,86.59,40.65,25.95,8.67,-638.48,337.85,0.0,-138.78,2026-01-02
MO-016536,SA-0033,100,Ended,16536,0.0,3.58,7.11,-2.75,-1.06,105.59,24.73,0.0,137.2,2026-01-19
MO-016537,SA-0070,200,Ended,16537,0.0,14.89,6.43,8.23,2.9,18.14,30.01,0.0,80.6,2026-02-05
MO-016538,DRV-0007,100,Ended,16538,0.0,295.44,5.0,11.41,4.02,-142.27,94.91,0.0,268.51,2026-02-22
MO-016539,DRV-0044,200,Ended,16539,0.0,45.46,3.68,7.49,2.88,15.72,8.76,0.0,84.0,2026-03-11
MO-016540,ACT-0021,100,Ended,16540,0.0,711.62,0.0,6.6,2.26,-264.64,324.84,0.0,780.69,2026-03-28
MO-016541,ACT-0058,200,Ended,16541,0.0,111.65,-10.38,40.38,16.06,-55.69,129.82,0.0,231.84,2026-04-14
MO-016542,CTL-0035,300,Ended,16542,0.0,2316.51,6.94,-18.21,-8.74,-1200.74,1295.55,0.0,2391.31,2026-05-01
MO-016543,AFT-0002,100,Ended,16543,0.0,-1072.44,5.46,-38.39,-13.76,-855.42,572.32,0.0,-1402.24,2026-05-18
MO-016544,AFT-0039,300,Ended,16544,0.0,478.11,2.66,-3.7,-1.41,-94.9,128.3,0.0,509.05,2026-06-04
MO-016545,SA-0016,200,Released,16545,0.0,0.0,0.0,-33.48,-12.55,46.04,0.0,0.0,0.0,
MO-016589,CTL-0024,300,Ended,16589,0.0,78.3,6.43,-7.45,-2.86,-2132.82,70.4,0.0,-1988.0,2026-01-10
MO-016590,SYS-0021,100,Ended,16590,0.0,2739.03,45.96,17.04,6.15,-1366.09,1355.14,0.0,2797.22,2026-01-27
MO-016591,AFT-0028,100,Ended,16591,0.0,501.4,55.62,70.52,24.85,-168.29,244.83,0.0,728.94,2026-02-13
MO-016592,SA-0005,300,Ended,16592,0.0,55.92,5.18,-1.58,-0.6,120.65,28.08,0.0,207.65,2026-03-02
MO-016593,SA-0042,100,Ended,16593,0.0,126.11,1.76,8.8,3.14,-175.55,32.37,0.0,-3.37,2026-03-19
MO-016594,SA-0079,200,Ended,16594,0.0,-70.19,0.88,4.01,1.9,-87.38,43.43,0.0,-107.34,2026-04-05
MO-016595,DRV-0016,200,Ended,16595,0.0,38.21,-1.74,4.64,1.57,2.6,76.36,0.0,121.64,2026-04-22
MO-016596,DRV-0053,100,Ended,16596,0.0,1762.06,-3.52,31.74,11.98,-529.28,698.86,0.0,1971.86,2026-05-09
MO-016597,ACT-0030,200,Ended,16597,0.0,178.71,11.85,-13.24,-6.0,-1346.41,119.82,0.0,-1055.28,2026-05-26
MO-016598,CTL-0007,300,Ended,16598,0.0,2333.87,70.6,-27.62,-10.29,-1410.3,617.95,0.0,1574.21,2026-06-12
MO-016599,SYS-0004,300,Released,16599,0.0,0.0,0.0,-59.4,-22.27,81.68,0.0,0.0,0.0,
MO-016643,DRV-0042,200,Ended,16643,0.0,57.32,6.04,-1.01,-0.36,-712.05,32.76,0.0,-617.3,2026-01-17
MO-016644,ACT-0019,100,Ended,16644,0.0,392.83,15.16,-0.49,-0.21,-454.24,87.43,0.0,40.48,2026-02-03
MO-016645,ACT-0056,200,Ended,16645,0.0,673.88,27.11,5.25,2.18,-374.98,278.36,0.0,611.8,2026-02-20
MO-016646,CTL-0033,300,Ended,16646,0.0,3319.9,30.45,33.21,12.34,-2063.86,2058.87,0.0,3390.91,2026-03-09
MO-016647,SYS-0030,300,Ended,16647,0.0,-1598.74,15.27,83.42,29.82,-6042.15,1737.14,0.0,-5775.23,2026-03-27
MO-016648,AFT-0037,100,Ended,16648,0.0,-89.8,0.82,-4.09,-1.45,-3.59,92.32,0.0,-5.79,2026-04-13
MO-016649,SA-0014,300,Ended,16649,0.0,12.56,-0.35,3.38,1.43,23.34,7.41,0.0,47.77,2026-04-30
MO-016650,SA-0051,100,Ended,16650,0.0,371.23,3.94,-2.81,-1.17,-103.04,190.52,0.0,458.66,2026-05-17
MO-016651,SA-0088,200,Ended,16651,0.0,67.71,0.64,16.99,6.09,55.89,36.48,0.0,183.8,2026-06-03
MO-016652,DRV-0025,100,Ended,16652,0.0,386.53,16.7,-4.71,-0.55,-774.07,470.58,0.0,94.48,2026-06-20
MO-016696,SA-0003,100,Ended,16696,0.0,36.37,5.65,-8.61,-3.28,89.4,50.35,0.0,169.89,2026-01-08
MO-016697,SA-0040,200,Ended,16697,0.0,130.62,2.01,-5.67,-2.12,53.79,49.4,0.0,228.03,2026-01-25
MO-016698,SA-0077,300,Ended,16698,0.0,22.52,3.86,-2.0,-0.74,12.41,25.31,0.0,61.36,2026-02-11
MO-016699,DRV-0014,200,Ended,16699,0.0,38.15,9.52,-3.68,-1.44,-20.1,39.07,0.0,61.52,2026-02-28
MO-016700,DRV-0051,100,Ended,16700,0.0,938.13,18.42,13.96,5.57,-1035.18,1107.04,0.0,1047.95,2026-03-17
MO-016701,ACT-0028,200,Ended,16701,0.0,61.54,13.84,11.67,3.92,7.61,76.89,0.0,175.47,2026-04-03
MO-016702,CTL-0005,300,Ended,16702,0.0,1627.66,-1.33,41.84,15.48,-371.06,447.28,0.0,1759.88,2026-04-20
MO-016703,SYS-0002,300,Ended,16703,0.0,344.82,-2.37,83.52,29.3,-688.24,428.3,0.0,195.32,2026-05-07
MO-016704,AFT-0009,300,Ended,16704,0.0,-3.32,2.95,-8.43,-3.37,189.73,9.34,0.0,186.89,2026-05-24
MO-016705,AFT-0046,100,Ended,16705,0.0,67.18,0.05,3.97,1.41,-35.21,66.41,0.0,103.8,2026-06-10
MO-016706,SA-0023,300,Reported Finished,16706,0.0,2144.08,6.96,7.95,2.61,71.39,50.41,0.0,2283.39,
MO-016750,CTL-0031,300,Ended,16750,0.0,1684.22,41.36,9.06,5.27,-2579.22,1368.05,0.0,528.74,2026-01-16
MO-016751,SYS-0028,300,Ended,16751,0.0,-756.18,10.52,-6.75,-3.37,-1469.45,1479.21,0.0,-746.03,2026-02-02
MO-016752,AFT-0035,100,Ended,16752,0.0,-43.3,3.52,-6.12,-2.29,-0.91,103.16,0.0,54.06,2026-02-19
MO-016753,SA-0012,100,Ended,16753,0.0,3.6,3.32,-3.87,-1.37,-333.28,16.66,0.0,-314.94,2026-03-08
MO-016754,SA-0049,200,Ended,16754,0.0,72.24,8.84,-4.34,-1.62,-36.41,17.39,0.0,56.1,2026-03-25
MO-016755,SA-0086,300,Ended,16755,0.0,123.99,4.19,5.09,2.06,-91.72,116.51,0.0,160.14,2026-04-11
MO-016756,DRV-0023,100,Ended,16756,0.0,-35.12,5.63,46.27,18.05,-194.42,407.89,0.0,248.29,2026-04-28
MO-016757,DRV-0060,200,Ended,16757,0.0,-1.06,-7.41,17.9,6.89,-2303.88,100.92,0.0,-2186.66,2026-05-15
MO-016758,ACT-0037,100,Ended,16758,0.0,3336.98,1.71,43.93,16.39,-1327.0,1061.58,0.0,3133.59,2026-06-01
MO-016759,CTL-0014,300,Ended,16759,0.0,425.04,17.44,34.55,11.67,-371.19,65.86,0.0,183.37,2026-06-18
MO-016803,DRV-0012,200,Ended,16803,0.0,1.31,-1.31,18.85,7.2,-225.95,18.9,0.0,-181.01,2026-01-07
MO-016804,DRV-0049,100,Ended,16804,0.0,349.87,7.22,23.06,8.1,-222.79,83.99,0.0,249.45,2026-01-24
MO-016805,ACT-0026,200,Ended,16805,0.0,340.23,23.31,6.52,3.68,-856.76,744.37,0.0,261.34,2026-02-10
MO-016806,CTL-0003,300,Ended,16806,0.0,2076.09,33.05,-7.46,-3.63,-1094.32,991.28,0.0,1995.0,2026-02-27
MO-016807,CTL-0040,300,Ended,16807,0.0,1982.98,14.11,-13.23,-4.67,-1932.46,1939.03,0.0,1985.77,2026-03-16
MO-016808,AFT-0007,100,Ended,16808,0.0,-4.18,3.73,-6.57,-2.44,31.67,8.88,0.0,31.09,2026-04-02
MO-016809,AFT-0044,100,Ended,16809,0.0,-22.83,3.88,-6.45,-2.18,81.36,20.04,0.0,73.83,2026-04-19
MO-016810,SA-0021,100,Ended,16810,0.0,167.05,1.05,3.1,1.13,-136.56,165.38,0.0,201.15,2026-05-06
MO-016811,SA-0058,200,Ended,16811,0.0,71.47,-1.7,14.52,5.16,40.06,54.91,0.0,184.42,2026-05-23
MO-016812,SA-0095,300,Ended,16812,0.0,473.53,12.87,48.84,17.84,-72.93,267.71,0.0,747.86,2026-06-09
MO-016813,DRV-0032,200,Started,16813,0.0,2512.44,1.02,8.03,2.77,27.38,21.86,0.0,2573.5,
MO-016857,SA-0010,200,Ended,16857,0.0,59.79,-0.18,3.41,1.36,75.95,45.82,0.0,186.14,2026-01-14
MO-016858,SA-0047,300,Ended,16858,0.0,55.58,8.7,21.45,8.43,177.69,46.09,0.0,317.93,2026-01-31
MO-016859,SA-0084,100,Ended,16859,0.0,143.01,4.17,17.88,6.18,-220.75,28.38,0.0,-21.13,2026-02-17
MO-016860,DRV-0021,100,Ended,16860,0.0,232.5,16.33,5.06,1.88,-332.42,359.11,0.0,282.47,2026-03-06
MO-016861,DRV-0058,200,Ended,16861,0.0,1212.78,18.4,-7.1,-3.07,-638.01,729.6,0.0,1312.62,2026-03-23
MO-016862,ACT-0035,100,Ended,16862,0.0,1925.43,8.48,-1.12,-0.21,-626.35,824.82,0.0,2131.05,2026-04-09
MO-016863,CTL-0012,300,Ended,16863,0.0,6314.98,21.38,-21.07,-7.24,-3205.16,1568.94,0.0,4671.83,2026-04-26
MO-016864,SYS-0009,100,Ended,16864,0.0,22.07,0.98,-5.99,-2.27,80.67,8.25,0.0,103.7,2026-05-14
MO-016865,AFT-0016,100,Ended,16865,0.0,274.86,-1.35,-0.82,-0.34,-0.7,169.16,0.0,440.81,2026-05-31
MO-016866,AFT-0053,100,Ended,16866,0.0,71.91,6.55,18.15,6.64,0.34,67.9,0.0,171.5,2026-06-17
MO-016910,CTL-0001,300,Ended,16910,0.0,3722.77,-4.24,18.58,6.94,-2099.87,1523.4,0.0,3167.58,2026-01-05
MO-016911,CTL-0038,300,Ended,16911,0.0,1066.71,-0.3,45.3,16.36,-1624.5,1139.57,0.0,643.14,2026-01-22
MO-016912,AFT-0005,100,Ended,16912,0.0,147.81,2.74,2.21,0.82,-13.66,105.07,0.0,245.0,2026-02-08
MO-016913,AFT-0042,300,Ended,16913,0.0,17.33,2.75,5.74,1.96,-232.06,11.97,0.0,-192.31,2026-02-25
MO-016914,SA-0019,200,Ended,16914,0.0,87.72,15.29,0.73,0.09,-126.62,33.53,0.0,10.74,2026-03-14
MO-016915,SA-0056,300,Ended,16915,0.0,221.66,7.84,5.16,1.67,-107.77,117.22,0.0,245.79,2026-03-31
MO-016916,SA-0093,100,Ended,16916,0.0,259.11,9.54,-3.79,-0.87,-159.69,188.77,0.0,293.07,2026-04-17
MO-016917,DRV-0030,200,Ended,16917,0.0,180.89,3.43,-5.65,-2.06,-2743.74,120.88,0.0,-2446.24,2026-05-04
MO-016918,ACT-0007,100,Ended,16918,0.0,-1467.54,19.62,-1.36,0.05,-1928.9,774.68,0.0,-2603.44,2026-05-21
MO-016919,ACT-0044,200,Ended,16919,0.0,-51.42,-20.11,-15.64,-5.93,-152.76,33.45,0.0,-212.4,2026-06-07
MO-016920,CTL-0021,300,Released,16920,0.0,0.0,0.0,-56.16,-21.06,77.22,0.0,0.0,0.0,
MO-016964,DRV-0019,100,Ended,16964,0.0,-157.33,2.96,19.61,7.16,-193.68,98.32,0.0,-222.97,2026-01-13
MO-016965,DRV-0056,200,Ended,16965,0.0,-191.19,-0.9,5.02,1.69,-1389.7,1346.93,0.0,-228.14,2026-01-30
MO-016966,ACT-0033,100,Ended,16966,0.0,158.79,3.03,22.58,8.24,-775.22,740.42,0.0,157.83,2026-02-16
MO-016967,CTL-0010,300,Ended,16967,0.0,4450.59,32.42,85.48,29.79,-1385.15,1491.79,0.0,4704.92,2026-03-05
MO-016968,SYS-0007,100,Ended,16968,0.0,56.7,8.25,2.95,0.94,16.14,27.0,0.0,111.98,2026-03-22
MO-016969,AFT-0014,100,Ended,16969,0.0,78.94,6.14,6.45,2.48,34.35,18.72,0.0,147.08,2026-04-08
MO-016970,AFT-0051,300,Ended,16970,0.0,652.06,7.54,-0.9,-0.39,-132.81,235.17,0.0,760.67,2026-04-25
MO-016971,SA-0028,200,Ended,16971,0.0,0.9,3.39,-0.8,0.07,-34.68,59.28,0.0,28.17,2026-05-12
MO-016972,SA-0065,300,Ended,16972,0.0,242.59,-0.81,-6.84,-2.61,-77.7,147.53,0.0,302.16,2026-05-29
MO-016973,DRV-0002,200,Ended,16973,0.0,273.61,-4.84,-6.11,-1.73,-527.69,408.75,0.0,141.98,2026-06-15
MO-017017,AFT-0040,100,Ended,17017,0.0,67.99,0.42,-4.29,-1.58,34.14,34.05,0.0,130.72,2026-01-03
MO-017018,SA-0017,300,Ended,17018,0.0,3.07,-2.72,-2.64,-1.03,77.7,22.42,0.0,96.79,2026-01-20
MO-017019,SA-0054,100,Ended,17019,0.0,179.78,2.91,5.25,1.86,-1242.73,34.45,0.0,-1018.48,2026-02-07
MO-017020,SA-0091,200,Ended,17020,0.0,578.11,13.9,23.14,9.07,-346.45,251.69,0.0,529.47,2026-02-24
MO-017021,DRV-0028,200,Ended,17021,0.0,2831.08,3.75,8.95,3.29,-802.02,849.13,0.0,2894.17,2026-03-13
MO-017022,ACT-0005,100,Ended,17022,0.0,291.94,34.42,60.23,21.93,-197.28,331.45,0.0,542.69,2026-03-30
MO-017023,ACT-0042,200,Ended,17023,0.0,17.53,62.05,91.84,31.58,-7240.82,225.21,0.0,-6812.6,2026-04-16
MO-017024,CTL-0019,300,Ended,17024,0.0,33.82,3.32,-2.31,-0.88,19.89,15.13,0.0,68.97,2026-05-03
MO-017025,SYS-0016,300,Ended,17025,0.0,123.55,3.14,0.18,0.07,-132.62,202.22,0.0,196.54,2026-05-20
MO-017026,AFT-0023,100,Ended,17026,0.0,44.54,0.01,-5.32,-2.09,101.12,38.25,0.0,176.5,2026-06-06
MO-017027,AFT-0060,300,Reported Finished,17027,0.0,589.36,-0.06,-2.44,-0.86,-265.3,15.27,0.0,335.97,
MO-017071,CTL-0008,300,Ended,17071,0.0,1158.2,6.55,-43.38,-15.56,-741.7,497.56,0.0,861.67,2026-01-11
MO-017072,SYS-0005,100,Ended,17072,0.0,25.22,-2.01,-9.48,-3.57,152.26,13.28,0.0,175.7,2026-01-28
MO-017073,AFT-0012,300,Ended,17073,0.0,138.85,1.48,-1.24,-0.42,-256.21,40.18,0.0,-77.36,2026-02-14
MO-017074,AFT-0049,100,Ended,17074,0.0,111.03,9.58,6.45,2.57,-86.27,25.2,0.0,68.56,2026-03-03
MO-017075,SA-0026,300,Ended,17075,0.0,131.12,8.58,6.6,2.35,-119.31,163.17,0.0,192.51,2026-03-20
MO-017076,SA-0063,100,Ended,17076,0.0,611.11,10.06,21.79,7.8,-263.02,295.54,0.0,683.28,2026-04-06
MO-017077,SA-0100,200,Ended,17077,0.0,157.36,26.72,33.33,11.46,-97.88,153.87,0.0,284.86,2026-04-23
MO-017078,DRV-0037,100,Ended,17078,0.0,5463.2,42.79,98.23,36.55,-1781.02,1251.46,0.0,5111.21,2026-05-10
MO-017079,ACT-0014,200,Ended,17079,0.0,277.05,13.11,39.92,13.24,-570.42,95.28,0.0,-131.81,2026-05-27
MO-017080,ACT-0051,100,Ended,17080,0.0,467.05,1.04,-4.29,-1.49,-257.01,341.27,0.0,546.58,2026-06-13
MO-017124,SA-0089,300,Ended,17124,0.0,56.24,10.93,14.33,5.16,115.15,24.04,0.0,225.85,2026-01-02
MO-017125,DRV-0026,200,Ended,17125,0.0,464.9,2.64,-7.34,-3.61,-328.73,287.45,0.0,415.32,2026-01-19
MO-017126,ACT-0003,100,Ended,17126,0.0,3524.01,-3.9,-39.44,-15.06,-1198.56,1119.05,0.0,3386.09,2026-02-05
MO-017127,ACT-0040,200,Ended,17127,0.0,-41.67,-3.66,-20.7,-7.52,-85.76,104.91,0.0,-54.39,2026-02-22
MO-017128,CTL-0017,300,Ended,17128,0.0,14.74,2.06,-7.56,-2.84,159.19,7.39,0.0,172.98,2026-03-11
MO-017129,SYS-0014,300,Ended,17129,0.0,50.5,4.54,0.31,0.09,29.3,16.94,0.0,101.69,2026-03-28
MO-017130,AFT-0021,300,Ended,17130,0.0,107.8,6.73,6.34,2.3,38.76,69.16,0.0,231.1,2026-04-14
MO-017131,AFT-0058,100,Ended,17131,0.0,45.46,9.38,5.3,1.8,52.53,39.77,0.0,154.24,2026-05-01
MO-017132,SA-0035,300,Ended,17132,0.0,74.54,26.07,29.11,10.71,-189.9,265.4,0.0,215.93,2026-05-18
MO-017133,SA-0072,100,Ended,17133,0.0,28.53,14.55,40.49,15.45,-1138.64,67.07,0.0,-972.55,2026-06-04
MO-017134,DRV-0009,100,Started,17134,0.0,3970.1,1.37,18.59,6.62,36.99,42.67,0.0,4076.35,
MO-017178,AFT-0047,100,Ended,17178,0.0,163.57,1.08,2.25,1.07,-68.53,131.35,0.0,230.79,2026-01-10
MO-017179,SA-0024,100,Ended,17179,0.0,-44.39,5.92,7.91,2.64,-600.89,34.88,0.0,-593.94,2026-01-27
MO-017180,SA-0061,200,Ended,17180,0.0,65.72,-9.37,0.47,1.58,-388.38,132.02,0.0,-197.96,2026-02-13
MO-017181,SA-0098,300,Ended,17181,0.0,205.76,7.23,-26.73,-9.82,-420.92,367.71,0.0,123.23,2026-03-02
MO-017182,DRV-0035,100,Ended,17182,0.0,700.05,42.89,2.06,0.81,-287.64,379.73,0.0,837.91,2026-03-19
MO-017183,ACT-0012,200,Ended,17183,0.0,270.8,11.65,-4.17,-1.66,-3166.33,108.66,0.0,-2781.05,2026-04-05
MO-017184,ACT-0049,100,Ended,17184,0.0,30.55,5.13,-6.45,-2.43,55.12,12.45,0.0,94.38,2026-04-22
MO-017185,CTL-0026,300,Ended,17185,0.0,56.13,3.17,0.73,0.26,-59.64,104.44,0.0,105.08,2026-05-09
MO-017186,SYS-0023,100,Ended,17186,0.0,555.14,9.63,9.83,3.97,-158.83,326.74,0.0,746.49,2026-05-26
MO-017187,AFT-0030,300,Ended,17187,0.0,39.91,8.16,14.07,5.4,-827.51,41.04,0.0,-718.93,2026-06-12
MO-017188,SA-0007,200,Started,17188,0.0,9139.8,0.26,13.7,5.54,-63.59,76.3,0.0,9172.01,
MO-017232,CTL-0015,300,Ended,17232,0.0,17.2,2.14,-6.5,-2.65,148.04,22.74,0.0,180.99,2026-01-17
MO-017233,SYS-0012,300,Ended,17233,0.0,9.37,0.04,-0.98,-0.34,-413.9,21.78,0.0,-384.03,2026-02-03
MO-017234,AFT-0019,100,Ended,17234,0.0,166.1,-4.74,13.85,5.09,-40.89,26.94,0.0,166.34,2026-02-20
MO-017235,AFT-0056,100,Ended,17235,0.0,140.35,0.69,-5.36,-1.79,-51.39,77.22,0.0,159.73,2026-03-09
MO-017236,SA-0033,100,Ended,17236,0.0,1.39,7.93,-21.1,-8.0,-81.73,115.4,0.0,13.88,2026-03-27
MO-017237,SA-0070,200,Ended,17237,0.0,-54.8,24.39,-7.45,-2.5,-108.02,135.04,0.0,-13.33,2026-04-13
MO-017238,DRV-0007,100,Ended,17238,0.0,641.02,36.15,27.38,10.88,-972.4,379.65,0.0,122.68,2026-04-30
MO-017239,DRV-0044,200,Ended,17239,0.0,95.52,21.93,7.23,2.88,-279.14,38.33,0.0,-113.25,2026-05-17
MO-017240,ACT-0021,100,Ended,17240,0.0,110.03,3.4,-6.08,-2.28,77.54,69.61,0.0,252.23,2026-06-03
MO-017241,ACT-0058,200,Ended,17241,0.0,57.62,6.2,2.71,1.06,43.42,28.85,0.0,139.85,2026-06-20
MO-017285,SA-0096,100,Ended,17285,0.0,448.04,27.14,19.2,7.39,-2373.72,473.42,0.0,-1398.52,2026-01-08
MO-017286,DRV-0033,100,Ended,17286,0.0,745.28,8.95,49.09,18.31,-615.47,629.95,0.0,836.12,2026-01-25
MO-017287,ACT-0010,200,Ended,17287,0.0,841.39,0.23,40.54,13.73,-1119.76,1172.52,0.0,948.66,2026-02-11
MO-017288,ACT-0047,100,Ended,17288,0.0,15.99,0.5,-8.14,-2.97,155.99,22.99,0.0,184.35,2026-02-28
MO-017289,CTL-0024,300,Ended,17289,0.0,-21.98,-1.61,5.08,1.79,-375.62,15.64,0.0,-376.69,2026-03-17
MO-017290,SYS-0021,100,Ended,17290,0.0,479.76,3.99,-6.29,-2.61,-302.32,338.79,0.0,511.31,2026-04-03
MO-017291,AFT-0028,100,Ended,17291,0.0,80.94,13.22,-10.97,-3.77,42.4,55.96,0.0,177.78,2026-04-20
MO-017292,SA-0005,300,Ended,17292,0.0,139.35,19.55,-8.66,-3.27,-5.75,131.04,0.0,272.26,2026-05-07
MO-017293,SA-0042,100,Ended,17293,0.0,587.21,17.51,4.9,1.66,-983.8,145.67,0.0,-226.84,2026-05-24
MO-017294,SA-0079,200,Ended,17294,0.0,59.35,10.05,38.21,13.93,-720.96,173.73,0.0,-425.69,2026-06-10
MO-017295,DRV-0016,200,Released,17295,0.0,0.0,0.0,-48.13,-16.97,65.1,0.0,0.0,0.0,
MO-017339,AFT-0054,300,Ended,17339,0.0,7.88,13.14,4.48,1.77,-344.73,11.15,0.0,-306.33,2026-01-16
MO-017340,SA-0031,200,Ended,17340,0.0,104.47,5.84,52.72,19.26,-447.29,209.3,0.0,-55.7,2026-02-02
MO-017341,SA-0068,300,Ended,17341,0.0,399.64,2.21,19.36,6.65,-437.91,366.92,0.0,356.88,2026-02-19
MO-017342,DRV-0005,100,Ended,17342,0.0,703.81,-5.35,45.3,16.79,-425.91,488.35,0.0,822.98,2026-03-08
MO-017343,DRV-0042,200,Ended,17343,0.0,92.57,6.59,8.83,2.96,-3439.38,143.34,0.0,-3185.1,2026-03-25
MO-017344,ACT-0019,100,Ended,17344,0.0,49.37,3.76,-1.79,-0.51,65.13,18.74,0.0,134.7,2026-04-11
MO-017345,ACT-0056,200,Ended,17345,0.0,133.5,3.46,-5.3,-2.19,15.5,61.86,0.0,206.83,2026-04-28
MO-017346,CTL-0033,300,Ended,17346,0.0,578.34,10.14,-11.2,-4.21,-480.66,514.72,0.0,607.13,2026-05-15
MO-017347,SYS-0030,300,Ended,17347,0.0,1650.01,10.4,-3.94,-1.48,-1293.39,397.06,0.0,758.66,2026-06-01
MO-017348,AFT-0037,100,Ended,17348,0.0,-1079.0,7.61,11.85,4.32,-816.46,430.83,0.0,-1440.84,2026-06-18
MO-017392,ACT-0045,100,Ended,17392,0.0,27.13,5.07,-5.2,-1.98,56.37,14.04,0.0,95.43,2026-01-07
MO-017393,CTL-0022,300,Ended,17393,0.0,156.19,6.79,-2.25,-0.9,60.02,82.8,0.0,302.65,2026-01-24
MO-017394,SYS-0019,100,Ended,17394,0.0,185.58,4.19,17.15,6.28,-151.17,62.93,0.0,124.96,2026-02-10
MO-017395,AFT-0026,100,Ended,17395,0.0,33.31,1.14,5.71,1.94,-26.18,38.91,0.0,54.83,2026-02-27
MO-017396,SA-0003,100,Ended,17396,0.0,392.38,2.73,28.39,10.21,-168.28,234.97,0.0,500.39,2026-03-16
MO-017397,SA-0040,200,Ended,17397,0.0,468.06,-1.18,19.93,7.63,-136.11,222.28,0.0,580.62,2026-04-02
MO-017398,SA-0077,300,Ended,17398,0.0,273.86,5.41,11.23,3.78,-63.6,101.22,0.0,331.89,2026-04-19
MO-017399,DRV-0014,200,Ended,17399,0.0,-33.74,23.58,81.3,32.28,-377.9,170.95,0.0,-103.54,2026-05-06
MO-017400,DRV-0051,100,Ended,17400,0.0,55.0,7.59,-10.45,-4.03,-82.16,237.22,0.0,203.17,2026-05-23
MO-017401,ACT-0028,200,Ended,17401,0.0,3.1,6.37,-8.5,-3.02,90.46,17.09,0.0,105.5,2026-06-09
MO-017402,CTL-0005,300,Reported Finished,17402,0.0,1718.59,6.23,-4.61,-1.76,20.62,37.27,0.0,1776.35,
MO-017446,DRV-0003,100,Ended,17446,0.0,433.2,13.37,11.36,4.06,-1179.09,1103.0,0.0,385.9,2026-01-14
MO-017447,DRV-0040,200,Ended,17447,0.0,203.83,39.95,-18.48,-6.96,-116.25,114.95,0.0,217.05,2026-01-31
MO-017448,ACT-0017,100,Ended,17448,0.0,38.19,2.56,-1.97,-0.76,64.41,18.98,0.0,121.39,2026-02-17
MO-017449,ACT-0054,200,Ended,17449,0.0,679.99,0.14,3.09,1.11,-517.94,76.49,0.0,242.89,2026-03-06
MO-017450,CTL-0031,300,Ended,17450,0.0,406.91,1.82,20.42,7.97,-425.51,342.01,0.0,353.61,2026-03-23
MO-017451,SYS-0028,300,Ended,17451,0.0,1206.68,-0.62,6.94,2.67,-293.37,338.11,0.0,1260.41,2026-04-09
MO-017452,AFT-0035,100,Ended,17452,0.0,-705.72,4.18,19.05,7.11,-375.56,481.43,0.0,-569.51,2026-04-26
MO-017453,SA-0012,100,Ended,17453,0.0,-69.68,3.66,13.68,4.68,-1855.27,74.98,0.0,-1827.94,2026-05-14
MO-017454,SA-0049,200,Ended,17454,0.0,99.79,23.29,62.29,23.52,-227.53,69.56,0.0,50.92,2026-05-31
MO-017455,SA-0086,300,Ended,17455,0.0,404.65,71.28,-23.88,-10.99,-762.82,509.72,0.0,187.97,2026-06-17
MO-017499,AFT-0024,300,Ended,17499,0.0,44.7,14.62,-4.72,-1.64,-1486.86,23.38,0.0,-1410.51,2026-01-05
MO-017500,SA-0001,200,Ended,17500,0.0,155.37,13.8,-9.12,-3.47,-218.48,100.73,0.0,38.82,2026-01-22
MO-017501,SA-0038,300,Ended,17501,0.0,767.62,4.33,1.3,0.43,-466.58,372.95,0.0,680.03,2026-02-08
MO-017502,SA-0075,100,Ended,17502,0.0,437.99,41.3,3.43,1.28,-388.51,299.8,0.0,395.3,2026-02-25
MO-017503,DRV-0012,200,Ended,17503,0.0,144.04,1.22,5.85,2.62,-1138.67,82.69,0.0,-902.25,2026-03-14
MO-017504,DRV-0049,100,Ended,17504,0.0,22.38,-1.66,-0.21,-0.09,16.86,18.0,0.0,55.28,2026-03-31
MO-017505,ACT-0026,200,Ended,17505,0.0,-24.69,1.81,4.2,1.48,-67.6,165.42,0.0,80.61,2026-04-17
MO-017506,CTL-0003,300,Ended,17506,0.0,348.2,10.75,7.96,2.99,-74.19,247.82,0.0,543.54,2026-05-04
MO-017507,CTL-0040,300,Ended,17507,0.0,-17.24,1.93,5.36,1.83,-403.04,443.21,0.0,32.04,2026-05-21
MO-017508,AFT-0007,100,Ended,17508,0.0,133.77,9.56,16.3,6.26,-223.76,41.44,0.0,-16.43,2026-06-07
MO-017509,AFT-0044,100,Started,17509,0.0,10584.75,12.41,10.21,3.09,-21.23,90.2,0.0,10679.42,
MO-017553,ACT-0052,200,Ended,17553,0.0,99.6,3.24,1.12,0.41,29.94,25.86,0.0,160.18,2026-01-13
MO-017554,CTL-0029,300,Ended,17554,0.0,73.09,10.53,-5.37,-2.13,91.98,26.11,0.0,194.22,2026-01-30
MO-017555,SYS-0026,300,Ended,17555,0.0,759.58,4.24,-4.52,-1.58,-238.88,280.34,0.0,799.18,2026-02-16
MO-017556,AFT-0033,300,Ended,17556,0.0,-83.5,9.58,-5.06,-1.89,-249.61,279.35,0.0,-51.14,2026-03-05
MO-017557,SA-0010,200,Ended,17557,0.0,67.5,5.93,-4.53,-1.88,-125.23,206.17,0.0,147.96,2026-03-22
MO-017558,SA-0047,300,Ended,17558,0.0,425.04,-8.84,32.44,12.8,1.46,184.37,0.0,647.27,2026-04-08
MO-017559,SA-0084,100,Ended,17559,0.0,270.22,-5.0,18.76,6.23,-1095.14,124.18,0.0,-680.74,2026-04-25
MO-017560,DRV-0021,100,Ended,17560,0.0,119.14,1.71,0.62,0.21,-1.9,76.95,0.0,196.74,2026-05-12
MO-017561,DRV-0058,200,Ended,17561,0.0,173.43,6.32,4.38,1.55,-22.73,162.13,0.0,325.09,2026-05-29
MO-017562,ACT-0035,100,Ended,17562,0.0,271.34,9.27,-1.13,-0.72,48.47,206.21,0.0,533.44,2026-06-15
MO-017606,SA-0073,200,Ended,17606,0.0,439.6,33.99,104.65,38.95,-634.41,217.89,0.0,200.67,2026-01-03
MO-017607,DRV-0010,200,Ended,17607,0.0,23.44,73.13,42.62,14.1,-115.96,191.32,0.0,228.66,2026-01-20
MO-017608,DRV-0047,100,Ended,17608,0.0,371.03,3.44,-2.74,-0.86,-48.9,112.05,0.0,434.03,2026-02-07
MO-017609,ACT-0024,200,Ended,17609,0.0,132.11,5.04,-2.9,-1.18,-235.79,39.97,0.0,-62.76,2026-02-24
MO-017610,CTL-0001,300,Ended,17610,0.0,694.63,1.86,-5.79,-2.16,-432.76,380.85,0.0,636.63,2026-03-13
MO-017611,CTL-0038,300,Ended,17611,0.0,97.02,5.86,-5.5,-2.05,-218.17,260.47,0.0,137.63,2026-03-30
MO-017612,AFT-0005,100,Ended,17612,0.0,321.88,-5.36,-1.48,-0.36,-410.84,490.34,0.0,394.17,2026-04-16
MO-017613,AFT-0042,300,Ended,17613,0.0,57.32,-3.03,2.86,0.81,-1320.14,53.86,0.0,-1208.32,2026-05-03
MO-017614,SA-0019,200,Ended,17614,0.0,13.55,53.96,98.25,38.3,-1156.67,134.12,0.0,-818.48,2026-05-20
MO-017615,SA-0056,300,Ended,17615,0.0,665.91,14.85,30.09,11.63,-571.13,512.86,0.0,664.2,2026-06-06
MO-017616,SA-0093,100,Released,17616,0.0,0.0,0.0,-44.64,-16.74,61.38,0.0,0.0,0.0,
MO-017660,AFT-0031,100,Ended,17660,0.0,65.25,12.92,31.43,12.34,-388.88,108.56,0.0,-158.38,2026-01-11
MO-017661,SA-0008,300,Ended,17661,0.0,-44.94,19.57,43.27,16.51,-284.92,273.11,0.0,22.61,2026-01-28
MO-017662,SA-0045,100,Ended,17662,0.0,151.78,53.72,47.81,16.85,-126.97,119.14,0.0,262.33,2026-02-14
MO-017663,SA-0082,200,Ended,17663,0.0,1298.49,27.44,14.7,7.92,-279.7,348.29,0.0,1417.14,2026-03-03
MO-017664,DRV-0019,100,Ended,17664,0.0,130.14,0.95,-4.35,-1.68,0.4,21.07,0.0,146.53,2026-03-20
MO-017665,DRV-0056,200,Ended,17665,0.0,922.37,0.35,-3.5,-1.23,-264.68,299.32,0.0,952.63,2026-04-06
MO-017666,ACT-0033,100,Ended,17666,0.0,-102.1,-3.26,-6.82,-2.51,-102.61,185.1,0.0,-32.21,2026-04-23
MO-017667,CTL-0010,300,Ended,17667,0.0,662.47,0.27,-3.18,-0.99,-174.64,340.98,0.0,824.9,2026-05-10
MO-017668,SYS-0007,100,Ended,17668,0.0,97.96,17.57,19.14,7.16,-292.29,126.01,0.0,-24.45,2026-05-27
MO-017669,AFT-0014,100,Ended,17669,0.0,101.14,9.24,11.23,4.39,-142.32,84.24,0.0,67.92,2026-06-13
MO-017713,ACT-0022,200,Ended,17713,0.0,2.91,2.35,2.16,0.76,5.22,39.62,0.0,53.02,2026-01-02
MO-017714,ACT-0059,100,Ended,17714,0.0,47.65,9.24,9.62,3.79,103.8,30.13,0.0,204.22,2026-01-19
MO-017715,CTL-0036,300,Ended,17715,0.0,1310.65,10.39,15.17,5.81,-1413.41,751.05,0.0,679.67,2026-02-05
MO-017716,AFT-0003,300,Ended,17716,0.0,859.41,33.79,48.23,18.0,-1177.83,1263.93,0.0,1045.52,2026-02-22
MO-017717,AFT-0040,100,Ended,17717,0.0,199.48,17.11,18.07,6.46,-94.01,153.21,0.0,300.32,2026-03-11
MO-017718,SA-0017,300,Ended,17718,0.0,-98.07,14.54,12.39,4.61,-11.24,89.66,0.0,11.89,2026-03-28
MO-017719,SA-0054,100,Ended,17719,0.0,431.18,0.92,-12.25,-5.44,-6044.9,150.71,0.0,-5479.78,2026-04-14
MO-017720,SA-0091,200,Ended,17720,0.0,94.12,0.66,-3.81,-1.45,-28.97,53.93,0.0,114.48,2026-05-01
MO-017721,DRV-0028,200,Ended,17721,0.0,480.11,-0.9,-4.49,-1.61,-131.14,188.7,0.0,530.66,2026-05-18
MO-017722,ACT-0005,100,Ended,17722,0.0,160.14,2.49,-5.5,-2.12,35.25,82.86,0.0,273.13,2026-06-04
MO-017723,ACT-0042,200,Reported Finished,17723,0.0,625.14,13.6,6.57,2.31,-1122.16,25.74,0.0,-448.8,
MO-017767,SA-0080,300,Ended,17767,0.0,235.71,4.63,6.66,2.7,-476.25,279.84,0.0,53.29,2026-01-10
MO-017768,DRV-0017,100,Ended,17768,0.0,117.67,2.99,-4.83,-1.81,123.37,23.31,0.0,260.69,2026-01-27
MO-017769,DRV-0054,200,Ended,17769,0.0,508.18,4.34,2.61,0.94,-195.32,47.78,0.0,368.53,2026-02-13
MO-017770,ACT-0031,100,Ended,17770,0.0,-155.69,11.91,12.1,4.44,-480.01,441.54,0.0,-165.71,2026-03-02
MO-017771,CTL-0008,300,Ended,17771,0.0,181.41,14.9,15.47,5.33,-86.02,113.73,0.0,244.82,2026-03-19
MO-017772,SYS-0005,100,Ended,17772,0.0,69.95,8.52,25.22,10.57,112.68,62.0,0.0,288.94,2026-04-05
MO-017773,AFT-0012,300,Ended,17773,0.0,607.91,0.16,-1.22,-1.3,-1406.84,180.81,0.0,-620.48,2026-04-22
MO-017774,AFT-0049,100,Ended,17774,0.0,397.81,5.7,-7.19,-2.45,-887.35,100.79,0.0,-392.69,2026-05-09
MO-017775,SA-0026,300,Ended,17775,0.0,966.03,8.17,-8.86,-3.23,-1160.94,713.89,0.0,515.05,2026-05-26
MO-017776,SA-0063,100,Ended,17776,0.0,93.96,2.25,-3.65,-1.27,-13.65,63.33,0.0,140.97,2026-06-12
MO-017777,SA-0100,200,Reported Finished,17777,0.0,419.21,2.31,-3.35,-1.22,42.91,11.4,0.0,471.26,
MO-017821,AFT-0038,100,Ended,17821,0.0,531.81,2.96,-1.14,-0.32,-590.75,489.45,0.0,432.0,2026-01-17
MO-017822,SA-0015,100,Ended,17822,0.0,55.35,46.26,40.96,14.95,-224.55,215.77,0.0,148.74,2026-02-03
MO-017823,SA-0052,200,Ended,17823,0.0,176.18,11.53,10.89,3.69,-151.31,180.14,0.0,231.12,2026-02-20
MO-017824,SA-0089,300,Ended,17824,0.0,-1.98,5.8,-4.4,-1.67,141.9,5.15,0.0,144.8,2026-03-09
MO-017825,DRV-0026,200,Ended,17825,0.0,89.24,7.39,7.13,2.49,-31.14,63.88,0.0,138.99,2026-03-27
MO-017826,ACT-0003,100,Ended,17826,0.0,757.42,5.64,14.16,5.0,-181.01,279.76,0.0,880.97,2026-04-13
MO-017827,ACT-0040,200,Ended,17827,0.0,65.64,0.25,17.11,6.53,69.06,23.98,0.0,182.57,2026-04-30
MO-017828,CTL-0017,300,Ended,17828,0.0,46.41,-5.01,4.82,1.7,123.16,34.48,0.0,205.55,2026-05-17
MO-017829,SYS-0014,300,Ended,17829,0.0,-1.17,4.39,-6.67,-2.27,-140.46,76.24,0.0,-69.95,2026-06-03
MO-017830,AFT-0021,300,Ended,17830,0.0,282.87,21.31,-1.66,-0.7,-335.82,276.65,0.0,242.64,2026-06-20
MO-017874,ACT-0029,100,Ended,17874,0.0,53.69,0.39,-12.09,-4.55,-2.27,32.31,0.0,67.48,2026-01-08
MO-017875,CTL-0006,300,Ended,17875,0.0,176.54,7.58,-4.4,-1.65,-1026.61,321.68,0.0,-526.86,2026-01-25
MO-017876,SYS-0003,100,Ended,17876,0.0,328.71,28.04,12.24,4.47,-153.89,221.19,0.0,440.76,2026-02-11
MO-017877,AFT-0010,100,Ended,17877,0.0,117.07,8.47,3.68,1.22,20.3,59.9,0.0,210.65,2026-02-28
MO-017878,AFT-0047,100,Ended,17878,0.0,1195.09,18.42,13.23,4.84,-469.76,525.41,0.0,1287.23,2026-03-17
MO-017879,SA-0024,100,Ended,17879,0.0,967.04,28.29,18.69,6.88,-2912.33,152.59,0.0,-1738.84,2026-04-03
MO-017880,SA-0061,200,Ended,17880,0.0,23.03,4.05,-0.45,-0.24,35.78,28.29,0.0,90.47,2026-04-20
MO-017881,SA-0098,300,Ended,17881,0.0,-13.17,0.47,7.77,2.62,-47.38,81.71,0.0,32.03,2026-05-07
MO-017882,DRV-0035,100,Ended,17882,0.0,87.26,0.93,1.65,0.5,19.91,94.93,0.0,205.18,2026-05-24
MO-017883,ACT-0012,200,Ended,17883,0.0,37.81,-1.15,4.59,1.63,-650.63,24.84,0.0,-582.91,2026-06-10
MO-017884,ACT-0049,100,Started,17884,0.0,7063.03,2.32,-0.29,-0.17,-55.45,58.12,0.0,7067.55,
MO-017928,SA-0087,100,Ended,17928,0.0,5.43,1.06,-8.02,-3.09,115.75,13.36,0.0,124.49,2026-01-16
MO-017929,DRV-0024,200,Ended,17929,0.0,-6.63,0.93,-8.66,-3.08,-353.86,32.51,0.0,-338.8,2026-02-02
MO-017930,ACT-0001,100,Ended,17930,0.0,362.31,6.07,-5.79,-2.21,-434.78,415.65,0.0,341.25,2026-02-19
MO-017931,ACT-0038,200,Ended,17931,0.0,82.42,13.83,1.51,0.56,-45.6,67.68,0.0,120.39,2026-03-08
MO-017932,CTL-0015,300,Ended,17932,0.0,118.93,9.8,19.99,7.86,-26.45,106.12,0.0,236.25,2026-03-25
MO-017933,SYS-0012,300,Ended,17933,0.0,-72.44,11.44,6.31,2.43,-2319.61,97.99,0.0,-2273.87,2026-04-11
MO-017934,AFT-0019,100,Ended,17934,0.0,357.16,38.17,27.99,10.22,-383.53,107.76,0.0,157.77,2026-04-28
MO-017935,AFT-0056,100,Ended,17935,0.0,450.89,1.92,105.36,37.01,-595.52,337.85,0.0,337.5,2026-05-15
MO-017936,SA-0033,100,Ended,17936,0.0,51.86,-2.26,3.58,1.31,110.02,24.73,0.0,189.24,2026-06-01
MO-017937,SA-0070,200,Ended,17937,0.0,82.83,1.42,1.98,0.62,14.68,30.01,0.0,131.54,2026-06-18
MO-017981,AFT-0008,100,Ended,17981,0.0,126.92,-0.67,5.63,1.95,-203.81,87.23,0.0,17.25,2026-01-07
MO-017982,AFT-0045,300,Ended,17982,0.0,1099.57,2.43,59.31,20.14,-602.4,535.0,0.0,1114.04,2026-01-24
MO-017983,SA-0022,200,Ended,17983,0.0,762.04,12.39,-13.05,-6.63,-315.14,327.41,0.0,767.01,2026-02-10
MO-017984,SA-0059,300,Ended,17984,0.0,8.37,8.09,-11.73,-4.5,150.73,6.97,0.0,157.93,2026-02-27
MO-017985,SA-0096,100,Ended,17985,0.0,42.54,4.51,-6.15,-2.28,-443.62,105.21,0.0,-299.79,2026-03-16
MO-017986,DRV-0033,100,Ended,17986,0.0,67.78,9.76,-1.34,-0.51,-131.34,157.49,0.0,101.83,2026-04-02
MO-017987,ACT-0010,200,Ended,17987,0.0,-87.34,4.07,4.72,1.67,-178.48,268.0,0.0,12.64,2026-04-19
MO-017988,ACT-0047,100,Ended,17988,0.0,404.0,1.54,19.84,7.22,68.68,107.28,0.0,608.56,2026-05-06
MO-017989,CTL-0024,300,Ended,17989,0.0,262.18,9.21,15.65,5.35,-2120.38,70.4,0.0,-1757.58,2026-05-23
MO-017990,SYS-0021,100,Ended,17990,0.0,1433.8,-14.15,81.15,30.15,-1321.29,1355.14,0.0,1564.8,2026-06-09
MO-017991,AFT-0028,100,Released,17991,0.0,0.0,0.0,-65.83,-22.89,88.73,0.0,0.0,0.0,
MO-018035,ACT-0036,200,Ended,18035,0.0,69.46,-1.91,6.8,2.33,-235.1,41.44,0.0,-116.98,2026-01-14
MO-018036,CTL-0013,300,Ended,18036,0.0,109.22,0.57,7.31,3.19,-219.62,75.5,0.0,-23.81,2026-01-31
MO-018037,SYS-0010,300,Ended,18037,0.0,121.19,5.41,35.44,11.31,-161.77,274.74,0.0,286.31,2026-02-17
MO-018038,AFT-0017,100,Ended,18038,0.0,-452.5,40.77,-8.67,-2.69,-292.77,477.65,0.0,-238.21,2026-03-06
MO-018039,AFT-0054,300,Ended,18039,0.0,-66.09,28.08,-42.86,-15.83,-1707.01,48.77,0.0,-1754.94,2026-03-23
MO-018040,SA-0031,200,Ended,18040,0.0,58.11,5.39,-6.83,-2.48,16.67,44.85,0.0,115.72,2026-04-09
MO-018041,SA-0068,300,Ended,18041,0.0,85.37,6.38,-4.09,-1.46,-19.12,81.54,0.0,148.62,2026-04-26
MO-018042,DRV-0005,100,Ended,18042,0.0,215.81,1.61,1.22,0.42,-81.96,122.09,0.0,259.19,2026-05-14
MO-018043,DRV-0042,200,Ended,18043,0.0,-15.01,-0.28,5.55,1.94,-708.56,32.76,0.0,-683.59,2026-05-31
MO-018044,ACT-0019,100,Ended,18044,0.0,-16.11,-5.4,27.31,10.9,-431.17,87.43,0.0,-327.04,2026-06-17
MO-018088,SA-0057,100,Ended,18088,0.0,5.6,-0.08,2.11,0.77,49.76,6.96,0.0,65.11,2026-01-05
MO-018089,SA-0094,200,Ended,18089,0.0,0.06,-0.67,6.51,2.3,100.77,16.29,0.0,125.25,2026-01-22
MO-018090,DRV-0031,100,Ended,18090,0.0,24.05,5.48,0.58,-0.11,-332.02,243.77,0.0,-58.24,2026-02-08
MO-018091,ACT-0008,200,Ended,18091,0.0,31.96,0.71,5.39,2.08,-26.47,36.45,0.0,50.12,2026-02-25
MO-018092,ACT-0045,100,Ended,18092,0.0,96.79,7.07,30.28,11.15,-14.45,65.52,0.0,196.36,2026-03-14
MO-018093,CTL-0022,300,Ended,18093,0.0,760.87,31.51,-7.77,-2.47,-275.62,372.62,0.0,879.14,2026-03-31
MO-018094,SYS-0019,100,Ended,18094,0.0,313.04,39.33,-23.56,-8.52,-1428.23,251.74,0.0,-856.2,2026-04-17
MO-018095,AFT-0026,100,Ended,18095,0.0,59.59,36.18,-19.72,-7.14,-288.18,170.24,0.0,-49.03,2026-05-04
MO-018096,SA-0003,100,Ended,18096,0.0,50.03,2.28,-4.52,-1.71,93.02,50.35,0.0,189.46,2026-05-21
MO-018097,SA-0040,200,Ended,18097,0.0,53.04,0.1,-2.99,-1.1,55.33,49.4,0.0,153.77,2026-06-07
MO-018098,SA-0077,300,Reported Finished,18098,0.0,511.68,-0.68,1.56,0.58,27.96,12.65,0.0,553.74,
MO-018142,AFT-0015,300,Ended,18142,0.0,385.55,-0.98,35.51,13.09,-497.25,472.17,0.0,408.08,2026-01-13
MO-018143,AFT-0052,100,Ended,18143,0.0,78.69,-4.19,86.46,30.36,-3.21,110.47,0.0,298.58,2026-01-30
MO-018144,SA-0029,300,Ended,18144,0.0,19.32,0.18,2.53,0.94,59.45,4.74,0.0,87.15,2026-02-16
MO-018145,SA-0066,100,Ended,18145,0.0,146.0,3.24,0.26,-0.01,-486.0,109.14,0.0,-227.37,2026-03-05
MO-018146,DRV-0003,100,Ended,18146,0.0,-21.64,10.5,-4.01,-1.47,-133.25,275.75,0.0,125.88,2026-03-22
MO-018147,DRV-0040,200,Ended,18147,0.0,24.43,5.46,17.01,5.99,7.28,26.28,0.0,86.44,2026-04-08
MO-018148,ACT-0017,100,Ended,18148,0.0,59.7,30.82,-9.87,-4.21,-24.35,88.56,0.0,140.64,2026-04-25
MO-018149,ACT-0054,200,Ended,18149,0.0,2025.4,15.56,-20.74,-7.12,-2869.58,344.21,0.0,-512.26,2026-05-12
MO-018150,CTL-0031,300,Ended,18150,0.0,878.54,14.74,8.9,3.75,-2587.34,1368.05,0.0,-313.36,2026-05-29
MO-018151,SYS-0028,300,Ended,18151,0.0,4297.78,-0.61,-4.42,-1.49,-1466.55,1479.21,0.0,4303.92,2026-06-15
MO-018195,ACT-0006,200,Ended,18195,0.0,86.76,9.81,-3.19,-0.99,-1289.09,104.27,0.0,-1092.43,2026-01-03
MO-018196,ACT-0043,100,Ended,18196,0.0,218.99,1.54,11.49,4.18,-246.69,139.93,0.0,129.43,2026-01-20
MO-018197,CTL-0020,300,Ended,18197,0.0,283.32,-8.36,11.75,4.6,-228.93,185.52,0.0,247.9,2026-02-07
MO-018198,SYS-0017,100,Ended,18198,0.0,4747.57,1.68,44.74,16.68,-681.59,803.64,0.0,4932.71,2026-02-24
MO-018199,AFT-0024,300,Ended,18199,0.0,16.34,25.56,89.3,31.98,-7154.13,102.29,0.0,-6888.66,2026-03-13
MO-018200,SA-0001,200,Ended,18200,0.0,22.52,2.28,1.99,0.73,6.94,21.58,0.0,56.05,2026-03-30
MO-018201,SA-0038,300,Ended,18201,0.0,106.91,5.52,-3.18,-1.12,-9.55,82.88,0.0,181.45,2026-04-16
MO-018202,SA-0075,100,Ended,18202,0.0,90.61,9.88,11.46,4.83,94.22,74.95,0.0,285.96,2026-05-03
MO-018203,DRV-0012,200,Ended,18203,0.0,37.96,14.34,-3.24,-1.63,-239.37,18.9,0.0,-173.05,2026-05-20
MO-018204,DRV-0049,100,Ended,18204,0.0,328.16,7.13,-19.82,-7.46,-254.16,83.99,0.0,137.83,2026-06-06
MO-018205,ACT-0026,200,Started,18205,0.0,19651.66,0.67,0.81,0.25,-90.48,148.87,0.0,19711.78,
MO-018249,SA-0064,200,Ended,18249,0.0,17.63,1.11,-2.18,-0.81,38.46,4.76,0.0,58.95,2026-01-11
MO-018250,DRV-0001,100,Ended,18250,0.0,348.12,3.38,-5.45,-2.1,-233.02,188.65,0.0,299.57,2026-01-28
MO-018251,DRV-0038,200,Ended,18251,0.0,83.05,-4.1,4.0,1.28,-45.65,87.09,0.0,125.67,2026-02-14
MO-018252,ACT-0015,100,Ended,18252,0.0,384.45,13.79,42.45,15.53,-179.29,225.72,0.0,502.65,2026-03-03
MO-018253,ACT-0052,200,Ended,18253,0.0,272.81,2.54,14.74,5.02,-70.05,116.38,0.0,341.44,2026-03-20
MO-018254,CTL-0029,300,Ended,18254,0.0,-15.36,18.86,46.28,17.16,22.56,104.46,0.0,193.96,2026-04-06
MO-018255,SYS-0026,300,Ended,18255,0.0,2822.31,37.6,42.83,16.75,-1681.88,1226.5,0.0,2464.1,2026-04-23
MO-018256,AFT-0033,300,Ended,18256,0.0,155.6,2.75,-2.07,-0.82,24.55,59.86,0.0,239.88,2026-05-10
MO-018257,SA-0010,200,Ended,18257,0.0,1.66,6.46,4.88,2.09,77.06,45.82,0.0,137.95,2026-05-27
MO-018258,SA-0047,300,Ended,18258,0.0,45.19,5.0,-9.49,-3.99,152.69,46.09,0.0,235.49,2026-06-13
MO-018302,SYS-0015,100,Ended,18302,0.0,-2601.66,12.89,-9.71,-3.38,-2372.01,2311.08,0.0,-2662.81,2026-01-02
MO-018303,AFT-0022,100,Ended,18303,0.0,28.42,7.85,-11.51,-4.29,-55.28,78.88,0.0,44.07,2026-01-19
MO-018304,AFT-0059,100,Ended,18304,0.0,8.77,2.76,-9.6,-3.68,160.53,4.05,0.0,162.83,2026-02-05
MO-018305,SA-0036,100,Ended,18305,0.0,47.89,-2.54,-3.55,-1.3,-180.48,49.64,0.0,-90.34,2026-02-22
MO-018306,SA-0073,200,Ended,18306,0.0,80.27,0.34,2.01,0.7,-93.23,54.47,0.0,44.56,2026-03-11
MO-018307,DRV-0010,200,Ended,18307,0.0,111.78,9.39,14.3,5.05,110.52,43.73,0.0,294.77,2026-03-28
MO-018308,DRV-0047,100,Ended,18308,0.0,1051.09,31.86,50.63,19.72,-426.67,522.92,0.0,1249.55,2026-04-14
MO-018309,ACT-0024,200,Ended,18309,0.0,751.55,10.38,17.64,6.78,-1270.49,179.86,0.0,-304.28,2026-05-01
MO-018310,CTL-0001,300,Ended,18310,0.0,1834.2,26.12,40.23,15.02,-2085.88,1523.4,0.0,1353.1,2026-05-18
MO-018311,CTL-0038,300,Ended,18311,0.0,-450.89,24.5,39.3,14.43,-1627.42,1139.57,0.0,-860.52,2026-06-04
MO-018312,AFT-0005,100,Released,18312,0.0,0.0,0.0,-48.39,-17.62,66.01,0.0,0.0,0.0,
MO-018356,ACT-0013,100,Ended,18356,0.0,36.04,14.47,5.53,1.96,-366.02,104.1,0.0,-203.92,2026-01-10
MO-018357,ACT-0050,200,Ended,18357,0.0,704.22,5.46,-8.11,-2.78,-330.9,288.0,0.0,655.89,2026-01-27
MO-018358,CTL-0027,300,Ended,18358,0.0,780.24,2.61,-6.55,-2.46,-347.61,294.61,0.0,720.83,2026-02-13
MO-018359,SYS-0024,300,Ended,18359,0.0,8814.17,-15.23,-21.96,-8.89,-4089.69,1005.1,0.0,5683.51,2026-03-02
MO-018360,AFT-0031,100,Ended,18360,0.0,26.85,-0.42,-8.65,-3.24,45.04,23.26,0.0,82.84,2026-03-19
MO-018361,SA-0008,300,Ended,18361,0.0,87.1,1.08,-0.88,-0.28,-31.75,60.69,0.0,115.96,2026-04-05
MO-018362,SA-0045,100,Ended,18362,0.0,16.51,7.9,6.08,2.25,45.27,29.78,0.0,107.8,2026-04-22
MO-018363,SA-0082,200,Ended,18363,0.0,179.0,18.05,17.2,6.14,83.97,79.61,0.0,383.98,2026-05-09
MO-018364,DRV-0019,100,Ended,18364,0.0,357.48,12.97,24.87,9.24,-187.95,98.32,0.0,314.93,2026-05-26
MO-018365,DRV-0056,200,Ended,18365,0.0,3295.42,11.35,13.62,4.67,-1385.2,1346.93,0.0,3286.79,2026-06-12
MO-018366,ACT-0033,100,Released,18366,0.0,0.0,0.0,-67.68,-25.38,93.06,0.0,0.0,0.0,
MO-018410,SA-0071,300,Ended,18410,0.0,136.08,7.37,2.8,0.91,-15.78,101.08,0.0,232.45,2026-01-17
MO-018411,DRV-0008,200,Ended,18411,0.0,75.83,5.92,5.48,1.96,-22.42,41.61,0.0,108.38,2026-02-03
MO-018412,DRV-0045,100,Ended,18412,0.0,205.63,0.1,-5.02,-2.11,-37.19,79.55,0.0,240.96,2026-02-20
MO-018413,ACT-0022,200,Ended,18413,0.0,239.9,-0.28,-7.97,-2.8,-152.05,178.27,0.0,255.07,2026-03-09
MO-018414,ACT-0059,100,Ended,18414,0.0,-155.72,7.0,-7.53,-2.78,-24.77,120.51,0.0,-63.29,2026-03-27
MO-018415,CTL-0036,300,Ended,18415,0.0,3723.78,8.87,-11.64,-3.95,-6561.43,3285.85,0.0,441.48,2026-04-13
MO-018416,AFT-0003,300,Ended,18416,0.0,-27.62,5.01,-5.76,-2.17,-123.86,270.84,0.0,116.44,2026-04-30
MO-018417,AFT-0040,100,Ended,18417,0.0,38.02,9.21,4.58,1.62,38.99,34.05,0.0,126.47,2026-05-17
MO-018418,SA-0017,300,Ended,18418,0.0,76.68,13.12,8.25,3.04,85.33,22.42,0.0,208.84,2026-06-03
MO-018419,SA-0054,100,Ended,18419,0.0,40.1,5.76,17.29,6.07,-1236.36,34.45,0.0,-1132.7,2026-06-20
MO-018463,SYS-0022,300,Ended,18463,0.0,8569.73,53.29,82.25,29.33,-1661.9,1737.82,0.0,8810.51,2026-01-08
MO-018464,AFT-0029,100,Ended,18464,0.0,19.3,4.7,0.05,0.35,179.72,6.57,0.0,210.71,2026-01-25
MO-018465,SA-0006,100,Ended,18465,0.0,39.03,2.65,-2.02,-0.79,-680.1,100.78,0.0,-540.45,2026-02-11
MO-018466,SA-0043,200,Ended,18466,0.0,22.54,2.33,-1.71,-0.21,-98.22,62.54,0.0,-12.73,2026-02-28
MO-018467,SA-0080,300,Ended,18467,0.0,-9.48,-2.68,-2.3,-1.06,-48.23,63.96,0.0,0.21,2026-03-17
MO-018468,DRV-0017,100,Ended,18468,0.0,384.85,0.75,-6.05,-2.25,19.31,108.79,0.0,505.4,2026-04-03
MO-018469,DRV-0054,200,Ended,18469,0.0,1710.72,4.81,-10.14,-3.81,-1066.06,215.02,0.0,850.53,2026-04-20
MO-018470,ACT-0031,100,Ended,18470,0.0,4508.34,30.66,-0.28,0.24,-2322.98,1766.14,0.0,3982.13,2026-05-07
MO-018471,CTL-0008,300,Ended,18471,0.0,559.86,29.66,6.62,1.96,-715.16,497.56,0.0,380.49,2026-05-24
MO-018472,SYS-0005,100,Ended,18472,0.0,4.76,8.92,-4.27,-1.62,155.91,13.28,0.0,176.99,2026-06-10
MO-018473,AFT-0012,300,Reported Finished,18473,0.0,811.14,2.54,4.0,1.41,-172.22,20.09,0.0,666.95,
MO-018517,ACT-0020,200,Ended,18517,0.0,210.57,12.71,10.17,3.76,-245.43,169.07,0.0,160.86,2026-01-16
MO-018518,ACT-0057,100,Ended,18518,0.0,-1011.64,57.28,61.65,24.25,-701.04,734.03,0.0,-835.48,2026-02-02
MO-018519,CTL-0034,300,Ended,18519,0.0,1378.21,14.42,96.94,37.65,-253.78,340.65,0.0,1614.09,2026-02-19
MO-018520,AFT-0001,100,Ended,18520,0.0,41.23,1.49,-6.8,-2.69,-47.78,129.39,0.0,114.83,2026-03-08
MO-018521,AFT-0038,100,Ended,18521,0.0,34.25,-2.34,-1.53,-0.69,-29.32,108.77,0.0,109.14,2026-03-25
MO-018522,SA-0015,100,Ended,18522,0.0,60.27,4.84,-5.66,-2.29,2.56,53.94,0.0,113.67,2026-04-11
MO-018523,SA-0052,200,Ended,18523,0.0,127.55,0.75,-3.75,-1.32,20.26,41.17,0.0,184.66,2026-04-28
MO-018524,SA-0089,300,Ended,18524,0.0,-74.74,5.97,-8.15,-2.95,103.72,24.04,0.0,47.89,2026-05-15
MO-018525,DRV-0026,200,Ended,18525,0.0,237.85,22.15,-4.77,-1.4,-325.31,287.45,0.0,215.97,2026-06-01
MO-018526,ACT-0003,100,Ended,18526,0.0,2198.45,43.74,40.68,15.25,-1144.38,1119.05,0.0,2272.78,2026-06-18
MO-018570,SA-0041,300,Ended,18570,0.0,47.9,8.95,-0.61,-0.27,60.59,103.74,0.0,220.31,2026-01-07
MO-018571,SA-0078,100,Ended,18571,0.0,125.7,6.34,6.83,2.4,-625.08,130.91,0.0,-352.89,2026-01-24
MO-018572,DRV-0015,100,Ended,18572,0.0,274.13,9.22,24.85,9.74,-187.22,259.08,0.0,389.79,2026-02-10
MO-018573,DRV-0052,200,Ended,18573,0.0,144.95,17.85,37.91,14.5,-137.25,233.66,0.0,311.62,2026-02-27
MO-018574,ACT-0029,100,Ended,18574,0.0,372.2,3.63,95.76,35.74,-37.99,129.26,0.0,598.6,2026-03-16
MO-018575,CTL-0006,300,Ended,18575,0.0,2539.59,-7.4,36.44,13.03,-4809.34,1407.36,0.0,-820.31,2026-04-02
MO-018576,SYS-0003,100,Ended,18576,0.0,37.68,3.06,-8.84,-3.35,108.55,47.4,0.0,184.49,2026-04-19
MO-018577,AFT-0010,100,Ended,18577,0.0,13.37,0.62,-3.95,-1.25,96.88,13.31,0.0,118.98,2026-05-06
MO-018578,AFT-0047,100,Ended,18578,0.0,92.63,2.88,-3.8,-1.44,-73.97,131.35,0.0,147.65,2026-05-23
MO-018579,SA-0024,100,Ended,18579,0.0,123.6,3.98,-5.59,-1.95,-607.83,34.88,0.0,-452.91,2026-06-09
MO-018580,SA-0061,200,Started,18580,0.0,2467.63,11.16,-0.88,-0.37,-24.85,26.4,0.0,2479.09,
MO-018624,SYS-0029,100,Ended,18624,0.0,-46.17,4.35,-3.9,-1.48,64.58,17.41,0.0,34.78,2026-01-14
MO-018625,AFT-0036,300,Ended,18625,0.0,55.86,5.64,-1.9,-0.65,-527.33,95.06,0.0,-373.31,2026-01-31
MO-018626,SA-0013,200,Ended,18626,0.0,62.1,5.36,0.76,0.28,-113.12,47.99,0.0,3.37,2026-02-17
MO-018627,SA-0050,300,Ended,18627,0.0,160.96,5.62,7.81,2.82,-86.84,107.41,0.0,197.78,2026-03-06
MO-018628,SA-0087,100,Ended,18628,0.0,-52.8,1.71,30.18,11.06,3.6,62.36,0.0,56.12,2026-03-23
MO-018629,DRV-0024,200,Ended,18629,0.0,-452.85,-10.3,38.42,13.27,-1923.16,146.31,0.0,-2188.32,2026-04-09
MO-018630,ACT-0001,100,Ended,18630,0.0,424.93,0.69,47.86,20.15,-1806.11,1662.61,0.0,350.13,2026-04-26
MO-018631,ACT-0038,200,Ended,18631,0.0,558.28,23.57,-0.74,-1.94,-537.25,296.08,0.0,337.99,2026-05-14
MO-018632,CTL-0015,300,Ended,18632,0.0,53.23,7.63,-9.74,-3.72,146.16,22.74,0.0,216.31,2026-05-31
MO-018633,SYS-0012,300,Ended,18633,0.0,74.86,2.88,-5.06,-1.9,-416.28,21.78,0.0,-323.72,2026-06-17
MO-018677,DRV-0050,200,Ended,18677,0.0,2864.98,29.71,-23.6,-8.09,-954.87,847.07,0.0,2755.2,2026-01-05
MO-018678,ACT-0027,100,Ended,18678,0.0,804.53,45.84,6.62,2.9,-863.41,777.78,0.0,774.26,2026-01-22
MO-018679,CTL-0004,300,Ended,18679,0.0,2388.03,27.89,-6.76,-2.33,-236.64,242.95,0.0,2413.13,2026-02-08
MO-018680,SYS-0001,100,Ended,18680,0.0,28.31,2.71,-2.75,-1.03,-1.93,36.32,0.0,61.62,2026-02-25
MO-018681,AFT-0008,100,Ended,18681,0.0,15.59,1.46,-1.59,-0.59,74.96,19.38,0.0,109.21,2026-03-14
MO-018682,AFT-0045,300,Ended,18682,0.0,142.07,3.08,7.23,2.55,37.17,133.75,0.0,325.84,2026-03-31
MO-018683,SA-0022,200,Ended,18683,0.0,161.28,-4.2,17.12,5.97,-4.53,74.84,0.0,250.48,2026-04-17
MO-018684,SA-0059,300,Ended,18684,0.0,121.16,7.45,34.67,12.44,137.26,32.51,0.0,345.49,2026-05-04
MO-018685,SA-0096,100,Ended,18685,0.0,913.34,3.85,41.34,15.75,-2361.03,473.42,0.0,-913.32,2026-05-21
MO-018686,DRV-0033,100,Ended,18686,0.0,323.43,18.26,7.46,2.58,-635.63,629.95,0.0,346.04,2026-06-07
MO-018687,ACT-0010,200,Released,18687,0.0,0.0,0.0,-54.06,-19.56,73.63,0.0,0.0,0.0,
MO-018731,SA-0048,100,Ended,18731,0.0,70.19,6.19,-3.64,-1.81,-972.17,64.47,0.0,-836.77,2026-01-13
MO-018732,SA-0085,200,Ended,18732,0.0,-71.03,20.99,-22.0,-8.28,-292.7,162.93,0.0,-210.09,2026-01-30
MO-018733,DRV-0022,200,Ended,18733,0.0,2112.5,23.31,-6.38,-2.44,-675.89,755.82,0.0,2206.92,2026-02-16
MO-018734,DRV-0059,100,Ended,18734,0.0,-1535.27,15.79,28.94,10.57,-394.09,572.08,0.0,-1301.99,2026-03-05
MO-018735,ACT-0036,200,Ended,18735,0.0,216.28,9.88,2.96,0.89,-1140.44,181.3,0.0,-729.12,2026-03-22
MO-018736,CTL-0013,300,Ended,18736,0.0,24.9,-0.15,-2.41,-0.92,18.36,16.18,0.0,55.96,2026-04-08
MO-018737,SYS-0010,300,Ended,18737,0.0,42.5,-2.17,0.13,0.0,75.91,61.05,0.0,177.42,2026-04-25
MO-018738,AFT-0017,100,Ended,18738,0.0,99.21,2.96,15.46,5.55,146.6,119.41,0.0,389.19,2026-05-12
MO-018739,AFT-0054,300,Ended,18739,0.0,-38.09,1.86,15.68,5.99,-338.32,11.15,0.0,-341.74,2026-05-29
MO-018740,SA-0031,200,Ended,18740,0.0,171.05,31.25,8.78,3.0,-481.36,209.3,0.0,-57.97,2026-06-15
MO-018784,CTL-0039,300,Ended,18784,0.0,63.87,2.92,-2.99,-1.19,25.67,28.26,0.0,116.54,2026-01-03
MO-018785,AFT-0006,300,Ended,18785,0.0,924.76,1.98,6.74,2.38,-760.66,575.5,0.0,750.7,2026-01-20
MO-018786,AFT-0043,100,Ended,18786,0.0,103.58,13.1,-5.27,-1.37,-145.71,98.24,0.0,62.57,2026-02-07
MO-018787,SA-0020,300,Ended,18787,0.0,124.73,11.19,-11.34,-4.06,-27.35,46.99,0.0,140.15,2026-02-24
MO-018788,SA-0057,100,Ended,18788,0.0,60.27,15.83,-9.77,-3.75,-19.33,32.47,0.0,75.72,2026-03-13
MO-018789,SA-0094,200,Ended,18789,0.0,418.03,3.87,7.0,2.51,9.7,73.3,0.0,514.41,2026-03-30
MO-018790,DRV-0031,100,Ended,18790,0.0,2366.55,5.6,43.99,17.26,-2012.61,975.09,0.0,1395.89,2026-04-16
MO-018791,ACT-0008,200,Ended,18791,0.0,21.91,-3.9,7.79,3.05,-231.32,159.45,0.0,-43.02,2026-05-03
MO-018792,ACT-0045,100,Ended,18792,0.0,9.39,-0.73,-0.85,-0.35,59.74,14.04,0.0,81.25,2026-05-20
MO-018793,CTL-0022,300,Ended,18793,0.0,42.05,3.87,6.97,2.39,65.0,82.8,0.0,203.09,2026-06-06
MO-018794,SYS-0019,100,Reported Finished,18794,0.0,2419.58,17.28,6.28,2.87,-78.76,62.93,0.0,2430.18,
MO-018838,DRV-0057,100,Ended,18838,0.0,3776.17,9.06,48.22,18.0,-1096.06,1083.65,0.0,3839.05,2026-01-11
MO-018839,ACT-0034,200,Ended,18839,0.0,230.21,22.51,12.95,4.51,3.24,59.27,0.0,332.7,2026-01-28
MO-018840,CTL-0011,300,Ended,18840,0.0,211.41,3.36,2.78,0.86,-153.69,213.52,0.0,278.24,2026-02-14
MO-018841,SYS-0008,300,Ended,18841,0.0,31.6,6.03,-1.86,-0.27,18.56,17.44,0.0,71.5,2026-03-03
MO-018842,AFT-0015,300,Ended,18842,0.0,281.43,10.34,-12.35,-4.67,-40.05,118.04,0.0,352.73,2026-03-20
MO-018843,AFT-0052,100,Ended,18843,0.0,-13.14,2.86,-3.85,-1.31,140.54,25.25,0.0,150.35,2026-04-06
MO-018844,SA-0029,300,Ended,18844,0.0,34.03,0.7,-0.75,-0.3,31.68,22.1,0.0,87.47,2026-04-23
MO-018845,SA-0066,100,Ended,18845,0.0,393.42,-1.12,14.18,5.04,-2634.07,491.11,0.0,-1731.44,2026-05-10
MO-018846,DRV-0003,100,Ended,18846,0.0,2747.03,14.62,43.47,15.82,-1158.18,1103.0,0.0,2765.76,2026-05-27
MO-018847,DRV-0040,200,Ended,18847,0.0,99.29,0.6,25.99,8.85,-92.29,114.95,0.0,157.39,2026-06-13
MO-018891,SA-0018,100,Ended,18891,0.0,294.26,3.44,18.99,6.78,-1201.63,140.79,0.0,-737.37,2026-01-02
MO-018892,SA-0055,200,Ended,18892,0.0,594.33,20.45,30.34,11.25,-645.62,220.93,0.0,231.68,2026-01-19
MO-018893,SA-0092,300,Ended,18893,0.0,207.16,4.74,16.77,5.76,-70.03,44.04,0.0,208.43,2026-02-05
MO-018894,DRV-0029,100,Ended,18894,0.0,1133.94,14.93,16.97,7.28,-131.46,226.4,0.0,1268.06,2026-02-22
MO-018895,ACT-0006,200,Ended,18895,0.0,213.27,37.36,70.17,22.44,-6186.67,456.19,0.0,-5387.24,2026-03-11
MO-018896,ACT-0043,100,Ended,18896,0.0,29.51,4.33,-4.62,-1.71,-6.69,29.99,0.0,50.81,2026-03-28
MO-018897,CTL-0020,300,Ended,18897,0.0,22.65,3.25,-6.96,-2.58,-5.72,41.23,0.0,51.87,2026-04-14
MO-018898,SYS-0017,100,Ended,18898,0.0,881.12,0.76,-6.54,-2.46,-83.25,200.91,0.0,990.53,2026-05-01
MO-018899,AFT-0024,300,Ended,18899,0.0,60.51,-1.2,1.06,0.34,-1483.86,23.38,0.0,-1399.75,2026-05-18
MO-018900,SA-0001,200,Ended,18900,0.0,110.92,0.69,4.36,1.57,-208.98,100.73,0.0,9.28,2026-06-04
MO-018901,SA-0038,300,Started,18901,0.0,11474.82,3.78,7.58,2.65,-43.57,93.24,0.0,11538.5,
MO-018945,SYS-0006,300,Ended,18945,0.0,63.68,1.71,5.92,2.1,-185.46,43.66,0.0,-68.4,2026-01-10
MO-018946,AFT-0013,100,Ended,18946,0.0,705.8,11.55,21.35,7.8,-445.06,412.53,0.0,713.98,2026-01-27
MO-018947,AFT-0050,100,Ended,18947,0.0,417.35,3.08,6.17,2.11,-274.14,296.56,0.0,451.11,2026-02-13
MO-018948,SA-0027,100,Ended,18948,0.0,-5.59,17.24,11.4,3.72,-0.57,89.99,0.0,116.2,2026-03-02
MO-018949,SA-0064,200,Ended,18949,0.0,15.14,7.54,13.61,5.25,17.55,21.41,0.0,80.5,2026-03-19
MO-018950,DRV-0001,100,Ended,18950,0.0,1419.88,35.89,62.11,22.88,-1192.68,754.59,0.0,1102.67,2026-04-05
MO-018951,DRV-0038,200,Ended,18951,0.0,434.97,28.61,-12.94,-4.03,-832.77,381.03,0.0,-5.12,2026-04-22
MO-018952,ACT-0015,100,Ended,18952,0.0,43.23,0.78,-6.01,-2.18,-0.37,48.37,0.0,83.82,2026-05-09
MO-018953,ACT-0052,200,Ended,18953,0.0,21.64,-1.85,-4.29,-1.54,27.0,25.86,0.0,66.83,2026-05-26
MO-018954,CTL-0029,300,Ended,18954,0.0,-80.76,0.34,-2.62,-1.02,94.79,26.11,0.0,36.85,2026-06-12
MO-018955,SYS-0026,300,Started,18955,0.0,7197.85,3.27,0.99,0.35,87.98,56.07,0.0,7346.52,
MO-018999,ACT-0004,200,Ended,18999,0.0,-89.5,-6.25,5.96,1.68,-9.86,35.51,0.0,-62.45,2026-01-17
MO-019000,ACT-0041,100,Ended,19000,0.0,10.56,2.32,-3.07,-1.18,114.98,33.26,0.0,156.88,2026-02-03
MO-019001,CTL-0018,300,Ended,19001,0.0,104.39,5.78,7.25,2.55,-189.53,54.8,0.0,-14.75,2026-02-20
MO-019002,SYS-0015,100,Ended,19002,0.0,2132.72,10.2,9.53,3.34,-485.06,577.77,0.0,2248.5,2026-03-09
MO-019003,AFT-0022,100,Ended,19003,0.0,40.8,5.94,5.85,2.26,68.42,18.03,0.0,141.3,2026-03-27
MO-019004,AFT-0059,100,Ended,19004,0.0,43.15,13.56,17.7,7.05,149.91,18.91,0.0,250.26,2026-04-13
MO-019005,SA-0036,100,Ended,19005,0.0,98.35,26.03,39.12,13.78,-937.92,223.39,0.0,-537.25,2026-04-30
MO-019006,SA-0073,200,Ended,19006,0.0,202.52,2.58,-17.38,-7.53,-727.42,217.89,0.0,-329.33,2026-05-17
MO-019007,DRV-0010,200,Ended,19007,0.0,334.11,-5.21,-37.97,-13.02,-156.99,191.32,0.0,312.25,2026-06-03
MO-019008,DRV-0047,100,Ended,19008,0.0,136.8,2.9,-2.75,-1.03,-49.78,112.05,0.0,198.2,2026-06-20
MO-019052,SA-0025,200,Ended,19052,0.0,68.28,-1.96,-1.48,-0.59,-384.43,151.71,0.0,-168.47,2026-01-08
MO-019053,SA-0062,300,Ended,19053,0.0,67.04,-0.95,-1.43,-0.23,-250.48,94.13,0.0,-91.92,2026-01-25
MO-019054,SA-0099,100,Ended,19054,0.0,583.34,23.04,25.56,9.34,-169.2,146.53,0.0,618.61,2026-02-11
MO-019055,DRV-0036,200,Ended,19055,0.0,2052.9,18.66,23.72,9.27,-4009.35,1310.04,0.0,-594.76,2026-02-28
MO-019056,ACT-0013,100,Ended,19056,0.0,22.72,6.02,-2.09,-0.8,40.1,22.31,0.0,88.25,2026-03-17
MO-019057,ACT-0050,200,Ended,19057,0.0,92.04,4.15,7.48,2.67,-29.68,64.0,0.0,140.67,2026-04-03
MO-019058,CTL-0027,300,Ended,19058,0.0,85.39,2.98,2.56,1.32,11.99,73.65,0.0,177.88,2026-04-20
MO-019059,SYS-0024,300,Ended,19059,0.0,1295.39,7.67,10.31,3.97,-855.61,229.74,0.0,691.46,2026-05-07
MO-019060,AFT-0031,100,Ended,19060,0.0,84.19,1.45,18.14,6.35,-410.05,108.56,0.0,-191.35,2026-05-24
MO-019061,SA-0008,300,Ended,19061,0.0,735.82,-9.93,-5.91,-3.14,-314.83,273.11,0.0,675.13,2026-06-10
MO-019062,SA-0045,100,Released,19062,0.0,0.0,0.0,-56.16,-21.06,77.22,0.0,0.0,0.0,
MO-019106,SYS-0013,100,Ended,19106,0.0,238.83,-1.08,-4.5,-1.71,-140.76,122.05,0.0,212.84,2026-01-16
MO-019107,AFT-0020,100,Ended,19107,0.0,94.49,0.33,-4.54,-1.4,-75.33,94.05,0.0,107.6,2026-02-02
MO-019108,AFT-0057,300,Ended,19108,0.0,-55.44,10.36,-1.06,-0.46,-24.39,86.61,0.0,15.62,2026-02-19
MO-019109,SA-0034,200,Ended,19109,0.0,-160.21,23.58,15.17,5.11,74.79,67.73,0.0,26.16,2026-03-08
MO-019110,SA-0071,300,Ended,19110,0.0,344.18,50.69,86.18,31.52,-281.03,404.31,0.0,635.86,2026-03-25
MO-019111,DRV-0008,200,Ended,19111,0.0,210.65,31.13,29.42,10.03,-350.15,182.05,0.0,113.13,2026-04-11
MO-019112,DRV-0045,100,Ended,19112,0.0,29.03,4.82,-1.93,-0.74,113.7,17.05,0.0,161.92,2026-04-28
MO-019113,ACT-0022,200,Ended,19113,0.0,143.92,0.47,2.41,1.05,5.67,39.62,0.0,193.14,2026-05-15
MO-019114,ACT-0059,100,Ended,19114,0.0,162.54,6.78,2.7,0.99,97.3,30.13,0.0,300.44,2026-06-01
MO-019115,CTL-0036,300,Ended,19115,0.0,1406.38,-5.68,9.18,2.99,-1417.73,751.05,0.0,746.19,2026-06-18
MO-019159,DRV-0034,200,Ended,19159,0.0,225.16,0.62,-1.35,-2.44,-55.99,74.2,0.0,240.2,2026-01-07
MO-019160,ACT-0011,100,Ended,19160,0.0,25.27,0.61,-8.45,-3.22,128.78,31.24,0.0,174.23,2026-01-24
MO-019161,ACT-0048,200,Ended,19161,0.0,12.45,-0.41,-5.11,-1.91,-370.83,30.67,0.0,-335.14,2026-02-10
MO-019162,CTL-0025,300,Ended,19162,0.0,70.68,0.73,-6.05,-2.46,-152.14,130.26,0.0,41.03,2026-02-27
MO-019163,SYS-0022,300,Ended,19163,0.0,1332.47,7.74,-3.55,-1.39,-312.46,397.22,0.0,1420.01,2026-03-16
MO-019164,AFT-0029,100,Ended,19164,0.0,113.05,35.03,20.12,7.46,146.91,30.68,0.0,353.25,2026-04-02
MO-019165,SA-0006,100,Ended,19165,0.0,756.9,31.06,37.67,13.27,-3732.61,453.51,0.0,-2440.22,2026-04-19
MO-019166,SA-0043,200,Ended,19166,0.0,291.82,18.22,102.5,39.91,-621.08,250.17,0.0,81.53,2026-05-06
MO-019167,SA-0080,300,Ended,19167,0.0,-9.42,13.66,35.07,13.46,-459.9,279.84,0.0,-127.29,2026-05-23
MO-019168,DRV-0017,100,Ended,19168,0.0,47.27,0.36,-2.47,-0.94,124.89,23.31,0.0,192.42,2026-06-09
MO-019169,DRV-0054,200,Reported Finished,19169,0.0,2207.06,-1.25,1.19,0.45,-153.07,47.78,0.0,2102.15,
MO-019213,SA-0032,300,Ended,19213,0.0,30.37,0.51,46.02,17.53,-93.55,42.99,0.0,43.87,2026-01-14
MO-019214,SA-0069,100,Ended,19214,0.0,-8.54,-10.34,14.36,5.15,-116.74,62.72,0.0,-53.4,2026-01-31
MO-019215,DRV-0006,200,Ended,19215,0.0,427.77,8.9,-14.07,-4.78,-4101.26,1555.55,0.0,-2127.89,2026-02-17
MO-019216,DRV-0043,100,Ended,19216,0.0,53.97,4.27,-7.74,-2.83,25.5,34.9,0.0,108.07,2026-03-06
MO-019217,ACT-0020,200,Ended,19217,0.0,93.85,1.55,-6.1,-2.28,23.38,37.57,0.0,147.97,2026-03-23
MO-019218,ACT-0057,100,Ended,19218,0.0,997.79,8.84,-3.95,-1.46,-158.26,183.51,0.0,1026.46,2026-04-09
MO-019219,CTL-0034,300,Ended,19219,0.0,188.16,15.12,8.92,3.18,9.39,77.86,0.0,302.62,2026-04-26
MO-019220,AFT-0001,100,Ended,19220,0.0,-152.43,11.62,42.46,16.57,-925.48,603.81,0.0,-403.45,2026-05-14
MO-019221,AFT-0038,100,Ended,19221,0.0,-223.49,9.55,15.97,6.15,-580.92,489.45,0.0,-283.3,2026-05-31
MO-019222,SA-0015,100,Ended,19222,0.0,347.75,3.33,51.39,19.07,-213.18,215.77,0.0,424.12,2026-06-17
MO-019266,CTL-0023,300,Ended,19266,0.0,88.98,9.34,10.49,3.79,56.87,174.04,0.0,343.51,2026-01-05
MO-019267,SYS-0020,300,Ended,19267,0.0,1173.65,0.27,17.16,6.55,-457.42,474.08,0.0,1214.3,2026-01-22
MO-019268,AFT-0027,300,Ended,19268,0.0,67.77,-5.83,20.49,7.19,-4.87,45.93,0.0,130.67,2026-02-08
MO-019269,SA-0004,200,Ended,19269,0.0,98.49,-2.56,15.14,5.39,40.93,25.43,0.0,182.82,2026-02-25
MO-019270,SA-0041,300,Ended,19270,0.0,763.51,9.09,-6.73,-2.98,-295.57,414.95,0.0,882.27,2026-03-14
MO-019271,SA-0078,100,Ended,19271,0.0,381.99,24.54,-13.85,-4.87,-3003.6,572.73,0.0,-2043.06,2026-03-31
MO-019272,DRV-0015,100,Ended,19272,0.0,4.09,4.14,-8.22,-3.16,85.07,55.52,0.0,137.44,2026-04-17
MO-019273,DRV-0052,200,Ended,19273,0.0,-46.46,8.18,-5.18,-1.89,51.56,51.93,0.0,58.14,2026-05-04
MO-019274,ACT-0029,100,Ended,19274,0.0,0.24,8.77,2.91,1.06,7.88,32.31,0.0,53.18,2026-05-21
MO-019275,CTL-0006,300,Ended,19275,0.0,468.84,4.52,13.17,4.68,-1017.01,321.68,0.0,-204.11,2026-06-07
MO-019276,SYS-0003,100,Started,19276,0.0,6276.07,1.27,16.94,6.19,98.55,55.3,0.0,6454.31,
MO-019320,DRV-0041,100,Ended,19320,0.0,20.74,2.6,-0.61,-0.2,42.2,20.36,0.0,85.1,2026-01-13
MO-019321,ACT-0018,200,Ended,19321,0.0,110.52,0.78,4.98,1.75,-461.06,84.31,0.0,-258.72,2026-01-30
MO-019322,ACT-0055,100,Ended,19322,0.0,816.34,-1.25,14.92,6.21,-294.46,224.16,0.0,765.92,2026-02-16
MO-019323,CTL-0032,300,Ended,19323,0.0,263.99,-1.15,15.95,5.51,-141.4,155.83,0.0,298.73,2026-03-05
MO-019324,SYS-0029,100,Ended,19324,0.0,-460.44,5.16,4.16,1.55,-7.48,81.23,0.0,-375.84,2026-03-22
MO-019325,AFT-0036,300,Ended,19325,0.0,33.33,16.42,-5.88,-2.53,-2892.91,427.78,0.0,-2423.78,2026-04-08
MO-019326,SA-0013,200,Ended,19326,0.0,129.54,18.97,-8.76,-3.25,-990.6,191.96,0.0,-662.15,2026-04-25
MO-019327,SA-0050,300,Ended,19327,0.0,603.91,21.61,-17.98,-6.77,-667.56,469.91,0.0,403.12,2026-05-12
MO-019328,SA-0087,100,Ended,19328,0.0,18.78,6.33,-7.09,-2.54,116.71,13.36,0.0,145.56,2026-05-29
MO-019329,DRV-0024,200,Ended,19329,0.0,291.45,4.53,-2.86,-1.05,-350.78,32.51,0.0,-26.2,2026-06-15
MO-019373,SA-0002,300,Ended,19373,0.0,255.74,9.47,15.23,5.4,-146.34,73.68,0.0,213.19,2026-01-03
MO-019374,SA-0039,100,Ended,19374,0.0,400.89,3.59,49.77,18.13,-188.3,145.21,0.0,429.3,2026-01-20
MO-019375,SA-0076,200,Ended,19375,0.0,265.65,28.34,20.83,7.68,-156.56,206.82,0.0,372.77,2026-02-07
MO-019376,DRV-0013,100,Ended,19376,0.0,27.65,-2.18,3.73,1.52,-1.91,32.05,0.0,60.86,2026-02-24
MO-019377,DRV-0050,200,Ended,19377,0.0,442.57,2.0,6.78,2.81,-109.22,188.24,0.0,533.17,2026-03-13
MO-019378,ACT-0027,100,Ended,19378,0.0,-73.65,13.34,-0.02,-0.18,-36.52,194.44,0.0,97.4,2026-03-30
MO-019379,CTL-0004,300,Ended,19379,0.0,372.74,3.12,4.42,1.42,-26.85,55.53,0.0,410.38,2026-04-16
MO-019380,SYS-0001,100,Ended,19380,0.0,215.18,11.03,-3.47,-0.87,-318.48,169.5,0.0,72.9,2026-05-03
MO-019381,AFT-0008,100,Ended,19381,0.0,100.09,9.38,-2.94,-1.06,-208.36,87.23,0.0,-15.67,2026-05-20
MO-019382,AFT-0045,300,Ended,19382,0.0,36.97,28.79,-10.89,-3.38,-636.23,535.0,0.0,-49.73,2026-06-06
MO-019383,SA-0022,200,Released,19383,0.0,0.0,0.0,-38.82,-13.5,52.33,0.0,0.0,0.0,
MO-019427,CTL-0030,300,Ended,19427,0.0,511.59,6.48,1.17,0.37,-1611.73,351.42,0.0,-740.69,2026-01-11
MO-019428,SYS-0027,100,Ended,19428,0.0,-158.15,2.28,17.37,6.33,-110.4,140.08,0.0,-102.49,2026-01-28
MO-019429,AFT-0034,100,Ended,19429,0.0,-165.69,0.1,4.23,1.43,-4.48,45.1,0.0,-119.32,2026-02-14
MO-019430,SA-0011,300,Ended,19430,0.0,852.26,-3.8,53.06,20.77,-390.16,579.22,0.0,1111.34,2026-03-03
MO-019431,SA-0048,100,Ended,19431,0.0,192.79,-6.12,74.28,28.41,-4644.46,282.06,0.0,-4073.05,2026-03-20
MO-019432,SA-0085,200,Ended,19432,0.0,91.28,2.08,7.35,2.74,-3.66,34.91,0.0,134.7,2026-04-06
MO-019433,DRV-0022,200,Ended,19433,0.0,353.35,7.17,-0.11,-0.06,-48.39,167.96,0.0,479.91,2026-04-23
MO-019434,DRV-0059,100,Ended,19434,0.0,-830.21,11.87,-5.67,-2.39,58.21,143.02,0.0,-625.16,2026-05-10
MO-019435,ACT-0036,200,Ended,19435,0.0,29.42,4.46,-0.87,-0.03,-238.65,41.44,0.0,-164.23,2026-05-27
MO-019436,CTL-0013,300,Ended,19436,0.0,67.67,5.77,-4.66,-1.78,-230.39,75.5,0.0,-87.9,2026-06-13
MO-019480,DRV-0011,100,Ended,19480,0.0,81.95,7.92,-15.09,-5.48,176.23,61.75,0.0,307.28,2026-01-02
MO-019481,DRV-0048,200,Ended,19481,0.0,87.14,5.7,-4.17,-1.5,-205.27,73.28,0.0,-44.81,2026-01-19
MO-019482,ACT-0025,100,Ended,19482,0.0,844.14,3.02,-2.45,-0.96,-336.37,293.6,0.0,800.98,2026-02-05
MO-019483,CTL-0002,300,Ended,19483,0.0,165.02,-0.09,4.54,1.6,-49.41,87.96,0.0,209.62,2026-02-22
MO-019484,CTL-0039,300,Ended,19484,0.0,19.25,3.25,19.95,7.83,-96.01,131.86,0.0,86.14,2026-03-11
MO-019485,AFT-0006,300,Ended,19485,0.0,2567.03,-4.72,14.87,5.49,-3658.76,2589.75,0.0,1513.65,2026-03-28
MO-019486,AFT-0043,100,Ended,19486,0.0,157.35,17.85,84.25,31.43,-931.13,392.97,0.0,-247.29,2026-04-14
MO-019487,SA-0020,300,Ended,19487,0.0,361.67,19.5,75.2,25.98,-464.21,205.58,0.0,223.72,2026-05-01
MO-019488,SA-0057,100,Ended,19488,0.0,5.79,4.84,2.39,1.14,51.03,6.96,0.0,72.15,2026-05-18
MO-019489,SA-0094,200,Ended,19489,0.0,63.27,6.35,-4.28,-1.69,94.72,16.29,0.0,174.66,2026-06-04
MO-019490,DRV-0031,100,Reported Finished,19490,0.0,2229.14,3.85,-6.25,-2.35,-75.21,48.75,0.0,2197.93,
MO-019534,SA-0009,100,Ended,19534,0.0,327.13,46.16,-10.11,-5.44,-155.6,104.11,0.0,306.26,2026-01-10
MO-019535,SA-0046,200,Ended,19535,0.0,298.01,31.06,-43.58,-14.94,-238.73,263.33,0.0,295.14,2026-01-27
MO-019536,SA-0083,300,Ended,19536,0.0,99.95,3.38,-11.37,-4.34,198.2,62.54,0.0,348.36,2026-02-13
MO-019537,DRV-0020,200,Ended,19537,0.0,153.33,0.04,-2.31,-0.84,-29.37,57.41,0.0,178.26,2026-03-02
MO-019538,DRV-0057,100,Ended,19538,0.0,516.72,-1.8,0.26,0.09,-199.62,270.91,0.0,586.57,2026-03-19
MO-019539,ACT-0034,200,Ended,19539,0.0,13.52,2.21,5.44,1.94,143.49,13.55,0.0,180.15,2026-04-05
MO-019540,CTL-0011,300,Ended,19540,0.0,365.86,7.53,22.82,8.14,-930.68,996.42,0.0,470.09,2026-04-22
MO-019541,SYS-0008,300,Ended,19541,0.0,97.15,10.6,30.68,10.55,-108.38,78.48,0.0,119.09,2026-05-09
MO-019542,AFT-0015,300,Ended,19542,0.0,913.06,43.19,89.55,33.32,-459.44,472.17,0.0,1091.85,2026-05-26
MO-019543,AFT-0052,100,Ended,19543,0.0,217.15,47.64,35.47,11.79,-31.39,110.47,0.0,391.12,2026-06-12
MO-019544,SA-0029,300,Reported Finished,19544,0.0,183.09,2.72,-2.14,-0.82,57.45,4.74,0.0,245.03,
MO-019588,CTL-0037,300,Ended,19588,0.0,1427.88,19.94,31.82,12.01,-861.83,606.41,0.0,1236.23,2026-01-17
MO-019589,AFT-0004,100,Ended,19589,0.0,171.0,21.45,-14.0,-6.28,-172.23,192.93,0.0,192.87,2026-02-03
MO-019590,AFT-0041,100,Ended,19590,0.0,863.18,17.37,-28.35,-10.58,-734.91,814.12,0.0,920.83,2026-02-20
MO-019591,SA-0018,100,Ended,19591,0.0,926.89,2.68,-10.38,-4.0,-5836.74,615.97,0.0,-4305.57,2026-03-09
MO-019592,SA-0055,200,Ended,19592,0.0,84.01,0.66,-8.39,-3.05,52.12,47.34,0.0,172.69,2026-03-27
MO-019593,SA-0092,300,Ended,19593,0.0,32.06,-0.36,-1.12,-0.41,16.44,9.79,0.0,56.38,2026-04-13
MO-019594,DRV-0029,100,Ended,19594,0.0,163.52,1.96,1.06,0.37,46.0,56.6,0.0,269.51,2026-04-30
MO-019595,ACT-0006,200,Ended,19595,0.0,116.16,7.41,8.42,2.84,-1283.3,104.27,0.0,-1044.2,2026-05-17
MO-019596,ACT-0043,100,Ended,19596,0.0,119.13,24.8,39.56,14.43,-229.58,139.93,0.0,108.28,2026-06-03
MO-019597,CTL-0020,300,Ended,19597,0.0,-79.43,23.16,36.7,14.01,-214.64,185.52,0.0,-34.67,2026-06-20
MO-019641,DRV-0018,200,Ended,19641,0.0,74.36,8.75,-1.15,-0.15,-699.79,117.5,0.0,-500.48,2026-01-08
MO-019642,DRV-0055,100,Ended,19642,0.0,-519.44,3.31,-2.29,-0.97,-606.49,567.04,0.0,-558.83,2026-01-25
MO-019643,ACT-0032,200,Ended,19643,0.0,16.7,12.65,17.21,6.17,7.75,18.61,0.0,79.09,2026-02-11
MO-019644,CTL-0009,300,Ended,19644,0.0,520.2,10.82,-5.0,-0.65,-49.64,102.59,0.0,578.32,2026-02-28
MO-019645,SYS-0006,300,Ended,19645,0.0,280.1,1.54,-23.94,-8.79,-1037.13,196.48,0.0,-591.75,2026-03-17
MO-019646,AFT-0013,100,Ended,19646,0.0,2491.01,5.89,3.03,1.14,-2209.39,1650.1,0.0,1941.79,2026-04-03
MO-019647,AFT-0050,100,Ended,19647,0.0,1991.2,-2.76,-2.63,-1.08,-1521.43,1297.44,0.0,1760.74,2026-04-20
MO-019648,SA-0027,100,Ended,19648,0.0,65.73,6.33,-7.31,-2.78,211.66,19.28,0.0,292.92,2026-05-07
MO-019649,SA-0064,200,Ended,19649,0.0,-10.9,1.07,-0.64,-0.23,39.35,4.76,0.0,33.42,2026-05-24
MO-019650,DRV-0001,100,Ended,19650,0.0,244.65,7.21,4.6,1.66,-225.22,188.65,0.0,221.55,2026-06-10
MO-019651,DRV-0038,200,Started,19651,0.0,2281.36,8.92,7.64,2.67,114.19,21.77,0.0,2436.55,
MO-019695,SA-0016,200,Ended,19695,0.0,136.47,21.86,39.18,15.03,-136.29,180.0,0.0,256.25,2026-01-16
MO-019696,SA-0053,300,Ended,19696,0.0,65.82,5.97,-0.72,-0.28,60.5,67.06,0.0,198.35,2026-02-02
MO-019697,SA-0090,100,Ended,19697,0.0,56.75,3.24,-5.61,-2.05,-655.77,35.53,0.0,-567.91,2026-02-19
MO-019698,DRV-0027,100,Ended,19698,0.0,254.9,10.0,11.12,3.68,-16.08,81.81,0.0,345.43,2026-03-08
MO-019699,ACT-0004,200,Ended,19699,0.0,50.98,3.03,-0.44,0.63,56.29,8.12,0.0,118.6,2026-03-25
MO-019700,ACT-0041,100,Ended,19700,0.0,274.43,-6.01,-18.85,-7.15,-35.33,155.24,0.0,362.32,2026-04-11
MO-019701,CTL-0018,300,Ended,19701,0.0,305.85,6.13,-6.26,-2.1,-1039.59,246.62,0.0,-489.35,2026-04-28
MO-019702,SYS-0015,100,Ended,19702,0.0,6118.09,35.01,25.54,10.15,-2341.27,2311.08,0.0,6158.6,2026-05-15
MO-019703,AFT-0022,100,Ended,19703,0.0,64.22,8.23,6.94,2.74,-44.61,78.88,0.0,116.4,2026-06-01
MO-019704,AFT-0059,100,Ended,19704,0.0,5.52,4.7,-6.28,-2.35,163.54,4.05,0.0,169.18,2026-06-18
MO-019748,CTL-0007,300,Ended,19748,0.0,-8.83,39.25,46.36,18.09,-574.24,308.98,0.0,-170.4,2026-01-07
MO-019749,SYS-0004,300,Ended,19749,0.0,86.89,14.14,17.66,6.8,60.04,24.47,0.0,210.0,2026-01-24
MO-019750,AFT-0011,100,Ended,19750,0.0,594.98,33.45,42.49,15.85,-265.13,321.83,0.0,743.48,2026-02-10
MO-019751,AFT-0048,300,Ended,19751,0.0,5685.01,11.78,32.8,11.05,-5238.97,1815.93,0.0,2317.61,2026-02-27
MO-019752,SA-0025,200,Ended,19752,0.0,45.23,1.32,-4.03,-1.42,19.68,32.51,0.0,93.3,2026-03-16
MO-019753,SA-0062,300,Ended,19753,0.0,-14.07,1.34,1.27,0.21,99.76,20.92,0.0,109.43,2026-04-02
MO-019754,SA-0099,100,Ended,19754,0.0,43.03,-2.84,-6.16,-2.21,22.95,36.63,0.0,91.4,2026-04-19
MO-019755,DRV-0036,200,Ended,19755,0.0,294.57,-1.08,-10.34,-3.82,-862.27,299.44,0.0,-283.5,2026-05-06
MO-019756,ACT-0013,100,Ended,19756,0.0,153.06,6.42,-7.35,-2.78,-379.07,104.1,0.0,-125.61,2026-05-23
MO-019757,ACT-0050,200,Ended,19757,0.0,551.42,18.1,4.77,1.64,-324.22,288.0,0.0,539.7,2026-06-09
MO-019758,CTL-0027,300,Released,19758,0.0,0.0,0.0,-65.22,-23.75,88.97,0.0,0.0,0.0,
MO-019802,DRV-0025,100,Ended,19802,0.0,664.53,9.79,1.07,0.37,-302.04,235.29,0.0,609.01,2026-01-14
MO-019803,ACT-0002,200,Ended,19803,0.0,45.69,18.52,14.74,5.24,-7.98,31.88,0.0,108.09,2026-01-31
MO-019804,ACT-0039,100,Ended,19804,0.0,288.09,17.69,48.98,17.89,26.27,53.19,0.0,452.12,2026-02-17
MO-019805,CTL-0016,300,Ended,19805,0.0,-22.69,17.63,16.81,5.77,-45.14,122.87,0.0,95.25,2026-03-06
MO-019806,SYS-0013,100,Ended,19806,0.0,587.77,3.88,36.91,13.66,-650.76,488.2,0.0,479.65,2026-03-23
MO-019807,AFT-0020,100,Ended,19807,0.0,1.42,22.27,29.73,9.1,-637.63,411.48,0.0,-163.63,2026-04-09
MO-019808,AFT-0057,300,Ended,19808,0.0,72.3,-1.5,-4.11,-1.29,156.06,18.56,0.0,240.02,2026-04-26
MO-019809,SA-0034,200,Ended,19809,0.0,122.72,0.74,-8.6,-3.04,173.57,15.05,0.0,300.45,2026-05-14
MO-019810,SA-0071,300,Ended,19810,0.0,59.88,12.02,-9.5,-3.44,-20.45,101.08,0.0,139.6,2026-05-31
MO-019811,DRV-0008,200,Ended,19811,0.0,20.47,3.41,-5.24,-1.89,-28.25,41.61,0.0,30.11,2026-06-17
MO-019855,AFT-0046,100,Ended,19855,0.0,1298.63,-0.26,-21.54,-7.42,-582.08,581.12,0.0,1268.44,2026-01-05
MO-019856,SA-0023,300,Ended,19856,0.0,75.84,4.71,-5.64,-2.01,31.93,86.42,0.0,191.25,2026-01-22
MO-019857,SA-0060,100,Ended,19857,0.0,-7.05,4.86,-2.4,-0.89,-289.19,20.86,0.0,-273.81,2026-02-08
MO-019858,SA-0097,200,Ended,19858,0.0,40.94,17.01,5.01,1.82,-136.12,72.13,0.0,0.8,2026-02-25
MO-019859,DRV-0034,200,Ended,19859,0.0,6.14,6.02,17.35,6.1,53.45,16.96,0.0,106.02,2026-03-14
MO-019860,ACT-0011,100,Ended,19860,0.0,209.22,5.82,24.67,8.85,12.7,145.8,0.0,407.07,2026-03-31
MO-019861,ACT-0048,200,Ended,19861,0.0,156.3,-0.5,16.28,6.24,-2050.39,138.03,0.0,-1734.05,2026-04-17
MO-019862,CTL-0025,300,Ended,19862,0.0,1391.51,-13.01,32.96,13.17,-678.27,521.03,0.0,1267.38,2026-05-04
MO-019863,SYS-0022,300,Ended,19863,0.0,3089.47,-4.47,54.78,23.84,-1670.0,1737.82,0.0,3231.45,2026-05-21
MO-019864,AFT-0029,100,Ended,19864,0.0,8.99,5.41,-10.8,-4.12,170.47,6.57,0.0,176.53,2026-06-07
MO-019865,SA-0006,100,Reported Finished,19865,0.0,686.71,7.52,-10.08,-3.49,-448.07,20.16,0.0,252.75,
MO-019909,CTL-0014,300,Ended,19909,0.0,-110.8,9.4,-6.37,-2.32,-140.38,33.87,0.0,-216.61,2026-01-13
MO-019910,SYS-0011,100,Ended,19910,0.0,751.02,27.5,-2.38,-0.33,-553.71,714.35,0.0,936.45,2026-01-30
MO-019911,AFT-0018,300,Ended,19911,0.0,86.76,33.19,-16.14,-6.1,-1383.37,408.58,0.0,-877.08,2026-02-16
MO-019912,AFT-0055,100,Ended,19912,0.0,18.33,7.84,-2.09,-0.81,21.91,12.66,0.0,57.85,2026-03-05
MO-019913,SA-0032,300,Ended,19913,0.0,13.03,8.48,-0.5,-0.15,49.84,9.55,0.0,80.26,2026-03-22
MO-019914,SA-0069,100,Ended,19914,0.0,38.25,4.14,7.33,2.72,103.81,15.68,0.0,171.93,2026-04-08
MO-019915,DRV-0006,200,Ended,19915,0.0,-112.95,0.35,17.46,6.25,-867.19,355.55,0.0,-600.53,2026-04-25
MO-019916,DRV-0043,100,Ended,19916,0.0,143.56,2.19,10.58,4.61,-426.19,162.87,0.0,-102.37,2026-05-12
MO-019917,ACT-0020,200,Ended,19917,0.0,254.45,-4.8,26.03,9.92,-236.06,169.07,0.0,218.62,2026-05-29
MO-019918,ACT-0057,100,Ended,19918,0.0,2858.71,7.97,34.67,12.09,-744.04,734.03,0.0,2903.42,2026-06-15
MO-019962,SA-0095,300,Ended,19962,0.0,242.39,6.15,-5.07,-2.22,37.62,133.86,0.0,412.72,2026-01-03
MO-019963,DRV-0032,200,Ended,19963,0.0,14.68,1.04,-1.05,-0.01,5.88,19.43,0.0,39.96,2026-01-20
MO-019964,ACT-0009,100,Ended,19964,0.0,23.54,6.21,-7.15,-2.72,-11.1,25.49,0.0,34.26,2026-02-07
MO-019965,ACT-0046,200,Ended,19965,0.0,354.58,15.83,-6.57,-1.89,-167.24,244.53,0.0,439.23,2026-02-24
MO-019966,CTL-0023,300,Ended,19966,0.0,1103.35,40.55,2.3,0.79,-520.64,696.15,0.0,1322.5,2026-03-13
MO-019967,SYS-0020,300,Ended,19967,0.0,2955.37,56.23,5.56,2.47,-2147.32,2074.1,0.0,2946.41,2026-03-30
MO-019968,AFT-0027,300,Ended,19968,0.0,2.79,2.0,-0.53,-0.21,63.77,9.84,0.0,77.66,2026-04-16
MO-019969,SA-0004,200,Ended,19969,0.0,6.24,0.93,0.33,0.08,78.02,5.65,0.0,91.24,2026-05-03
MO-019970,SA-0041,300,Ended,19970,0.0,131.18,-2.62,7.46,2.75,66.27,103.74,0.0,308.76,2026-05-20
MO-019971,SA-0078,100,Ended,19971,0.0,284.38,1.96,7.32,2.97,-624.19,130.91,0.0,-196.64,2026-06-06
MO-019972,DRV-0015,100,Started,19972,0.0,10312.01,4.69,5.08,1.92,45.07,86.36,0.0,10455.14,
MO-020016,AFT-0053,100,Ended,20016,0.0,26.21,2.64,-0.99,-0.4,28.01,29.1,0.0,84.57,2026-01-11
MO-020017,SA-0030,100,Ended,20017,0.0,26.84,3.79,-3.45,-1.42,-312.9,22.36,0.0,-264.78,2026-01-28
MO-020018,SA-0067,200,Ended,20018,0.0,18.93,14.78,-6.77,-2.52,-170.91,86.68,0.0,-59.82,2026-02-14
MO-020019,DRV-0004,200,Ended,20019,0.0,45.59,4.54,-4.09,-1.53,78.26,30.65,0.0,153.41,2026-03-03
MO-020020,DRV-0041,100,Ended,20020,0.0,49.58,12.29,-10.03,-4.14,-50.11,95.01,0.0,92.61,2026-03-20
MO-020021,ACT-0018,200,Ended,20021,0.0,251.41,31.12,-4.25,-1.78,-2544.28,379.39,0.0,-1888.39,2026-04-06
MO-020022,ACT-0055,100,Ended,20022,0.0,2427.1,11.86,44.02,16.3,-1867.44,896.64,0.0,1528.48,2026-04-23
MO-020023,CTL-0032,300,Ended,20023,0.0,439.61,4.98,16.99,5.65,-744.4,681.78,0.0,404.61,2026-05-10
MO-020024,SYS-0029,100,Ended,20024,0.0,163.56,-1.3,0.2,0.06,67.46,17.41,0.0,247.39,2026-05-27
MO-020025,AFT-0036,300,Ended,20025,0.0,187.74,1.55,3.11,1.1,-524.67,95.06,0.0,-236.11,2026-06-13
MO-020069,ACT-0044,200,Ended,20069,0.0,46.28,-11.3,33.28,11.44,-35.03,17.2,0.0,61.88,2026-01-02
MO-020070,CTL-0021,300,Ended,20070,0.0,1048.25,1.48,96.01,35.73,-566.9,594.48,0.0,1209.04,2026-01-19
MO-020071,SYS-0018,300,Ended,20071,0.0,318.17,30.0,38.19,12.65,-6217.54,441.97,0.0,-5376.55,2026-02-05
MO-020072,AFT-0025,100,Ended,20072,0.0,11.45,6.4,-2.88,-0.94,4.67,21.41,0.0,40.12,2026-02-22
MO-020073,SA-0002,300,Ended,20073,0.0,34.78,7.14,-5.05,-1.79,43.29,16.37,0.0,94.74,2026-03-11
MO-020074,SA-0039,100,Ended,20074,0.0,58.96,5.94,-5.76,-2.12,83.7,36.3,0.0,177.03,2026-03-28
MO-020075,SA-0076,200,Ended,20075,0.0,54.24,9.11,-6.27,-2.47,51.69,47.27,0.0,153.59,2026-04-14
MO-020076,DRV-0013,100,Ended,20076,0.0,235.75,12.32,-5.88,-2.17,-265.16,149.59,0.0,124.45,2026-05-01
MO-020077,DRV-0050,200,Ended,20077,0.0,1611.64,0.25,23.4,8.31,-930.02,847.07,0.0,1560.65,2026-05-18
MO-020078,ACT-0027,100,Ended,20078,0.0,-1468.57,7.31,90.53,35.3,-799.88,777.78,0.0,-1357.53,2026-06-04
MO-020079,CTL-0004,300,Released,20079,0.0,0.0,0.0,-16.2,-6.07,22.28,0.0,0.0,0.0,
MO-020123,DRV-0002,200,Ended,20123,0.0,379.31,-2.54,7.27,2.47,-147.03,181.67,0.0,421.15,2026-01-10
MO-020124,DRV-0039,100,Ended,20124,0.0,30.55,2.25,31.53,11.64,77.05,26.97,0.0,179.98,2026-01-27
MO-020125,ACT-0016,200,Ended,20125,0.0,139.46,4.25,39.51,15.08,-43.64,97.76,0.0,252.42,2026-02-13
MO-020126,ACT-0053,100,Ended,20126,0.0,350.15,24.68,42.73,15.04,-147.2,256.31,0.0,541.72,2026-03-02
MO-020127,CTL-0030,300,Ended,20127,0.0,1034.28,54.5,12.51,6.79,-7661.85,1537.48,0.0,-5016.28,2026-03-19
MO-020128,SYS-0027,100,Ended,20128,0.0,123.83,2.63,-4.14,-1.59,18.76,30.02,0.0,169.51,2026-04-05
MO-020129,AFT-0034,100,Ended,20129,0.0,83.01,3.0,-2.99,-1.05,43.51,10.02,0.0,135.51,2026-04-22
MO-020130,SA-0011,300,Ended,20130,0.0,130.3,5.82,-6.15,-2.34,43.39,144.8,0.0,315.83,2026-05-09
MO-020131,SA-0048,100,Ended,20131,0.0,17.94,0.58,-4.12,-1.45,-971.6,64.47,0.0,-894.17,2026-05-26
MO-020132,SA-0085,200,Ended,20132,0.0,276.2,-6.27,7.71,2.84,-272.6,162.93,0.0,170.8,2026-06-12
MO-020133,DRV-0022,200,Released,20133,0.0,0.0,0.0,-68.02,-24.61,92.63,0.0,0.0,0.0,
MO-020177,AFT-0060,300,Ended,20177,0.0,28.75,-0.08,1.5,0.53,-161.66,22.91,0.0,-108.05,2026-01-17
MO-020178,SA-0037,200,Ended,20178,0.0,161.11,-1.25,3.49,1.38,-104.42,73.88,0.0,134.19,2026-02-03
MO-020179,SA-0074,300,Ended,20179,0.0,65.98,4.34,17.31,6.16,26.49,14.77,0.0,135.05,2026-02-20
MO-020180,DRV-0011,100,Ended,20180,0.0,359.17,29.48,39.07,15.75,-36.44,288.19,0.0,695.22,2026-03-09
MO-020181,DRV-0048,200,Ended,20181,0.0,493.13,13.57,36.75,12.71,-1049.81,329.77,0.0,-163.88,2026-03-27
MO-020182,ACT-0025,100,Ended,20182,0.0,2162.92,37.56,10.39,3.88,-1668.16,1174.4,0.0,1720.99,2026-04-13
MO-020183,CTL-0002,300,Ended,20183,0.0,140.98,14.27,-9.84,-4.38,-820.8,384.84,0.0,-294.93,2026-04-30
MO-020184,CTL-0039,300,Ended,20184,0.0,-79.36,0.71,-3.43,-1.3,25.49,28.26,0.0,-29.63,2026-05-17
MO-020185,AFT-0006,300,Ended,20185,0.0,209.24,1.18,-5.68,-2.06,-767.4,575.5,0.0,10.78,2026-06-03
MO-020186,AFT-0043,100,Ended,20186,0.0,195.9,-3.96,-3.63,-1.39,-150.48,98.24,0.0,134.68,2026-06-20
MO-020230,ACT-0051,100,Ended,20230,0.0,8145.55,6.96,25.8,10.27,-3200.13,3185.21,0.0,8173.66,2026-01-08
MO-020231,CTL-0028,300,Ended,20231,0.0,1966.75,-7.53,6.37,2.56,-1621.8,1651.55,0.0,1997.9,2026-01-25
MO-020232,SYS-0025,100,Ended,20232,0.0,67.05,0.16,-5.14,-1.93,36.5,23.57,0.0,120.21,2026-02-11
MO-020233,AFT-0032,100,Ended,20233,0.0,102.48,1.44,3.53,1.36,5.65,26.6,0.0,141.07,2026-02-28
MO-020234,SA-0009,100,Ended,20234,0.0,9.22,6.5,13.77,5.45,41.95,26.03,0.0,102.91,2026-03-17
MO-020235,SA-0046,200,Ended,20235,0.0,41.77,21.04,20.2,7.91,77.34,60.19,0.0,228.45,2026-04-03
MO-020236,SA-0083,300,Ended,20236,0.0,354.47,18.52,9.98,3.5,-46.88,291.87,0.0,631.46,2026-04-20
MO-020237,DRV-0020,200,Ended,20237,0.0,425.95,19.53,11.13,3.64,-289.95,258.33,0.0,428.64,2026-05-07
MO-020238,DRV-0057,100,Ended,20238,0.0,1633.06,6.51,-4.93,-0.96,-1122.38,1083.65,0.0,1594.94,2026-05-24
MO-020239,ACT-0034,200,Ended,20239,0.0,279.58,-0.4,-3.98,-1.43,-5.75,59.27,0.0,327.3,2026-06-10
MO-020240,CTL-0011,300,Reported Finished,20240,0.0,1566.48,-0.71,-4.24,-1.49,14.11,42.7,0.0,1616.85,
MO-020284,DRV-0009,100,Ended,20284,0.0,107.11,1.43,-8.99,-3.4,11.01,21.34,0.0,128.49,2026-01-16
MO-020285,DRV-0046,200,Ended,20285,0.0,102.01,-2.3,8.61,3.01,-253.96,394.79,0.0,252.16,2026-02-02
MO-020286,ACT-0023,100,Ended,20286,0.0,2186.3,17.33,36.53,13.31,-1204.15,1294.85,0.0,2344.17,2026-02-19
MO-020287,ACT-0060,200,Ended,20287,0.0,25.15,2.25,9.18,3.12,-2632.05,114.46,0.0,-2477.89,2026-03-08
MO-020288,CTL-0037,300,Ended,20288,0.0,102.7,3.06,-3.53,-1.33,-69.33,129.94,0.0,161.52,2026-03-25
MO-020289,AFT-0004,100,Ended,20289,0.0,-63.64,8.31,10.67,3.98,6.81,42.87,0.0,9.01,2026-04-11
MO-020290,AFT-0041,100,Ended,20290,0.0,252.05,10.78,8.23,2.61,-73.5,203.53,0.0,403.69,2026-04-28
MO-020291,SA-0018,100,Ended,20291,0.0,137.53,9.0,6.78,2.42,-1208.25,140.79,0.0,-911.72,2026-05-15
MO-020292,SA-0055,200,Ended,20292,0.0,189.82,6.15,-1.7,-1.26,-672.33,220.93,0.0,-258.38,2026-06-01
MO-020293,SA-0092,300,Ended,20293,0.0,81.36,1.66,-0.76,0.37,-78.15,44.04,0.0,48.51,2026-06-18
MO-020337,AFT-0030,300,Ended,20337,0.0,15.6,4.79,-4.84,-2.02,-363.18,20.52,0.0,-329.13,2026-01-07
MO-020338,SA-0007,200,Ended,20338,0.0,-39.23,0.38,-11.57,-4.18,-106.59,76.3,0.0,-84.9,2026-01-24
MO-020339,SA-0044,300,Ended,20339,0.0,-26.89,-3.54,-5.99,-2.17,-0.64,9.59,0.0,-29.64,2026-02-10
MO-020340,SA-0081,100,Ended,20340,0.0,425.28,0.68,-0.17,-0.14,-240.35,281.96,0.0,467.27,2026-02-27
MO-020341,DRV-0018,200,Ended,20341,0.0,943.04,11.83,15.92,5.59,-3837.27,528.75,0.0,-2332.13,2026-03-16
MO-020342,DRV-0055,100,Ended,20342,0.0,9759.67,32.43,41.75,16.38,-2688.49,2268.18,0.0,9429.91,2026-04-02
MO-020343,ACT-0032,200,Ended,20343,0.0,206.24,23.66,30.38,11.23,-266.36,81.44,0.0,86.58,2026-04-19
MO-020344,CTL-0009,300,Ended,20344,0.0,46.38,10.31,2.31,0.85,110.83,21.98,0.0,192.67,2026-05-06
MO-020345,SYS-0006,300,Ended,20345,0.0,43.13,4.28,6.86,2.31,-185.14,43.66,0.0,-84.9,2026-05-23
MO-020346,AFT-0013,100,Ended,20346,0.0,307.74,3.12,0.94,0.26,-460.78,412.53,0.0,263.8,2026-06-09
MO-020347,AFT-0050,100,Started,20347,0.0,12516.21,0.74,1.15,0.41,-32.86,98.85,0.0,12584.49,
MO-020391,ACT-0058,200,Ended,20391,0.0,154.04,53.71,78.82,31.34,-180.49,252.42,0.0,389.84,2026-01-14
MO-020392,CTL-0035,300,Ended,20392,0.0,390.86,0.66,-9.13,-3.55,7.78,138.81,0.0,525.42,2026-01-31
MO-020393,AFT-0002,100,Ended,20393,0.0,-21.54,-2.61,-8.1,-2.88,-5.63,65.41,0.0,24.65,2026-02-17
MO-020394,AFT-0039,300,Ended,20394,0.0,2065.03,0.34,-5.26,-2.01,-275.52,299.37,0.0,2081.96,2026-03-06
MO-020395,SA-0016,200,Ended,20395,0.0,66.57,1.32,-2.03,-0.71,12.76,41.14,0.0,119.06,2026-03-23
MO-020396,SA-0053,300,Ended,20396,0.0,68.19,8.56,5.21,1.94,-196.9,312.95,0.0,199.96,2026-04-09
MO-020397,SA-0090,100,Ended,20397,0.0,153.82,18.92,18.14,6.49,-3661.82,159.87,0.0,-3304.59,2026-04-26
MO-020398,DRV-0027,100,Ended,20398,0.0,531.79,26.76,48.45,17.29,-334.51,327.25,0.0,617.03,2026-05-14
MO-020399,ACT-0004,200,Ended,20399,0.0,141.37,61.27,61.54,21.16,19.65,35.51,0.0,340.5,2026-05-31
MO-020400,ACT-0041,100,Ended,20400,0.0,58.24,2.84,2.66,0.97,118.99,33.26,0.0,216.96,2026-06-17
MO-020444,SA-0079,200,Ended,20444,0.0,114.71,6.33,13.23,5.71,-296.86,86.87,0.0,-70.02,2026-01-05
MO-020445,DRV-0016,200,Ended,20445,0.0,191.9,3.86,13.14,4.5,-106.22,171.81,0.0,278.99,2026-01-22
MO-020446,DRV-0053,100,Ended,20446,0.0,4611.86,9.04,66.21,24.99,-1233.4,1397.72,0.0,4876.42,2026-02-08
MO-020447,ACT-0030,200,Ended,20447,0.0,90.06,-13.89,-25.46,-11.56,-2686.6,232.98,0.0,-2414.47,2026-02-25
MO-020448,CTL-0007,300,Ended,20448,0.0,-98.67,3.87,-10.52,-4.02,-3.43,66.21,0.0,-46.55,2026-03-14
MO-020449,SYS-0004,300,Ended,20449,0.0,4.64,0.99,-5.86,-2.17,97.58,5.44,0.0,100.62,2026-03-31
MO-020450,AFT-0011,100,Ended,20450,0.0,103.68,4.47,-1.16,-0.44,-42.49,80.46,0.0,144.52,2026-04-17
MO-020451,AFT-0048,300,Ended,20451,0.0,1008.31,9.85,4.03,1.43,-1119.45,415.07,0.0,319.23,2026-05-04
MO-020452,SA-0025,200,Ended,20452,0.0,362.75,11.62,6.78,2.48,-378.55,151.71,0.0,156.8,2026-05-21
MO-020453,SA-0062,300,Ended,20453,0.0,2.32,20.43,25.09,8.51,-237.27,94.13,0.0,-86.79,2026-06-07
MO-020454,SA-0099,100,Released,20454,0.0,0.0,0.0,-50.97,-19.64,70.61,0.0,0.0,0.0,
MO-020498,AFT-0037,100,Ended,20498,0.0,79.34,5.02,8.59,3.22,-294.03,215.42,0.0,17.54,2026-01-13
MO-020499,SA-0014,300,Ended,20499,0.0,39.14,1.09,9.42,3.78,0.63,14.81,0.0,68.86,2026-01-30
MO-020500,SA-0051,100,Ended,20500,0.0,161.39,1.63,-0.13,-0.23,-338.26,381.05,0.0,205.44,2026-02-16
MO-020501,SA-0088,200,Ended,20501,0.0,44.64,-11.43,41.09,14.76,4.0,82.08,0.0,175.14,2026-03-05
MO-020502,DRV-0025,100,Ended,20502,0.0,1715.7,0.5,-6.69,-0.08,-1723.0,941.16,0.0,927.59,2026-03-22
MO-020503,ACT-0002,200,Ended,20503,0.0,370.03,32.35,-45.78,-16.81,-353.83,139.45,0.0,125.4,2026-04-08
MO-020504,ACT-0039,100,Ended,20504,0.0,79.12,8.52,-6.73,-2.45,118.73,11.4,0.0,208.59,2026-04-25
MO-020505,CTL-0016,300,Ended,20505,0.0,66.18,3.25,-3.91,-1.4,68.56,27.31,0.0,159.99,2026-05-12
MO-020506,SYS-0013,100,Ended,20506,0.0,83.65,6.27,0.95,0.32,-136.91,122.05,0.0,76.33,2026-05-29
MO-020507,AFT-0020,100,Ended,20507,0.0,-93.82,5.01,4.39,1.53,-70.9,94.05,0.0,-59.74,2026-06-15
MO-020551,ACT-0028,200,Ended,20551,0.0,212.18,39.16,23.17,7.79,-99.9,149.51,0.0,331.91,2026-01-03
MO-020552,CTL-0005,300,Ended,20552,0.0,-57.25,4.05,1.58,0.57,16.09,47.92,0.0,12.97,2026-01-20
MO-020553,SYS-0002,300,Ended,20553,0.0,101.46,1.24,5.21,1.84,28.35,48.95,0.0,187.06,2026-02-07
MO-020554,AFT-0009,300,Ended,20554,0.0,51.02,1.55,-0.56,-0.51,133.56,21.8,0.0,206.85,2026-02-24
MO-020555,AFT-0046,100,Ended,20555,0.0,215.6,-3.47,9.63,3.45,-100.95,132.83,0.0,257.09,2026-03-13
MO-020556,SA-0023,300,Ended,20556,0.0,774.56,1.16,26.19,8.81,-282.89,403.31,0.0,931.14,2026-03-30
MO-020557,SA-0060,100,Ended,20557,0.0,211.67,3.09,1.64,2.32,-1609.45,93.86,0.0,-1296.87,2026-04-16
MO-020558,SA-0097,200,Ended,20558,0.0,430.65,26.83,-35.15,-13.35,-1114.54,288.53,0.0,-417.04,2026-05-03
MO-020559,DRV-0034,200,Ended,20559,0.0,-171.42,58.72,-10.92,-3.65,-57.72,74.2,0.0,-110.79,2026-05-20
MO-020560,ACT-0011,100,Ended,20560,0.0,30.19,3.68,-4.72,-1.78,132.04,31.24,0.0,190.66,2026-06-06
MO-020561,ACT-0048,200,Reported Finished,20561,0.0,217.7,4.83,-3.08,-1.14,-254.25,7.67,0.0,-28.27,
MO-020605,SA-0086,300,Ended,20605,0.0,305.11,39.34,14.4,5.67,-327.41,262.14,0.0,299.25,2026-01-11
MO-020606,DRV-0023,100,Ended,20606,0.0,511.13,24.24,95.66,37.3,-592.3,815.78,0.0,891.79,2026-01-28
MO-020607,DRV-0060,200,Ended,20607,0.0,110.58,19.52,35.31,13.59,-4604.43,196.23,0.0,-4229.21,2026-02-14
MO-020608,ACT-0037,100,Ended,20608,0.0,536.12,0.24,1.81,0.67,-86.33,113.74,0.0,566.24,2026-03-03
MO-020609,CTL-0014,300,Ended,20609,0.0,19.18,-0.55,-0.53,-0.29,70.22,7.53,0.0,95.56,2026-03-20
MO-020610,SYS-0011,100,Ended,20610,0.0,118.37,2.46,0.53,-0.03,27.15,178.59,0.0,327.07,2026-04-06
MO-020611,AFT-0018,300,Ended,20611,0.0,-43.43,1.49,10.1,3.62,-286.23,93.39,0.0,-221.07,2026-04-23
MO-020612,AFT-0055,100,Ended,20612,0.0,47.73,14.31,-9.13,-3.89,-221.4,59.09,0.0,-113.28,2026-05-10
MO-020613,SA-0032,300,Ended,20613,0.0,7.31,15.57,-20.86,-7.7,-131.86,42.99,0.0,-94.54,2026-05-27
MO-020614,SA-0069,100,Ended,20614,0.0,248.78,44.27,-11.8,-4.46,-143.25,62.72,0.0,196.27,2026-06-13
MO-020658,AFT-0007,100,Ended,20658,0.0,15.41,5.46,-6.53,-2.4,-66.7,20.72,0.0,-34.03,2026-01-02
MO-020659,AFT-0044,100,Ended,20659,0.0,72.05,14.32,-3.14,-0.98,-6.16,40.09,0.0,116.17,2026-01-19
MO-020660,SA-0021,100,Ended,20660,0.0,522.52,18.13,7.93,2.91,-314.13,330.76,0.0,568.11,2026-02-05
MO-020661,SA-0058,200,Ended,20661,0.0,203.68,10.4,35.71,12.72,-37.3,123.54,0.0,348.74,2026-02-22
MO-020662,SA-0095,300,Ended,20662,0.0,530.33,5.7,100.64,36.76,-333.73,535.42,0.0,875.12,2026-03-11
MO-020663,DRV-0032,200,Ended,20663,0.0,-50.06,-10.16,34.31,11.79,-367.19,85.0,0.0,-296.3,2026-03-28
MO-020664,ACT-0009,100,Ended,20664,0.0,-10.21,0.16,1.2,0.43,50.54,5.46,0.0,47.58,2026-04-14
MO-020665,ACT-0046,200,Ended,20665,0.0,46.63,2.02,-0.82,-0.43,58.79,54.34,0.0,160.54,2026-05-01
MO-020666,CTL-0023,300,Ended,20666,0.0,319.48,11.44,6.09,3.03,58.46,174.04,0.0,572.53,2026-05-18
MO-020667,SYS-0020,300,Ended,20667,0.0,267.61,7.38,-3.05,-1.52,-469.7,474.08,0.0,274.79,2026-06-04
MO-020668,AFT-0027,300,Started,20668,0.0,2245.86,9.83,-5.63,-2.12,38.18,22.96,0.0,2309.09,
MO-020712,ACT-0035,100,Ended,20712,0.0,296.33,5.82,-12.34,-4.73,171.44,88.37,0.0,544.89,2026-01-10
MO-020713,CTL-0012,300,Ended,20713,0.0,1003.73,3.03,-4.04,-1.44,-324.46,179.31,0.0,856.13,2026-01-27
MO-020714,SYS-0009,100,Ended,20714,0.0,83.1,13.83,-5.19,-2.0,47.64,19.25,0.0,156.63,2026-02-13
MO-020715,AFT-0016,100,Ended,20715,0.0,349.13,6.17,8.42,2.96,-179.13,338.32,0.0,525.87,2026-03-02
MO-020716,AFT-0053,100,Ended,20716,0.0,40.57,3.03,38.82,14.2,-58.4,135.8,0.0,174.02,2026-03-19
MO-020717,SA-0030,100,Ended,20717,0.0,61.38,-2.12,41.43,14.56,-1719.53,100.63,0.0,-1503.65,2026-04-05
MO-020718,SA-0067,200,Ended,20718,0.0,638.33,20.53,53.88,19.44,-1254.59,346.71,0.0,-175.69,2026-04-22
MO-020719,DRV-0004,200,Ended,20719,0.0,169.19,3.8,33.32,12.77,-74.55,134.09,0.0,278.62,2026-05-09
MO-020720,DRV-0041,100,Ended,20720,0.0,17.31,1.66,0.69,0.34,43.99,20.36,0.0,84.35,2026-05-26
MO-020721,ACT-0018,200,Ended,20721,0.0,1.22,7.51,1.88,1.13,-461.98,84.31,0.0,-365.93,2026-06-12
MO-020722,ACT-0055,100,Started,20722,0.0,9148.98,6.93,-5.84,-2.28,34.43,74.72,0.0,9256.95,
MO-020766,SA-0093,100,Ended,20766,0.0,428.22,24.06,-6.25,-1.25,-405.43,377.55,0.0,416.9,2026-01-17
MO-020767,DRV-0030,200,Ended,20767,0.0,89.69,20.39,-10.37,-3.78,-5482.61,235.05,0.0,-5151.63,2026-02-03
MO-020768,ACT-0007,100,Ended,20768,0.0,-48.02,3.49,-11.74,-4.22,13.73,83.0,0.0,36.24,2026-02-20
MO-020769,ACT-0044,200,Ended,20769,0.0,2.2,4.14,-3.34,-1.22,21.07,3.82,0.0,26.67,2026-03-09
MO-020770,CTL-0021,300,Ended,20770,0.0,212.26,-0.15,1.73,0.59,-75.05,148.62,0.0,288.01,2026-03-27
MO-020771,SYS-0018,300,Ended,20771,0.0,87.74,-1.48,12.95,4.57,-1284.35,101.02,0.0,-1079.55,2026-04-13
MO-020772,AFT-0025,100,Ended,20772,0.0,85.2,11.93,45.39,17.69,-179.56,99.93,0.0,80.58,2026-04-30
MO-020773,SA-0002,300,Ended,20773,0.0,57.32,12.99,42.79,15.31,-131.3,73.68,0.0,70.79,2026-05-17
MO-020774,SA-0039,100,Ended,20774,0.0,-194.7,35.91,25.08,10.67,-195.75,145.21,0.0,-173.57,2026-06-03
MO-020775,SA-0076,200,Ended,20775,0.0,124.66,15.57,51.36,19.54,-138.52,206.82,0.0,279.43,2026-06-20
MO-020819,AFT-0014,100,Ended,20819,0.0,19.22,4.78,17.33,6.61,-10.68,37.44,0.0,74.7,2026-01-08
MO-020820,AFT-0051,300,Ended,20820,0.0,27.24,15.91,4.54,1.6,-416.01,470.34,0.0,103.61,2026-01-25
MO-020821,SA-0028,200,Ended,20821,0.0,100.9,11.16,-0.93,0.46,-113.78,133.38,0.0,131.2,2026-02-11
MO-020822,SA-0065,300,Ended,20822,0.0,780.23,13.4,-12.34,-4.71,-241.44,295.07,0.0,830.2,2026-02-28
MO-020823,DRV-0002,200,Ended,20823,0.0,1773.88,16.91,-11.28,-3.15,-1166.2,794.79,0.0,1404.95,2026-03-17
MO-020824,DRV-0039,100,Ended,20824,0.0,2.66,1.42,-11.85,-4.58,221.38,5.78,0.0,214.82,2026-04-03
MO-020825,ACT-0016,200,Ended,20825,0.0,20.74,-2.26,-0.91,-0.3,22.32,21.73,0.0,61.31,2026-04-20
MO-020826,ACT-0053,100,Ended,20826,0.0,45.29,0.4,5.33,1.97,40.71,64.08,0.0,157.79,2026-05-07
MO-020827,CTL-0030,300,Ended,20827,0.0,-106.89,7.55,15.21,5.43,-1604.06,351.42,0.0,-1331.34,2026-05-24
MO-020828,SYS-0027,100,Ended,20828,0.0,418.56,20.36,21.05,7.82,-105.91,140.08,0.0,501.96,2026-06-10
MO-020829,AFT-0034,100,Released,20829,0.0,0.0,0.0,-31.74,-11.19,42.94,0.0,0.0,0.0,
MO-020873,ACT-0042,200,Ended,20873,0.0,23.6,9.59,3.26,0.99,-645.57,25.74,0.0,-582.39,2026-01-16
MO-020874,CTL-0019,300,Ended,20874,0.0,176.46,12.4,2.19,0.7,-73.04,35.31,0.0,154.02,2026-02-02
MO-020875,SYS-0016,300,Ended,20875,0.0,501.74,7.33,4.56,1.62,-338.35,404.44,0.0,581.34,2026-02-19
MO-020876,AFT-0023,100,Ended,20876,0.0,123.64,10.6,-4.31,-1.8,51.85,76.49,0.0,256.48,2026-03-08
MO-020877,AFT-0060,300,Ended,20877,0.0,41.41,0.25,-5.43,-1.93,-900.12,103.09,0.0,-762.72,2026-03-25
MO-020878,SA-0037,200,Ended,20878,0.0,206.25,21.3,-18.59,-7.73,-710.48,295.51,0.0,-213.74,2026-04-11
MO-020879,SA-0074,300,Ended,20879,0.0,129.98,-19.01,-6.64,-2.88,-457.9,64.6,0.0,-291.85,2026-04-28
MO-020880,DRV-0011,100,Ended,20880,0.0,68.39,3.01,-6.8,-2.44,181.74,61.75,0.0,305.65,2026-05-15
MO-020881,DRV-0048,200,Ended,20881,0.0,96.15,0.69,0.46,0.12,-202.82,73.28,0.0,-32.12,2026-06-01
MO-020882,ACT-0025,100,Ended,20882,0.0,534.81,6.09,7.04,2.59,-329.71,293.6,0.0,514.41,2026-06-18
MO-020926,SA-0063,100,Ended,20926,0.0,1664.91,16.28,44.52,15.95,-585.99,591.07,0.0,1746.74,2026-01-07
MO-020927,SA-0100,200,Ended,20927,0.0,590.59,21.83,65.04,22.36,-246.76,299.19,0.0,752.26,2026-01-24
MO-020928,DRV-0037,100,Ended,20928,0.0,782.64,7.02,4.6,1.7,-76.7,134.08,0.0,853.34,2026-02-10
MO-020929,ACT-0014,200,Ended,20929,0.0,30.19,9.13,-2.44,-0.92,107.67,10.89,0.0,154.52,2026-02-27
MO-020930,ACT-0051,100,Ended,20930,0.0,1540.94,4.81,-2.03,-0.4,-728.96,796.3,0.0,1610.66,2026-03-16
MO-020931,CTL-0028,300,Ended,20931,0.0,150.83,3.35,-2.12,-0.95,-309.86,377.5,0.0,218.75,2026-04-02
MO-020932,SYS-0025,100,Ended,20932,0.0,210.23,-0.07,-3.86,-1.42,-383.55,110.0,0.0,-68.68,2026-04-19
MO-020933,AFT-0032,100,Ended,20933,0.0,465.57,-8.85,-16.44,-6.39,-168.5,119.72,0.0,385.11,2026-05-06
MO-020934,SA-0009,100,Ended,20934,0.0,556.79,-3.87,-10.16,-3.74,-143.72,104.11,0.0,499.41,2026-05-23
MO-020935,SA-0046,200,Ended,20935,0.0,167.27,37.11,46.88,16.63,-190.91,263.33,0.0,340.31,2026-06-09
MO-020936,SA-0083,300,Reported Finished,20936,0.0,569.71,10.24,-4.25,-1.6,252.08,15.64,0.0,841.82,
MO-020980,AFT-0021,300,Ended,20980,0.0,80.18,12.31,19.24,7.0,-76.1,138.33,0.0,180.95,2026-01-14
MO-020981,AFT-0058,100,Ended,20981,0.0,84.9,6.49,15.09,5.16,-12.94,89.49,0.0,188.19,2026-01-31
MO-020982,SA-0035,300,Ended,20982,0.0,492.49,35.5,59.22,21.8,-444.74,530.8,0.0,695.08,2026-02-17
MO-020983,SA-0072,100,Ended,20983,0.0,196.3,48.21,78.97,30.14,-2275.37,130.42,0.0,-1791.33,2026-03-06
MO-020984,DRV-0009,100,Ended,20984,0.0,12.45,5.2,-1.19,-0.55,107.3,4.57,0.0,127.77,2026-03-23
MO-020985,DRV-0046,200,Ended,20985,0.0,199.84,3.34,-5.66,-1.79,103.12,87.73,0.0,386.58,2026-04-09
MO-020986,ACT-0023,100,Ended,20986,0.0,460.5,1.18,-5.18,-2.07,-241.16,323.71,0.0,536.99,2026-04-26
MO-020987,ACT-0060,200,Ended,20987,0.0,34.95,-1.48,-2.67,-0.93,-545.98,26.16,0.0,-489.95,2026-05-14
MO-020988,CTL-0037,300,Ended,20988,0.0,-469.19,-2.97,-12.56,-4.69,-886.66,606.41,0.0,-769.66,2026-05-31
MO-020989,AFT-0004,100,Ended,20989,0.0,-879.52,12.51,-0.57,0.3,-162.16,192.93,0.0,-836.51,2026-06-17
MO-021033,ACT-0012,200,Ended,21033,0.0,-10.39,-0.64,-3.65,-1.31,-283.13,12.42,0.0,-286.71,2026-01-05
MO-021034,ACT-0049,100,Ended,21034,0.0,-42.35,2.95,-0.84,-0.35,-98.5,29.06,0.0,-110.02,2026-01-22
MO-021035,CTL-0026,300,Ended,21035,0.0,241.29,5.8,5.53,1.94,-189.91,208.87,0.0,273.52,2026-02-08
MO-021036,SYS-0023,100,Ended,21036,0.0,1608.69,15.11,26.57,10.61,-483.96,653.49,0.0,1830.51,2026-02-25
MO-021037,AFT-0030,300,Ended,21037,0.0,137.38,28.28,35.0,13.4,-2004.37,92.35,0.0,-1697.97,2026-03-14
MO-021038,SA-0007,200,Ended,21038,0.0,123.94,29.46,76.16,30.83,-515.69,305.19,0.0,49.89,2026-03-31
MO-021039,SA-0044,300,Ended,21039,0.0,240.88,23.11,73.48,25.41,-152.1,41.94,0.0,252.7,2026-04-17
MO-021040,SA-0081,100,Ended,21040,0.0,55.92,0.04,-4.73,-1.78,48.53,60.42,0.0,158.4,2026-05-04
MO-021041,DRV-0018,200,Ended,21041,0.0,131.18,-0.74,-7.96,-2.88,-703.93,117.5,0.0,-466.83,2026-05-21
MO-021042,DRV-0055,100,Ended,21042,0.0,1881.75,3.97,-3.31,-1.22,-606.92,567.04,0.0,1841.31,2026-06-07
MO-021043,ACT-0032,200,Started,21043,0.0,936.45,0.39,-2.97,-1.06,48.04,9.31,0.0,990.16,
MO-021087,SA-0070,200,Ended,21087,0.0,130.24,12.81,-14.29,-4.79,-254.75,262.58,0.0,131.79,2026-01-13
MO-021088,DRV-0007,100,Ended,21088,0.0,126.65,5.52,-3.08,-1.15,13.19,40.68,0.0,181.81,2026-01-30
MO-021089,DRV-0044,200,Ended,21089,0.0,22.73,1.92,-2.52,-0.92,53.61,4.38,0.0,79.21,2026-02-16
MO-021090,ACT-0021,100,Ended,21090,0.0,355.81,6.38,0.03,0.01,-46.17,162.42,0.0,478.48,2026-03-05
MO-021091,ACT-0058,200,Ended,21091,0.0,49.62,9.39,9.63,3.65,12.51,57.7,0.0,142.49,2026-03-22
MO-021092,CTL-0035,300,Ended,21092,0.0,1158.25,19.24,42.93,16.57,-479.24,647.78,0.0,1405.53,2026-04-08
MO-021093,AFT-0002,100,Ended,21093,0.0,-551.55,14.34,34.9,12.05,-359.34,294.34,0.0,-555.26,2026-04-25
MO-021094,AFT-0039,300,Ended,21094,0.0,4462.07,-1.17,43.1,18.19,-1174.54,1197.48,0.0,4545.13,2026-05-12
MO-021095,SA-0016,200,Ended,21095,0.0,196.42,-11.29,22.46,7.4,-147.96,180.0,0.0,247.02,2026-05-29
MO-021096,SA-0053,300,Ended,21096,0.0,136.2,0.11,-6.35,-2.29,57.71,67.06,0.0,252.43,2026-06-15
MO-021140,SYS-0021,100,Ended,21140,0.0,1369.52,-7.19,-9.94,-4.23,-667.53,677.57,0.0,1358.2,2026-01-03
MO-021141,AFT-0028,100,Ended,21141,0.0,257.86,7.28,-20.98,-7.2,-56.89,125.91,0.0,305.99,2026-01-20
MO-021142,SA-0005,300,Ended,21142,0.0,521.97,13.17,-14.94,-5.66,-164.14,262.09,0.0,612.49,2026-02-07
MO-021143,SA-0042,100,Ended,21143,0.0,1103.37,39.18,9.72,3.31,-1960.03,283.24,0.0,-521.22,2026-02-24
MO-021144,SA-0079,200,Ended,21144,0.0,-30.07,4.66,-1.61,-0.59,31.2,18.61,0.0,22.2,2026-03-13
MO-021145,DRV-0016,200,Ended,21145,0.0,19.1,3.05,-2.04,-0.73,44.4,38.18,0.0,101.96,2026-03-30
MO-021146,DRV-0053,100,Ended,21146,0.0,881.01,11.57,3.76,1.4,-182.78,349.43,0.0,1064.39,2026-04-16
MO-021147,ACT-0030,200,Ended,21147,0.0,79.42,4.29,23.7,8.77,-540.6,53.25,0.0,-371.18,2026-05-03
MO-021148,CTL-0007,300,Ended,21148,0.0,1166.92,4.95,22.63,7.59,-599.25,308.98,0.0,911.82,2026-05-20
MO-021149,SYS-0004,300,Ended,21149,0.0,131.26,-7.64,37.64,14.35,71.51,24.47,0.0,271.58,2026-06-06
MO-021150,AFT-0011,100,Released,21150,0.0,0.0,0.0,-21.6,-8.1,29.7,0.0,0.0,0.0,
MO-021194,ACT-0019,100,Ended,21194,0.0,196.42,-3.17,12.15,5.1,-112.2,43.72,0.0,142.02,2026-01-11
MO-021195,ACT-0056,200,Ended,21195,0.0,299.49,-1.65,-3.45,-1.7,-97.24,123.72,0.0,319.17,2026-01-28
MO-021196,CTL-0033,300,Ended,21196,0.0,1659.95,6.91,-19.74,-7.43,-1024.21,1029.43,0.0,1644.92,2026-02-14
MO-021197,SYS-0030,300,Ended,21197,0.0,-822.18,23.66,-5.05,-1.93,-3070.47,893.39,0.0,-2982.59,2026-03-03
MO-021198,AFT-0037,100,Ended,21198,0.0,-838.47,34.05,27.17,9.91,-1852.76,861.66,0.0,-1758.43,2026-03-20
MO-021199,SA-0014,300,Ended,21199,0.0,109.94,27.95,24.39,8.59,-169.55,64.81,0.0,66.13,2026-04-06
MO-021200,SA-0051,100,Ended,21200,0.0,159.1,1.5,-1.45,-0.53,34.03,81.65,0.0,274.31,2026-04-23
MO-021201,SA-0088,200,Ended,21201,0.0,33.85,6.69,0.19,0.05,72.76,18.24,0.0,131.79,2026-05-10
MO-021202,DRV-0025,100,Ended,21202,0.0,193.32,1.51,17.26,6.43,-291.06,235.29,0.0,162.75,2026-05-27
MO-021203,ACT-0002,200,Ended,21203,0.0,45.81,-2.03,16.66,5.68,-7.33,31.88,0.0,90.66,2026-06-13
MO-021247,SA-0040,200,Ended,21247,0.0,1142.91,-0.85,39.2,15.01,-373.49,432.21,0.0,1255.0,2026-01-02
MO-021248,SA-0077,300,Ended,21248,0.0,9.65,-0.51,-0.69,-0.3,29.61,10.85,0.0,48.61,2026-01-19
MO-021249,DRV-0014,200,Ended,21249,0.0,19.07,-0.4,5.73,2.4,46.35,19.54,0.0,92.68,2026-02-05
MO-021250,DRV-0051,100,Ended,21250,0.0,469.06,7.59,-8.89,-3.76,-435.81,553.52,0.0,581.7,2026-02-22
MO-021251,ACT-0028,200,Ended,21251,0.0,27.35,4.45,-10.22,-3.65,62.83,34.17,0.0,114.93,2026-03-11
MO-021252,CTL-0005,300,Ended,21252,0.0,813.81,16.01,-8.46,-3.25,-173.86,223.64,0.0,867.9,2026-03-28
MO-021253,SYS-0002,300,Ended,21253,0.0,177.33,18.58,6.78,2.41,-313.19,220.27,0.0,112.18,2026-04-14
MO-021254,AFT-0009,300,Ended,21254,0.0,-30.98,8.56,40.19,15.78,-150.59,87.19,0.0,-29.86,2026-05-01
MO-021255,AFT-0046,100,Ended,21255,0.0,587.79,21.96,6.56,2.53,-567.0,581.12,0.0,632.98,2026-05-18
MO-021256,SA-0023,300,Ended,21256,0.0,100.51,1.34,-0.44,-0.2,34.87,86.42,0.0,222.5,2026-06-04
MO-021257,SA-0060,100,Reported Finished,21257,0.0,199.16,-2.58,2.53,0.84,-198.19,6.95,0.0,8.71,
MO-021301,SYS-0028,300,Ended,21301,0.0,-388.83,-0.29,17.01,6.54,-719.67,760.74,0.0,-324.5,2026-01-10
MO-021302,AFT-0035,100,Ended,21302,0.0,-403.73,-4.3,39.79,14.85,-859.36,962.85,0.0,-249.9,2026-01-27
MO-021303,SA-0012,100,Ended,21303,0.0,31.46,-1.21,27.02,9.26,-3707.59,145.79,0.0,-3495.27,2026-02-13
MO-021304,SA-0049,200,Ended,21304,0.0,30.96,0.53,4.78,1.81,12.05,7.45,0.0,57.58,2026-03-02
MO-021305,SA-0086,300,Ended,21305,0.0,62.0,5.94,-6.18,-2.45,-2.12,58.25,0.0,115.44,2026-03-19
MO-021306,DRV-0023,100,Ended,21306,0.0,-17.55,14.18,-11.46,-4.33,-20.01,203.95,0.0,164.78,2026-04-05
MO-021307,DRV-0060,200,Ended,21307,0.0,-0.47,9.79,-5.47,-2.0,-958.14,44.85,0.0,-911.44,2026-04-22
MO-021308,ACT-0037,100,Ended,21308,0.0,1668.44,9.17,-0.38,-0.15,-646.04,530.79,0.0,1561.83,2026-05-09
MO-021309,CTL-0014,300,Ended,21309,0.0,218.59,3.35,12.89,4.59,-129.9,33.87,0.0,143.39,2026-05-26
MO-021310,SYS-0011,100,Ended,21310,0.0,1453.65,20.31,37.05,13.44,-530.48,714.35,0.0,1708.31,2026-06-12
MO-021311,AFT-0018,300,Reported Finished,21311,0.0,4521.55,-16.55,34.79,11.85,-846.77,102.14,0.0,3807.02,
MO-021355,ACT-0026,200,Ended,21355,0.0,151.22,0.77,17.0,6.07,-287.09,330.83,0.0,218.81,2026-01-17
MO-021356,CTL-0003,300,Ended,21356,0.0,1038.05,2.4,26.53,9.84,-396.53,495.64,0.0,1175.93,2026-02-03
MO-021357,CTL-0040,300,Ended,21357,0.0,1019.82,-0.88,13.38,4.58,-961.68,997.22,0.0,1072.43,2026-02-20
MO-021358,AFT-0007,100,Ended,21358,0.0,-38.98,2.54,34.29,13.16,-555.76,82.87,0.0,-461.87,2026-03-09
MO-021359,AFT-0044,100,Ended,21359,0.0,-199.75,30.01,42.14,12.13,-589.59,175.38,0.0,-529.67,2026-03-27
MO-021360,SA-0021,100,Ended,21360,0.0,71.58,5.3,-3.11,-0.91,-34.87,70.88,0.0,108.87,2026-04-13
MO-021361,SA-0058,200,Ended,21361,0.0,35.74,6.66,-8.58,-3.13,63.01,27.45,0.0,121.14,2026-04-30
MO-021362,SA-0095,300,Ended,21362,0.0,236.77,5.59,-3.35,-1.21,40.77,133.86,0.0,412.42,2026-05-17
MO-021363,DRV-0032,200,Ended,21363,0.0,71.8,4.68,-1.98,-0.73,4.78,19.43,0.0,97.97,2026-06-03
MO-021364,ACT-0009,100,Ended,21364,0.0,43.26,-0.89,3.9,1.4,-3.29,25.49,0.0,69.88,2026-06-20
MO-021408,SA-0047,300,Ended,21408,0.0,23.82,2.59,-6.65,-2.31,192.56,19.75,0.0,229.76,2026-01-08
MO-021409,SA-0084,100,Ended,21409,0.0,71.5,0.8,1.13,0.36,-100.03,14.19,0.0,-12.05,2026-01-25
MO-021410,DRV-0021,100,Ended,21410,0.0,116.25,-2.67,8.44,3.11,-116.18,179.56,0.0,188.51,2026-02-11
MO-021411,DRV-0058,200,Ended,21411,0.0,539.03,2.9,17.09,6.0,-189.78,324.27,0.0,699.51,2026-02-28
MO-021412,ACT-0035,100,Ended,21412,0.0,962.75,15.49,8.92,2.86,-171.7,412.41,0.0,1230.73,2026-03-17
MO-021413,CTL-0012,300,Ended,21413,0.0,3247.75,3.78,23.31,8.37,-1606.58,806.88,0.0,2483.51,2026-04-03
MO-021414,SYS-0009,100,Ended,21414,0.0,205.96,32.76,39.4,14.74,-84.15,77.01,0.0,285.73,2026-04-20
MO-021415,AFT-0016,100,Ended,21415,0.0,2405.18,52.64,-17.48,-5.8,-1430.59,1480.16,0.0,2484.11,2026-05-07
MO-021416,AFT-0053,100,Ended,21416,0.0,30.82,2.39,-5.61,-2.04,26.29,29.1,0.0,80.96,2026-05-24
MO-021417,SA-0030,100,Ended,21417,0.0,0.44,1.39,-4.53,-1.56,-313.09,22.36,0.0,-294.99,2026-06-10
MO-021418,SA-0067,200,Started,21418,0.0,4909.79,1.16,-1.28,-0.47,61.15,43.34,0.0,5013.68,
MO-021462,AFT-0005,100,Ended,21462,0.0,1379.47,22.16,-1.51,-0.2,-913.61,980.67,0.0,1466.97,2026-01-16
MO-021463,AFT-0042,300,Ended,21463,0.0,151.65,6.89,5.86,1.69,-2637.95,104.73,0.0,-2367.13,2026-02-02
MO-021464,SA-0019,200,Ended,21464,0.0,37.6,0.82,-0.14,-0.01,84.32,14.37,0.0,136.97,2026-02-19
MO-021465,SA-0056,300,Ended,21465,0.0,110.83,-0.43,2.37,0.93,-37.98,58.61,0.0,134.33,2026-03-08
MO-021466,SA-0093,100,Ended,21466,0.0,129.56,2.86,8.96,3.34,-31.75,94.39,0.0,207.35,2026-03-25
MO-021467,DRV-0030,200,Ended,21467,0.0,80.39,8.02,5.95,1.96,-1128.08,53.73,0.0,-978.02,2026-04-11
MO-021468,ACT-0007,100,Ended,21468,0.0,-733.77,12.96,10.78,3.47,-833.88,387.34,0.0,-1153.09,2026-04-28
MO-021469,ACT-0044,200,Ended,21469,0.0,-26.44,25.77,24.31,8.71,-39.14,17.2,0.0,10.4,2026-05-15
MO-021470,CTL-0021,300,Ended,21470,0.0,513.66,38.3,-15.92,-6.88,-652.15,594.48,0.0,471.49,2026-06-01
MO-021471,SYS-0018,300,Ended,21471,0.0,170.51,9.74,-32.89,-11.3,-6253.77,441.97,0.0,-5675.73,2026-06-18
MO-021515,DRV-0056,200,Ended,21515,0.0,-84.97,5.44,-3.66,-1.29,-587.46,598.63,0.0,-73.31,2026-01-07
MO-021516,ACT-0033,100,Ended,21516,0.0,79.4,9.03,-8.23,-2.99,-333.75,370.21,0.0,113.67,2026-01-24
MO-021517,CTL-0010,300,Ended,21517,0.0,2288.85,0.83,-1.18,-0.15,-638.97,767.21,0.0,2416.59,2026-02-10
MO-021518,SYS-0007,100,Ended,21518,0.0,529.19,-4.21,39.81,14.91,-684.16,252.02,0.0,147.56,2026-02-27
MO-021519,AFT-0014,100,Ended,21519,0.0,690.73,-3.84,22.15,8.66,-353.91,163.8,0.0,527.59,2026-03-16
MO-021520,AFT-0051,300,Ended,21520,0.0,279.45,1.98,-2.61,-0.99,29.31,100.79,0.0,407.93,2026-04-02
MO-021521,SA-0028,200,Ended,21521,0.0,0.45,1.37,2.34,0.79,-1.71,29.64,0.0,32.88,2026-04-19
MO-021522,SA-0065,300,Ended,21522,0.0,121.29,5.89,7.56,2.79,12.56,73.77,0.0,223.85,2026-05-06
MO-021523,DRV-0002,200,Ended,21523,0.0,121.59,7.9,5.29,1.55,-148.42,181.67,0.0,169.58,2026-05-23
MO-021524,DRV-0039,100,Ended,21524,0.0,74.44,27.81,22.59,10.08,80.27,26.97,0.0,242.17,2026-06-09
MO-021525,ACT-0016,200,Released,21525,0.0,0.0,0.0,-24.84,-9.31,34.16,0.0,0.0,0.0,
MO-021569,SA-0054,100,Ended,21569,0.0,89.89,3.69,-7.51,-2.75,-539.93,17.22,0.0,-439.4,2026-01-14
MO-021570,SA-0091,200,Ended,21570,0.0,289.05,1.59,-3.69,-1.37,-151.91,125.85,0.0,259.51,2026-01-31
MO-021571,DRV-0028,200,Ended,21571,0.0,1258.25,4.99,-5.47,-1.9,-325.39,377.39,0.0,1307.87,2026-02-17
MO-021572,ACT-0005,100,Ended,21572,0.0,145.97,-8.8,-5.59,-2.21,-58.02,165.73,0.0,237.09,2026-03-06
MO-021573,ACT-0042,200,Ended,21573,0.0,9.02,8.17,25.29,8.94,-3632.92,115.82,0.0,-3465.68,2026-03-23
MO-021574,CTL-0019,300,Ended,21574,0.0,315.69,45.08,80.94,29.59,-512.94,141.24,0.0,99.6,2026-04-09
MO-021575,SYS-0016,300,Ended,21575,0.0,1081.13,11.91,26.06,8.89,-1731.89,1769.43,0.0,1165.53,2026-04-26
MO-021576,AFT-0023,100,Ended,21576,0.0,19.09,4.83,-2.64,-1.01,132.1,16.39,0.0,168.77,2026-05-14
MO-021577,AFT-0060,300,Ended,21577,0.0,44.2,2.94,1.44,0.68,-161.42,22.91,0.0,-89.25,2026-05-31
MO-021578,SA-0037,200,Ended,21578,0.0,226.19,6.66,6.56,2.66,-100.17,73.88,0.0,215.78,2026-06-17
MO-021622,SYS-0005,100,Ended,21622,0.0,235.39,50.87,53.17,22.17,50.51,123.99,0.0,536.09,2026-01-05
MO-021623,AFT-0012,300,Ended,21623,0.0,1214.97,21.01,-2.08,-2.43,-2804.1,351.57,0.0,-1221.05,2026-01-22
MO-021624,AFT-0049,100,Ended,21624,0.0,47.59,1.92,-8.33,-3.18,52.6,10.8,0.0,101.4,2026-02-08
MO-021625,SA-0026,300,Ended,21625,0.0,65.56,0.32,-7.33,-2.65,26.17,81.59,0.0,163.66,2026-02-25
MO-021626,SA-0063,100,Ended,21626,0.0,305.54,-0.72,-3.58,-1.17,-109.75,147.77,0.0,338.1,2026-03-14
MO-021627,SA-0100,200,Ended,21627,0.0,69.94,-1.66,-4.2,-1.58,-20.33,68.39,0.0,110.55,2026-03-31
MO-021628,DRV-0037,100,Ended,21628,0.0,2731.6,8.25,8.29,3.0,-853.12,625.73,0.0,2523.75,2026-04-17
MO-021629,ACT-0014,200,Ended,21629,0.0,142.48,28.49,35.43,12.47,-187.94,49.0,0.0,79.93,2026-05-04
MO-021630,ACT-0051,100,Ended,21630,0.0,4358.91,36.9,92.11,35.89,-3149.79,3185.21,0.0,4559.23,2026-05-21
MO-021631,CTL-0028,300,Ended,21631,0.0,-646.43,22.26,29.64,11.39,-1608.38,1651.55,0.0,-539.98,2026-06-07
MO-021632,SYS-0025,100,Reported Finished,21632,0.0,304.92,2.95,-3.99,-1.5,71.89,7.86,0.0,382.12,
MO-021676,ACT-0003,100,Ended,21676,0.0,1762.0,25.24,33.82,12.12,-494.22,559.52,0.0,1898.49,2026-01-13
MO-021677,ACT-0040,200,Ended,21677,0.0,-21.43,28.13,41.35,15.76,33.64,53.95,0.0,151.4,2026-01-30
MO-021678,CTL-0017,300,Ended,21678,0.0,137.62,12.69,12.36,4.42,71.46,68.96,0.0,307.5,2026-02-16
MO-021679,SYS-0014,300,Ended,21679,0.0,441.89,1.87,-12.66,-4.31,-345.34,148.24,0.0,229.69,2026-03-05
MO-021680,AFT-0021,300,Ended,21680,0.0,46.2,0.57,-7.36,-2.69,100.45,29.64,0.0,166.82,2026-03-22
MO-021681,AFT-0058,100,Ended,21681,0.0,22.73,-1.38,-7.05,-2.54,74.18,19.89,0.0,105.84,2026-04-08
MO-021682,SA-0035,300,Ended,21682,0.0,37.28,4.65,-2.56,-1.01,-73.26,132.7,0.0,97.8,2026-04-25
MO-021683,SA-0072,100,Ended,21683,0.0,12.68,5.08,0.76,0.37,-479.76,29.81,0.0,-431.06,2026-05-12
MO-021684,DRV-0009,100,Ended,21684,0.0,9.08,20.22,15.6,5.8,27.55,21.34,0.0,99.58,2026-05-29
MO-021685,DRV-0046,200,Ended,21685,0.0,665.91,20.89,39.88,14.27,-236.89,394.79,0.0,898.85,2026-06-15
MO-021729,SA-0024,100,Ended,21729,0.0,-22.19,2.67,-0.64,-0.25,-261.88,17.44,0.0,-264.85,2026-01-03
MO-021730,SA-0061,200,Ended,21730,0.0,32.86,14.57,11.36,4.1,-114.78,66.01,0.0,14.12,2026-01-20
MO-021731,SA-0098,300,Ended,21731,0.0,91.44,8.92,18.29,6.24,-143.24,163.43,0.0,145.08,2026-02-07
MO-021732,DRV-0035,100,Ended,21732,0.0,350.02,6.48,8.52,2.9,-82.28,189.87,0.0,475.5,2026-02-24
MO-021733,ACT-0012,200,Ended,21733,0.0,139.27,2.63,13.03,4.63,-1575.97,55.88,0.0,-1360.52,2026-03-13
MO-021734,ACT-0049,100,Ended,21734,0.0,285.23,-6.13,-5.62,-2.47,-929.89,116.24,0.0,-542.64,2026-03-30
MO-021735,CTL-0026,300,Ended,21735,0.0,491.14,6.86,-8.95,-3.2,-1094.15,913.82,0.0,305.52,2026-04-16
MO-021736,SYS-0023,100,Ended,21736,0.0,237.95,3.41,-9.41,-3.66,19.38,140.03,0.0,387.7,2026-05-03
MO-021737,AFT-0030,300,Ended,21737,0.0,19.96,3.42,-5.01,-1.83,-362.89,20.52,0.0,-325.83,2026-05-20
MO-021738,SA-0007,200,Ended,21738,0.0,274.52,16.83,8.08,3.01,-93.56,76.3,0.0,285.18,2026-06-06
MO-021739,SA-0044,300,Started,21739,0.0,1054.57,3.96,1.1,0.36,34.08,9.59,0.0,1103.66,
MO-021783,SYS-0012,300,Ended,21783,0.0,82.05,10.87,12.78,4.92,-4635.01,190.54,0.0,-4333.86,2026-01-11
MO-021784,AFT-0019,100,Ended,21784,0.0,71.17,4.77,0.1,0.01,14.76,11.55,0.0,102.35,2026-01-28
MO-021785,AFT-0056,100,Ended,21785,0.0,70.17,6.68,7.56,2.61,44.58,38.61,0.0,170.21,2026-02-14
MO-021786,SA-0033,100,Ended,21786,0.0,0.69,5.44,20.76,7.72,58.44,57.7,0.0,150.75,2026-03-03
MO-021787,SA-0070,200,Ended,21787,0.0,-24.35,0.01,6.62,2.16,-16.7,60.02,0.0,27.76,2026-03-20
MO-021788,DRV-0007,100,Ended,21788,0.0,320.47,2.44,0.35,0.92,-424.91,189.83,0.0,89.1,2026-04-06
MO-021789,DRV-0044,200,Ended,21789,0.0,49.13,-1.21,-2.08,-1.13,-99.61,19.71,0.0,-35.2,2026-04-23
MO-021790,ACT-0021,100,Ended,21790,0.0,1026.92,6.16,-4.43,-1.61,-717.81,649.68,0.0,958.92,2026-05-10
MO-021791,ACT-0058,200,Ended,21791,0.0,504.15,21.85,-30.1,-11.75,-246.03,252.42,0.0,490.54,2026-05-27
MO-021792,CTL-0035,300,Ended,21792,0.0,162.43,7.35,-6.49,-2.29,10.69,138.81,0.0,310.49,2026-06-13
MO-021836,DRV-0033,100,Ended,21836,0.0,372.64,9.68,-0.96,-0.38,-303.7,314.97,0.0,392.26,2026-01-02
MO-021837,ACT-0010,200,Ended,21837,0.0,432.7,22.88,13.66,4.85,-529.03,603.01,0.0,548.07,2026-01-19
MO-021838,ACT-0047,100,Ended,21838,0.0,149.27,13.57,42.65,15.52,-50.5,214.56,0.0,385.07,2026-02-05
MO-021839,CTL-0024,300,Ended,21839,0.0,-192.27,45.4,30.91,10.58,-4237.65,136.89,0.0,-4206.15,2026-02-22
MO-021840,SYS-0021,100,Ended,21840,0.0,205.63,2.44,5.8,2.14,-85.72,145.19,0.0,275.49,2026-03-11
MO-021841,AFT-0028,100,Ended,21841,0.0,40.47,0.07,5.79,2.42,89.45,27.98,0.0,166.19,2026-03-28
MO-021842,SA-0005,300,Ended,21842,0.0,69.67,-3.56,7.37,2.52,83.4,65.52,0.0,224.91,2026-04-14
MO-021843,SA-0042,100,Ended,21843,0.0,260.99,2.23,0.65,0.76,-409.42,64.74,0.0,-80.06,2026-05-01
MO-021844,SA-0079,200,Ended,21844,0.0,29.67,14.66,-6.26,-2.66,-315.58,86.87,0.0,-193.31,2026-05-18
MO-021845,DRV-0016,200,Ended,21845,0.0,186.21,3.14,-3.33,-1.15,-114.77,171.81,0.0,241.9,2026-06-04
MO-021846,DRV-0053,100,Released,21846,0.0,0.0,0.0,-90.72,-34.02,124.74,0.0,0.0,0.0,
MO-021890,SA-0031,200,Ended,21890,0.0,52.23,17.43,-3.08,-1.11,-163.66,104.65,0.0,6.47,2026-01-10
MO-021891,SA-0068,300,Ended,21891,0.0,177.62,5.63,-2.26,-0.84,-141.35,163.08,0.0,201.87,2026-01-27
MO-021892,DRV-0005,100,Ended,21892,0.0,351.92,14.05,4.17,1.49,-204.94,244.17,0.0,410.86,2026-02-13
MO-021893,DRV-0042,200,Ended,21893,0.0,47.6,4.21,15.43,5.4,-1715.31,73.72,0.0,-1568.95,2026-03-02
MO-021894,ACT-0019,100,Ended,21894,0.0,460.86,43.64,57.74,23.01,-1065.81,174.87,0.0,-305.69,2026-03-19
MO-021895,ACT-0056,200,Ended,21895,0.0,1168.04,1.5,68.69,26.28,-820.61,541.26,0.0,985.15,2026-04-05
MO-021896,CTL-0033,300,Ended,21896,0.0,247.86,-1.58,6.42,2.39,-161.39,220.59,0.0,314.3,2026-04-22
MO-021897,SYS-0030,300,Ended,21897,0.0,825.01,1.48,-0.66,-0.26,-580.99,198.53,0.0,443.12,2026-05-09
MO-021898,AFT-0037,100,Ended,21898,0.0,-539.45,9.98,-5.73,-2.36,-305.92,215.42,0.0,-628.06,2026-05-26
MO-021899,SA-0014,300,Ended,21899,0.0,-15.95,7.07,-4.41,-1.75,-7.79,14.81,0.0,-8.01,2026-06-12
MO-021900,SA-0051,100,Released,21900,0.0,0.0,0.0,-68.7,-26.47,95.17,0.0,0.0,0.0,
MO-021944,SYS-0019,100,Ended,21944,0.0,79.51,11.23,-14.12,-5.14,67.37,26.97,0.0,165.83,2026-01-17
MO-021945,AFT-0026,100,Ended,21945,0.0,16.65,2.88,-3.8,-1.36,5.59,19.46,0.0,39.42,2026-02-03
MO-021946,SA-0003,100,Ended,21946,0.0,196.2,7.17,2.99,1.24,-2.17,117.48,0.0,322.91,2026-02-20
MO-021947,SA-0040,200,Ended,21947,0.0,208.02,8.85,0.25,0.13,-1.28,98.79,0.0,314.76,2026-03-09
MO-021948,SA-0077,300,Ended,21948,0.0,136.93,1.05,6.03,2.26,-10.96,50.61,0.0,185.92,2026-03-27
MO-021949,DRV-0014,200,Ended,21949,0.0,-17.35,6.25,24.89,9.38,-155.19,87.92,0.0,-44.1,2026-04-13
MO-021950,DRV-0051,100,Ended,21950,0.0,513.19,-9.57,88.65,34.14,-2215.9,2214.08,0.0,624.6,2026-04-30
MO-021951,ACT-0028,200,Ended,21951,0.0,27.16,-5.54,68.43,23.64,-75.9,149.51,0.0,187.3,2026-05-17
MO-021952,CTL-0005,300,Ended,21952,0.0,126.82,1.53,1.76,0.88,17.18,47.92,0.0,196.09,2026-06-03
MO-021953,SYS-0002,300,Ended,21953,0.0,11.72,5.52,-4.37,-1.68,23.0,48.95,0.0,83.14,2026-06-20
MO-021997,DRV-0040,200,Ended,21997,0.0,104.83,0.28,39.14,13.78,-19.39,59.12,0.0,197.76,2026-01-08
MO-021998,ACT-0017,100,Ended,21998,0.0,356.4,30.0,-18.41,-7.92,-134.74,177.11,0.0,402.45,2026-01-25
MO-021999,ACT-0054,200,Ended,21999,0.0,5949.61,71.74,-39.72,-13.63,-5719.88,669.3,0.0,917.42,2026-02-11
MO-022000,CTL-0031,300,Ended,22000,0.0,174.4,5.44,-11.26,-4.31,-38.67,146.58,0.0,272.18,2026-02-28
MO-022001,SYS-0028,300,Ended,22001,0.0,603.4,4.6,-2.14,-0.78,-125.76,169.05,0.0,648.37,2026-03-17
MO-022002,AFT-0035,100,Ended,22002,0.0,-352.86,1.72,-0.01,-0.01,-139.17,240.71,0.0,-249.62,2026-04-03
MO-022003,SA-0012,100,Ended,22003,0.0,-30.97,0.47,0.96,0.31,-768.21,33.32,0.0,-764.13,2026-04-20
MO-022004,SA-0049,200,Ended,22004,0.0,49.9,-8.18,13.58,5.09,-101.64,34.78,0.0,-6.47,2026-05-07
MO-022005,SA-0086,300,Ended,22005,0.0,208.1,3.18,55.56,20.49,-304.93,262.14,0.0,244.55,2026-05-24
MO-022006,DRV-0023,100,Ended,22006,0.0,1963.71,48.55,48.67,16.51,-641.81,815.78,0.0,2251.41,2026-06-10
MO-022007,DRV-0060,200,Reported Finished,22007,0.0,1819.91,13.61,59.76,22.77,-3510.39,65.41,0.0,-1528.94,
MO-022051,SA-0038,300,Ended,22051,0.0,341.16,4.07,0.54,0.16,-138.86,165.75,0.0,372.83,2026-01-16
MO-022052,SA-0075,100,Ended,22052,0.0,218.99,17.62,32.68,13.42,-46.08,149.9,0.0,386.54,2026-02-02
MO-022053,DRV-0012,200,Ended,22053,0.0,74.08,17.51,-6.37,-3.32,-577.45,42.53,0.0,-453.03,2026-02-19
MO-022054,DRV-0049,100,Ended,22054,0.0,208.9,50.42,-38.31,-14.42,-594.35,167.97,0.0,-219.79,2026-03-08
MO-022055,ACT-0026,200,Ended,22055,0.0,-216.16,23.57,-7.82,-3.04,-1829.41,1447.38,0.0,-585.48,2026-03-25
MO-022056,CTL-0003,300,Ended,22056,0.0,149.22,1.82,-8.58,-3.12,105.95,106.21,0.0,351.49,2026-04-11
MO-022057,CTL-0040,300,Ended,22057,0.0,-8.62,0.27,-1.13,-0.41,-181.31,221.6,0.0,30.4,2026-04-28
MO-022058,AFT-0007,100,Ended,22058,0.0,66.88,-3.29,0.48,0.15,-62.39,20.72,0.0,22.55,2026-05-15
MO-022059,AFT-0044,100,Ended,22059,0.0,-40.43,0.16,11.92,4.18,1.65,40.09,0.0,17.57,2026-06-01
MO-022060,SA-0021,100,Ended,22060,0.0,145.67,8.71,39.98,14.91,-292.4,330.76,0.0,247.65,2026-06-18
MO-022104,CTL-0029,300,Ended,22104,0.0,31.33,0.15,-0.96,-0.38,116.54,11.19,0.0,157.87,2026-01-07
MO-022105,SYS-0026,300,Ended,22105,0.0,379.79,3.66,-2.11,-0.52,-19.35,140.17,0.0,501.64,2026-01-24
MO-022106,AFT-0033,300,Ended,22106,0.0,-41.75,7.85,3.16,1.17,-71.98,139.67,0.0,38.12,2026-02-10
MO-022107,SA-0010,200,Ended,22107,0.0,29.99,10.91,16.89,6.76,28.09,91.63,0.0,184.27,2026-02-27
MO-022108,SA-0047,300,Ended,22108,0.0,212.52,31.76,-9.72,-4.6,88.73,92.18,0.0,410.87,2026-03-16
MO-022109,SA-0084,100,Ended,22109,0.0,138.97,23.43,-21.92,-7.85,-565.88,63.86,0.0,-369.38,2026-04-02
MO-022110,DRV-0021,100,Ended,22110,0.0,1112.03,10.47,-14.93,-5.75,-760.38,718.23,0.0,1059.66,2026-04-19
MO-022111,DRV-0058,200,Ended,22111,0.0,1517.5,-0.73,14.89,5.28,-1363.92,1418.68,0.0,1591.7,2026-05-06
MO-022112,ACT-0035,100,Ended,22112,0.0,116.29,0.72,-7.81,-2.98,174.9,88.37,0.0,369.49,2026-05-23
MO-022113,CTL-0012,300,Ended,22113,0.0,439.78,-0.91,-0.78,-0.29,-322.7,179.31,0.0,294.41,2026-06-09
MO-022114,SYS-0009,100,Started,22114,0.0,2074.74,1.28,1.7,0.59,77.72,19.25,0.0,2175.29,
MO-022158,DRV-0047,100,Ended,22158,0.0,3462.92,25.69,102.26,39.83,-918.27,1045.83,0.0,3758.27,2026-01-14
MO-022159,ACT-0024,200,Ended,22159,0.0,1155.85,4.84,34.56,13.27,-2531.74,349.73,0.0,-973.5,2026-01-31
MO-022160,CTL-0001,300,Ended,22160,0.0,297.71,2.79,-1.61,-0.61,-109.36,163.22,0.0,352.13,2026-02-17
MO-022161,CTL-0038,300,Ended,22161,0.0,48.49,7.41,-2.74,-0.97,-4.04,130.24,0.0,178.39,2026-03-06
MO-022162,AFT-0005,100,Ended,22162,0.0,160.94,11.12,5.12,1.39,-157.05,245.17,0.0,266.69,2026-03-23
MO-022163,AFT-0042,300,Ended,22163,0.0,25.48,13.53,-0.52,0.53,-544.58,23.94,0.0,-481.62,2026-04-09
MO-022164,SA-0019,200,Ended,22164,0.0,6.78,10.08,-14.48,-5.4,-506.01,67.06,0.0,-441.98,2026-04-26
MO-022165,SA-0056,300,Ended,22165,0.0,342.46,0.01,-10.69,-3.91,-293.44,263.75,0.0,298.18,2026-05-14
MO-022166,SA-0093,100,Ended,22166,0.0,243.69,-6.17,1.07,0.38,-411.2,377.55,0.0,205.32,2026-05-31
MO-022167,DRV-0030,200,Ended,22167,0.0,268.37,8.57,26.7,9.53,-5462.44,235.05,0.0,-4914.21,2026-06-17
MO-022211,SA-0008,300,Ended,22211,0.0,-19.96,-4.53,0.85,0.41,-110.31,121.38,0.0,-12.16,2026-01-05
MO-022212,SA-0045,100,Ended,22212,0.0,75.89,0.82,16.65,6.19,-16.1,59.57,0.0,143.01,2026-01-22
MO-022213,SA-0082,200,Ended,22213,0.0,667.79,16.52,44.1,15.77,-37.18,179.12,0.0,886.12,2026-02-08
MO-022214,DRV-0019,100,Ended,22214,0.0,1214.74,45.34,50.7,18.82,-435.85,196.64,0.0,1090.39,2026-02-25
MO-022215,DRV-0056,200,Ended,22215,0.0,8071.0,11.64,26.73,9.16,-2749.87,2619.02,0.0,7987.68,2026-03-14
MO-022216,ACT-0033,100,Ended,22216,0.0,-43.76,5.27,-2.19,-0.79,32.09,79.33,0.0,69.94,2026-03-31
MO-022217,CTL-0010,300,Ended,22217,0.0,331.24,8.94,-2.08,-1.01,11.55,170.49,0.0,519.13,2026-04-17
MO-022218,SYS-0007,100,Ended,22218,0.0,48.99,5.37,-7.13,-2.61,-108.04,63.0,0.0,-0.42,2026-05-04
MO-022219,AFT-0014,100,Ended,22219,0.0,44.95,0.2,-9.45,-3.5,-26.03,37.44,0.0,43.62,2026-05-21
MO-022220,AFT-0051,300,Ended,22220,0.0,1047.5,-4.29,-6.06,-2.29,-426.85,470.34,0.0,1078.35,2026-06-07
MO-022221,SA-0028,200,Released,22221,0.0,0.0,0.0,-15.36,-5.41,20.78,0.0,0.0,0.0,
MO-022265,CTL-0036,300,Ended,22265,0.0,655.33,-3.01,-4.67,-1.71,-664.36,375.53,0.0,357.1,2026-01-13
MO-022266,AFT-0003,300,Ended,22266,0.0,429.64,0.39,0.78,0.27,-516.11,631.97,0.0,546.93,2026-01-30
MO-022267,AFT-0040,100,Ended,22267,0.0,88.65,7.76,13.38,4.76,3.65,68.09,0.0,186.3,2026-02-16
MO-022268,SA-0017,300,Ended,22268,0.0,-49.04,12.25,20.98,7.76,64.02,44.83,0.0,100.82,2026-03-05
MO-022269,SA-0054,100,Ended,22269,0.0,221.75,29.08,44.11,15.47,-2996.57,77.51,0.0,-2608.65,2026-03-22
MO-022270,SA-0091,200,Ended,22270,0.0,878.46,14.67,14.45,4.43,-790.39,503.38,0.0,625.0,2026-04-08
MO-022271,DRV-0028,200,Ended,22271,0.0,4200.85,28.72,45.89,16.5,-1605.66,1651.08,0.0,4337.38,2026-04-25
MO-022272,ACT-0005,100,Ended,22272,0.0,68.64,4.26,-1.65,-0.62,92.68,35.51,0.0,198.82,2026-05-12
MO-022273,ACT-0042,200,Ended,22273,0.0,29.19,1.23,-9.13,-3.24,-651.97,25.74,0.0,-608.18,2026-05-29
MO-022274,CTL-0019,300,Ended,22274,0.0,4.83,1.51,-8.76,-3.18,-77.12,35.31,0.0,-47.4,2026-06-15
MO-022318,DRV-0017,100,Ended,22318,0.0,1098.25,-0.08,-9.72,-3.61,-114.02,217.57,0.0,1188.38,2026-01-03
MO-022319,DRV-0054,200,Ended,22319,0.0,4446.79,-10.38,-19.53,-7.33,-2119.99,418.09,0.0,2707.65,2026-01-20
MO-022320,ACT-0031,100,Ended,22320,0.0,-66.73,0.98,-5.74,-2.05,-140.44,189.23,0.0,-24.75,2026-02-07
MO-022321,CTL-0008,300,Ended,22321,0.0,90.71,0.91,-2.41,-0.89,-3.0,56.86,0.0,142.17,2026-02-24
MO-022322,SYS-0005,100,Ended,22322,0.0,34.97,8.03,4.26,1.54,136.68,31.0,0.0,216.49,2026-03-13
MO-022323,AFT-0012,300,Ended,22323,0.0,270.18,14.01,15.37,5.4,-575.75,80.36,0.0,-190.44,2026-03-30
MO-022324,AFT-0049,100,Ended,22324,0.0,198.9,10.31,21.48,7.69,-345.23,50.4,0.0,-56.45,2026-04-16
MO-022325,SA-0026,300,Ended,22325,0.0,496.81,7.62,18.47,6.27,-496.04,367.14,0.0,400.27,2026-05-03
MO-022326,SA-0063,100,Ended,22326,0.0,876.94,16.61,18.31,5.77,-607.89,591.07,0.0,900.81,2026-05-20
MO-022327,SA-0100,200,Ended,22327,0.0,21.35,10.81,47.78,17.1,-254.69,299.19,0.0,141.54,2026-06-06
MO-022328,DRV-0037,100,Reported Finished,22328,0.0,3115.88,-1.82,-7.12,-2.75,-1.87,67.04,0.0,3169.37,
MO-022372,SA-0015,100,Ended,22372,0.0,27.68,2.62,-7.45,-3.17,-85.47,107.88,0.0,42.09,2026-01-11
MO-022373,SA-0052,200,Ended,22373,0.0,90.6,-3.26,-6.2,-2.19,-47.4,92.64,0.0,124.2,2026-01-28
MO-022374,SA-0089,300,Ended,22374,0.0,-18.5,-3.99,-13.92,-5.02,54.8,48.08,0.0,61.45,2026-02-14
MO-022375,DRV-0026,200,Ended,22375,0.0,780.99,12.97,-9.08,-2.66,-677.27,558.93,0.0,663.89,2026-03-03
MO-022376,ACT-0003,100,Ended,22376,0.0,324.61,7.7,-1.65,-0.68,-5.23,119.9,0.0,444.65,2026-03-20
MO-022377,ACT-0040,200,Ended,22377,0.0,32.82,4.45,-0.74,-0.24,78.57,11.99,0.0,126.85,2026-04-06
MO-022378,CTL-0017,300,Ended,22378,0.0,23.2,13.53,6.12,2.27,150.69,17.24,0.0,213.05,2026-04-23
MO-022379,SYS-0014,300,Ended,22379,0.0,-0.52,3.94,15.28,5.46,-10.04,33.88,0.0,48.0,2026-05-10
MO-022380,AFT-0021,300,Ended,22380,0.0,141.44,1.37,7.75,3.46,-79.91,138.33,0.0,212.42,2026-05-27
MO-022381,AFT-0058,100,Ended,22381,0.0,44.35,9.45,37.84,13.25,-0.68,89.49,0.0,193.69,2026-06-13
MO-022425,CTL-0006,300,Ended,22425,0.0,88.27,2.95,0.6,0.2,-460.11,160.84,0.0,-207.24,2026-01-02
MO-022426,SYS-0003,100,Ended,22426,0.0,164.35,1.6,-5.13,-2.19,9.17,110.6,0.0,278.4,2026-01-19
MO-022427,AFT-0010,100,Ended,22427,0.0,52.03,-2.78,-1.13,-0.11,75.66,26.62,0.0,150.29,2026-02-05
MO-022428,AFT-0047,100,Ended,22428,0.0,597.54,0.67,-4.95,-1.89,-210.84,262.7,0.0,643.24,2026-02-22
MO-022429,SA-0024,100,Ended,22429,0.0,497.34,0.09,-10.22,-3.49,-1468.64,78.48,0.0,-906.44,2026-03-11
MO-022430,SA-0061,200,Ended,22430,0.0,214.93,20.11,-8.19,-3.3,-961.23,264.05,0.0,-473.64,2026-03-28
MO-022431,SA-0098,300,Ended,22431,0.0,-115.25,79.36,41.64,14.67,-814.47,715.0,0.0,-79.04,2026-04-14
MO-022432,DRV-0035,100,Ended,22432,0.0,37.4,5.22,3.01,1.11,83.09,40.69,0.0,170.52,2026-05-01
MO-022433,ACT-0012,200,Ended,22433,0.0,18.9,6.2,-0.06,-0.06,-281.24,12.42,0.0,-243.84,2026-05-18
MO-022434,ACT-0049,100,Ended,22434,0.0,170.07,2.89,6.04,2.22,-93.65,29.06,0.0,116.63,2026-06-04
MO-022435,CTL-0026,300,Started,22435,0.0,5401.86,-0.08,1.82,0.76,11.79,41.77,0.0,5457.92,
MO-022479,DRV-0024,200,Ended,22479,0.0,-58.12,29.26,75.12,25.95,-3839.61,284.48,0.0,-3482.91,2026-01-10
MO-022480,ACT-0001,100,Ended,22480,0.0,155.27,-0.07,3.24,1.45,-157.09,178.14,0.0,180.93,2026-01-27
MO-022481,ACT-0038,200,Ended,22481,0.0,41.21,-0.72,-3.53,-1.42,23.66,33.84,0.0,93.03,2026-02-13
MO-022482,CTL-0015,300,Ended,22482,0.0,59.46,5.41,-6.4,-2.39,76.87,53.06,0.0,186.01,2026-03-02
MO-022483,SYS-0012,300,Ended,22483,0.0,-32.19,0.98,-2.98,-1.12,-960.78,43.55,0.0,-952.55,2026-03-19
MO-022484,AFT-0019,100,Ended,22484,0.0,178.57,6.42,-13.87,-5.31,-181.08,53.88,0.0,38.61,2026-04-05
MO-022485,AFT-0056,100,Ended,22485,0.0,231.89,31.41,-0.53,-0.5,-272.75,173.75,0.0,163.28,2026-04-22
MO-022486,SA-0033,100,Ended,22486,0.0,483.98,58.67,19.28,7.01,-274.78,230.79,0.0,524.96,2026-05-09
MO-022487,SA-0070,200,Ended,22487,0.0,724.79,25.85,61.39,21.64,-214.72,262.58,0.0,881.52,2026-05-26
MO-022488,DRV-0007,100,Ended,22488,0.0,25.02,2.13,4.14,1.64,18.67,40.68,0.0,92.28,2026-06-12
MO-022489,DRV-0044,200,Started,22489,0.0,475.36,0.14,-1.75,-0.64,79.52,4.38,0.0,557.01,
MO-022533,SA-0022,200,Ended,22533,0.0,391.91,14.44,40.71,14.19,-100.01,168.38,0.0,529.61,2026-01-17
MO-022534,SA-0059,300,Ended,22534,0.0,78.12,4.13,71.93,25.87,105.69,65.02,0.0,350.76,2026-02-03
MO-022535,SA-0096,100,Ended,22535,0.0,372.22,-15.37,80.83,30.79,-4699.72,920.54,0.0,-3310.71,2026-02-20
MO-022536,DRV-0033,100,Ended,22536,0.0,29.06,0.08,-1.09,-0.43,-31.68,67.49,0.0,63.43,2026-03-09
MO-022537,ACT-0010,200,Ended,22537,0.0,-43.67,2.94,-4.84,-1.72,-41.47,134.0,0.0,45.25,2026-03-27
MO-022538,ACT-0047,100,Ended,22538,0.0,202.0,10.12,-4.85,-1.79,119.87,53.64,0.0,378.99,2026-04-13
MO-022539,CTL-0024,300,Ended,22539,0.0,116.52,6.36,-8.35,-3.06,-883.01,31.29,0.0,-740.24,2026-04-30
MO-022540,SYS-0021,100,Ended,22540,0.0,716.9,30.65,-2.66,-1.11,-658.6,677.57,0.0,762.75,2026-05-17
MO-022541,AFT-0028,100,Ended,22541,0.0,106.36,15.83,21.77,7.72,-34.28,125.91,0.0,243.3,2026-06-03
MO-022542,SA-0005,300,Ended,22542,0.0,35.39,13.27,33.75,12.56,-131.39,262.09,0.0,225.67,2026-06-20
MO-022586,CTL-0013,300,Ended,22586,0.0,54.61,3.78,1.36,0.48,-68.92,37.75,0.0,29.07,2026-01-08
MO-022587,SYS-0010,300,Ended,22587,0.0,53.86,10.24,8.58,2.89,7.51,122.11,0.0,205.19,2026-01-25
MO-022588,AFT-0017,100,Ended,22588,0.0,-226.25,2.2,42.08,15.4,24.55,238.82,0.0,96.8,2026-02-11
MO-022589,AFT-0054,300,Ended,22589,0.0,-33.99,-8.7,36.67,14.01,-820.79,25.08,0.0,-787.72,2026-02-28
MO-022590,SA-0031,200,Ended,22590,0.0,542.43,22.29,20.02,6.89,-1118.6,418.61,0.0,-108.36,2026-03-17
MO-022591,SA-0068,300,Ended,22591,0.0,746.98,3.88,26.27,9.33,-957.29,713.46,0.0,542.63,2026-04-03
MO-022592,DRV-0005,100,Ended,22592,0.0,92.49,1.85,-3.0,-1.16,-13.7,52.32,0.0,128.79,2026-04-20
MO-022593,DRV-0042,200,Ended,22593,0.0,-7.51,4.99,-4.34,-1.52,-309.01,16.38,0.0,-301.01,2026-05-07
MO-022594,ACT-0019,100,Ended,22594,0.0,-8.05,8.65,-9.05,-3.56,-130.76,43.72,0.0,-99.05,2026-05-24
MO-022595,ACT-0056,200,Ended,22595,0.0,197.35,17.11,-3.79,-1.33,-96.66,123.72,0.0,236.41,2026-06-10
MO-022596,CTL-0033,300,Released,22596,0.0,0.0,0.0,-33.12,-12.42,45.54,0.0,0.0,0.0,
MO-022640,DRV-0031,100,Ended,22640,0.0,10.27,2.9,-5.95,-2.26,-7.38,104.47,0.0,102.05,2026-01-16
MO-022641,ACT-0008,200,Ended,22641,0.0,15.98,0.9,-0.18,-0.05,0.86,18.22,0.0,35.73,2026-02-02
MO-022642,ACT-0045,100,Ended,22642,0.0,48.4,3.52,5.01,1.81,27.65,32.76,0.0,119.15,2026-02-19
MO-022643,CTL-0022,300,Ended,22643,0.0,338.17,-4.24,22.54,7.9,-21.87,165.61,0.0,508.11,2026-03-08
MO-022644,SYS-0019,100,Ended,22644,0.0,156.52,13.67,28.82,11.98,-553.23,125.87,0.0,-216.38,2026-03-25
MO-022645,AFT-0026,100,Ended,22645,0.0,30.64,2.57,32.48,11.22,-104.06,87.55,0.0,60.41,2026-04-11
MO-022646,SA-0003,100,Ended,22646,0.0,467.06,52.51,4.02,3.11,-521.6,469.94,0.0,475.03,2026-04-28
MO-022647,SA-0040,200,Ended,22647,0.0,464.15,15.49,-2.75,-1.71,-398.94,432.21,0.0,508.44,2026-05-15
MO-022648,SA-0077,300,Ended,22648,0.0,13.68,2.64,-2.9,-1.08,28.12,10.85,0.0,51.3,2026-06-01
MO-022649,DRV-0014,200,Ended,22649,0.0,134.05,5.52,-6.91,-2.6,38.74,19.54,0.0,188.34,2026-06-18
MO-022693,AFT-0052,100,Ended,22693,0.0,40.47,24.9,-2.69,-0.86,70.21,56.81,0.0,188.83,2026-01-07
MO-022694,SA-0029,300,Ended,22694,0.0,180.33,20.51,-0.5,-0.23,-0.48,44.2,0.0,243.83,2026-01-24
MO-022695,SA-0066,100,Ended,22695,0.0,1277.49,7.72,28.08,9.99,-5244.25,954.94,0.0,-2966.04,2026-02-10
MO-022696,DRV-0003,100,Ended,22696,0.0,-9.29,0.67,-5.47,-1.99,68.32,118.18,0.0,170.42,2026-02-27
MO-022697,DRV-0040,200,Ended,22697,0.0,12.21,-2.54,1.96,0.65,14.58,13.14,0.0,40.01,2026-03-16
MO-022698,ACT-0017,100,Ended,22698,0.0,29.85,0.36,18.67,6.93,49.91,44.28,0.0,150.01,2026-04-02
MO-022699,ACT-0054,200,Ended,22699,0.0,900.23,8.98,18.71,7.34,-1176.8,152.98,0.0,-88.55,2026-04-19
MO-022700,CTL-0031,300,Ended,22700,0.0,439.3,32.36,8.5,2.96,-1153.71,684.03,0.0,13.44,2026-05-06
MO-022701,SYS-0028,300,Ended,22701,0.0,2210.34,9.49,9.19,3.0,-725.08,760.74,0.0,2267.67,2026-05-23
MO-022702,AFT-0035,100,Ended,22702,0.0,3863.87,23.18,-4.28,-0.95,-881.58,962.85,0.0,3963.09,2026-06-09
MO-022703,SA-0012,100,Reported Finished,22703,0.0,2441.61,12.91,-3.19,-1.1,-2869.33,72.89,0.0,-346.21,
MO-022747,CTL-0020,300,Ended,22747,0.0,125.92,9.93,-10.4,-3.85,-74.53,82.45,0.0,129.53,2026-01-14
MO-022748,SYS-0017,100,Ended,22748,0.0,2373.82,13.17,-7.68,-2.9,-295.03,401.82,0.0,2483.22,2026-01-31
MO-022749,AFT-0024,300,Ended,22749,0.0,8.4,6.38,8.57,3.01,-3597.69,52.61,0.0,-3518.71,2026-02-17
MO-022750,SA-0001,200,Ended,22750,0.0,210.21,-1.66,9.71,3.5,-481.79,201.45,0.0,-58.57,2026-03-06
MO-022751,SA-0038,300,Ended,22751,0.0,935.53,0.08,31.41,10.99,-1008.39,725.17,0.0,694.8,2026-03-23
MO-022752,SA-0075,100,Ended,22752,0.0,38.83,1.6,-4.4,-1.62,171.52,32.12,0.0,238.06,2026-04-09
MO-022753,DRV-0012,200,Ended,22753,0.0,18.98,1.08,6.33,2.43,-98.99,9.45,0.0,-60.72,2026-04-26
MO-022754,DRV-0049,100,Ended,22754,0.0,164.08,8.05,20.15,7.52,-63.2,41.99,0.0,178.59,2026-05-14
MO-022755,ACT-0026,200,Ended,22755,0.0,897.65,16.33,5.7,2.02,-293.22,330.83,0.0,959.31,2026-05-31
MO-022756,CTL-0003,300,Ended,22756,0.0,322.42,14.35,-1.81,-1.2,-420.07,495.64,0.0,409.33,2026-06-17
MO-022800,DRV-0001,100,Ended,22800,0.0,149.19,4.15,1.74,0.61,-33.09,80.85,0.0,203.46,2026-01-05
MO-022801,DRV-0038,200,Ended,22801,0.0,41.52,10.38,-7.8,-2.75,63.68,43.55,0.0,148.59,2026-01-22
MO-022802,ACT-0015,100,Ended,22802,0.0,192.22,5.55,-9.07,-3.29,-78.76,112.86,0.0,219.5,2026-02-08
MO-022803,ACT-0052,200,Ended,22803,0.0,121.25,4.8,-5.26,-1.9,-4.12,51.72,0.0,166.5,2026-02-25
MO-022804,CTL-0029,300,Ended,22804,0.0,-7.66,-0.68,0.17,-0.01,61.07,52.23,0.0,105.12,2026-03-14
MO-022805,SYS-0026,300,Ended,22805,0.0,1451.42,-0.77,14.34,5.02,-773.64,630.77,0.0,1327.14,2026-03-31
MO-022806,AFT-0033,300,Ended,22806,0.0,1452.14,6.97,35.03,13.77,-568.21,558.7,0.0,1498.39,2026-04-17
MO-022807,SA-0010,200,Ended,22807,0.0,14.49,10.07,49.69,18.69,-332.28,400.88,0.0,161.55,2026-05-04
MO-022808,SA-0047,300,Ended,22808,0.0,19.37,8.21,-0.37,0.07,197.17,19.75,0.0,244.2,2026-05-21
MO-022809,SA-0084,100,Ended,22809,0.0,-9.74,3.6,6.38,2.19,-97.25,14.19,0.0,-80.62,2026-06-07
MO-022810,DRV-0021,100,Started,22810,0.0,4322.91,5.73,2.32,1.05,42.9,35.91,0.0,4410.81,
MO-022854,AFT-0059,100,Ended,22854,0.0,81.86,19.62,38.12,15.11,124.98,37.81,0.0,317.5,2026-01-13
MO-022855,SA-0036,100,Ended,22855,0.0,419.02,33.45,76.23,26.85,-1865.61,434.37,0.0,-875.69,2026-01-30
MO-022856,SA-0073,200,Ended,22856,0.0,34.4,6.12,-6.78,-2.65,16.76,23.35,0.0,71.21,2026-02-16
MO-022857,DRV-0010,200,Ended,22857,0.0,55.89,2.13,-10.45,-3.61,132.97,21.87,0.0,198.79,2026-03-05
MO-022858,DRV-0047,100,Ended,22858,0.0,525.54,2.09,-1.22,-0.39,-200.46,261.46,0.0,587.03,2026-03-22
MO-022859,ACT-0024,200,Ended,22859,0.0,334.02,-2.48,-1.74,-0.61,-534.0,79.94,0.0,-124.88,2026-04-08
MO-022860,CTL-0001,300,Ended,22860,0.0,917.1,0.79,4.66,1.74,-987.05,761.7,0.0,698.95,2026-04-25
MO-022861,CTL-0038,300,Ended,22861,0.0,-231.86,6.51,15.6,5.6,-737.77,586.06,0.0,-355.86,2026-05-12
MO-022862,AFT-0005,100,Ended,22862,0.0,-328.1,31.81,57.51,21.06,-880.29,980.67,0.0,-117.33,2026-05-29
MO-022863,AFT-0042,300,Ended,22863,0.0,14.52,31.2,56.37,19.38,-2611.14,104.73,0.0,-2384.94,2026-06-15
MO-022907,ACT-0050,200,Ended,22907,0.0,312.99,9.0,17.71,6.34,-107.83,128.0,0.0,366.21,2026-01-03
MO-022908,CTL-0027,300,Ended,22908,0.0,390.13,13.24,10.34,4.53,-98.13,147.3,0.0,467.41,2026-01-20
MO-022909,SYS-0024,300,Ended,22909,0.0,4532.98,13.01,25.9,9.88,-2037.18,516.91,0.0,3061.51,2026-02-07
MO-022910,AFT-0031,100,Ended,22910,0.0,250.55,57.24,39.0,13.73,-994.95,217.12,0.0,-417.3,2026-02-24
MO-022911,SA-0008,300,Ended,22911,0.0,762.15,28.9,-11.31,-6.04,-657.68,531.06,0.0,647.08,2026-03-13
MO-022912,SA-0045,100,Ended,22912,0.0,7.08,0.57,-8.89,-3.34,74.44,12.76,0.0,82.63,2026-03-30
MO-022913,SA-0082,200,Ended,22913,0.0,89.5,-1.02,-7.09,-2.59,125.03,39.8,0.0,243.64,2026-04-16
MO-022914,DRV-0019,100,Ended,22914,0.0,178.74,5.02,3.85,1.4,-70.33,49.16,0.0,167.84,2026-05-03
MO-022915,DRV-0056,200,Ended,22915,0.0,1464.64,0.73,0.16,0.03,-585.46,598.63,0.0,1478.74,2026-05-20
MO-022916,ACT-0033,100,Ended,22916,0.0,1056.3,5.85,5.65,2.06,-325.23,370.21,0.0,1114.83,2026-06-06
MO-022917,CTL-0010,300,Released,22917,0.0,0.0,0.0,-106.34,-36.98,143.33,0.0,0.0,0.0,
MO-022961,DRV-0008,200,Ended,22961,0.0,37.92,2.12,0.73,0.22,25.31,20.81,0.0,87.11,2026-01-11
MO-022962,DRV-0045,100,Ended,22962,0.0,102.81,8.92,7.91,2.92,67.02,39.78,0.0,229.36,2026-01-28
MO-022963,ACT-0022,200,Ended,22963,0.0,106.63,6.42,7.47,3.03,-34.72,79.23,0.0,168.06,2026-02-14
MO-022964,ACT-0059,100,Ended,22964,0.0,-77.88,9.96,10.89,4.11,62.4,60.26,0.0,69.74,2026-03-03
MO-022965,CTL-0036,300,Ended,22965,0.0,1915.06,19.56,23.52,7.8,-3311.64,1689.87,0.0,344.16,2026-03-20
MO-022966,AFT-0003,300,Ended,22966,0.0,-257.43,6.95,-6.02,-0.06,-2580.31,2527.86,0.0,-309.02,2026-04-06
MO-022967,AFT-0040,100,Ended,22967,0.0,332.71,-4.94,-40.34,-14.8,-296.68,297.91,0.0,273.85,2026-04-23
MO-022968,SA-0017,300,Ended,22968,0.0,32.86,0.14,-6.46,-2.44,92.46,9.61,0.0,126.18,2026-05-10
MO-022969,SA-0054,100,Ended,22969,0.0,20.05,4.1,-4.25,-1.47,-537.99,17.22,0.0,-502.33,2026-05-27
MO-022970,SA-0091,200,Ended,22970,0.0,150.18,10.01,6.76,2.68,-143.91,125.85,0.0,151.57,2026-06-13
MO-023014,AFT-0029,100,Ended,23014,0.0,180.17,34.97,43.2,16.01,105.94,61.37,0.0,441.66,2026-01-02
MO-023015,SA-0006,100,Ended,23015,0.0,341.51,55.99,74.04,26.08,-7445.7,881.82,0.0,-6066.26,2026-01-19
MO-023016,SA-0043,200,Ended,23016,0.0,9.66,5.64,6.52,2.56,20.54,26.8,0.0,71.73,2026-02-05
MO-023017,SA-0080,300,Ended,23017,0.0,-4.74,4.51,1.23,0.5,18.4,31.98,0.0,51.88,2026-02-22
MO-023018,DRV-0017,100,Ended,23018,0.0,192.42,5.17,6.63,2.47,93.14,54.39,0.0,354.22,2026-03-11
MO-023019,DRV-0054,200,Ended,23019,0.0,760.29,5.85,6.57,2.42,-439.79,95.56,0.0,430.91,2026-03-28
MO-023020,ACT-0031,100,Ended,23020,0.0,2254.17,2.31,14.32,4.28,-1093.45,883.07,0.0,2064.7,2026-04-14
MO-023021,CTL-0008,300,Ended,23021,0.0,287.93,-9.75,1.46,2.09,-321.95,255.89,0.0,215.66,2026-05-01
MO-023022,SYS-0005,100,Ended,23022,0.0,44.41,1.34,-30.64,-11.64,-18.12,123.99,0.0,109.34,2026-05-18
MO-023023,AFT-0012,300,Ended,23023,0.0,694.19,24.76,-8.59,-2.88,-2804.69,351.57,0.0,-1745.64,2026-06-04
MO-023024,AFT-0049,100,Reported Finished,23024,0.0,393.66,6.34,-5.3,-2.02,77.18,10.8,0.0,480.66,
MO-023068,ACT-0057,100,Ended,23068,0.0,-505.85,4.37,-6.18,-2.28,-357.53,367.01,0.0,-500.45,2026-01-10
MO-023069,CTL-0034,300,Ended,23069,0.0,708.77,31.1,23.0,8.17,-99.93,175.19,0.0,846.31,2026-01-27
MO-023070,AFT-0001,100,Ended,23070,0.0,384.64,46.93,88.05,34.34,-2054.42,1207.63,0.0,-292.84,2026-02-13
MO-023071,AFT-0038,100,Ended,23071,0.0,299.76,31.36,31.55,12.14,-1254.22,951.7,0.0,72.29,2026-03-02
MO-023072,SA-0015,100,Ended,23072,0.0,25.83,2.08,1.27,0.5,57.62,23.12,0.0,110.42,2026-03-19
MO-023073,SA-0052,200,Ended,23073,0.0,63.77,1.99,0.56,0.17,49.06,20.59,0.0,136.12,2026-04-05
MO-023074,SA-0089,300,Ended,23074,0.0,-37.37,5.12,5.25,2.05,135.24,12.02,0.0,122.31,2026-04-22
MO-023075,DRV-0026,200,Ended,23075,0.0,105.72,-4.22,7.34,1.99,-114.3,127.76,0.0,124.27,2026-05-09
MO-023076,ACT-0003,100,Ended,23076,0.0,1099.22,6.98,-9.72,-3.46,-526.74,559.52,0.0,1125.81,2026-05-26
MO-023077,ACT-0040,200,Ended,23077,0.0,103.84,3.38,-18.29,-6.76,-0.55,53.95,0.0,135.58,2026-06-12
MO-023078,CTL-0017,300,Reported Finished,23078,0.0,1155.44,16.63,-5.88,-2.23,97.0,34.48,0.0,1295.43,
MO-023122,DRV-0015,100,Ended,23122,0.0,137.07,5.94,-5.65,-2.15,-20.71,129.54,0.0,244.05,2026-01-17
MO-023123,DRV-0052,200,Ended,23123,0.0,64.42,6.27,-4.12,-1.45,-8.82,103.85,0.0,160.15,2026-02-03
MO-023124,ACT-0029,100,Ended,23124,0.0,186.1,21.88,7.55,2.77,-25.25,64.63,0.0,257.69,2026-02-20
MO-023125,CTL-0006,300,Ended,23125,0.0,1306.09,23.69,32.67,11.64,-2415.72,723.78,0.0,-317.85,2026-03-09
MO-023126,SYS-0003,100,Ended,23126,0.0,351.8,16.02,90.73,33.13,-454.86,442.39,0.0,479.21,2026-03-27
MO-023127,AFT-0010,100,Ended,23127,0.0,116.99,12.13,29.31,10.07,-63.83,116.47,0.0,221.13,2026-04-13
MO-023128,AFT-0047,100,Ended,23128,0.0,39.73,-0.18,0.3,0.09,6.78,56.29,0.0,103.02,2026-04-30
MO-023129,SA-0024,100,Ended,23129,0.0,61.8,-2.32,2.64,0.91,-260.12,17.44,0.0,-179.65,2026-05-17
MO-023130,SA-0061,200,Ended,23130,0.0,90.64,-1.41,6.31,2.36,-115.48,66.01,0.0,48.42,2026-06-03
MO-023131,SA-0098,300,Ended,23131,0.0,447.65,7.98,-6.24,-2.14,-155.92,163.43,0.0,454.76,2026-06-20
MO-023175,AFT-0036,300,Ended,23175,0.0,488.84,8.56,-10.84,-4.71,-5765.23,831.8,0.0,-4451.58,2026-01-08
MO-023176,SA-0013,200,Ended,23176,0.0,26.62,1.64,-8.88,-3.33,46.84,20.57,0.0,83.47,2026-01-25
MO-023177,SA-0050,300,Ended,23177,0.0,80.48,3.13,-4.7,-1.73,-9.86,53.7,0.0,121.02,2026-02-11
MO-023178,SA-0087,100,Ended,23178,0.0,-26.4,10.39,-3.69,-1.26,69.77,31.18,0.0,79.99,2026-02-28
MO-023179,DRV-0024,200,Ended,23179,0.0,-201.27,11.42,0.19,-0.02,-804.67,65.02,0.0,-929.31,2026-03-17
MO-023180,ACT-0001,100,Ended,23180,0.0,212.49,15.99,14.25,5.24,-893.71,831.3,0.0,185.57,2026-04-03
MO-023181,ACT-0038,200,Ended,23181,0.0,287.11,3.85,37.01,13.0,-207.4,152.27,0.0,285.85,2026-04-20
MO-023182,CTL-0015,300,Ended,23182,0.0,496.84,4.93,46.4,16.72,-269.03,212.23,0.0,508.09,2026-05-07
MO-023183,SYS-0012,300,Ended,23183,0.0,655.02,-5.11,26.17,10.06,-4627.21,190.54,0.0,-3750.54,2026-05-24
MO-023184,AFT-0019,100,Ended,23184,0.0,27.96,-0.8,3.06,1.09,17.32,11.55,0.0,60.18,2026-06-10
MO-023185,AFT-0056,100,Started,23185,0.0,761.19,1.91,-2.61,-0.78,102.85,7.72,0.0,870.28,
MO-023229,CTL-0004,300,Ended,23229,0.0,1228.08,-1.7,10.85,3.53,-99.26,124.94,0.0,1266.45,2026-01-16
MO-023230,SYS-0001,100,Ended,23230,0.0,264.12,7.6,-5.6,-1.23,-722.99,339.0,0.0,-119.1,2026-02-02
MO-023231,AFT-0008,100,Ended,23231,0.0,136.42,21.9,-5.11,-1.84,-552.72,169.61,0.0,-231.74,2026-02-19
MO-023232,AFT-0045,300,Ended,23232,0.0,60.89,6.03,-12.76,-4.58,152.23,57.32,0.0,259.12,2026-03-08
MO-023233,SA-0022,200,Ended,23233,0.0,80.65,6.8,-3.47,-1.15,27.86,37.42,0.0,148.11,2026-03-25
MO-023234,SA-0059,300,Ended,23234,0.0,60.58,8.27,6.51,2.4,146.26,16.26,0.0,240.28,2026-04-11
MO-023235,SA-0096,100,Ended,23235,0.0,405.93,6.11,3.77,1.49,-993.55,210.41,0.0,-365.84,2026-04-28
MO-023236,DRV-0033,100,Ended,23236,0.0,161.71,0.66,17.93,6.68,-291.11,314.97,0.0,210.84,2026-05-15
MO-023237,ACT-0010,200,Ended,23237,0.0,-825.88,-1.08,36.91,13.21,-516.37,603.01,0.0,-690.21,2026-06-01
MO-023238,ACT-0047,100,Ended,23238,0.0,490.75,13.14,19.32,8.33,-58.24,214.56,0.0,687.85,2026-06-18
MO-023282,SA-0085,200,Ended,23282,0.0,-35.52,-3.54,22.33,8.33,-91.46,81.47,0.0,-18.38,2026-01-07
MO-023283,DRV-0022,200,Ended,23283,0.0,938.93,2.8,6.93,2.47,-222.82,335.92,0.0,1064.23,2026-01-24
MO-023284,DRV-0059,100,Ended,23284,0.0,-767.67,19.17,-2.08,-1.41,-100.23,286.04,0.0,-566.19,2026-02-10
MO-023285,ACT-0036,200,Ended,23285,0.0,111.23,4.03,-1.1,0.24,-572.72,93.24,0.0,-365.08,2026-02-27
MO-023286,CTL-0013,300,Ended,23286,0.0,232.4,13.6,-7.98,-3.06,-546.82,151.0,0.0,-160.87,2026-03-16
MO-023287,SYS-0010,300,Ended,23287,0.0,371.93,33.72,-21.6,-6.68,-498.27,534.21,0.0,413.31,2026-04-02
MO-023288,AFT-0017,100,Ended,23288,0.0,42.54,6.05,-11.36,-4.41,209.09,51.18,0.0,293.09,2026-04-19
MO-023289,AFT-0054,300,Ended,23289,0.0,-19.05,3.18,-0.93,-0.31,-150.03,5.57,0.0,-161.56,2026-05-06
MO-023290,SA-0031,200,Ended,23290,0.0,85.53,1.8,16.54,6.05,-151.04,104.65,0.0,63.53,2026-05-23
MO-023291,SA-0068,300,Ended,23291,0.0,45.65,-3.4,4.83,1.64,-137.6,163.08,0.0,74.21,2026-06-09
MO-023292,DRV-0005,100,Released,23292,0.0,0.0,0.0,-21.6,-8.1,29.7,0.0,0.0,0.0,
MO-023336,AFT-0043,100,Ended,23336,0.0,44.38,-2.21,3.1,1.15,14.36,42.1,0.0,102.89,2026-01-14
MO-023337,SA-0020,300,Ended,23337,0.0,62.37,-1.06,4.35,1.47,52.48,23.49,0.0,143.1,2026-01-31
MO-023338,SA-0057,100,Ended,23338,0.0,30.14,3.41,10.77,4.6,36.17,16.24,0.0,101.32,2026-02-17
MO-023339,SA-0094,200,Ended,23339,0.0,185.79,10.28,-1.65,-0.97,69.69,32.58,0.0,295.71,2026-03-06
MO-023340,DRV-0031,100,Ended,23340,0.0,1183.28,15.48,-4.05,-1.4,-907.27,487.55,0.0,773.57,2026-03-23
MO-023341,ACT-0008,200,Ended,23341,0.0,11.27,6.23,-5.15,-1.94,-109.0,82.0,0.0,-16.58,2026-04-09
MO-023342,ACT-0045,100,Ended,23342,0.0,87.64,31.44,-25.65,-9.84,-187.01,131.03,0.0,27.62,2026-04-26
MO-023343,CTL-0022,300,Ended,23343,0.0,367.75,26.53,0.69,-0.35,-677.14,724.54,0.0,442.03,2026-05-14
MO-023344,SYS-0019,100,Ended,23344,0.0,-6.24,1.25,-4.69,-1.7,73.43,26.97,0.0,89.01,2026-05-31
MO-023345,AFT-0026,100,Ended,23345,0.0,26.88,-1.75,0.26,0.06,7.75,19.46,0.0,52.65,2026-06-17
MO-023389,ACT-0034,200,Ended,23389,0.0,118.39,-0.05,17.64,6.31,96.74,30.48,0.0,269.52,2026-01-05
MO-023390,CTL-0011,300,Ended,23390,0.0,1973.21,-9.01,46.59,16.62,-1921.31,1992.84,0.0,2098.94,2026-01-22
MO-023391,SYS-0008,300,Ended,23391,0.0,276.5,-6.43,59.9,20.59,-267.18,152.61,0.0,235.99,2026-02-08
MO-023392,AFT-0015,300,Ended,23392,0.0,120.62,2.29,3.67,1.35,64.9,50.59,0.0,243.42,2026-02-25
MO-023393,AFT-0052,100,Ended,23393,0.0,-6.57,7.77,-2.95,-1.09,169.28,12.62,0.0,179.06,2026-03-14
MO-023394,SA-0029,300,Ended,23394,0.0,17.02,7.79,0.52,0.14,50.69,11.05,0.0,87.2,2026-03-31
MO-023395,SA-0066,100,Ended,23395,0.0,174.85,7.17,-4.03,-1.4,-1104.02,218.27,0.0,-709.15,2026-04-17
MO-023396,DRV-0003,100,Ended,23396,0.0,1373.5,3.82,-1.41,-0.56,-483.11,551.5,0.0,1443.75,2026-05-04
MO-023397,DRV-0040,200,Ended,23397,0.0,51.06,22.57,-17.18,-6.31,-49.85,59.12,0.0,59.41,2026-05-21
MO-023398,ACT-0017,100,Ended,23398,0.0,-2.19,-0.75,-3.63,-1.59,-116.59,177.11,0.0,52.36,2026-06-07
MO-023399,ACT-0054,200,Reported Finished,23399,0.0,28953.81,-4.39,36.64,12.97,-4560.57,669.3,0.0,25107.76,
MO-023443,SA-0092,300,Ended,23443,0.0,92.07,0.53,0.23,0.05,-10.24,19.57,0.0,102.2,2026-01-13
MO-023444,DRV-0029,100,Ended,23444,0.0,567.0,-1.89,6.61,2.41,-14.64,113.2,0.0,672.69,2026-01-30
MO-023445,ACT-0006,200,Ended,23445,0.0,109.68,-1.11,24.18,8.2,-3102.21,234.61,0.0,-2726.65,2026-02-16
MO-023446,ACT-0043,100,Ended,23446,0.0,275.41,22.6,80.11,29.25,-524.09,279.87,0.0,163.14,2026-03-05
MO-023447,CTL-0020,300,Ended,23447,0.0,198.22,19.61,71.61,27.34,-478.69,360.73,0.0,198.84,2026-03-22
MO-023448,SYS-0017,100,Ended,23448,0.0,377.64,5.56,-1.74,-0.75,41.09,86.1,0.0,507.91,2026-04-08
MO-023449,AFT-0024,300,Ended,23449,0.0,30.26,6.48,-5.9,-1.91,-640.12,11.69,0.0,-599.5,2026-04-25
MO-023450,SA-0001,200,Ended,23450,0.0,55.46,4.98,-3.93,-1.56,-77.09,50.36,0.0,28.23,2026-05-12
MO-023451,SA-0038,300,Ended,23451,0.0,86.52,0.71,-3.23,-1.14,-140.84,165.75,0.0,107.76,2026-05-29
MO-023452,SA-0075,100,Ended,23452,0.0,48.07,6.48,-9.29,-3.73,-82.82,149.9,0.0,108.63,2026-06-15
MO-023496,AFT-0013,100,Ended,23496,0.0,302.49,1.46,-5.38,-1.96,-128.27,176.8,0.0,345.14,2026-01-03
MO-023497,AFT-0050,100,Ended,23497,0.0,208.65,0.7,-3.47,-1.24,-95.14,148.28,0.0,257.78,2026-01-20
MO-023498,SA-0027,100,Ended,23498,0.0,-2.8,1.69,4.81,1.93,139.78,45.0,0.0,190.41,2026-02-07
MO-023499,SA-0064,200,Ended,23499,0.0,6.73,-0.26,1.33,0.53,31.89,9.51,0.0,49.72,2026-02-24
MO-023500,DRV-0001,100,Ended,23500,0.0,709.93,1.96,13.7,5.0,-557.09,377.3,0.0,550.81,2026-03-13
MO-023501,DRV-0038,200,Ended,23501,0.0,223.7,23.89,55.44,19.48,-306.63,195.96,0.0,211.84,2026-03-30
MO-023502,ACT-0015,100,Ended,23502,0.0,403.44,51.53,54.02,22.61,-423.94,451.44,0.0,559.1,2026-04-16
MO-023503,ACT-0052,200,Ended,23503,0.0,189.39,32.59,65.05,22.48,-173.53,226.29,0.0,362.27,2026-05-03
MO-023504,CTL-0029,300,Ended,23504,0.0,-34.62,4.42,-4.93,-1.85,113.04,11.19,0.0,87.27,2026-05-20
MO-023505,SYS-0026,300,Ended,23505,0.0,236.43,1.35,-7.69,-2.76,-22.76,140.17,0.0,344.75,2026-06-06
MO-023506,AFT-0033,300,Started,23506,0.0,4285.31,2.3,-3.91,-1.5,51.0,34.92,0.0,4368.12,
MO-023550,ACT-0041,100,Ended,23550,0.0,98.5,14.15,-35.33,-13.41,-223.3,310.47,0.0,151.08,2026-01-11
MO-023551,CTL-0018,300,Ended,23551,0.0,913.42,-0.39,-11.98,-4.03,-2066.14,479.54,0.0,-689.57,2026-01-28
MO-023552,SYS-0015,100,Ended,23552,0.0,914.01,0.72,-3.27,-1.23,-133.47,247.62,0.0,1024.37,2026-02-14
MO-023553,AFT-0022,100,Ended,23553,0.0,20.4,-0.38,-2.55,-0.94,80.42,9.01,0.0,105.96,2026-03-03
MO-023554,AFT-0059,100,Ended,23554,0.0,21.57,1.55,-0.45,-0.16,154.49,9.45,0.0,186.46,2026-03-20
MO-023555,SA-0036,100,Ended,23555,0.0,43.71,2.82,5.43,1.84,-398.65,99.28,0.0,-245.56,2026-04-06
MO-023556,SA-0073,200,Ended,23556,0.0,101.26,25.7,40.74,15.14,-270.59,108.95,0.0,21.2,2026-04-23
MO-023557,DRV-0010,200,Ended,23557,0.0,171.83,33.29,46.74,18.11,41.46,98.39,0.0,409.82,2026-05-10
MO-023558,DRV-0047,100,Ended,23558,0.0,1276.74,21.73,13.92,4.72,-987.39,1045.83,0.0,1375.56,2026-05-27
MO-023559,ACT-0024,200,Ended,23559,0.0,477.13,15.5,19.11,6.28,-2542.42,349.73,0.0,-1674.67,2026-06-13
MO-023603,SA-0062,300,Ended,23603,0.0,29.8,10.93,13.71,4.31,6.07,41.83,0.0,106.65,2026-01-02
MO-023604,SA-0099,100,Ended,23604,0.0,291.66,12.25,-8.25,-2.85,-52.18,73.27,0.0,313.9,2026-01-19
MO-023605,DRV-0036,200,Ended,23605,0.0,1055.78,0.41,-20.89,-7.71,-2041.13,673.74,0.0,-339.82,2026-02-05
MO-023606,ACT-0013,100,Ended,23606,0.0,212.05,-8.82,-12.33,-4.66,-910.79,208.2,0.0,-516.35,2026-02-22
MO-023607,ACT-0050,200,Ended,23607,0.0,805.35,9.92,9.47,3.25,-677.52,559.99,0.0,710.46,2026-03-11
MO-023608,CTL-0027,300,Ended,23608,0.0,36.61,4.05,-2.09,-0.76,74.0,31.57,0.0,143.38,2026-03-28
MO-023609,SYS-0024,300,Ended,23609,0.0,647.7,1.46,-2.12,-0.75,-386.56,114.87,0.0,374.6,2026-04-14
MO-023610,AFT-0031,100,Ended,23610,0.0,42.09,11.55,7.57,3.05,-111.73,54.28,0.0,6.81,2026-05-01
MO-023611,SA-0008,300,Ended,23611,0.0,327.03,12.39,14.17,5.43,-102.69,121.38,0.0,377.72,2026-05-18
MO-023612,SA-0045,100,Ended,23612,0.0,117.31,17.34,43.67,16.3,2.13,59.57,0.0,256.32,2026-06-04
MO-023613,SA-0082,200,Released,23613,0.0,0.0,0.0,-95.92,-34.7,130.63,0.0,0.0,0.0,
MO-023657,AFT-0020,100,Ended,23657,0.0,47.27,3.3,-0.05,-0.16,12.19,47.03,0.0,109.58,2026-01-10
MO-023658,AFT-0057,300,Ended,23658,0.0,-27.71,10.08,6.73,3.28,99.96,43.3,0.0,135.63,2026-01-27
MO-023659,SA-0034,200,Ended,23659,0.0,-71.2,1.74,-5.67,-1.9,143.55,30.1,0.0,96.62,2026-02-13
MO-023660,SA-0071,300,Ended,23660,0.0,172.09,3.01,-15.12,-5.48,-131.49,202.16,0.0,225.16,2026-03-02
MO-023661,DRV-0008,200,Ended,23661,0.0,108.33,-2.05,-9.55,-3.47,-156.55,93.63,0.0,30.34,2026-03-19
MO-023662,DRV-0045,100,Ended,23662,0.0,270.96,9.61,3.2,1.06,-215.91,159.1,0.0,228.03,2026-04-05
MO-023663,ACT-0022,200,Ended,23663,0.0,1259.28,25.62,21.27,7.46,-320.93,346.64,0.0,1339.34,2026-04-22
MO-023664,ACT-0059,100,Ended,23664,0.0,69.68,3.8,-2.07,-0.77,118.05,12.91,0.0,201.6,2026-05-09
MO-023665,CTL-0036,300,Ended,23665,0.0,703.19,8.06,2.52,1.0,-660.25,375.53,0.0,430.05,2026-05-26
MO-023666,AFT-0003,300,Ended,23666,0.0,-558.42,11.2,15.56,5.8,-506.12,631.97,0.0,-400.01,2026-06-12
MO-023667,AFT-0040,100,Released,23667,0.0,0.0,0.0,-40.11,-14.51,54.63,0.0,0.0,0.0,
MO-023711,ACT-0048,200,Ended,23711,0.0,108.98,24.31,32.09,12.31,-4095.71,268.39,0.0,-3649.63,2026-01-17
MO-023712,CTL-0025,300,Ended,23712,0.0,30.28,2.58,1.64,0.7,-36.25,55.82,0.0,54.78,2026-02-03
MO-023713,SYS-0022,300,Ended,23713,0.0,666.23,0.91,2.7,1.44,-101.32,198.61,0.0,768.56,2026-02-20
MO-023714,AFT-0029,100,Ended,23714,0.0,56.52,-1.11,-9.7,-3.97,153.65,15.34,0.0,210.73,2026-03-09
MO-023715,SA-0006,100,Ended,23715,0.0,336.4,3.7,-11.12,-3.83,-1562.93,201.56,0.0,-1036.21,2026-03-27
MO-023716,SA-0043,200,Ended,23716,0.0,145.91,21.26,0.58,0.39,-298.59,125.08,0.0,-5.37,2026-04-13
MO-023717,SA-0080,300,Ended,23717,0.0,-4.84,6.21,-1.61,-0.52,-208.04,143.92,0.0,-64.89,2026-04-30
MO-023718,DRV-0017,100,Ended,23718,0.0,441.18,19.56,12.27,4.59,-99.82,217.57,0.0,595.35,2026-05-17
MO-023719,DRV-0054,200,Ended,23719,0.0,2041.24,22.49,23.53,8.42,-2096.08,418.09,0.0,417.69,2026-06-03
MO-023720,ACT-0031,100,Ended,23720,0.0,382.31,6.26,0.52,0.2,-136.91,189.23,0.0,441.61,2026-06-20
MO-023764,SA-0069,100,Ended,23764,0.0,-4.27,25.69,21.92,8.17,35.35,31.36,0.0,118.22,2026-01-08
MO-023765,DRV-0006,200,Ended,23765,0.0,220.0,9.46,41.55,14.87,-2045.73,800.0,0.0,-959.86,2026-01-25
MO-023766,DRV-0043,100,Ended,23766,0.0,503.72,3.47,23.63,10.12,-1008.27,325.74,0.0,-141.6,2026-02-11
MO-023767,ACT-0020,200,Ended,23767,0.0,821.12,30.01,51.05,19.44,-559.14,328.76,0.0,691.24,2026-02-28
MO-023768,ACT-0057,100,Ended,23768,0.0,427.65,-2.12,1.82,0.59,-43.3,78.65,0.0,463.29,2026-03-17
MO-023769,CTL-0034,300,Ended,23769,0.0,94.06,1.84,-6.61,-2.56,47.45,38.93,0.0,173.11,2026-04-03
MO-023770,AFT-0001,100,Ended,23770,0.0,-76.19,13.14,-10.48,-3.96,-383.39,301.91,0.0,-158.97,2026-04-20
MO-023771,AFT-0038,100,Ended,23771,0.0,-99.35,3.98,-4.74,-1.74,-191.48,217.53,0.0,-75.8,2026-05-07
MO-023772,SA-0015,100,Ended,23772,0.0,173.87,16.57,10.46,3.81,-72.31,107.88,0.0,240.29,2026-05-24
MO-023773,SA-0052,200,Ended,23773,0.0,144.07,8.85,2.54,0.83,-42.82,92.64,0.0,206.11,2026-06-10
MO-023774,SA-0089,300,Reported Finished,23774,0.0,2074.57,17.59,12.38,4.55,80.09,48.08,0.0,2237.25,
MO-023818,AFT-0027,300,Ended,23818,0.0,33.88,13.7,5.75,2.13,37.05,22.96,0.0,115.48,2026-01-16
MO-023819,SA-0004,200,Ended,23819,0.0,43.77,11.27,5.71,1.93,67.93,11.3,0.0,141.92,2026-02-02
MO-023820,SA-0041,300,Ended,23820,0.0,381.76,5.13,22.17,8.22,-39.73,207.48,0.0,585.02,2026-02-19
MO-023821,SA-0078,100,Ended,23821,0.0,196.45,-0.77,18.66,7.45,-1494.23,294.54,0.0,-977.89,2026-03-08
MO-023822,DRV-0015,100,Ended,23822,0.0,38.12,-5.53,24.9,9.41,-569.05,518.17,0.0,16.01,2026-03-25
MO-023823,DRV-0052,200,Ended,23823,0.0,-406.54,-6.97,47.56,15.82,-394.89,454.35,0.0,-290.68,2026-04-11
MO-023824,ACT-0029,100,Ended,23824,0.0,0.12,1.71,-3.07,-0.91,26.94,13.85,0.0,38.63,2026-04-28
MO-023825,CTL-0006,300,Ended,23825,0.0,234.42,6.66,-7.97,-2.91,-464.82,160.84,0.0,-73.77,2026-05-15
MO-023826,SYS-0003,100,Ended,23826,0.0,129.69,11.37,-3.11,-1.13,12.22,110.6,0.0,259.64,2026-06-01
MO-023827,AFT-0010,100,Ended,23827,0.0,60.09,6.57,-1.63,-0.6,74.91,26.62,0.0,165.98,2026-06-18
MO-023871,ACT-0018,200,Ended,23871,0.0,967.0,44.63,-7.75,-3.28,-5069.65,737.7,0.0,-3331.36,2026-01-07
MO-023872,ACT-0055,100,Ended,23872,0.0,349.86,7.83,-5.41,-1.94,-7.68,96.07,0.0,438.73,2026-01-24
MO-023873,CTL-0032,300,Ended,23873,0.0,131.96,5.59,0.93,0.29,-59.95,77.92,0.0,156.74,2026-02-10
MO-023874,SYS-0029,100,Ended,23874,0.0,-230.22,2.97,7.47,2.75,45.66,40.61,0.0,-130.76,2026-02-27
MO-023875,AFT-0036,300,Ended,23875,0.0,14.82,-0.12,14.54,5.11,-1193.67,190.13,0.0,-969.2,2026-03-16
MO-023876,SA-0013,200,Ended,23876,0.0,64.77,-2.91,19.65,7.34,-391.47,95.98,0.0,-206.64,2026-04-02
MO-023877,SA-0050,300,Ended,23877,0.0,310.59,-0.93,16.72,6.16,-291.46,241.67,0.0,282.75,2026-04-19
MO-023878,SA-0087,100,Ended,23878,0.0,175.3,16.55,32.17,9.82,-171.69,124.73,0.0,186.88,2026-05-06
MO-023879,DRV-0024,200,Ended,23879,0.0,2550.31,17.46,3.95,4.51,-3871.9,284.48,0.0,-1011.19,2026-05-23
MO-023880,ACT-0001,100,Ended,23880,0.0,-64.2,4.16,-5.65,-2.14,-164.37,178.14,0.0,-54.06,2026-06-09
MO-023881,ACT-0038,200,Started,23881,0.0,929.87,3.18,-3.37,-1.17,74.13,8.46,0.0,1011.09,
MO-023925,SA-0076,200,Ended,23925,0.0,136.62,8.11,-10.47,-4.27,-33.89,106.37,0.0,202.47,2026-01-14
MO-023926,DRV-0013,100,Ended,23926,0.0,258.11,45.67,-10.77,-3.97,-594.16,299.17,0.0,-5.94,2026-01-31
MO-023927,DRV-0050,200,Ended,23927,0.0,3872.44,32.74,46.0,16.33,-1924.66,1647.08,0.0,3689.93,2026-02-17
MO-023928,ACT-0027,100,Ended,23928,0.0,-31.59,3.26,-0.96,-0.33,122.55,83.33,0.0,176.27,2026-03-06
MO-023929,CTL-0004,300,Ended,23929,0.0,186.37,0.01,2.02,0.79,2.47,27.77,0.0,219.42,2026-03-23
MO-023930,SYS-0001,100,Ended,23930,0.0,107.59,-1.71,7.32,2.73,-111.85,84.75,0.0,88.83,2026-04-09
MO-023931,AFT-0008,100,Ended,23931,0.0,44.48,1.96,4.19,1.36,-2.84,38.77,0.0,87.91,2026-04-26
MO-023932,AFT-0045,300,Ended,23932,0.0,18.49,9.3,23.63,8.1,-177.46,267.5,0.0,149.55,2026-05-14
MO-023933,SA-0022,200,Ended,23933,0.0,112.67,15.01,18.8,5.25,-113.63,168.38,0.0,206.47,2026-05-31
MO-023934,SA-0059,300,Ended,23934,0.0,95.96,63.65,-16.48,-5.77,39.65,65.02,0.0,242.04,2026-06-17
MO-023978,SYS-0027,100,Ended,23978,0.0,-79.08,10.23,-4.71,-1.9,-34.14,70.04,0.0,-39.56,2026-01-05
MO-023979,AFT-0034,100,Ended,23979,0.0,-73.65,2.55,-2.65,-0.93,28.92,20.05,0.0,-25.72,2026-01-22
MO-023980,SA-0011,300,Ended,23980,0.0,426.13,9.29,-3.96,-1.47,-113.63,289.61,0.0,605.96,2026-02-08
MO-023981,SA-0048,100,Ended,23981,0.0,99.15,36.79,-5.45,-1.83,-2349.29,145.06,0.0,-2075.57,2026-02-25
MO-023982,SA-0085,200,Ended,23982,0.0,851.99,15.6,16.41,6.04,-609.04,325.87,0.0,606.86,2026-03-14
MO-023983,DRV-0022,200,Ended,23983,0.0,3091.73,2.8,66.16,23.58,-1394.03,1469.65,0.0,3259.89,2026-03-31
MO-023984,DRV-0059,100,Ended,23984,0.0,-355.83,0.69,-0.14,-0.04,154.62,61.29,0.0,-139.41,2026-04-17
MO-023985,ACT-0036,200,Ended,23985,0.0,14.71,-0.32,1.78,0.6,-103.92,20.72,0.0,-66.44,2026-05-04
MO-023986,CTL-0013,300,Ended,23986,0.0,33.83,1.88,5.47,2.01,-65.99,37.75,0.0,14.95,2026-05-21
MO-023987,SYS-0010,300,Ended,23987,0.0,302.6,6.89,12.11,3.89,9.0,122.11,0.0,456.6,2026-06-07
MO-023988,AFT-0017,100,Released,23988,0.0,0.0,0.0,-139.61,-53.8,193.41,0.0,0.0,0.0,
MO-024032,ACT-0025,100,Ended,24032,0.0,361.77,3.12,-3.8,-1.43,-84.03,125.83,0.0,401.46,2026-01-13
MO-024033,CTL-0002,300,Ended,24033,0.0,82.5,7.96,-7.24,-2.63,57.11,43.98,0.0,181.69,2026-01-30
MO-024034,CTL-0039,300,Ended,24034,0.0,9.63,2.63,-2.8,-1.03,-24.84,65.93,0.0,49.53,2026-02-16
MO-024035,AFT-0006,300,Ended,24035,0.0,1140.9,10.83,-7.85,-2.8,-1597.9,1151.0,0.0,694.18,2026-03-05
MO-024036,AFT-0043,100,Ended,24036,0.0,78.67,9.37,-1.85,-0.75,-429.47,196.48,0.0,-147.55,2026-03-22
MO-024037,SA-0020,300,Ended,24037,0.0,186.0,3.99,3.96,1.2,-198.04,105.73,0.0,102.84,2026-04-08
MO-024038,SA-0057,100,Ended,24038,0.0,54.05,-10.19,30.39,11.18,-68.23,64.94,0.0,82.13,2026-04-25
MO-024039,SA-0094,200,Ended,24039,0.0,553.62,12.0,74.68,26.23,-65.34,142.52,0.0,743.71,2026-05-12
MO-024040,DRV-0031,100,Ended,24040,0.0,225.79,5.78,-5.6,-2.28,-8.73,104.47,0.0,319.43,2026-05-29
MO-024041,ACT-0008,200,Ended,24041,0.0,45.51,0.94,1.34,0.53,1.74,18.22,0.0,68.29,2026-06-15
MO-024085,SA-0046,200,Ended,24085,0.0,153.26,19.54,49.92,19.34,-9.51,135.43,0.0,367.98,2026-01-03
MO-024086,SA-0083,300,Ended,24086,0.0,932.92,65.52,24.16,8.62,-366.49,583.73,0.0,1248.46,2026-01-20
MO-024087,DRV-0020,200,Ended,24087,0.0,1341.68,20.73,21.84,7.15,-609.3,502.31,0.0,1284.41,2026-02-07
MO-024088,DRV-0057,100,Ended,24088,0.0,221.5,5.16,-5.44,-1.95,-25.55,116.11,0.0,309.82,2026-02-24
MO-024089,ACT-0034,200,Ended,24089,0.0,6.76,2.68,-6.77,-2.45,158.19,6.77,0.0,165.19,2026-03-13
MO-024090,CTL-0011,300,Ended,24090,0.0,182.96,8.36,-5.94,-2.02,-444.89,498.21,0.0,236.69,2026-03-30
MO-024091,SYS-0008,300,Ended,24091,0.0,43.18,1.94,-3.84,-1.44,-24.18,34.88,0.0,50.55,2026-04-16
MO-024092,AFT-0015,300,Ended,24092,0.0,456.53,-6.21,7.73,2.79,-189.71,236.08,0.0,507.22,2026-05-03
MO-024093,AFT-0052,100,Ended,24093,0.0,111.68,7.05,32.37,11.39,88.77,56.81,0.0,308.06,2026-05-20
MO-024094,SA-0029,300,Ended,24094,0.0,200.33,11.07,37.84,14.11,25.08,44.2,0.0,332.64,2026-06-06
MO-024095,SA-0066,100,Reported Finished,24095,0.0,6498.63,26.87,59.54,21.32,-3576.24,190.99,0.0,3221.11,
MO-024139,AFT-0004,100,Ended,24139,0.0,76.0,6.19,24.01,8.88,-32.44,85.75,0.0,168.38,2026-01-11
MO-024140,AFT-0041,100,Ended,24140,0.0,431.59,35.68,21.96,7.35,-279.19,407.06,0.0,624.44,2026-01-28
MO-024141,SA-0018,100,Ended,24141,0.0,476.68,36.03,19.87,7.11,-2911.78,316.79,0.0,-2055.3,2026-02-14
MO-024142,SA-0055,200,Ended,24142,0.0,784.16,29.25,0.58,-1.07,-1596.47,441.87,0.0,-341.68,2026-03-03
MO-024143,SA-0092,300,Ended,24143,0.0,280.5,23.18,-1.31,0.79,-193.83,85.62,0.0,194.95,2026-03-20
MO-024144,DRV-0029,100,Ended,24144,0.0,70.1,1.07,-5.7,-2.15,78.27,24.26,0.0,165.85,2026-04-06
MO-024145,ACT-0006,200,Ended,24145,0.0,58.08,1.13,-8.4,-2.83,-561.07,52.14,0.0,-460.95,2026-04-23
MO-024146,ACT-0043,100,Ended,24146,0.0,59.57,-2.54,-1.44,-0.63,-95.5,69.97,0.0,29.43,2026-05-10
MO-024147,CTL-0020,300,Ended,24147,0.0,-35.3,-1.09,0.69,0.34,-68.18,82.45,0.0,-21.09,2026-05-27
MO-024148,SYS-0017,100,Ended,24148,0.0,1135.75,6.64,14.1,5.25,-280.44,401.82,0.0,1283.11,2026-06-13
MO-024192,DRV-0055,100,Ended,24192,0.0,-222.66,2.12,0.01,0.04,-200.96,243.02,0.0,-178.44,2026-01-02
MO-024193,ACT-0032,200,Ended,24193,0.0,8.35,0.43,0.7,0.24,40.52,9.31,0.0,59.55,2026-01-19
MO-024194,CTL-0009,300,Ended,24194,0.0,260.1,10.02,17.81,6.64,60.32,51.3,0.0,406.18,2026-02-05
MO-024195,SYS-0006,300,Ended,24195,0.0,124.49,17.38,16.48,5.62,-418.75,87.32,0.0,-167.47,2026-02-22
MO-024196,AFT-0013,100,Ended,24196,0.0,1245.5,17.25,7.11,2.42,-1043.67,825.05,0.0,1053.66,2026-03-11
MO-024197,AFT-0050,100,Ended,24197,0.0,1024.04,16.8,10.95,3.88,-731.62,667.25,0.0,991.3,2026-03-28
MO-024198,SA-0027,100,Ended,24198,0.0,613.48,9.57,-3.4,-0.99,-291.53,179.98,0.0,507.11,2026-04-14
MO-024199,SA-0064,200,Ended,24199,0.0,-95.35,-1.49,-9.25,-3.48,-32.29,41.63,0.0,-100.23,2026-05-01
MO-024200,DRV-0001,100,Ended,24200,0.0,104.86,-2.22,-7.54,-2.85,-40.73,80.85,0.0,132.37,2026-05-18
MO-024201,DRV-0038,200,Ended,24201,0.0,21.28,0.81,-6.08,-2.27,64.39,43.55,0.0,121.69,2026-06-04
MO-024202,ACT-0015,100,Started,24202,0.0,4366.15,4.86,3.9,1.43,18.12,37.62,0.0,4432.09,
MO-024246,SA-0053,300,Ended,24246,0.0,614.31,1.6,12.44,4.64,-524.24,625.9,0.0,734.66,2026-01-10
MO-024247,SA-0090,100,Ended,24247,0.0,496.56,16.12,36.09,12.92,-7318.01,310.86,0.0,-6445.45,2026-01-27
MO-024248,DRV-0027,100,Ended,24248,0.0,109.25,4.31,0.96,0.31,44.62,35.06,0.0,194.5,2026-02-13
MO-024249,ACT-0004,200,Ended,24249,0.0,25.49,4.86,4.4,1.49,67.58,4.06,0.0,107.88,2026-03-02
MO-024250,ACT-0041,100,Ended,24250,0.0,137.2,16.94,18.61,6.91,79.37,77.62,0.0,336.65,2026-03-19
MO-024251,CTL-0018,300,Ended,24251,0.0,135.93,6.58,5.61,1.83,-431.5,109.61,0.0,-171.94,2026-04-05
MO-024252,SYS-0015,100,Ended,24252,0.0,3059.06,6.74,-0.31,0.55,-1109.69,1155.54,0.0,3111.89,2026-04-22
MO-024253,AFT-0022,100,Ended,24253,0.0,33.03,0.05,-1.66,-0.89,21.49,40.57,0.0,92.58,2026-05-09
MO-024254,AFT-0059,100,Ended,24254,0.0,51.52,-12.23,-25.78,-10.7,61.14,37.81,0.0,101.76,2026-05-26
MO-024255,SA-0036,100,Ended,24255,0.0,675.18,-9.07,-32.17,-11.82,-1924.23,434.37,0.0,-867.74,2026-06-12
MO-024256,SA-0073,200,Started,24256,0.0,524.94,1.21,-4.75,-1.79,77.73,5.84,0.0,603.18,
MO-024300,AFT-0011,100,Ended,24300,0.0,297.49,0.79,-0.59,-0.23,-125.99,160.92,0.0,332.38,2026-01-17
MO-024301,AFT-0048,300,Ended,24301,0.0,2923.7,9.45,12.11,4.31,-2646.22,933.91,0.0,1237.27,2026-02-03
MO-024302,SA-0025,200,Ended,24302,0.0,422.17,10.76,15.59,5.72,-887.55,303.43,0.0,-129.87,2026-02-20
MO-024303,SA-0062,300,Ended,24303,0.0,-123.09,37.32,49.58,16.83,-649.19,183.02,0.0,-485.52,2026-03-09
MO-024304,SA-0099,100,Ended,24304,0.0,18.45,7.5,4.38,1.51,72.68,15.7,0.0,120.23,2026-03-27
MO-024305,DRV-0036,200,Ended,24305,0.0,147.29,8.25,5.43,2.09,-384.11,149.72,0.0,-71.33,2026-04-13
MO-024306,ACT-0013,100,Ended,24306,0.0,76.54,4.26,6.11,2.07,-104.73,52.05,0.0,36.29,2026-04-30
MO-024307,ACT-0050,200,Ended,24307,0.0,245.08,0.44,0.15,0.5,-116.65,128.0,0.0,257.52,2026-05-17
MO-024308,CTL-0027,300,Ended,24308,0.0,351.74,2.48,-5.3,-2.22,-113.46,147.3,0.0,380.54,2026-06-03
MO-024309,SYS-0024,300,Ended,24309,0.0,1296.02,-4.19,-16.82,-6.72,-2062.42,516.91,0.0,-277.22,2026-06-20
MO-024353,ACT-0002,200,Ended,24353,0.0,22.84,-0.88,-7.87,-2.88,25.99,15.94,0.0,53.14,2026-01-08
MO-024354,ACT-0039,100,Ended,24354,0.0,144.04,6.47,-2.85,-1.03,74.46,26.6,0.0,247.69,2026-01-25
MO-024355,CTL-0016,300,Ended,24355,0.0,-10.08,1.06,-1.91,-0.71,34.01,54.61,0.0,76.99,2026-02-11
MO-024356,SYS-0013,100,Ended,24356,0.0,293.88,6.14,3.62,1.3,-314.83,244.1,0.0,234.21,2026-02-28
MO-024357,AFT-0020,100,Ended,24357,0.0,0.77,16.08,12.82,4.46,-280.59,211.62,0.0,-34.84,2026-03-17
MO-024358,AFT-0057,300,Ended,24358,0.0,674.82,42.6,63.5,24.16,-205.05,173.21,0.0,773.24,2026-04-03
MO-024359,SA-0034,200,Ended,24359,0.0,1073.91,49.33,111.37,39.16,-8.54,131.7,0.0,1396.91,2026-04-20
MO-024360,SA-0071,300,Ended,24360,0.0,25.67,1.72,1.62,0.9,49.78,43.32,0.0,123.01,2026-05-07
MO-024361,DRV-0008,200,Ended,24361,0.0,10.24,0.87,4.82,1.65,27.48,20.81,0.0,65.86,2026-05-24
MO-024362,DRV-0045,100,Ended,24362,0.0,32.67,-2.58,-1.25,-0.47,58.94,39.78,0.0,127.09,2026-06-10
MO-024363,ACT-0022,200,Released,24363,0.0,0.0,0.0,-25.32,-8.8,34.13,0.0,0.0,0.0,
MO-024407,SA-0060,100,Ended,24407,0.0,-61.67,-19.93,3.54,4.64,-3215.05,182.51,0.0,-3105.96,2026-01-16
MO-024408,SA-0097,200,Ended,24408,0.0,17.55,0.13,-11.7,-4.41,33.56,30.91,0.0,66.04,2026-02-02
MO-024409,DRV-0034,200,Ended,24409,0.0,3.07,3.74,-3.8,-1.31,56.51,8.48,0.0,66.69,2026-02-19
MO-024410,ACT-0011,100,Ended,24410,0.0,104.61,14.55,2.54,1.05,88.9,72.9,0.0,284.55,2026-03-08
MO-024411,ACT-0048,200,Ended,24411,0.0,69.46,4.37,0.18,0.1,-851.19,61.35,0.0,-715.72,2026-03-25
MO-024412,CTL-0025,300,Ended,24412,0.0,695.77,12.44,4.94,1.87,-331.39,260.51,0.0,644.14,2026-04-11
MO-024413,SYS-0022,300,Ended,24413,0.0,1588.88,32.72,30.33,10.75,-811.1,893.74,0.0,1745.32,2026-04-28
MO-024414,AFT-0029,100,Ended,24414,0.0,83.92,12.35,114.56,42.19,154.21,61.37,0.0,468.6,2026-05-15
MO-024415,SA-0006,100,Ended,24415,0.0,1066.22,-0.13,92.03,35.58,-7431.13,881.82,0.0,-5355.63,2026-06-01
MO-024416,SA-0043,200,Ended,24416,0.0,35.29,0.48,-2.85,-1.17,13.21,26.8,0.0,71.77,2026-06-18
MO-024460,SYS-0011,100,Ended,24460,0.0,375.51,10.88,10.32,3.31,-162.34,357.18,0.0,594.86,2026-01-07
MO-024461,AFT-0018,300,Ended,24461,0.0,44.62,-11.29,23.59,8.45,-679.79,210.12,0.0,-404.29,2026-01-24
MO-024462,AFT-0055,100,Ended,24462,0.0,171.1,0.52,-16.93,-7.27,-528.84,118.18,0.0,-263.23,2026-02-10
MO-024463,SA-0032,300,Ended,24463,0.0,113.97,6.89,-40.17,-14.82,-349.39,83.59,0.0,-199.94,2026-02-27
MO-024464,SA-0069,100,Ended,24464,0.0,16.39,4.19,-9.2,-3.45,137.63,6.72,0.0,152.28,2026-03-16
MO-024465,DRV-0006,200,Ended,24465,0.0,-56.48,6.73,-1.42,-0.53,-400.82,177.78,0.0,-274.74,2026-04-02
MO-024466,DRV-0043,100,Ended,24466,0.0,71.78,5.66,4.76,1.73,-136.61,81.43,0.0,28.76,2026-04-19
MO-024467,ACT-0020,200,Ended,24467,0.0,113.09,9.06,0.76,0.26,-52.19,75.14,0.0,146.13,2026-05-06
MO-024468,ACT-0057,100,Ended,24468,0.0,1429.36,12.9,21.33,8.43,-336.66,367.01,0.0,1502.37,2026-05-23
MO-024469,CTL-0034,300,Ended,24469,0.0,178.14,0.25,70.48,24.74,-74.83,175.19,0.0,373.97,2026-06-09
MO-024470,AFT-0001,100,Reported Finished,24470,0.0,11202.34,3.53,36.35,12.37,-914.23,241.53,0.0,10581.89,
MO-024514,ACT-0009,100,Ended,24514,0.0,11.77,-0.45,7.99,2.95,35.01,12.74,0.0,70.02,2026-01-14
MO-024515,ACT-0046,200,Ended,24515,0.0,157.59,-2.67,5.27,1.55,-2.17,108.68,0.0,268.25,2026-01-31
MO-024516,CTL-0023,300,Ended,24516,0.0,551.66,1.61,21.94,9.81,-117.62,348.08,0.0,815.48,2026-02-17
MO-024517,SYS-0020,300,Ended,24517,0.0,1519.82,3.52,-5.94,-3.08,-1095.68,1066.68,0.0,1485.31,2026-03-06
MO-024518,AFT-0027,300,Ended,24518,0.0,26.08,23.58,-33.77,-12.7,-151.26,91.86,0.0,-56.23,2026-03-23
MO-024519,SA-0004,200,Ended,24519,0.0,54.65,21.45,-17.84,-6.48,-31.9,49.44,0.0,69.32,2026-04-09
MO-024520,SA-0041,300,Ended,24520,0.0,56.22,7.2,-7.51,-2.83,122.49,44.46,0.0,220.03,2026-04-26
MO-024521,SA-0078,100,Ended,24521,0.0,142.19,1.82,0.0,0.01,-277.96,65.45,0.0,-68.48,2026-05-14
MO-024522,DRV-0015,100,Ended,24522,0.0,94.55,5.88,5.31,2.12,-13.02,129.54,0.0,224.38,2026-05-31
MO-024523,DRV-0052,200,Ended,24523,0.0,-63.14,0.58,10.49,4.06,-0.47,103.85,0.0,55.37,2026-06-17
MO-024567,SA-0030,100,Ended,24567,0.0,234.82,8.58,80.94,28.44,-3435.96,195.68,0.0,-2887.51,2026-01-05
MO-024568,SA-0067,200,Ended,24568,0.0,8.11,1.17,-3.34,-1.43,43.54,37.15,0.0,85.21,2026-01-22
MO-024569,DRV-0004,200,Ended,24569,0.0,22.79,-1.76,-0.67,-0.22,106.11,15.33,0.0,141.58,2026-02-08
MO-024570,DRV-0041,100,Ended,24570,0.0,24.79,-1.38,6.79,2.75,19.74,47.51,0.0,100.19,2026-02-25
MO-024571,ACT-0018,200,Ended,24571,0.0,111.74,3.69,10.89,4.85,-1049.99,168.62,0.0,-750.2,2026-03-14
MO-024572,ACT-0055,100,Ended,24572,0.0,1213.56,27.62,-11.02,-4.88,-848.3,448.32,0.0,825.29,2026-03-31
MO-024573,CTL-0032,300,Ended,24573,0.0,226.09,11.74,-19.39,-6.93,-383.66,350.63,0.0,178.48,2026-04-17
MO-024574,SYS-0029,100,Ended,24574,0.0,1526.61,37.0,-12.76,-4.93,-108.82,162.46,0.0,1599.56,2026-05-04
MO-024575,AFT-0036,300,Ended,24575,0.0,1642.68,13.64,14.48,5.1,-5750.31,831.8,0.0,-3242.61,2026-05-21
MO-024576,SA-0013,200,Ended,24576,0.0,1.14,1.8,-6.54,-2.46,48.35,20.57,0.0,62.86,2026-06-07
MO-024577,SA-0050,300,Started,24577,0.0,2157.31,1.17,-1.36,-0.5,47.26,17.9,0.0,2221.79,
MO-024621,SYS-0018,300,Ended,24621,0.0,163.63,5.87,34.36,12.1,-3104.57,227.3,0.0,-2661.32,2026-01-13
MO-024622,AFT-0025,100,Ended,24622,0.0,106.86,7.26,91.78,35.76,-424.06,199.86,0.0,17.45,2026-01-30
MO-024623,SA-0002,300,Ended,24623,0.0,304.37,-2.75,83.6,29.92,-352.65,143.28,0.0,205.77,2026-02-16
MO-024624,SA-0039,100,Ended,24624,0.0,25.26,2.57,-5.97,-2.01,143.45,15.56,0.0,178.87,2026-03-05
MO-024625,SA-0076,200,Ended,24625,0.0,27.12,0.19,1.62,0.74,89.7,23.64,0.0,143.01,2026-03-22
MO-024626,DRV-0013,100,Ended,24626,0.0,117.88,5.79,7.21,2.48,-98.0,74.79,0.0,110.15,2026-04-08
MO-024627,DRV-0050,200,Ended,24627,0.0,716.3,19.45,-7.71,-3.19,-355.25,376.48,0.0,746.07,2026-04-25
MO-024628,ACT-0027,100,Ended,24628,0.0,-734.33,16.33,-12.5,-4.65,-323.25,388.89,0.0,-669.52,2026-05-12
MO-024629,CTL-0004,300,Ended,24629,0.0,449.06,18.36,-9.33,-3.41,-109.76,124.94,0.0,469.86,2026-05-29
MO-024630,SYS-0001,100,Ended,24630,0.0,243.39,5.42,1.8,0.67,-726.52,339.0,0.0,-136.25,2026-06-15
MO-024674,DRV-0039,100,Ended,24674,0.0,15.27,14.34,-5.77,-2.25,162.45,13.48,0.0,197.53,2026-01-03
MO-024675,ACT-0016,200,Ended,24675,0.0,61.98,6.23,0.79,0.38,-2.17,43.45,0.0,110.66,2026-01-20
MO-024676,ACT-0053,100,Ended,24676,0.0,175.09,1.41,15.15,5.63,-25.22,128.16,0.0,300.22,2026-02-07
MO-024677,CTL-0030,300,Ended,24677,0.0,531.89,-2.32,39.61,14.17,-3835.25,790.71,0.0,-2461.19,2026-02-24
MO-024678,SYS-0027,100,Ended,24678,0.0,1155.6,16.41,43.05,15.98,-271.77,280.15,0.0,1239.42,2026-03-13
MO-024679,AFT-0034,100,Ended,24679,0.0,726.33,2.33,20.71,7.07,-58.78,87.7,0.0,785.36,2026-03-30
MO-024680,SA-0011,300,Ended,24680,0.0,55.85,6.05,-6.33,-2.46,133.43,62.06,0.0,248.6,2026-04-16
MO-024681,SA-0048,100,Ended,24681,0.0,8.97,6.21,1.0,0.15,-418.34,32.24,0.0,-369.77,2026-05-03
MO-024682,SA-0085,200,Ended,24682,0.0,138.1,14.74,-4.1,-0.99,-103.97,81.47,0.0,125.25,2026-05-20
MO-024683,DRV-0022,200,Ended,24683,0.0,196.82,7.17,-10.48,-3.84,-232.39,335.92,0.0,293.2,2026-06-06
MO-024684,DRV-0059,100,Released,24684,0.0,0.0,0.0,-115.72,-42.13,157.85,0.0,0.0,0.0,
MO-024728,SA-0037,200,Ended,24728,0.0,69.05,3.25,-5.9,-2.29,-0.85,31.66,0.0,94.92,2026-01-11
MO-024729,SA-0074,300,Ended,24729,0.0,32.99,5.17,-6.16,-2.28,83.41,7.38,0.0,120.52,2026-01-28
MO-024730,DRV-0011,100,Ended,24730,0.0,179.59,0.84,4.91,1.86,96.83,144.09,0.0,428.12,2026-02-14
MO-024731,DRV-0048,200,Ended,24731,0.0,219.17,-3.5,3.4,1.12,-448.75,146.57,0.0,-82.0,2026-03-03
MO-024732,ACT-0025,100,Ended,24732,0.0,1081.5,0.72,18.57,6.87,-766.06,587.2,0.0,928.79,2026-03-20
MO-024733,CTL-0002,300,Ended,24733,0.0,72.53,12.18,38.3,13.43,-313.81,197.92,0.0,20.56,2026-04-06
MO-024734,CTL-0039,300,Ended,24734,0.0,-740.77,29.63,9.76,2.78,-287.36,263.73,0.0,-722.23,2026-04-23
MO-024735,AFT-0006,300,Ended,24735,0.0,1831.0,24.17,73.84,26.95,-7151.06,5035.62,0.0,-159.48,2026-05-10
MO-024736,AFT-0043,100,Ended,24736,0.0,83.95,9.21,-3.74,-1.43,11.2,42.1,0.0,141.3,2026-05-27
MO-024737,SA-0020,300,Ended,24737,0.0,31.34,8.93,-3.71,-0.95,48.83,23.49,0.0,107.94,2026-06-13
MO-024781,CTL-0028,300,Ended,24781,0.0,1011.43,11.39,-2.4,-1.25,-798.2,849.37,0.0,1070.33,2026-01-02
MO-024782,SYS-0025,100,Ended,24782,0.0,625.75,9.31,-5.34,-1.96,-919.75,220.0,0.0,-72.0,2026-01-19
MO-024783,AFT-0032,100,Ended,24783,0.0,896.76,46.43,-31.77,-12.36,-374.73,232.78,0.0,757.12,2026-02-05
MO-024784,SA-0009,100,Ended,24784,0.0,3.95,0.18,-4.99,-1.87,59.88,11.15,0.0,68.31,2026-02-22
MO-024785,SA-0046,200,Ended,24785,0.0,20.89,-1.06,0.13,0.08,107.14,30.1,0.0,157.28,2026-03-11
MO-024786,SA-0083,300,Ended,24786,0.0,177.24,8.32,16.1,6.31,124.09,145.93,0.0,477.99,2026-03-28
MO-024787,DRV-0020,200,Ended,24787,0.0,189.31,1.34,5.64,2.19,-101.16,114.81,0.0,212.13,2026-04-14
MO-024788,DRV-0057,100,Ended,24788,0.0,816.52,8.72,18.7,6.98,-496.9,541.83,0.0,895.86,2026-05-01
MO-024789,ACT-0034,200,Ended,24789,0.0,143.79,18.0,14.81,5.0,94.73,30.48,0.0,306.81,2026-05-18
MO-024790,CTL-0011,300,Ended,24790,0.0,-509.72,27.14,43.73,14.92,-1928.52,1992.84,0.0,-359.59,2026-06-04
MO-024791,SYS-0008,300,Reported Finished,24791,0.0,1196.17,46.68,35.33,12.64,-122.77,38.15,0.0,1206.2,
MO-024835,DRV-0046,200,Ended,24835,0.0,45.34,10.83,0.22,0.59,2.65,175.46,0.0,235.1,2026-01-10
MO-024836,ACT-0023,100,Ended,24836,0.0,1093.15,5.21,-6.49,-2.74,-572.91,647.42,0.0,1163.65,2026-01-27
MO-024837,ACT-0060,200,Ended,24837,0.0,12.93,3.3,-3.75,-1.3,-1321.43,58.86,0.0,-1251.39,2026-02-13
MO-024838,CTL-0037,300,Ended,24838,0.0,958.62,7.7,-22.75,-8.49,-1925.96,1212.82,0.0,221.93,2026-03-02
MO-024839,AFT-0004,100,Ended,24839,0.0,-556.7,-13.0,-0.91,0.65,-360.03,375.14,0.0,-554.84,2026-03-19
MO-024840,AFT-0041,100,Ended,24840,0.0,108.02,3.78,0.68,0.31,46.0,87.23,0.0,246.02,2026-04-05
MO-024841,SA-0018,100,Ended,24841,0.0,68.77,4.88,2.25,0.77,-526.49,70.4,0.0,-379.42,2026-04-22
MO-024842,SA-0055,200,Ended,24842,0.0,94.91,17.56,17.08,6.24,-195.35,110.47,0.0,50.92,2026-05-09
MO-024843,SA-0092,300,Ended,24843,0.0,36.16,3.74,5.21,1.78,-7.63,19.57,0.0,58.83,2026-05-26
MO-024844,DRV-0029,100,Ended,24844,0.0,-27.03,11.58,14.95,5.52,-8.7,113.2,0.0,109.52,2026-06-12
MO-024845,ACT-0006,200,Reported Finished,24845,0.0,1254.85,17.39,26.46,8.63,-2303.09,46.92,0.0,-948.84,
MO-024889,SA-0044,300,Ended,24889,0.0,-13.45,5.28,6.31,2.17,34.55,4.79,0.0,39.65,2026-01-17
MO-024890,SA-0081,100,Ended,24890,0.0,212.63,8.27,-0.43,-0.17,-56.2,140.98,0.0,305.08,2026-02-03
MO-024891,DRV-0018,200,Ended,24891,0.0,419.12,2.03,-4.75,-1.87,-1601.32,235.0,0.0,-951.79,2026-02-20
MO-024892,DRV-0055,100,Ended,24892,0.0,4879.83,1.68,-2.54,-0.88,-1311.91,1134.09,0.0,4700.27,2026-03-09
MO-024893,ACT-0032,200,Ended,24893,0.0,106.07,-10.02,-15.65,-5.55,-114.38,41.88,0.0,2.35,2026-03-27
MO-024894,CTL-0009,300,Ended,24894,0.0,432.82,1.63,-0.97,-0.47,-271.29,205.19,0.0,366.92,2026-04-13
MO-024895,SYS-0006,300,Ended,24895,0.0,377.33,33.3,38.55,13.59,-2017.32,382.04,0.0,-1172.5,2026-04-30
MO-024896,AFT-0013,100,Ended,24896,0.0,131.87,8.18,2.23,0.82,-123.37,176.8,0.0,196.54,2026-05-17
MO-024897,AFT-0050,100,Ended,24897,0.0,71.71,3.14,-0.45,-0.19,-93.55,148.28,0.0,128.94,2026-06-03
MO-024898,SA-0027,100,Ended,24898,0.0,148.23,7.18,5.64,1.88,136.6,45.0,0.0,344.53,2026-06-20
MO-024942,CTL-0035,300,Ended,24942,0.0,3647.99,53.51,88.31,34.04,-1114.36,1295.55,0.0,4005.05,2026-01-08
MO-024943,AFT-0002,100,Ended,24943,0.0,-188.43,41.09,68.29,23.58,-798.85,572.32,0.0,-281.99,2026-01-25
MO-024944,AFT-0039,300,Ended,24944,0.0,885.0,3.99,2.73,1.24,-89.42,128.3,0.0,931.83,2026-02-11
MO-024945,SA-0016,200,Ended,24945,0.0,33.28,2.84,0.36,0.02,39.5,20.57,0.0,96.57,2026-02-28
MO-024946,SA-0053,300,Ended,24946,0.0,34.1,0.69,-4.22,-1.36,-34.78,156.48,0.0,150.9,2026-03-17
MO-024947,SA-0090,100,Ended,24947,0.0,68.36,-0.58,-3.51,-1.27,-1517.15,71.05,0.0,-1383.1,2026-04-03
MO-024948,DRV-0027,100,Ended,24948,0.0,265.88,1.68,-9.17,-3.04,-139.76,163.63,0.0,279.21,2026-04-20
MO-024949,ACT-0004,200,Ended,24949,0.0,72.71,3.47,-6.62,-2.53,26.38,18.26,0.0,111.67,2026-05-07
MO-024950,ACT-0041,100,Ended,24950,0.0,543.55,27.51,18.17,6.61,-185.87,310.47,0.0,720.44,2026-05-24
MO-024951,CTL-0018,300,Ended,24951,0.0,588.27,60.27,55.5,19.55,-2030.42,479.54,0.0,-827.29,2026-06-10
MO-024952,SYS-0015,100,Started,24952,0.0,10690.34,2.14,-2.47,-0.94,44.94,82.54,0.0,10816.55,
MO-024996,DRV-0053,100,Ended,24996,0.0,2305.93,14.11,14.77,5.53,-537.84,698.86,0.0,2501.36,2026-01-16
MO-024997,ACT-0030,200,Ended,24997,0.0,46.31,41.24,55.5,20.48,-1306.17,119.82,0.0,-1022.81,2026-02-02
MO-024998,CTL-0007,300,Ended,24998,0.0,-920.75,26.97,47.85,16.18,-1367.33,617.95,0.0,-1579.14,2026-02-19
MO-024999,SYS-0004,300,Ended,24999,0.0,40.57,20.37,73.63,28.07,30.22,47.58,0.0,240.43,2026-03-08
MO-025000,AFT-0011,100,Ended,25000,0.0,44.44,0.26,-1.3,-0.51,6.07,34.48,0.0,83.44,2026-03-25
MO-025001,AFT-0048,300,Ended,25001,0.0,504.18,-0.42,-4.63,-1.65,-511.66,207.54,0.0,193.35,2026-04-11
MO-025002,SA-0025,200,Ended,25002,0.0,181.38,0.32,-4.82,-1.82,-128.93,75.86,0.0,121.97,2026-04-28
MO-025003,SA-0062,300,Ended,25003,0.0,1.03,3.76,-7.22,-2.32,-3.94,41.83,0.0,33.14,2026-05-15
MO-025004,SA-0099,100,Ended,25004,0.0,374.04,20.48,0.11,-0.1,-43.21,73.27,0.0,424.58,2026-06-01
MO-025005,DRV-0036,200,Ended,25005,0.0,269.85,15.86,3.8,1.6,-2026.98,673.74,0.0,-1062.13,2026-06-18
MO-025049,SA-0014,300,Ended,25049,0.0,19.57,4.1,1.12,0.4,21.78,7.41,0.0,54.38,2026-01-07
MO-025050,SA-0051,100,Ended,25050,0.0,80.7,6.09,7.39,2.92,-94.83,190.52,0.0,192.79,2026-01-24
MO-025051,SA-0088,200,Ended,25051,0.0,19.84,9.54,5.71,2.11,49.86,36.48,0.0,123.54,2026-02-10
MO-025052,DRV-0025,100,Ended,25052,0.0,857.85,21.5,41.77,15.58,-754.38,470.58,0.0,652.91,2026-02-27
MO-025053,ACT-0002,200,Ended,25053,0.0,190.3,11.04,39.74,13.59,-111.06,71.72,0.0,215.33,2026-03-16
MO-025054,ACT-0039,100,Ended,25054,0.0,738.45,4.98,17.53,6.03,-167.19,106.38,0.0,706.18,2026-04-02
MO-025055,CTL-0016,300,Ended,25055,0.0,579.04,-10.08,22.25,7.88,-193.17,238.92,0.0,644.84,2026-04-19
MO-025056,SYS-0013,100,Ended,25056,0.0,35.85,0.11,-2.85,-1.1,-36.99,52.31,0.0,47.34,2026-05-06
MO-025057,AFT-0020,100,Ended,25057,0.0,-46.91,1.86,-6.51,-2.15,9.19,47.03,0.0,2.52,2026-05-23
MO-025058,AFT-0057,300,Ended,25058,0.0,113.37,10.87,-9.91,-3.82,84.08,43.3,0.0,237.89,2026-06-09
MO-025059,SA-0034,200,Released,25059,0.0,0.0,0.0,-109.87,-39.75,149.63,0.0,0.0,0.0,
MO-025103,SYS-0002,300,Ended,25103,0.0,887.69,35.57,13.68,4.86,-725.26,428.3,0.0,644.84,2026-01-14
MO-025104,AFT-0009,300,Ended,25104,0.0,21.87,5.49,-6.36,-2.42,192.12,9.34,0.0,220.04,2026-01-31
MO-025105,AFT-0046,100,Ended,25105,0.0,107.8,2.77,-0.32,-0.11,-37.51,66.41,0.0,139.05,2026-02-17
MO-025106,SA-0023,300,Ended,25106,0.0,387.27,8.15,9.19,3.26,-79.66,201.66,0.0,529.87,2026-03-06
MO-025107,SA-0060,100,Ended,25107,0.0,94.08,8.18,12.83,4.4,-659.81,41.72,0.0,-498.61,2026-03-23
MO-025108,SA-0097,200,Ended,25108,0.0,215.32,-0.42,44.44,16.53,-425.5,144.27,0.0,-5.37,2026-04-09
MO-025109,DRV-0034,200,Ended,25109,0.0,-88.16,-2.87,14.86,4.88,15.88,38.16,0.0,-17.24,2026-04-26
MO-025110,ACT-0011,100,Ended,25110,0.0,281.71,18.91,2.72,2.38,-158.04,291.61,0.0,439.28,2026-05-14
MO-025111,ACT-0048,200,Ended,25111,0.0,164.7,3.17,-1.95,-1.25,-4116.34,268.39,0.0,-3683.29,2026-05-31
MO-025112,CTL-0025,300,Ended,25112,0.0,111.19,1.37,-5.14,-2.04,-43.02,55.82,0.0,118.19,2026-06-17
MO-025156,DRV-0023,100,Ended,25156,0.0,255.59,25.92,-14.58,-5.45,-240.44,407.89,0.0,428.93,2026-01-05
MO-025157,DRV-0060,200,Ended,25157,0.0,56.87,8.35,-8.48,-3.07,-2319.02,100.92,0.0,-2164.43,2026-01-22
MO-025158,ACT-0037,100,Ended,25158,0.0,5004.1,24.65,0.24,0.07,-1355.92,1061.58,0.0,4734.72,2026-02-08
MO-025159,CTL-0014,300,Ended,25159,0.0,167.8,21.1,25.57,9.11,-375.04,65.86,0.0,-85.6,2026-02-25
MO-025160,SYS-0011,100,Ended,25160,0.0,50.73,3.27,-6.16,-2.25,135.57,76.54,0.0,257.71,2026-03-14
MO-025161,AFT-0018,300,Ended,25161,0.0,-21.72,4.04,3.94,1.33,-129.36,46.69,0.0,-95.07,2026-03-31
MO-025162,AFT-0055,100,Ended,25162,0.0,23.87,-0.17,16.97,6.3,-50.25,29.55,0.0,26.25,2026-04-17
MO-025163,SA-0032,300,Ended,25163,0.0,3.25,-4.53,15.47,5.91,10.41,19.11,0.0,49.62,2026-05-04
MO-025164,SA-0069,100,Ended,25164,0.0,124.39,0.42,19.04,6.69,35.32,31.36,0.0,217.22,2026-05-21
MO-025165,DRV-0006,200,Ended,25165,0.0,1994.76,11.03,2.44,1.87,-2065.39,800.0,0.0,744.7,2026-06-07
MO-025166,DRV-0043,100,Reported Finished,25166,0.0,2851.87,27.86,-4.66,-2.16,-616.09,81.43,0.0,2338.25,
MO-025210,SA-0021,100,Ended,25210,0.0,261.27,3.9,-3.87,-0.85,-135.44,165.38,0.0,290.38,2026-01-13
MO-025211,SA-0058,200,Ended,25211,0.0,90.52,12.94,-11.49,-4.21,25.84,54.91,0.0,168.51,2026-01-30
MO-025212,SA-0095,300,Ended,25212,0.0,265.17,22.23,1.21,0.46,-103.6,267.71,0.0,453.18,2026-02-16
MO-025213,DRV-0032,200,Ended,25213,0.0,-25.75,13.51,-0.82,-0.37,-139.46,43.72,0.0,-109.17,2026-03-05
MO-025214,ACT-0009,100,Ended,25214,0.0,-95.29,13.74,8.79,3.17,-70.41,50.97,0.0,-89.02,2026-03-22
MO-025215,ACT-0046,200,Ended,25215,0.0,407.97,17.41,26.4,9.18,-422.3,475.47,0.0,514.13,2026-04-08
MO-025216,CTL-0023,300,Ended,25216,0.0,136.93,1.34,-3.79,-1.49,157.48,74.59,0.0,365.05,2026-04-25
MO-025217,SYS-0020,300,Ended,25217,0.0,133.87,-2.24,5.69,2.19,-214.61,237.04,0.0,161.93,2026-05-12
MO-025218,AFT-0027,300,Ended,25218,0.0,28.41,0.43,17.98,6.71,45.28,22.96,0.0,121.77,2026-05-29
MO-025219,SA-0004,200,Ended,25219,0.0,-18.79,1.36,14.01,4.83,72.32,11.3,0.0,85.04,2026-06-15
MO-025263,CTL-0012,300,Ended,25263,0.0,8782.2,-7.45,45.51,16.35,-3169.41,1568.94,0.0,7236.13,2026-01-03
MO-025264,SYS-0009,100,Ended,25264,0.0,35.62,1.29,-0.69,-0.26,85.69,8.25,0.0,129.89,2026-01-20
MO-025265,AFT-0016,100,Ended,25265,0.0,174.55,8.75,-8.31,-2.95,-4.65,169.16,0.0,336.55,2026-02-07
MO-025266,AFT-0053,100,Ended,25266,0.0,20.29,11.36,-8.14,-2.96,-16.57,67.9,0.0,71.87,2026-02-24
MO-025267,SA-0030,100,Ended,25267,0.0,27.28,11.11,-3.57,-1.21,-721.38,44.73,0.0,-643.03,2026-03-13
MO-025268,SA-0067,200,Ended,25268,0.0,319.16,7.52,12.5,4.97,-526.79,173.36,0.0,-9.28,2026-03-30
MO-025269,DRV-0004,200,Ended,25269,0.0,87.02,5.42,4.16,1.63,18.41,68.96,0.0,185.6,2026-04-16
MO-025270,DRV-0041,100,Ended,25270,0.0,161.54,22.09,11.24,4.25,-136.54,190.02,0.0,252.61,2026-05-03
MO-025271,ACT-0018,200,Ended,25271,0.0,10.73,-19.64,60.16,21.33,-5032.33,737.7,0.0,-4222.06,2026-05-20
MO-025272,ACT-0055,100,Ended,25272,0.0,165.43,2.88,2.16,0.84,-2.56,96.07,0.0,264.82,2026-06-06
MO-025273,CTL-0032,300,Started,25273,0.0,4802.46,0.29,1.44,0.49,-13.29,38.96,0.0,4830.35,
MO-025317,DRV-0030,200,Ended,25317,0.0,46.12,4.28,17.99,6.09,-2731.4,120.88,0.0,-2536.03,2026-01-11
MO-025318,ACT-0007,100,Ended,25318,0.0,-447.93,16.94,25.54,8.39,-1919.57,774.68,0.0,-1541.94,2026-01-28
MO-025319,ACT-0044,200,Ended,25319,0.0,19.28,20.65,47.45,16.99,-117.99,33.45,0.0,19.83,2026-02-14
MO-025320,CTL-0021,300,Ended,25320,0.0,90.97,6.03,-6.62,-2.58,24.83,63.69,0.0,176.32,2026-03-03
MO-025321,SYS-0018,300,Ended,25321,0.0,43.87,8.16,-9.87,-3.42,-563.8,50.51,0.0,-474.55,2026-03-20
MO-025322,AFT-0025,100,Ended,25322,0.0,42.6,3.96,-0.96,-0.29,-74.75,49.97,0.0,20.51,2026-04-06
MO-025323,SA-0002,300,Ended,25323,0.0,25.48,2.87,1.33,0.44,-10.62,32.75,0.0,52.25,2026-04-23
MO-025324,SA-0039,100,Ended,25324,0.0,-97.36,1.67,16.65,6.06,-4.6,72.61,0.0,-4.97,2026-05-10
MO-025325,SA-0076,200,Ended,25325,0.0,64.11,-8.84,5.23,1.83,-24.62,106.37,0.0,144.07,2026-05-27
MO-025326,DRV-0013,100,Ended,25326,0.0,278.91,-4.03,43.7,17.24,-552.84,299.17,0.0,82.16,2026-06-13
MO-025370,AFT-0051,300,Ended,25370,0.0,13.62,-2.71,6.33,2.35,-129.88,235.17,0.0,124.87,2026-01-02
MO-025371,SA-0028,200,Ended,25371,0.0,44.84,-0.69,6.3,2.15,-31.54,59.28,0.0,80.34,2026-01-19
MO-025372,SA-0065,300,Ended,25372,0.0,390.11,3.94,18.68,6.92,-59.65,147.53,0.0,507.53,2026-02-05
MO-025373,DRV-0002,200,Ended,25373,0.0,912.29,11.18,16.37,5.05,-517.49,408.75,0.0,836.15,2026-02-22
MO-025374,DRV-0039,100,Ended,25374,0.0,24.87,37.05,49.37,21.78,-112.19,53.94,0.0,74.82,2026-03-11
MO-025375,ACT-0016,200,Ended,25375,0.0,181.47,42.59,-10.49,-5.56,-183.56,190.09,0.0,214.54,2026-03-28
MO-025376,ACT-0053,100,Ended,25376,0.0,19.41,4.24,-8.41,-3.16,73.05,27.46,0.0,112.6,2026-04-14
MO-025377,CTL-0030,300,Ended,25377,0.0,-53.45,2.68,-6.79,-2.48,-718.27,175.71,0.0,-602.6,2026-05-01
MO-025378,SYS-0027,100,Ended,25378,0.0,209.26,0.9,3.41,1.24,-28.25,70.04,0.0,256.58,2026-05-18
MO-025379,AFT-0034,100,Ended,25379,0.0,155.9,-1.38,0.15,0.04,30.37,20.05,0.0,205.13,2026-06-04
MO-025380,SA-0011,300,Released,25380,0.0,0.0,0.0,-104.15,-40.14,144.29,0.0,0.0,0.0,
MO-025424,CTL-0019,300,Ended,25424,0.0,75.63,0.69,4.44,1.63,25.5,15.13,0.0,123.02,2026-01-10
MO-025425,SYS-0016,300,Ended,25425,0.0,250.87,-0.61,0.35,0.09,-132.6,202.22,0.0,320.32,2026-01-27
MO-025426,AFT-0023,100,Ended,25426,0.0,61.82,2.88,6.26,2.3,109.97,38.25,0.0,221.47,2026-02-13
MO-025427,AFT-0060,300,Ended,25427,0.0,18.41,5.32,5.54,2.29,-368.9,45.82,0.0,-291.53,2026-03-02
MO-025428,SA-0037,200,Ended,25428,0.0,103.13,9.66,16.7,6.67,-285.12,147.75,0.0,-1.21,2026-03-19
MO-025429,SA-0074,300,Ended,25429,0.0,66.85,28.58,29.35,12.69,-137.8,33.22,0.0,32.9,2026-04-05
MO-025430,DRV-0011,100,Ended,25430,0.0,638.29,27.82,-17.12,-7.96,-409.3,576.37,0.0,808.1,2026-04-22
MO-025431,DRV-0048,200,Ended,25431,0.0,841.23,19.59,-36.41,-13.03,-2140.41,641.23,0.0,-687.8,2026-05-09
MO-025432,ACT-0025,100,Ended,25432,0.0,229.15,-0.07,-6.18,-2.33,-84.86,125.83,0.0,261.55,2026-05-26
MO-025433,CTL-0002,300,Ended,25433,0.0,140.54,-0.61,-4.3,-1.49,58.84,43.98,0.0,236.95,2026-06-12
MO-025434,CTL-0039,300,Released,25434,0.0,0.0,0.0,-33.24,-12.81,46.05,0.0,0.0,0.0,
MO-025478,DRV-0037,100,Ended,25478,0.0,7304.76,-12.88,18.62,6.76,-1836.68,1251.46,0.0,6732.03,2026-01-17
MO-025479,ACT-0014,200,Ended,25479,0.0,264.18,14.17,69.68,24.53,-553.28,95.28,0.0,-85.44,2026-02-03
MO-025480,ACT-0051,100,Ended,25480,0.0,660.39,5.27,5.41,2.13,-250.39,341.27,0.0,764.08,2026-02-20
MO-025481,CTL-0028,300,Ended,25481,0.0,75.49,1.81,0.61,0.26,-112.85,188.75,0.0,154.06,2026-03-09
MO-025482,SYS-0025,100,Ended,25482,0.0,105.11,6.18,4.54,1.69,-110.51,55.0,0.0,62.01,2026-03-27
MO-025483,AFT-0032,100,Ended,25483,0.0,206.91,9.4,14.66,5.74,-34.07,53.21,0.0,255.85,2026-04-13
MO-025484,SA-0009,100,Ended,25484,0.0,278.39,29.07,17.55,6.13,-22.49,52.06,0.0,360.7,2026-04-30
MO-025485,SA-0046,200,Ended,25485,0.0,86.03,8.06,-12.88,-5.61,-47.48,135.43,0.0,163.54,2026-05-17
MO-025486,SA-0083,300,Ended,25486,0.0,308.22,9.23,-19.81,-7.31,-397.52,583.73,0.0,476.54,2026-06-03
MO-025487,DRV-0020,200,Ended,25487,0.0,314.77,-10.09,-17.0,-6.21,-629.53,502.31,0.0,154.26,2026-06-20
MO-025531,AFT-0058,100,Ended,25531,0.0,37.73,4.04,-8.19,-3.0,45.26,39.77,0.0,115.63,2026-01-08
MO-025532,SA-0035,300,Ended,25532,0.0,246.25,-5.99,-2.47,-1.0,-210.49,265.4,0.0,291.7,2026-01-25
MO-025533,SA-0072,100,Ended,25533,0.0,100.95,-2.5,3.58,1.54,-1159.77,67.07,0.0,-989.11,2026-02-11
MO-025534,DRV-0009,100,Ended,25534,0.0,116.19,13.81,33.23,12.36,-75.35,42.67,0.0,142.91,2026-02-28
MO-025535,DRV-0046,200,Ended,25535,0.0,1748.55,43.32,78.37,28.04,-658.42,767.66,0.0,2007.51,2026-03-17
MO-025536,ACT-0023,100,Ended,25536,0.0,197.34,4.42,0.46,0.2,-47.6,138.73,0.0,293.55,2026-04-03
MO-025537,ACT-0060,200,Ended,25537,0.0,17.48,2.8,-0.19,-0.09,-234.75,13.08,0.0,-201.69,2026-04-20
MO-025538,CTL-0037,300,Ended,25538,0.0,-234.65,11.78,11.54,4.47,-355.35,303.2,0.0,-259.0,2026-05-07
MO-025539,AFT-0004,100,Ended,25539,0.0,-390.92,5.31,2.1,-0.09,-46.09,85.75,0.0,-343.95,2026-05-24
MO-025540,AFT-0041,100,Ended,25540,0.0,416.66,6.38,-8.61,-3.05,-298.9,407.06,0.0,519.54,2026-06-10
MO-025541,SA-0018,100,Reported Finished,25541,0.0,2597.93,-2.45,-14.29,-5.26,-2129.19,79.2,0.0,525.94,
MO-025585,CTL-0026,300,Ended,25585,0.0,120.69,-0.1,-3.58,-1.25,-61.94,104.44,0.0,158.25,2026-01-16
MO-025586,SYS-0023,100,Ended,25586,0.0,804.34,-2.46,-8.42,-3.32,-173.98,326.74,0.0,942.9,2026-02-02
MO-025587,AFT-0030,300,Ended,25587,0.0,61.06,-1.43,-3.78,-1.33,-837.73,41.04,0.0,-742.16,2026-02-19
MO-025588,SA-0007,200,Ended,25588,0.0,61.97,16.9,18.68,6.94,-246.2,152.59,0.0,10.88,2026-03-08
MO-025589,SA-0044,300,Ended,25589,0.0,123.88,7.96,9.46,3.16,-64.15,21.57,0.0,101.88,2026-03-25
MO-025590,SA-0081,100,Ended,25590,0.0,521.9,30.34,39.27,14.53,-584.76,563.93,0.0,585.21,2026-04-11
MO-025591,DRV-0018,200,Ended,25591,0.0,1147.88,32.05,75.79,26.57,-7625.82,1028.13,0.0,-5315.4,2026-04-28
MO-025592,DRV-0055,100,Ended,25592,0.0,806.41,1.31,-3.29,-1.37,-204.19,243.02,0.0,841.89,2026-05-15
MO-025593,ACT-0032,200,Ended,25593,0.0,12.17,6.8,5.88,2.12,43.37,9.31,0.0,79.64,2026-06-01
MO-025594,CTL-0009,300,Ended,25594,0.0,9.23,1.89,1.6,0.53,52.84,51.3,0.0,117.37,2026-06-18
MO-025638,DRV-0007,100,Ended,25638,0.0,1181.9,15.17,2.76,2.64,-984.02,379.65,0.0,598.09,2026-01-07
MO-025639,DRV-0044,200,Ended,25639,0.0,198.89,0.59,-3.66,-2.06,-286.69,38.33,0.0,-54.6,2026-01-24
MO-025640,ACT-0021,100,Ended,25640,0.0,152.49,-1.23,-8.41,-3.15,76.07,69.61,0.0,285.37,2026-02-10
MO-025641,ACT-0058,200,Ended,25641,0.0,24.81,-0.28,-6.08,-2.3,38.31,28.85,0.0,83.31,2026-02-27
MO-025642,CTL-0035,300,Ended,25642,0.0,579.13,7.62,-2.3,-0.66,-177.62,323.89,0.0,730.07,2026-03-16
MO-025643,AFT-0002,100,Ended,25643,0.0,-245.16,4.54,0.17,-0.02,-108.81,130.82,0.0,-218.47,2026-04-02
MO-025644,AFT-0039,300,Ended,25644,0.0,2231.08,16.56,13.1,4.81,-576.71,598.74,0.0,2287.58,2026-04-19
MO-025645,SA-0016,200,Ended,25645,0.0,101.02,15.91,14.34,5.54,-41.8,92.57,0.0,187.57,2026-05-06
MO-025646,SA-0053,300,Ended,25646,0.0,1271.21,16.22,39.54,14.76,-506.47,625.9,0.0,1461.17,2026-05-23
MO-025647,SA-0090,100,Ended,25647,0.0,144.47,4.22,30.65,10.39,-7321.88,310.86,0.0,-6821.3,2026-06-09
MO-025648,DRV-0027,100,Started,25648,0.0,2095.44,0.59,-2.27,-0.87,68.93,17.53,0.0,2179.35,
MO-025692,SA-0005,300,Ended,25692,0.0,260.99,8.24,21.08,7.41,16.4,131.04,0.0,445.16,2026-01-14
MO-025693,SA-0042,100,Ended,25693,0.0,567.45,1.23,2.94,2.23,-982.87,145.67,0.0,-263.36,2026-01-31
MO-025694,SA-0079,200,Ended,25694,0.0,-280.71,4.96,-10.57,-4.61,-755.07,173.73,0.0,-872.27,2026-02-17
MO-025695,DRV-0016,200,Ended,25695,0.0,167.14,-1.03,-6.11,-2.12,-308.73,334.08,0.0,183.23,2026-03-06
MO-025696,DRV-0053,100,Ended,25696,0.0,377.61,1.28,-10.26,-3.84,15.56,149.76,0.0,530.11,2026-03-23
MO-025697,ACT-0030,200,Ended,25697,0.0,39.71,5.81,-2.51,-0.76,-241.72,26.63,0.0,-172.84,2026-04-09
MO-025698,CTL-0007,300,Ended,25698,0.0,583.51,14.44,12.04,4.74,-209.78,154.49,0.0,559.43,2026-04-26
MO-025699,SYS-0004,300,Ended,25699,0.0,58.34,9.88,3.4,1.35,88.31,10.87,0.0,172.16,2026-05-14
MO-025700,AFT-0011,100,Ended,25700,0.0,117.27,9.11,15.55,5.8,-115.31,160.92,0.0,193.33,2026-05-31
MO-025701,AFT-0048,300,Ended,25701,0.0,1562.26,3.21,31.08,11.12,-2635.9,933.91,0.0,-94.31,2026-06-17
MO-025745,ACT-0056,200,Ended,25745,0.0,149.76,10.71,3.37,1.32,20.84,61.86,0.0,247.86,2026-01-05
MO-025746,CTL-0033,300,Ended,25746,0.0,829.97,4.12,20.17,7.53,-459.49,514.72,0.0,917.02,2026-01-22
MO-025747,SYS-0030,300,Ended,25747,0.0,-365.4,0.73,5.83,2.07,-1288.01,397.06,0.0,-1247.72,2026-02-08
MO-025748,AFT-0037,100,Ended,25748,0.0,-419.29,2.2,-2.19,-1.35,-828.5,430.83,0.0,-818.3,2026-02-25
MO-025749,SA-0014,300,Ended,25749,0.0,56.54,4.37,-8.5,-3.45,-76.09,33.33,0.0,6.19,2026-03-14
MO-025750,SA-0051,100,Ended,25750,0.0,1484.88,22.51,-2.25,-0.66,-812.43,762.1,0.0,1454.15,2026-03-31
MO-025751,SA-0088,200,Ended,25751,0.0,296.23,11.95,-28.96,-10.24,-144.49,159.61,0.0,284.1,2026-04-17
MO-025752,DRV-0025,100,Ended,25752,0.0,82.86,7.76,-7.95,-2.99,-33.68,100.84,0.0,146.84,2026-05-04
MO-025753,ACT-0002,200,Ended,25753,0.0,22.9,6.59,1.98,0.67,31.38,15.94,0.0,79.46,2026-05-21
MO-025754,ACT-0039,100,Ended,25754,0.0,112.58,5.57,15.19,5.56,86.08,26.6,0.0,251.57,2026-06-07
MO-025755,CTL-0016,300,Released,25755,0.0,0.0,0.0,-56.32,-19.85,76.18,0.0,0.0,0.0,
MO-025799,DRV-0014,200,Ended,25799,0.0,166.88,42.33,48.81,18.38,-399.08,170.95,0.0,48.26,2026-01-13
MO-025800,DRV-0051,100,Ended,25800,0.0,201.02,2.48,0.85,0.51,-73.0,237.22,0.0,369.08,2026-01-30
MO-025801,ACT-0028,200,Ended,25801,0.0,13.68,1.31,3.57,1.2,96.86,17.09,0.0,133.71,2026-02-16
MO-025802,CTL-0005,300,Ended,25802,0.0,406.9,-2.73,9.3,3.99,-42.81,111.82,0.0,486.47,2026-03-05
MO-025803,SYS-0002,300,Ended,25803,0.0,78.82,2.39,-1.82,-0.96,-73.75,97.9,0.0,102.57,2026-03-22
MO-025804,AFT-0009,300,Ended,25804,0.0,-15.49,15.2,-3.47,-1.2,25.95,43.59,0.0,64.58,2026-04-08
MO-025805,AFT-0046,100,Ended,25805,0.0,302.29,3.13,-15.96,-5.55,-286.68,298.86,0.0,296.11,2026-04-25
MO-025806,SA-0023,300,Ended,25806,0.0,938.04,23.64,-15.5,-5.06,-723.35,806.63,0.0,1024.4,2026-05-12
MO-025807,SA-0060,100,Ended,25807,0.0,298.91,44.52,-11.62,-4.48,-3229.07,182.51,0.0,-2719.23,2026-05-29
MO-025808,SA-0097,200,Ended,25808,0.0,87.31,6.63,-5.88,-2.23,37.64,30.91,0.0,154.38,2026-06-15
MO-025852,AFT-0035,100,Ended,25852,0.0,-201.87,13.43,4.47,1.67,-384.98,481.43,0.0,-85.86,2026-01-03
MO-025853,SA-0012,100,Ended,25853,0.0,16.18,9.89,5.32,1.82,-1859.61,74.98,0.0,-1751.43,2026-01-20
MO-025854,SA-0049,200,Ended,25854,0.0,288.97,38.87,27.82,10.41,-244.92,69.56,0.0,190.72,2026-02-07
MO-025855,SA-0086,300,Ended,25855,0.0,542.47,-1.62,108.43,39.98,-685.35,509.72,0.0,513.63,2026-02-24
MO-025856,DRV-0023,100,Ended,25856,0.0,-7.54,0.48,-3.9,-1.74,109.2,87.41,0.0,183.9,2026-03-13
MO-025857,DRV-0060,200,Ended,25857,0.0,-0.24,-0.72,3.95,1.53,-409.07,22.43,0.0,-382.12,2026-03-30
MO-025858,ACT-0037,100,Ended,25858,0.0,834.22,2.44,0.02,-0.04,-288.97,265.39,0.0,813.06,2026-04-16
MO-025859,CTL-0014,300,Ended,25859,0.0,97.15,7.4,-3.7,-1.29,9.42,15.05,0.0,124.03,2026-05-03
MO-025860,SYS-0011,100,Ended,25860,0.0,726.83,11.85,-9.49,-3.09,-170.81,357.18,0.0,912.47,2026-05-20
MO-025861,AFT-0018,300,Ended,25861,0.0,546.08,23.74,-18.56,-6.74,-702.82,210.12,0.0,51.83,2026-06-06
MO-025862,AFT-0055,100,Reported Finished,25862,0.0,1039.2,30.72,-1.62,-0.77,-332.77,39.39,0.0,774.15,
MO-025906,CTL-0003,300,Ended,25906,0.0,519.08,8.74,0.74,0.27,-80.0,247.82,0.0,696.66,2026-01-11
MO-025907,CTL-0040,300,Ended,25907,0.0,453.25,5.26,0.21,0.05,-405.74,443.21,0.0,496.24,2026-01-28
MO-025908,AFT-0007,100,Ended,25908,0.0,-19.49,9.35,5.46,1.99,-231.43,41.44,0.0,-192.69,2026-02-14
MO-025909,AFT-0044,100,Ended,25909,0.0,-102.73,0.86,32.04,11.23,-211.05,90.2,0.0,-179.45,2026-03-03
MO-025910,SA-0021,100,Ended,25910,0.0,668.2,-13.77,80.62,30.07,-626.43,661.52,0.0,800.21,2026-03-20
MO-025911,SA-0058,200,Ended,25911,0.0,312.69,12.49,78.16,26.76,-167.07,240.22,0.0,503.25,2026-04-06
MO-025912,SA-0095,300,Ended,25912,0.0,101.47,6.04,-6.66,-2.46,121.89,57.37,0.0,277.65,2026-04-23
MO-025913,DRV-0032,200,Ended,25913,0.0,35.9,2.12,-1.59,-0.55,62.96,9.71,0.0,108.55,2026-05-10
MO-025914,ACT-0009,100,Ended,25914,0.0,21.63,5.02,-3.64,-1.43,26.28,12.74,0.0,60.6,2026-05-27
MO-025915,ACT-0046,200,Ended,25915,0.0,28.92,6.85,-7.51,-2.38,-8.1,108.68,0.0,126.45,2026-06-13
MO-025959,SA-0084,100,Ended,25959,0.0,625.64,25.01,-42.51,-15.21,-1127.63,124.18,0.0,-410.52,2026-01-02
MO-025960,DRV-0021,100,Ended,25960,0.0,49.82,6.1,-5.51,-2.08,-6.19,76.95,0.0,119.1,2026-01-19
MO-025961,DRV-0058,200,Ended,25961,0.0,269.52,3.36,-3.52,-1.21,-26.92,162.13,0.0,403.36,2026-02-05
MO-025962,ACT-0035,100,Ended,25962,0.0,481.37,3.12,3.65,1.48,54.0,206.21,0.0,749.82,2026-02-22
MO-025963,CTL-0012,300,Ended,25963,0.0,1443.51,5.28,1.04,0.41,-692.22,358.61,0.0,1116.63,2026-03-11
MO-025964,SYS-0009,100,Ended,25964,0.0,102.98,-9.18,20.39,7.37,7.28,38.5,0.0,167.34,2026-03-28
MO-025965,AFT-0016,100,Ended,25965,0.0,1236.95,8.34,72.15,25.85,-603.03,761.22,0.0,1501.48,2026-04-14
MO-025966,AFT-0053,100,Ended,25966,0.0,287.67,40.85,48.15,20.22,-182.47,271.59,0.0,486.02,2026-05-01
MO-025967,SA-0030,100,Ended,25967,0.0,3.89,42.77,30.21,9.96,-3464.0,195.68,0.0,-3181.49,2026-05-18
MO-025968,SA-0067,200,Ended,25968,0.0,16.19,5.84,-8.69,-3.21,41.95,37.15,0.0,89.23,2026-06-04
MO-025969,DRV-0004,200,Started,25969,0.0,1891.95,3.34,-4.05,-1.54,110.93,15.33,0.0,2015.95,
MO-026013,AFT-0042,300,Ended,26013,0.0,77.99,15.38,1.08,1.97,-1318.29,53.86,0.0,-1168.0,2026-01-10
MO-026014,SA-0019,200,Ended,26014,0.0,350.89,33.42,-25.31,-9.4,-1250.12,134.12,0.0,-766.41,2026-01-27
MO-026015,SA-0056,300,Ended,26015,0.0,969.79,39.08,-20.67,-7.55,-600.26,512.86,0.0,893.24,2026-02-13
MO-026016,SA-0093,100,Ended,26016,0.0,55.53,1.4,-3.79,-1.42,31.22,40.45,0.0,123.38,2026-03-02
MO-026017,DRV-0030,200,Ended,26017,0.0,40.2,0.27,-2.35,-0.86,-488.53,26.86,0.0,-424.41,2026-03-19
MO-026018,ACT-0007,100,Ended,26018,0.0,-366.91,-0.75,3.37,1.21,-289.29,193.67,0.0,-458.7,2026-04-05
MO-026019,ACT-0044,200,Ended,26019,0.0,-11.75,-1.71,9.6,3.26,6.36,7.65,0.0,13.41,2026-04-22
MO-026020,CTL-0021,300,Ended,26020,0.0,256.83,8.38,37.36,13.88,-236.18,297.24,0.0,377.51,2026-05-09
MO-026021,SYS-0018,300,Ended,26021,0.0,87.7,27.29,42.29,16.4,-3097.96,227.3,0.0,-2696.99,2026-05-26
MO-026022,AFT-0025,100,Ended,26022,0.0,374.45,34.85,10.95,3.63,-487.46,199.86,0.0,136.29,2026-06-12
MO-026023,SA-0002,300,Started,26023,0.0,8017.46,11.79,5.58,2.71,-90.78,71.64,0.0,8018.39,
MO-026067,CTL-0010,300,Ended,26067,0.0,1017.25,13.98,7.01,1.87,-170.35,340.98,0.0,1210.74,2026-01-17
MO-026068,SYS-0007,100,Ended,26068,0.0,264.59,21.64,-10.19,-3.64,-314.16,126.01,0.0,84.26,2026-02-03
MO-026069,AFT-0014,100,Ended,26069,0.0,355.23,24.55,-18.89,-6.98,-159.59,84.24,0.0,278.55,2026-02-20
MO-026070,AFT-0051,300,Ended,26070,0.0,2608.26,9.25,-9.75,-3.68,-1006.35,940.67,0.0,2538.39,2026-03-09
MO-026071,SA-0028,200,Ended,26071,0.0,3.95,2.23,-5.7,-2.16,-253.35,259.35,0.0,4.32,2026-03-27
MO-026072,SA-0065,300,Ended,26072,0.0,51.99,-0.88,-2.88,-1.1,51.06,31.61,0.0,129.81,2026-04-13
MO-026073,DRV-0002,200,Ended,26073,0.0,60.81,0.48,-2.03,-0.71,-2.09,90.83,0.0,147.29,2026-04-30
MO-026074,DRV-0039,100,Ended,26074,0.0,37.22,7.4,9.93,3.75,174.31,13.48,0.0,246.09,2026-05-17
MO-026075,ACT-0016,200,Ended,26075,0.0,32.28,5.09,12.9,4.95,4.77,43.45,0.0,103.44,2026-06-03
MO-026076,ACT-0053,100,Ended,26076,0.0,191.72,20.44,39.37,14.7,-8.93,128.16,0.0,385.46,2026-06-20
MO-026120,SA-0091,200,Ended,26120,0.0,123.88,4.67,-1.36,-0.65,-27.89,53.93,0.0,152.59,2026-01-08
MO-026121,DRV-0028,200,Ended,26121,0.0,629.15,2.47,3.04,1.06,-127.1,188.7,0.0,697.31,2026-01-25
MO-026122,ACT-0005,100,Ended,26122,0.0,72.98,13.71,6.75,2.52,46.83,82.86,0.0,225.65,2026-02-11
MO-026123,ACT-0042,200,Ended,26123,0.0,4.0,10.02,-6.72,-2.31,-1507.53,51.48,0.0,-1451.06,2026-02-28
MO-026124,CTL-0019,300,Ended,26124,0.0,157.85,5.12,-13.64,-4.95,-244.84,70.62,0.0,-29.84,2026-03-17
MO-026125,SYS-0016,300,Ended,26125,0.0,556.03,1.88,-7.92,-2.87,-865.36,909.99,0.0,591.74,2026-04-03
MO-026126,AFT-0023,100,Ended,26126,0.0,178.16,-5.65,3.94,1.35,-39.03,152.98,0.0,291.75,2026-04-20
MO-026127,AFT-0060,300,Ended,26127,0.0,386.71,7.19,18.18,6.35,-1779.74,200.46,0.0,-1160.85,2026-05-07
MO-026128,SA-0037,200,Ended,26128,0.0,96.94,0.7,-2.6,-0.97,2.15,31.66,0.0,127.88,2026-05-24
MO-026129,SA-0074,300,Ended,26129,0.0,-3.28,5.55,1.72,0.57,87.74,7.38,0.0,99.69,2026-06-10
MO-026130,DRV-0011,100,Released,26130,0.0,0.0,0.0,-132.55,-48.26,180.81,0.0,0.0,0.0,
MO-026174,AFT-0049,100,Ended,26174,0.0,444.13,44.32,45.56,16.38,-859.3,100.79,0.0,-208.12,2026-01-16
MO-026175,SA-0026,300,Ended,26175,0.0,573.64,37.15,36.64,12.45,-1137.2,713.89,0.0,236.55,2026-02-02
MO-026176,SA-0063,100,Ended,26176,0.0,130.96,2.5,-0.8,-0.39,-12.66,63.33,0.0,182.94,2026-02-19
MO-026177,SA-0100,200,Ended,26177,0.0,34.97,8.62,3.37,1.22,22.82,34.19,0.0,105.2,2026-03-08
MO-026178,DRV-0037,100,Ended,26178,0.0,1365.85,5.33,-7.07,-2.88,-370.03,312.86,0.0,1304.06,2026-03-25
MO-026179,ACT-0014,200,Ended,26179,0.0,63.33,0.14,-10.21,-3.52,13.49,21.78,0.0,85.01,2026-04-11
MO-026180,ACT-0051,100,Ended,26180,0.0,2179.47,3.31,1.08,0.57,-1558.67,1592.61,0.0,2218.36,2026-04-28
MO-026181,CTL-0028,300,Ended,26181,0.0,-332.5,-1.01,-0.87,-0.26,-796.68,849.37,0.0,-281.96,2026-05-15
MO-026182,SYS-0025,100,Ended,26182,0.0,215.12,6.35,11.17,4.19,-909.34,220.0,0.0,-452.5,2026-06-01
MO-026183,AFT-0032,100,Ended,26183,0.0,569.9,22.74,26.51,9.91,-340.88,232.78,0.0,520.96,2026-06-18
MO-026227,ACT-0040,200,Ended,26227,0.0,-9.52,1.78,3.85,1.52,61.47,23.98,0.0,83.08,2026-01-07
MO-026228,CTL-0017,300,Ended,26228,0.0,68.81,11.95,19.49,7.27,129.1,34.48,0.0,271.09,2026-01-24
MO-026229,SYS-0014,300,Ended,26229,0.0,227.27,23.56,36.63,13.1,-117.15,76.24,0.0,259.64,2026-02-10
MO-026230,AFT-0021,300,Ended,26230,0.0,431.22,14.78,17.96,7.81,-315.71,276.65,0.0,432.71,2026-02-27
MO-026231,AFT-0058,100,Ended,26231,0.0,198.91,46.44,74.0,25.91,-101.45,174.01,0.0,417.81,2026-03-16
MO-026232,SA-0035,300,Ended,26232,0.0,15.98,4.12,1.54,0.89,9.83,56.87,0.0,89.23,2026-04-02
MO-026233,SA-0072,100,Ended,26233,0.0,6.34,0.62,-3.33,-1.44,-209.81,14.9,0.0,-192.71,2026-04-19
MO-026234,DRV-0009,100,Ended,26234,0.0,4.54,-3.03,-11.3,-4.25,67.0,10.67,0.0,63.64,2026-05-06
MO-026235,DRV-0046,200,Ended,26235,0.0,295.95,2.99,-3.55,-1.32,-0.29,175.46,0.0,469.24,2026-05-23
MO-026236,ACT-0023,100,Ended,26236,0.0,497.31,14.81,9.59,3.49,-561.25,647.42,0.0,611.37,2026-06-09
MO-026237,ACT-0060,200,Reported Finished,26237,0.0,572.67,2.64,2.34,0.79,-1000.97,19.62,0.0,-402.91,
MO-026281,SA-0098,300,Ended,26281,0.0,45.72,4.52,3.04,1.05,-49.76,81.71,0.0,86.28,2026-01-14
MO-026282,DRV-0035,100,Ended,26282,0.0,175.01,17.77,17.24,6.31,32.87,94.93,0.0,344.13,2026-01-31
MO-026283,ACT-0012,200,Ended,26283,0.0,61.9,5.65,4.93,1.67,-650.58,24.84,0.0,-551.61,2026-02-17
MO-026284,ACT-0049,100,Ended,26284,0.0,142.62,18.24,19.34,7.16,-359.56,58.12,0.0,-114.07,2026-03-06
MO-026285,CTL-0026,300,Ended,26285,0.0,252.59,4.28,14.36,5.8,-516.04,469.97,0.0,230.96,2026-03-23
MO-026286,SYS-0023,100,Ended,26286,0.0,2220.65,45.09,54.88,22.1,-1136.06,1306.98,0.0,2513.63,2026-04-09
MO-026287,AFT-0030,300,Ended,26287,0.0,174.62,3.07,43.64,14.53,-4024.09,179.56,0.0,-3608.67,2026-04-26
MO-026288,SA-0007,200,Ended,26288,0.0,117.66,-0.48,-5.4,-2.15,-11.98,32.7,0.0,130.34,2026-05-14
MO-026289,SA-0044,300,Ended,26289,0.0,30.55,-0.65,-6.23,-2.22,27.9,4.79,0.0,54.14,2026-05-31
MO-026290,SA-0081,100,Ended,26290,0.0,250.53,3.15,-5.92,-2.26,-58.11,140.98,0.0,328.37,2026-06-17
MO-026334,AFT-0019,100,Ended,26334,0.0,664.33,-6.32,-26.75,-10.25,-425.98,107.76,0.0,302.78,2026-01-05
MO-026335,AFT-0056,100,Ended,26335,0.0,614.04,21.52,-0.53,-0.78,-652.8,337.85,0.0,319.29,2026-01-22
MO-026336,SA-0033,100,Ended,26336,0.0,0.3,4.73,-4.86,-1.85,104.11,24.73,0.0,127.16,2026-02-08
MO-026337,SA-0070,200,Ended,26337,0.0,-12.18,8.54,5.35,1.89,16.62,30.01,0.0,50.23,2026-02-25
MO-026338,DRV-0007,100,Ended,26338,0.0,160.27,7.14,20.41,7.97,-130.68,94.91,0.0,160.03,2026-03-14
MO-026339,DRV-0044,200,Ended,26339,0.0,21.83,8.74,5.7,2.2,14.68,8.76,0.0,61.91,2026-03-31
MO-026340,ACT-0021,100,Ended,26340,0.0,513.46,2.33,15.5,5.79,-259.46,324.84,0.0,602.46,2026-04-17
MO-026341,ACT-0058,200,Ended,26341,0.0,259.28,6.4,34.74,13.55,-59.52,129.82,0.0,384.27,2026-05-04
MO-026342,CTL-0035,300,Ended,26342,0.0,1515.95,-10.35,13.04,2.05,-1187.44,1295.55,0.0,1628.8,2026-05-21
MO-026343,AFT-0002,100,Ended,26343,0.0,3427.37,-5.86,3.6,4.06,-828.25,572.32,0.0,3173.23,2026-06-07
MO-026344,AFT-0039,300,Started,26344,0.0,16476.96,0.64,-2.97,-1.12,-90.35,128.3,0.0,16511.46,
MO-026388,ACT-0047,100,Ended,26388,0.0,74.63,7.41,-1.78,-0.7,54.6,107.28,0.0,241.44,2026-01-13
MO-026389,CTL-0024,300,Ended,26389,0.0,-98.89,0.61,-15.15,-5.6,-2136.97,70.4,0.0,-2185.61,2026-01-30
MO-026390,SYS-0021,100,Ended,26390,0.0,1919.16,30.57,-4.34,-1.85,-1381.03,1355.14,0.0,1917.67,2026-02-16
MO-026391,AFT-0028,100,Ended,26391,0.0,354.11,73.79,42.82,15.18,-182.94,244.83,0.0,547.78,2026-03-05
MO-026392,SA-0005,300,Ended,26392,0.0,29.86,8.44,-3.31,-1.25,119.48,28.08,0.0,181.29,2026-03-22
MO-026393,SA-0042,100,Ended,26393,0.0,130.49,2.85,6.44,2.29,-176.83,32.37,0.0,-2.38,2026-04-08
MO-026394,SA-0079,200,Ended,26394,0.0,14.84,1.63,8.3,3.1,-85.95,43.43,0.0,-14.64,2026-04-25
MO-026395,DRV-0016,200,Ended,26395,0.0,82.76,0.38,3.72,1.26,2.12,76.36,0.0,166.61,2026-05-12
MO-026396,DRV-0053,100,Ended,26396,0.0,1218.23,-9.37,29.37,11.29,-528.54,698.86,0.0,1419.84,2026-05-29
MO-026397,ACT-0030,200,Ended,26397,0.0,95.71,2.05,6.7,0.51,-1336.58,119.82,0.0,-1111.79,2026-06-15
MO-026441,SA-0068,300,Ended,26441,0.0,88.81,-2.22,-0.71,-0.24,-17.27,81.54,0.0,149.91,2026-01-03
MO-026442,DRV-0005,100,Ended,26442,0.0,175.96,0.25,-3.61,-1.44,-86.05,122.09,0.0,207.2,2026-01-20
MO-026443,DRV-0042,200,Ended,26443,0.0,21.16,3.91,-3.2,-1.13,-713.22,32.76,0.0,-659.71,2026-02-07
MO-026444,ACT-0019,100,Ended,26444,0.0,230.44,16.93,-9.76,-3.91,-461.93,87.43,0.0,-140.8,2026-02-24
MO-026445,ACT-0056,200,Ended,26445,0.0,600.72,19.3,-4.69,-1.56,-380.67,278.36,0.0,511.45,2026-03-13
MO-026446,CTL-0033,300,Ended,26446,0.0,2313.34,51.75,15.28,5.64,-2075.96,2058.87,0.0,2368.93,2026-03-30
MO-026447,SYS-0030,300,Ended,26447,0.0,7218.58,24.69,60.24,21.47,-6054.81,1737.14,0.0,3007.31,2026-04-16
MO-026448,AFT-0037,100,Ended,26448,0.0,-231.25,1.69,-1.21,-0.43,-2.22,92.32,0.0,-141.1,2026-05-03
MO-026449,SA-0014,300,Ended,26449,0.0,-7.97,-0.09,6.23,2.19,24.49,7.41,0.0,32.25,2026-05-20
MO-026450,SA-0051,100,Ended,26450,0.0,301.49,1.29,-0.24,-0.33,-102.27,190.52,0.0,390.46,2026-06-06
MO-026451,SA-0088,200,Released,26451,0.0,0.0,0.0,-50.76,-19.03,69.8,0.0,0.0,0.0,
MO-026495,AFT-0026,100,Ended,26495,0.0,145.73,-13.02,63.33,21.88,-244.22,170.24,0.0,143.95,2026-01-11
MO-026496,SA-0003,100,Ended,26496,0.0,84.08,3.07,-7.13,-2.58,91.78,50.35,0.0,219.58,2026-01-28
MO-026497,SA-0040,200,Ended,26497,0.0,104.02,0.75,-4.23,-1.66,54.48,49.4,0.0,202.75,2026-02-14
MO-026498,SA-0077,300,Ended,26498,0.0,68.47,2.66,-3.38,-1.26,11.54,25.31,0.0,103.34,2026-03-03
MO-026499,DRV-0014,200,Ended,26499,0.0,-7.71,9.89,-8.14,-3.14,-22.7,39.07,0.0,7.27,2026-03-20
MO-026500,DRV-0051,100,Ended,26500,0.0,256.59,31.77,2.31,1.19,-1043.33,1107.04,0.0,355.57,2026-04-06
MO-026501,ACT-0028,200,Ended,26501,0.0,13.97,27.09,3.91,1.2,3.49,76.89,0.0,126.56,2026-04-23
MO-026502,CTL-0005,300,Ended,26502,0.0,1183.49,10.92,27.4,10.08,-381.18,447.28,0.0,1297.99,2026-05-10
MO-026503,SYS-0002,300,Ended,26503,0.0,102.65,-0.8,66.06,23.19,-697.5,428.3,0.0,-78.1,2026-05-27
MO-026504,AFT-0009,300,Ended,26504,0.0,15.27,0.62,-6.3,-2.54,190.72,9.34,0.0,207.12,2026-06-13
MO-026548,ACT-0017,100,Ended,26548,0.0,178.2,-0.35,40.91,15.2,15.05,88.56,0.0,337.57,2026-01-02
MO-026549,ACT-0054,200,Ended,26549,0.0,3059.79,-3.84,46.57,18.07,-2831.34,344.21,0.0,633.46,2026-01-19
MO-026550,CTL-0031,300,Ended,26550,0.0,1627.65,22.85,21.19,7.53,-2580.14,1368.05,0.0,467.13,2026-02-05
MO-026551,SYS-0028,300,Ended,26551,0.0,5279.49,4.15,18.05,5.9,-1455.38,1479.21,0.0,5331.42,2026-02-22
MO-026552,AFT-0035,100,Ended,26552,0.0,-151.19,2.38,-5.37,-1.94,0.25,103.16,0.0,-52.72,2026-03-11
MO-026553,SA-0012,100,Ended,26553,0.0,-15.49,2.37,-4.34,-1.52,-333.52,16.66,0.0,-335.84,2026-03-28
MO-026554,SA-0049,200,Ended,26554,0.0,24.95,8.3,-7.76,-2.9,-38.45,17.39,0.0,1.54,2026-04-14
MO-026555,SA-0086,300,Ended,26555,0.0,92.49,10.22,-1.0,-0.13,-95.05,116.51,0.0,123.03,2026-05-01
MO-026556,DRV-0023,100,Ended,26556,0.0,981.85,10.18,31.05,12.17,-205.92,407.89,0.0,1237.23,2026-05-18
MO-026557,DRV-0060,200,Ended,26557,0.0,193.72,0.22,11.3,4.4,-2307.67,100.92,0.0,-1997.11,2026-06-04
MO-026558,ACT-0037,100,Reported Finished,26558,0.0,23551.69,-5.13,26.5,9.88,-731.66,530.79,0.0,23382.07,
MO-026602,SA-0075,100,Ended,26602,0.0,109.5,3.82,8.83,3.59,91.08,74.95,0.0,291.77,2026-01-10
MO-026603,DRV-0012,200,Ended,26603,0.0,32.92,-4.65,14.36,5.51,-228.51,18.9,0.0,-161.47,2026-01-27
MO-026604,DRV-0049,100,Ended,26604,0.0,104.46,0.87,43.87,16.37,-211.17,83.99,0.0,38.39,2026-02-13
MO-026605,ACT-0026,200,Ended,26605,0.0,-111.14,14.54,17.43,6.22,-852.97,744.37,0.0,-181.54,2026-03-02
MO-026606,CTL-0003,300,Ended,26606,0.0,1392.83,46.11,0.36,-0.96,-1091.96,991.28,0.0,1337.66,2026-03-19
MO-026607,CTL-0040,300,Ended,26607,0.0,-75.35,10.37,-1.65,0.35,-1924.81,1939.03,0.0,-52.05,2026-04-05
MO-026608,AFT-0007,100,Ended,26608,0.0,28.66,4.58,-7.57,-2.81,31.05,8.88,0.0,62.8,2026-04-22
MO-026609,AFT-0044,100,Ended,26609,0.0,-20.22,8.34,-8.96,-3.04,80.06,20.04,0.0,76.23,2026-05-09
MO-026610,SA-0021,100,Ended,26610,0.0,72.84,4.42,-2.24,-0.87,-140.18,165.38,0.0,99.35,2026-05-26
MO-026611,SA-0058,200,Ended,26611,0.0,39.06,0.89,8.02,2.82,36.51,54.91,0.0,142.2,2026-06-12
MO-026612,SA-0095,300,Reported Finished,26612,0.0,3553.6,2.47,29.66,10.84,98.6,89.24,0.0,3784.4,
MO-026656,AFT-0033,300,Ended,26656,0.0,-17.88,2.87,-0.71,-0.24,26.21,59.86,0.0,70.11,2026-01-17
MO-026657,SA-0010,200,Ended,26657,0.0,15.0,-2.47,1.2,0.52,74.66,45.82,0.0,134.72,2026-02-03
MO-026658,SA-0047,300,Ended,26658,0.0,106.27,3.13,17.28,6.76,174.39,46.09,0.0,353.92,2026-02-20
MO-026659,SA-0084,100,Ended,26659,0.0,61.76,1.41,14.38,4.96,-222.61,28.38,0.0,-111.71,2026-03-09
MO-026660,DRV-0021,100,Ended,26660,0.0,556.01,11.49,21.27,8.97,-312.09,359.11,0.0,644.76,2026-03-27
MO-026661,DRV-0058,200,Ended,26661,0.0,780.43,25.56,0.25,-0.65,-634.36,729.6,0.0,900.83,2026-04-13
MO-026662,ACT-0035,100,Ended,26662,0.0,1085.42,14.33,-1.93,-0.47,-629.25,824.82,0.0,1292.93,2026-04-30
MO-026663,CTL-0012,300,Ended,26663,0.0,3847.91,24.89,-30.59,-10.61,-3210.27,1568.94,0.0,2190.28,2026-05-17
MO-026664,SYS-0009,100,Ended,26664,0.0,0.01,3.49,-7.87,-2.96,79.34,8.25,0.0,80.25,2026-06-03
MO-026665,AFT-0016,100,Ended,26665,0.0,213.12,0.75,-4.36,-1.62,-2.64,169.16,0.0,374.41,2026-06-20
MO-026709,ACT-0024,200,Ended,26709,0.0,594.43,6.96,-2.03,-0.68,-1281.81,179.86,0.0,-503.28,2026-01-08
MO-026710,CTL-0001,300,Ended,26710,0.0,2778.5,-0.17,11.36,4.25,-2104.54,1523.4,0.0,2212.8,2026-01-25
MO-026711,CTL-0038,300,Ended,26711,0.0,424.38,-11.39,31.17,11.19,-1632.35,1139.57,0.0,-37.44,2026-02-11
MO-026712,AFT-0005,100,Ended,26712,0.0,68.96,0.8,1.93,0.72,-13.86,105.07,0.0,163.62,2026-02-28
MO-026713,AFT-0042,300,Ended,26713,0.0,12.74,0.91,3.81,1.29,-233.08,11.97,0.0,-202.37,2026-03-17
MO-026714,SA-0019,200,Ended,26714,0.0,3.39,21.19,6.85,2.07,-124.94,33.53,0.0,-57.91,2026-04-03
MO-026715,SA-0056,300,Ended,26715,0.0,152.21,6.1,15.15,5.78,-101.5,117.22,0.0,194.97,2026-04-20
MO-026716,SA-0093,100,Ended,26716,0.0,121.85,17.13,2.89,0.98,-157.42,188.77,0.0,174.22,2026-05-07
MO-026717,DRV-0030,200,Ended,26717,0.0,138.02,6.62,-3.79,-1.26,-2742.52,120.88,0.0,-2482.04,2026-05-24
MO-026718,ACT-0007,100,Ended,26718,0.0,3679.26,15.4,-14.7,-4.6,-1936.77,774.68,0.0,2513.27,2026-06-10
MO-026719,ACT-0044,200,Started,26719,0.0,3017.37,3.04,-11.13,-4.06,-49.6,33.45,0.0,2989.07,
MO-026763,SA-0082,200,Ended,26763,0.0,296.79,4.52,-4.1,-1.53,72.34,79.61,0.0,447.62,2026-01-16
MO-026764,DRV-0019,100,Ended,26764,0.0,607.37,1.99,10.22,3.73,-199.75,98.32,0.0,521.88,2026-02-02
MO-026765,DRV-0056,200,Ended,26765,0.0,4150.81,-3.2,2.16,0.7,-1391.2,1346.93,0.0,4106.19,2026-02-19
MO-026766,ACT-0033,100,Ended,26766,0.0,-408.42,-4.15,13.33,4.88,-780.9,740.42,0.0,-434.85,2026-03-08
MO-026767,CTL-0010,300,Ended,26767,0.0,2898.12,15.4,63.74,22.34,-1396.43,1491.79,0.0,3094.94,2026-03-25
MO-026768,SYS-0007,100,Ended,26768,0.0,20.99,7.39,7.53,2.76,18.62,27.0,0.0,84.3,2026-04-11
MO-026769,AFT-0014,100,Ended,26769,0.0,22.48,4.39,4.78,1.84,33.39,18.72,0.0,85.61,2026-04-28
MO-026770,AFT-0051,300,Ended,26770,0.0,523.77,12.61,4.85,1.62,-130.07,235.17,0.0,647.95,2026-05-15
MO-026771,SA-0028,200,Ended,26771,0.0,141.31,7.06,3.81,1.35,-32.75,59.28,0.0,180.05,2026-06-01
MO-026772,SA-0065,300,Ended,26772,0.0,169.42,2.64,-4.35,-1.77,-76.95,147.53,0.0,236.53,2026-06-18
MO-026816,AFT-0003,300,Ended,26816,0.0,184.13,6.06,-8.58,-2.98,-123.48,270.84,0.0,325.98,2026-01-07
MO-026817,AFT-0040,100,Ended,26817,0.0,44.33,2.32,-7.25,-2.65,32.52,34.05,0.0,103.32,2026-01-24
MO-026818,SA-0017,300,Ended,26818,0.0,-24.52,-0.24,-6.27,-2.39,75.16,22.42,0.0,64.16,2026-02-10
MO-026819,SA-0054,100,Ended,26819,0.0,98.56,-0.93,1.24,0.46,-1244.86,34.45,0.0,-1111.09,2026-02-27
MO-026820,SA-0091,200,Ended,26820,0.0,439.23,8.44,16.18,6.38,-351.78,251.69,0.0,370.14,2026-03-16
MO-026821,DRV-0028,200,Ended,26821,0.0,2160.47,0.02,4.1,1.58,-804.62,849.13,0.0,2210.67,2026-04-02
MO-026822,ACT-0005,100,Ended,26822,0.0,640.54,20.99,42.89,15.53,-209.58,331.45,0.0,841.82,2026-04-19
MO-026823,ACT-0042,200,Ended,26823,0.0,255.43,88.11,144.36,51.72,-7210.2,225.21,0.0,-6445.36,2026-05-06
MO-026824,CTL-0019,300,Ended,26824,0.0,2.07,5.32,1.13,0.7,24.88,15.13,0.0,49.24,2026-05-23
MO-026825,SYS-0016,300,Ended,26825,0.0,-3.74,5.92,3.88,1.32,-130.73,202.22,0.0,78.87,2026-06-09
MO-026826,AFT-0023,100,Released,26826,0.0,0.0,0.0,-79.2,-29.7,108.9,0.0,0.0,0.0,
MO-026870,ACT-0031,100,Ended,26870,0.0,-622.76,49.18,30.6,9.28,-2310.81,1766.14,0.0,-1078.37,2026-01-14
MO-026871,CTL-0008,300,Ended,26871,0.0,793.66,28.31,3.19,4.19,-711.59,497.56,0.0,615.33,2026-01-31
MO-026872,SYS-0005,100,Ended,26872,0.0,14.99,0.02,-11.22,-4.22,151.04,13.28,0.0,163.89,2026-02-17
MO-026873,AFT-0012,300,Ended,26873,0.0,135.09,-0.49,-3.54,-1.22,-257.43,40.18,0.0,-87.41,2026-03-06
MO-026874,AFT-0049,100,Ended,26874,0.0,99.45,5.55,2.2,0.92,-89.51,25.2,0.0,43.82,2026-03-23
MO-026875,SA-0026,300,Ended,26875,0.0,220.81,5.42,3.8,1.34,-120.83,163.17,0.0,273.72,2026-04-09
MO-026876,SA-0063,100,Ended,26876,0.0,438.47,13.35,15.18,5.5,-266.91,295.54,0.0,501.13,2026-04-26
MO-026877,SA-0100,200,Ended,26877,0.0,10.98,18.8,23.08,7.86,-103.33,153.87,0.0,111.27,2026-05-14
MO-026878,DRV-0037,100,Ended,26878,0.0,3515.38,61.57,78.33,29.11,-1794.93,1251.46,0.0,3140.91,2026-05-31
MO-026879,ACT-0014,200,Ended,26879,0.0,26.07,30.54,85.34,33.03,-540.23,95.28,0.0,-269.97,2026-06-17
MO-026923,SA-0052,200,Ended,26923,0.0,40.27,5.04,5.3,1.81,25.0,41.17,0.0,118.6,2026-01-05
MO-026924,SA-0089,300,Ended,26924,0.0,-9.25,13.08,16.84,6.47,120.08,24.04,0.0,171.26,2026-01-22
MO-026925,DRV-0026,200,Ended,26925,0.0,401.66,16.2,17.93,4.96,-315.75,287.45,0.0,412.45,2026-02-08
MO-026926,ACT-0003,100,Ended,26926,0.0,3029.7,7.17,-17.38,-6.13,-1187.67,1119.05,0.0,2944.74,2026-02-25
MO-026927,ACT-0040,200,Ended,26927,0.0,287.19,-13.45,-35.19,-12.99,-94.07,104.91,0.0,236.4,2026-03-14
MO-026928,CTL-0017,300,Ended,26928,0.0,9.95,0.15,-8.92,-3.35,158.28,7.39,0.0,163.49,2026-03-31
MO-026929,SYS-0014,300,Ended,26929,0.0,-0.26,2.86,-1.42,-0.53,28.35,16.94,0.0,45.93,2026-04-17
MO-026930,AFT-0021,300,Ended,26930,0.0,70.72,9.79,3.67,1.33,37.03,69.16,0.0,191.7,2026-05-04
MO-026931,AFT-0058,100,Ended,26931,0.0,19.71,6.31,1.93,0.6,50.71,39.77,0.0,119.03,2026-05-21
MO-026932,SA-0035,300,Ended,26932,0.0,639.52,20.71,28.63,10.88,-187.01,265.4,0.0,778.12,2026-06-07
MO-026933,SA-0072,100,Reported Finished,26933,0.0,1046.6,25.62,24.95,9.56,-867.97,33.54,0.0,272.29,
MO-026977,AFT-0010,100,Ended,26977,0.0,26.02,4.62,-0.9,-0.35,98.24,13.31,0.0,140.95,2026-01-13
MO-026978,AFT-0047,100,Ended,26978,0.0,298.77,3.52,5.88,2.16,-67.08,131.35,0.0,374.61,2026-01-30
MO-026979,SA-0024,100,Ended,26979,0.0,221.04,6.53,9.7,3.47,-599.62,34.88,0.0,-323.99,2026-02-16
MO-026980,SA-0061,200,Ended,26980,0.0,107.46,4.59,18.96,7.09,-381.36,132.02,0.0,-111.23,2026-03-05
MO-026981,SA-0098,300,Ended,26981,0.0,-59.27,-4.28,-12.57,-4.28,-412.5,367.71,0.0,-125.18,2026-03-22
MO-026982,DRV-0035,100,Ended,26982,0.0,349.06,24.06,-24.37,-8.84,-304.63,379.73,0.0,415.01,2026-04-08
MO-026983,ACT-0012,200,Ended,26983,0.0,165.4,4.09,-14.62,-5.31,-3171.85,108.66,0.0,-2913.63,2026-04-25
MO-026984,ACT-0049,100,Ended,26984,0.0,72.88,3.44,-7.43,-2.8,54.43,12.45,0.0,132.97,2026-05-12
MO-026985,CTL-0026,300,Ended,26985,0.0,180.44,4.57,-0.35,-0.12,-60.22,104.44,0.0,228.75,2026-05-29
MO-026986,SYS-0023,100,Ended,26986,0.0,321.13,8.52,5.27,2.15,-162.62,326.74,0.0,501.2,2026-06-15
MO-027030,ACT-0001,100,Ended,27030,0.0,1449.27,35.38,29.15,10.72,-1829.04,1662.61,0.0,1358.09,2026-01-03
MO-027031,ACT-0038,200,Ended,27031,0.0,360.58,40.12,72.37,25.42,-495.7,296.08,0.0,298.87,2026-01-20
MO-027032,CTL-0015,300,Ended,27032,0.0,25.48,2.71,-4.14,-1.72,149.14,22.74,0.0,194.21,2026-02-07
MO-027033,SYS-0012,300,Ended,27033,0.0,-16.1,2.29,-1.49,-0.53,-414.2,21.78,0.0,-408.25,2026-02-24
MO-027034,AFT-0019,100,Ended,27034,0.0,89.29,3.69,12.34,4.49,-42.51,26.94,0.0,94.24,2026-03-13
MO-027035,AFT-0056,100,Ended,27035,0.0,103.06,-4.34,5.97,3.08,-43.96,77.22,0.0,141.03,2026-03-30
MO-027036,SA-0033,100,Ended,27036,0.0,241.99,0.25,-8.39,-3.61,-76.36,115.4,0.0,269.27,2026-04-16
MO-027037,SA-0070,200,Ended,27037,0.0,372.74,15.26,-20.42,-7.03,-114.88,135.04,0.0,380.71,2026-05-03
MO-027038,DRV-0007,100,Ended,27038,0.0,233.54,54.24,4.94,2.21,-989.44,379.65,0.0,-314.85,2026-05-20
MO-027039,DRV-0044,200,Ended,27039,0.0,-7.85,15.73,-0.64,-0.11,-283.68,38.33,0.0,-238.22,2026-06-06
MO-027040,ACT-0021,100,Started,27040,0.0,1726.18,4.62,-7.04,-2.64,149.2,13.92,0.0,1884.23,
MO-027084,SA-0059,300,Ended,27084,0.0,39.06,34.84,19.94,7.47,126.22,32.51,0.0,260.04,2026-01-11
MO-027085,SA-0096,100,Ended,27085,0.0,191.43,20.95,11.82,4.61,-2377.95,473.42,0.0,-1675.71,2026-01-28
MO-027086,DRV-0033,100,Ended,27086,0.0,271.18,20.88,36.5,13.61,-623.86,629.95,0.0,348.26,2026-02-14
MO-027087,ACT-0010,200,Ended,27087,0.0,-382.25,7.92,72.17,25.83,-1101.38,1172.52,0.0,-205.2,2026-03-03
MO-027088,ACT-0047,100,Ended,27088,0.0,86.57,0.54,-6.58,-2.26,158.18,22.99,0.0,259.44,2026-03-20
MO-027089,CTL-0024,300,Ended,27089,0.0,58.26,-3.55,4.42,1.54,-376.0,15.64,0.0,-299.69,2026-04-06
MO-027090,SYS-0021,100,Ended,27090,0.0,358.45,0.01,3.02,1.11,-297.35,338.79,0.0,404.02,2026-04-23
MO-027091,AFT-0028,100,Ended,27091,0.0,47.27,8.15,-7.16,-2.95,43.63,55.96,0.0,144.91,2026-05-10
MO-027092,SA-0005,300,Ended,27092,0.0,17.69,13.08,-16.77,-6.31,-11.21,131.04,0.0,127.53,2026-05-27
MO-027093,SA-0042,100,Ended,27093,0.0,386.64,27.48,-5.69,-2.15,-989.58,145.67,0.0,-437.62,2026-06-13
MO-027137,SYS-0010,300,Ended,27137,0.0,26.92,4.45,-7.69,-2.58,72.02,61.05,0.0,154.17,2026-01-02
MO-027138,AFT-0017,100,Ended,27138,0.0,-113.13,15.01,-4.64,-1.86,133.77,119.41,0.0,148.56,2026-01-19
MO-027139,AFT-0054,300,Ended,27139,0.0,-15.11,10.13,0.74,0.36,-346.87,11.15,0.0,-339.6,2026-02-05
MO-027140,SA-0031,200,Ended,27140,0.0,271.22,10.91,39.64,14.49,-455.7,209.3,0.0,89.86,2026-02-22
MO-027141,SA-0068,300,Ended,27141,0.0,384.16,9.6,14.04,4.8,-440.72,366.92,0.0,338.8,2026-03-11
MO-027142,DRV-0005,100,Ended,27142,0.0,863.25,-1.78,36.22,13.4,-432.31,488.35,0.0,967.12,2026-03-28
MO-027143,DRV-0042,200,Ended,27143,0.0,-65.67,-0.34,29.88,11.98,-3425.62,143.34,0.0,-3306.43,2026-04-14
MO-027144,ACT-0019,100,Ended,27144,0.0,-3.45,1.21,-3.02,-1.06,63.84,18.74,0.0,76.25,2026-05-01
MO-027145,ACT-0056,200,Ended,27145,0.0,98.68,1.27,0.56,0.0,18.82,61.86,0.0,181.18,2026-05-18
MO-027146,CTL-0033,300,Ended,27146,0.0,176.66,6.84,-3.94,-0.98,-470.95,514.72,0.0,222.35,2026-06-04
MO-027147,SYS-0030,300,Released,27147,0.0,0.0,0.0,-68.02,-24.61,92.63,0.0,0.0,0.0,
MO-027191,ACT-0008,200,Ended,27191,0.0,139.83,5.43,-9.9,-3.72,-241.62,159.45,0.0,49.48,2026-01-10
MO-027192,ACT-0045,100,Ended,27192,0.0,20.74,3.59,-6.65,-2.52,55.24,14.04,0.0,84.44,2026-01-27
MO-027193,CTL-0022,300,Ended,27193,0.0,169.07,10.25,-5.32,-1.99,58.36,82.8,0.0,313.16,2026-02-13
MO-027194,SYS-0019,100,Ended,27194,0.0,78.26,7.61,9.81,3.6,-155.88,62.93,0.0,6.34,2026-03-02
MO-027195,AFT-0026,100,Ended,27195,0.0,13.62,4.71,3.0,0.99,-27.62,38.91,0.0,33.61,2026-03-19
MO-027196,SA-0003,100,Ended,27196,0.0,233.53,4.07,46.23,18.01,-145.33,234.97,0.0,391.47,2026-04-05
MO-027197,SA-0040,200,Ended,27197,0.0,238.7,-4.74,15.92,6.11,-138.42,222.28,0.0,339.85,2026-04-22
MO-027198,SA-0077,300,Ended,27198,0.0,127.65,1.73,29.3,10.94,-53.08,101.22,0.0,217.75,2026-05-09
MO-027199,DRV-0014,200,Ended,27199,0.0,1172.87,8.94,70.16,27.32,-385.46,170.95,0.0,1064.79,2026-05-26
MO-027200,DRV-0051,100,Ended,27200,0.0,81.76,7.22,-7.14,-2.88,-80.75,237.22,0.0,235.43,2026-06-12
MO-027201,ACT-0028,200,Released,27201,0.0,0.0,0.0,-64.51,-22.74,87.26,0.0,0.0,0.0,
MO-027245,SA-0066,100,Ended,27245,0.0,657.0,16.2,-5.24,-1.76,-2644.37,491.11,0.0,-1487.06,2026-01-17
MO-027246,DRV-0003,100,Ended,27246,0.0,-86.6,19.89,0.66,0.14,-1186.06,1103.0,0.0,-148.97,2026-02-03
MO-027247,DRV-0040,200,Ended,27247,0.0,106.87,29.57,-33.3,-12.23,-124.24,114.95,0.0,81.63,2026-02-20
MO-027248,ACT-0017,100,Ended,27248,0.0,12.79,5.8,-4.3,-1.63,62.78,18.98,0.0,94.42,2026-03-09
MO-027249,ACT-0054,200,Ended,27249,0.0,450.11,2.07,-0.12,-0.01,-519.64,76.49,0.0,8.91,2026-03-27
MO-027250,CTL-0031,300,Ended,27250,0.0,219.64,2.83,14.21,5.57,-430.22,342.01,0.0,154.06,2026-04-13
MO-027251,SYS-0028,300,Ended,27251,0.0,982.4,-2.4,4.79,1.86,-294.61,338.11,0.0,1030.14,2026-04-30
MO-027252,AFT-0035,100,Ended,27252,0.0,1931.99,0.84,15.41,5.75,-377.92,481.43,0.0,2057.49,2026-05-17
MO-027253,SA-0012,100,Ended,27253,0.0,128.72,1.41,11.59,3.97,-1856.35,74.98,0.0,-1635.69,2026-06-03
MO-027254,SA-0049,200,Ended,27254,0.0,-89.37,13.21,57.47,22.11,-226.05,69.56,0.0,-153.07,2026-06-20
MO-027298,SYS-0017,100,Ended,27298,0.0,1186.87,3.52,6.54,2.23,-73.55,200.91,0.0,1326.52,2026-01-08
MO-027299,AFT-0024,300,Ended,27299,0.0,3.74,10.64,-0.26,0.35,-1483.82,23.38,0.0,-1445.97,2026-01-25
MO-027300,SA-0001,200,Ended,27300,0.0,105.11,10.49,-5.2,-2.13,-217.07,100.73,0.0,-8.08,2026-02-11
MO-027301,SA-0038,300,Ended,27301,0.0,481.13,10.35,-3.57,-1.29,-469.18,372.95,0.0,390.4,2026-02-28
MO-027302,SA-0075,100,Ended,27302,0.0,362.45,32.8,-14.92,-6.05,-403.73,299.8,0.0,270.36,2026-03-17
MO-027303,DRV-0012,200,Ended,27303,0.0,166.06,27.16,-13.77,-4.78,-1149.9,82.69,0.0,-892.53,2026-04-03
MO-027304,DRV-0049,100,Ended,27304,0.0,70.31,0.53,-2.16,-0.82,15.54,18.0,0.0,101.4,2026-04-20
MO-027305,ACT-0026,200,Ended,27305,0.0,448.85,-0.96,1.58,0.53,-69.03,165.42,0.0,546.37,2026-05-07
MO-027306,CTL-0003,300,Ended,27306,0.0,161.26,6.38,14.62,5.34,-71.04,247.82,0.0,364.37,2026-05-24
MO-027307,CTL-0040,300,Ended,27307,0.0,-487.65,0.72,4.07,1.38,-403.72,443.21,0.0,-441.99,2026-06-10
MO-027308,AFT-0007,100,Reported Finished,27308,0.0,743.72,4.88,15.59,5.67,-140.33,20.72,0.0,650.25,
MO-027352,ACT-0015,100,Ended,27352,0.0,82.38,5.39,3.03,1.42,7.05,48.37,0.0,147.64,2026-01-16
MO-027353,ACT-0052,200,Ended,27353,0.0,60.63,2.07,5.34,1.83,32.1,25.86,0.0,127.84,2026-02-02
MO-027354,CTL-0029,300,Ended,27354,0.0,-3.84,8.07,-0.89,-0.34,94.34,26.11,0.0,123.45,2026-02-19
MO-027355,SYS-0026,300,Ended,27355,0.0,645.05,8.32,-4.21,-1.63,-238.96,280.34,0.0,688.9,2026-03-08
MO-027356,AFT-0033,300,Ended,27356,0.0,726.04,7.87,-12.33,-4.72,-254.71,279.35,0.0,741.5,2026-03-25
MO-027357,SA-0010,200,Ended,27357,0.0,7.46,24.66,-14.47,-5.68,-131.0,206.17,0.0,87.14,2026-04-11
MO-027358,SA-0047,300,Ended,27358,0.0,180.76,0.44,8.77,3.91,-15.1,184.37,0.0,363.15,2026-04-28
MO-027359,SA-0084,100,Ended,27359,0.0,-85.2,-15.35,3.45,0.87,-1103.26,124.18,0.0,-1075.31,2026-05-15
MO-027360,DRV-0021,100,Ended,27360,0.0,73.6,0.14,-0.91,-0.36,-2.97,76.95,0.0,146.45,2026-06-01
MO-027361,DRV-0058,200,Ended,27361,0.0,64.53,3.96,2.4,0.86,-23.77,162.13,0.0,210.11,2026-06-18
MO-027405,SA-0036,100,Ended,27405,0.0,215.5,-5.08,13.55,4.62,-951.81,223.39,0.0,-499.84,2026-01-07
MO-027406,SA-0073,200,Ended,27406,0.0,321.06,17.46,83.17,30.91,-649.42,217.89,0.0,21.07,2026-01-24
MO-027407,DRV-0010,200,Ended,27407,0.0,489.05,55.27,91.58,35.46,-83.37,191.32,0.0,779.31,2026-02-10
MO-027408,DRV-0047,100,Ended,27408,0.0,225.26,5.0,-1.42,-0.61,-49.0,112.05,0.0,291.28,2026-02-27
MO-027409,ACT-0024,200,Ended,27409,0.0,167.01,4.06,-0.02,-0.11,-234.16,39.97,0.0,-23.25,2026-03-16
MO-027410,CTL-0001,300,Ended,27410,0.0,458.53,4.56,-4.06,-1.36,-430.1,380.85,0.0,408.42,2026-04-02
MO-027411,CTL-0038,300,Ended,27411,0.0,-103.06,6.26,-8.74,-3.23,-219.96,260.47,0.0,-68.26,2026-04-19
MO-027412,AFT-0005,100,Ended,27412,0.0,-164.05,1.56,-11.31,-3.91,-416.39,490.34,0.0,-103.77,2026-05-06
MO-027413,AFT-0042,300,Ended,27413,0.0,7.47,-9.16,-5.8,-2.22,-1324.74,53.86,0.0,-1280.59,2026-05-23
MO-027414,SA-0019,200,Ended,27414,0.0,609.29,30.25,67.36,26.38,-1180.03,134.12,0.0,-312.64,2026-06-09
MO-027415,SA-0056,300,Started,27415,0.0,12517.51,2.14,7.23,2.82,-105.35,102.57,0.0,12526.92,
MO-027459,SYS-0024,300,Ended,27459,0.0,2014.64,-2.16,0.82,0.28,-861.22,229.74,0.0,1382.09,2026-01-14
MO-027460,AFT-0031,100,Ended,27460,0.0,125.28,5.36,22.4,8.83,-395.73,108.56,0.0,-125.31,2026-01-31
MO-027461,SA-0008,300,Ended,27461,0.0,391.96,11.9,33.28,12.75,-290.64,273.11,0.0,432.36,2026-02-17
MO-027462,SA-0045,100,Ended,27462,0.0,66.06,42.99,89.03,33.23,-103.98,119.14,0.0,246.47,2026-03-06
MO-027463,SA-0082,200,Ended,27463,0.0,783.17,42.76,36.24,12.95,-272.22,348.29,0.0,951.18,2026-03-23
MO-027464,DRV-0019,100,Ended,27464,0.0,76.61,1.86,-3.5,-1.39,0.66,21.07,0.0,95.3,2026-04-09
MO-027465,DRV-0056,200,Ended,27465,0.0,732.27,1.73,-2.19,-0.66,-263.81,299.32,0.0,766.66,2026-04-26
MO-027466,ACT-0033,100,Ended,27466,0.0,528.15,4.35,-9.14,-3.35,-104.03,185.1,0.0,601.08,2026-05-14
MO-027467,CTL-0010,300,Ended,27467,0.0,358.68,-4.21,-8.15,-2.7,-177.22,340.98,0.0,507.37,2026-05-31
MO-027468,SYS-0007,100,Ended,27468,0.0,-68.67,7.62,5.65,2.06,-301.42,126.01,0.0,-228.75,2026-06-17
MO-027512,DRV-0045,100,Ended,27512,0.0,44.06,-1.51,-6.59,-2.48,110.42,17.05,0.0,160.94,2026-01-05
MO-027513,ACT-0022,200,Ended,27513,0.0,53.31,1.07,0.76,0.27,4.48,39.62,0.0,99.51,2026-01-22
MO-027514,ACT-0059,100,Ended,27514,0.0,-38.94,5.77,5.92,2.35,101.22,30.13,0.0,106.46,2026-02-08
MO-027515,CTL-0036,300,Ended,27515,0.0,851.11,6.31,10.37,4.01,-1416.16,751.05,0.0,206.7,2026-02-25
MO-027516,AFT-0003,300,Ended,27516,0.0,-128.65,25.19,38.38,14.32,-1184.5,1263.93,0.0,28.66,2026-03-14
MO-027517,AFT-0040,100,Ended,27517,0.0,171.11,25.72,35.64,12.17,-85.38,153.21,0.0,312.47,2026-03-31
MO-027518,SA-0017,300,Ended,27518,0.0,306.74,32.56,45.31,19.01,30.04,89.66,0.0,523.33,2026-04-17
MO-027519,SA-0054,100,Ended,27519,0.0,175.44,8.69,2.26,-0.67,-6037.7,150.71,0.0,-5701.27,2026-05-04
MO-027520,SA-0091,200,Ended,27520,0.0,64.36,0.67,-3.9,-1.47,-29.28,53.93,0.0,84.31,2026-05-21
MO-027521,DRV-0028,200,Ended,27521,0.0,331.08,-1.94,-5.57,-1.99,-131.72,188.7,0.0,378.56,2026-06-07
MO-027522,ACT-0005,100,Released,27522,0.0,0.0,0.0,-67.68,-25.38,93.06,0.0,0.0,0.0,
MO-027566,SA-0043,200,Ended,27566,0.0,90.16,6.77,2.69,1.36,-696.74,250.17,0.0,-345.6,2026-01-13
MO-027567,SA-0080,300,Ended,27567,0.0,-41.5,-2.24,-2.81,-0.89,-481.69,279.84,0.0,-249.29,2026-01-30
MO-027568,DRV-0017,100,Ended,27568,0.0,82.48,1.56,-5.62,-2.11,122.86,23.31,0.0,222.49,2026-02-16
MO-027569,DRV-0054,200,Ended,27569,0.0,380.15,2.87,0.97,0.34,-196.23,47.78,0.0,235.87,2026-03-05
MO-027570,ACT-0031,100,Ended,27570,0.0,1127.13,10.19,11.44,4.2,-480.47,441.54,0.0,1114.03,2026-03-22
MO-027571,CTL-0008,300,Ended,27571,0.0,127.97,11.43,11.66,4.0,-88.04,113.73,0.0,180.75,2026-04-08
MO-027572,SYS-0005,100,Ended,27572,0.0,22.21,19.49,40.12,14.92,118.14,62.0,0.0,276.87,2026-04-25
MO-027573,AFT-0012,300,Ended,27573,0.0,357.02,4.6,12.58,4.14,-1398.57,180.81,0.0,-839.43,2026-05-12
MO-027574,AFT-0049,100,Ended,27574,0.0,134.38,5.5,1.31,1.63,-872.66,100.79,0.0,-629.05,2026-05-29
MO-027575,SA-0026,300,Ended,27575,0.0,818.39,-1.49,-5.29,-1.69,-1158.59,713.89,0.0,365.22,2026-06-15
MO-027619,CTL-0034,300,Ended,27619,0.0,315.03,0.9,-7.72,-3.2,-0.3,77.86,0.0,382.57,2026-01-03
MO-027620,AFT-0001,100,Ended,27620,0.0,192.3,3.4,-12.63,-4.71,-967.19,603.81,0.0,-185.02,2026-01-20
MO-027621,AFT-0038,100,Ended,27621,0.0,154.16,-1.62,-6.84,-2.48,-594.02,489.45,0.0,38.64,2026-02-07
MO-027622,SA-0015,100,Ended,27622,0.0,241.06,32.26,22.36,8.16,-236.55,215.77,0.0,283.05,2026-02-24
MO-027623,SA-0052,200,Ended,27623,0.0,558.01,7.03,5.23,1.73,-154.27,180.14,0.0,597.87,2026-03-13
MO-027624,SA-0089,300,Ended,27624,0.0,-16.01,4.2,-5.4,-2.04,141.28,5.15,0.0,127.18,2026-03-30
MO-027625,DRV-0026,200,Ended,27625,0.0,52.86,6.57,4.68,1.65,-32.42,63.88,0.0,97.21,2026-04-16
MO-027626,ACT-0003,100,Ended,27626,0.0,549.63,8.25,24.75,9.22,-175.28,279.76,0.0,696.34,2026-05-03
MO-027627,ACT-0040,200,Ended,27627,0.0,46.15,6.16,13.79,5.28,67.16,23.98,0.0,162.52,2026-05-20
MO-027628,CTL-0017,300,Ended,27628,0.0,48.55,1.25,16.5,5.79,128.72,34.48,0.0,235.28,2026-06-06
MO-027629,SYS-0014,300,Reported Finished,27629,0.0,3505.6,-1.24,1.43,1.17,-105.51,76.24,0.0,3477.69,
MO-027673,DRV-0052,200,Ended,27673,0.0,32.23,0.59,1.52,0.34,54.94,51.93,0.0,141.55,2026-01-11
MO-027674,ACT-0029,100,Ended,27674,0.0,93.05,-3.4,-3.79,-0.86,8.78,32.31,0.0,126.09,2026-01-28
MO-027675,CTL-0006,300,Ended,27675,0.0,580.5,3.03,-10.26,-3.76,-1029.81,321.68,0.0,-138.62,2026-02-14
MO-027676,SYS-0003,100,Ended,27676,0.0,175.91,19.38,1.69,0.62,-160.69,221.19,0.0,258.11,2026-03-03
MO-027677,AFT-0010,100,Ended,27677,0.0,60.16,5.1,-0.03,-0.07,18.35,59.9,0.0,143.41,2026-03-20
MO-027678,AFT-0047,100,Ended,27678,0.0,370.69,13.95,7.7,2.78,-473.7,525.41,0.0,446.83,2026-04-06
MO-027679,SA-0024,100,Ended,27679,0.0,540.75,20.85,9.13,3.49,-2917.46,152.59,0.0,-2190.64,2026-04-23
MO-027680,SA-0061,200,Ended,27680,0.0,38.84,7.67,-2.29,-0.92,34.48,28.29,0.0,106.08,2026-05-10
MO-027681,SA-0098,300,Ended,27681,0.0,223.82,2.86,13.71,4.9,-43.92,81.71,0.0,283.09,2026-05-27
MO-027682,DRV-0035,100,Ended,27682,0.0,196.49,1.47,9.59,4.17,31.44,94.93,0.0,338.08,2026-06-13
MO-027726,SA-0013,200,Ended,27726,0.0,248.42,4.93,42.03,15.69,-957.79,191.96,0.0,-454.75,2026-01-02
MO-027727,SA-0050,300,Ended,27727,0.0,704.22,27.21,32.82,12.09,-638.94,469.91,0.0,607.3,2026-01-19
MO-027728,SA-0087,100,Ended,27728,0.0,-11.32,-1.33,-3.73,-1.56,118.04,13.36,0.0,113.46,2026-02-05
MO-027729,DRV-0024,200,Ended,27729,0.0,-100.64,-1.06,-3.26,-0.79,-350.37,32.51,0.0,-423.6,2026-02-22
MO-027730,ACT-0001,100,Ended,27730,0.0,106.24,3.15,-9.8,-3.71,-437.59,415.65,0.0,73.94,2026-03-11
MO-027731,ACT-0038,200,Ended,27731,0.0,127.61,10.01,-3.04,-1.03,-48.0,67.68,0.0,153.21,2026-03-28
MO-027732,CTL-0015,300,Ended,27732,0.0,248.42,15.59,11.58,4.61,-32.87,106.12,0.0,353.45,2026-04-14
MO-027733,SYS-0012,300,Ended,27733,0.0,336.87,8.91,4.01,1.55,-2320.95,97.99,0.0,-1871.61,2026-05-01
MO-027734,AFT-0019,100,Ended,27734,0.0,261.05,33.06,14.31,5.1,-394.14,107.76,0.0,27.13,2026-05-18
MO-027735,AFT-0056,100,Ended,27735,0.0,287.76,27.3,78.89,27.56,-609.84,337.85,0.0,149.52,2026-06-04
MO-027736,SA-0033,100,Started,27736,0.0,621.43,0.09,-3.55,-1.34,138.09,6.18,0.0,760.9,
MO-027780,SYS-0001,100,Ended,27780,0.0,132.04,3.27,18.21,6.79,-308.46,169.5,0.0,21.35,2026-01-10
MO-027781,AFT-0008,100,Ended,27781,0.0,70.16,-0.23,14.03,4.72,-199.62,87.23,0.0,-23.72,2026-01-27
MO-027782,AFT-0045,300,Ended,27782,0.0,568.28,-10.59,51.23,17.64,-606.75,535.0,0.0,554.82,2026-02-13
MO-027783,SA-0022,200,Ended,27783,0.0,705.61,-2.88,36.84,10.3,-289.53,327.41,0.0,787.76,2026-03-02
MO-027784,SA-0059,300,Ended,27784,0.0,25.96,5.17,-9.33,-3.53,151.92,6.97,0.0,177.15,2026-03-19
MO-027785,SA-0096,100,Ended,27785,0.0,202.97,2.75,-7.79,-2.9,-444.56,105.21,0.0,-144.33,2026-04-05
MO-027786,DRV-0033,100,Ended,27786,0.0,80.86,7.3,-4.49,-1.69,-133.44,157.49,0.0,106.03,2026-04-22
MO-027787,ACT-0010,200,Ended,27787,0.0,-367.06,6.92,1.28,0.43,-180.36,268.0,0.0,-270.78,2026-05-09
MO-027788,ACT-0047,100,Ended,27788,0.0,245.37,3.65,14.44,5.24,65.16,107.28,0.0,441.14,2026-05-26
MO-027789,CTL-0024,300,Ended,27789,0.0,85.0,25.61,7.95,2.62,-2124.53,70.4,0.0,-1932.96,2026-06-12
MO-027790,SYS-0021,100,Started,27790,0.0,32724.41,-0.24,22.94,8.51,-222.11,271.03,0.0,32804.55,
MO-027834,DRV-0059,100,Ended,27834,0.0,-383.79,2.94,17.8,6.51,75.12,143.02,0.0,-138.41,2026-01-17
MO-027835,ACT-0036,200,Ended,27835,0.0,49.44,0.46,5.17,1.76,-235.96,41.44,0.0,-137.69,2026-02-03
MO-027836,CTL-0013,300,Ended,27836,0.0,116.2,-1.79,14.51,5.36,-216.75,75.5,0.0,-6.98,2026-02-20
MO-027837,SYS-0010,300,Ended,27837,0.0,191.27,-1.76,31.7,10.3,-163.28,274.74,0.0,342.97,2026-03-09
MO-027838,AFT-0017,100,Ended,27838,0.0,396.91,23.42,31.63,15.14,-240.08,477.65,0.0,704.68,2026-03-27
MO-027839,AFT-0054,300,Ended,27839,0.0,-166.65,17.38,-9.98,-5.24,-1691.02,48.77,0.0,-1806.73,2026-04-13
MO-027840,SA-0031,200,Ended,27840,0.0,36.65,6.74,-9.63,-3.5,14.87,44.85,0.0,89.98,2026-04-30
MO-027841,SA-0068,300,Ended,27841,0.0,22.83,4.92,-5.27,-1.87,-19.75,81.54,0.0,82.39,2026-05-17
MO-027842,DRV-0005,100,Ended,27842,0.0,171.77,4.66,-1.05,-0.43,-83.56,122.09,0.0,213.47,2026-06-03
MO-027843,DRV-0042,200,Ended,27843,0.0,102.6,0.56,3.36,1.18,-709.72,32.76,0.0,-569.26,2026-06-20
MO-027887,SA-0020,300,Ended,27887,0.0,545.7,54.41,8.19,2.51,-499.77,205.58,0.0,316.61,2026-01-08
MO-027888,SA-0057,100,Ended,27888,0.0,12.92,1.84,0.36,0.11,48.54,6.96,0.0,70.72,2026-01-25
MO-027889,SA-0094,200,Ended,27889,0.0,92.9,0.04,4.2,1.49,99.54,16.29,0.0,214.45,2026-02-11
MO-027890,DRV-0031,100,Ended,27890,0.0,591.68,1.39,6.02,2.03,-329.5,243.77,0.0,515.4,2026-02-28
MO-027891,ACT-0008,200,Ended,27891,0.0,5.01,-0.22,4.38,1.7,-27.06,36.45,0.0,20.25,2026-03-17
MO-027892,ACT-0045,100,Ended,27892,0.0,43.82,1.7,27.28,9.97,-17.65,65.52,0.0,130.65,2026-04-03
MO-027893,CTL-0022,300,Ended,27893,0.0,189.14,21.77,18.11,8.66,-258.64,372.62,0.0,351.65,2026-04-20
MO-027894,SYS-0019,100,Ended,27894,0.0,-58.37,50.79,-15.17,-7.12,-1428.82,251.74,0.0,-1206.96,2026-05-07
MO-027895,AFT-0026,100,Ended,27895,0.0,235.17,27.72,-31.59,-11.29,-294.46,170.24,0.0,95.79,2026-05-24
MO-027896,SA-0003,100,Ended,27896,0.0,33.54,2.84,-6.9,-2.63,91.21,50.35,0.0,168.42,2026-06-10
MO-027897,SA-0040,200,Released,27897,0.0,0.0,0.0,-59.4,-22.27,81.68,0.0,0.0,0.0,
MO-027941,SYS-0008,300,Ended,27941,0.0,142.2,29.59,-6.86,-2.61,-128.31,78.48,0.0,112.49,2026-01-16
MO-027942,AFT-0015,300,Ended,27942,0.0,1125.74,14.82,17.49,6.35,-509.86,472.17,0.0,1126.7,2026-02-02
MO-027943,AFT-0052,100,Ended,27943,0.0,-57.5,-0.24,63.74,22.42,-15.24,110.47,0.0,123.65,2026-02-19
MO-027944,SA-0029,300,Ended,27944,0.0,7.29,-1.15,1.16,0.42,58.54,4.74,0.0,71.0,2026-03-08
MO-027945,SA-0066,100,Ended,27945,0.0,87.43,1.43,3.84,1.36,-483.92,109.14,0.0,-280.73,2026-03-25
MO-027946,DRV-0003,100,Ended,27946,0.0,686.75,7.47,-0.4,0.17,-128.18,275.75,0.0,841.57,2026-04-11
MO-027947,DRV-0040,200,Ended,27947,0.0,22.69,2.84,15.69,5.49,6.52,26.28,0.0,79.51,2026-04-28
MO-027948,ACT-0017,100,Ended,27948,0.0,-1.09,23.66,9.04,3.35,-14.27,88.56,0.0,109.25,2026-05-15
MO-027949,ACT-0054,200,Ended,27949,0.0,991.02,28.9,-12.02,-5.23,-2866.79,344.21,0.0,-1519.91,2026-06-01
MO-027950,CTL-0031,300,Ended,27950,0.0,87.36,18.26,-15.93,-5.83,-2606.16,1368.05,0.0,-1154.26,2026-06-18
MO-027994,DRV-0029,100,Ended,27994,0.0,283.42,6.51,-4.5,-1.71,42.05,56.6,0.0,382.37,2026-01-07
MO-027995,ACT-0006,200,Ended,27995,0.0,48.75,9.36,-7.06,-2.27,-1291.02,104.27,0.0,-1137.96,2026-01-24
MO-027996,ACT-0043,100,Ended,27996,0.0,137.71,10.96,-0.23,-0.23,-254.97,139.93,0.0,33.18,2026-02-10
MO-027997,CTL-0020,300,Ended,27997,0.0,101.95,0.4,3.43,1.47,-233.7,185.52,0.0,59.07,2026-02-27
MO-027998,SYS-0017,100,Ended,27998,0.0,3524.55,-9.2,30.22,11.25,-691.32,803.64,0.0,3669.15,2026-03-16
MO-027999,AFT-0024,300,Ended,27999,0.0,264.75,11.03,71.35,25.53,-7163.93,102.29,0.0,-6688.98,2026-04-02
MO-028000,SA-0001,200,Ended,28000,0.0,23.77,1.2,1.03,0.37,6.27,21.58,0.0,54.22,2026-04-19
MO-028001,SA-0038,300,Ended,28001,0.0,43.26,4.15,-0.8,-0.1,-7.99,82.88,0.0,121.39,2026-05-06
MO-028002,SA-0075,100,Ended,28002,0.0,24.04,9.76,8.61,3.56,91.26,74.95,0.0,212.18,2026-05-23
MO-028003,DRV-0012,200,Ended,28003,0.0,19.6,11.69,8.65,2.82,-232.62,18.9,0.0,-170.96,2026-06-09
MO-028004,DRV-0049,100,Reported Finished,28004,0.0,3380.41,12.86,-3.79,-0.64,-183.07,83.99,0.0,3289.76,
MO-028048,SA-0027,100,Ended,28048,0.0,-1.19,4.42,-12.58,-4.81,207.31,19.28,0.0,212.43,2026-01-14
MO-028049,SA-0064,200,Ended,28049,0.0,3.36,2.85,-2.69,-1.01,38.16,4.76,0.0,45.43,2026-01-31
MO-028050,DRV-0001,100,Ended,28050,0.0,354.98,9.52,-8.81,-3.36,-235.62,188.65,0.0,305.37,2026-02-17
MO-028051,DRV-0038,200,Ended,28051,0.0,99.42,0.71,-2.08,-0.89,-48.94,87.09,0.0,135.31,2026-03-06
MO-028052,ACT-0015,100,Ended,28052,0.0,201.72,3.18,27.93,10.23,-188.62,225.72,0.0,280.16,2026-03-23
MO-028053,ACT-0052,200,Ended,28053,0.0,97.4,-2.12,8.55,2.86,-73.33,116.38,0.0,149.74,2026-04-09
MO-028054,CTL-0029,300,Ended,28054,0.0,-323.06,10.02,35.3,13.06,14.84,104.46,0.0,-145.38,2026-04-26
MO-028055,SYS-0026,300,Ended,28055,0.0,2069.15,29.21,64.71,22.68,-1672.99,1226.5,0.0,1739.26,2026-05-14
MO-028056,AFT-0033,300,Ended,28056,0.0,124.0,3.34,-1.81,-0.77,24.45,59.86,0.0,209.06,2026-05-31
MO-028057,SA-0010,200,Ended,28057,0.0,131.28,6.28,3.62,1.53,76.21,45.82,0.0,264.73,2026-06-17
MO-028101,CTL-0018,300,Ended,28101,0.0,469.77,29.98,14.05,4.61,-1029.44,246.62,0.0,-264.41,2026-01-05
MO-028102,SYS-0015,100,Ended,28102,0.0,8531.0,20.24,1.44,1.9,-2353.58,2311.08,0.0,8512.07,2026-01-22
MO-028103,AFT-0022,100,Ended,28103,0.0,178.5,21.83,-2.85,-1.59,-51.22,78.88,0.0,223.55,2026-02-08
MO-028104,AFT-0059,100,Ended,28104,0.0,9.25,3.4,-10.7,-4.12,159.53,4.05,0.0,161.4,2026-02-25
MO-028105,SA-0036,100,Ended,28105,0.0,21.86,1.95,-5.23,-1.9,-181.38,49.64,0.0,-115.05,2026-03-14
MO-028106,SA-0073,200,Ended,28106,0.0,50.63,-3.88,-3.36,-1.31,-96.98,54.47,0.0,-0.42,2026-03-31
MO-028107,DRV-0010,200,Ended,28107,0.0,76.37,3.81,7.94,2.83,107.15,43.73,0.0,241.82,2026-04-17
MO-028108,DRV-0047,100,Ended,28108,0.0,638.36,22.1,38.03,14.85,-436.22,522.92,0.0,800.04,2026-05-04
MO-028109,ACT-0024,200,Ended,28109,0.0,245.39,6.39,12.73,4.91,-1273.32,179.86,0.0,-824.04,2026-05-21
MO-028110,CTL-0001,300,Ended,28110,0.0,2017.24,19.73,33.01,12.33,-2090.55,1523.4,0.0,1515.16,2026-06-07
MO-028111,CTL-0038,300,Started,28111,0.0,38156.46,12.07,22.94,8.2,-319.57,284.89,0.0,38165.0,
MO-028155,DRV-0036,200,Ended,28155,0.0,469.23,8.19,15.27,5.84,-847.6,299.44,0.0,-49.63,2026-01-13
MO-028156,ACT-0013,100,Ended,28156,0.0,106.02,24.27,18.55,6.51,-359.85,104.1,0.0,-100.39,2026-01-30
MO-028157,ACT-0050,200,Ended,28157,0.0,414.17,9.65,1.82,1.65,-324.14,288.0,0.0,391.16,2026-02-16
MO-028158,CTL-0027,300,Ended,28158,0.0,341.58,3.59,-8.64,-3.73,-350.83,294.61,0.0,276.56,2026-03-05
MO-028159,SYS-0024,300,Ended,28159,0.0,5667.01,26.23,-32.34,-12.93,-4095.82,1005.1,0.0,2557.24,2026-03-22
MO-028160,AFT-0031,100,Ended,28160,0.0,18.04,-2.67,-10.59,-3.99,43.57,23.26,0.0,67.63,2026-04-08
MO-028161,SA-0008,300,Ended,28161,0.0,163.51,-0.68,-3.1,-1.12,-33.02,60.69,0.0,186.29,2026-04-25
MO-028162,SA-0045,100,Ended,28162,0.0,58.66,4.09,1.57,0.57,42.23,29.78,0.0,136.9,2026-05-12
MO-028163,SA-0082,200,Ended,28163,0.0,135.92,12.97,11.87,4.22,81.06,79.61,0.0,325.66,2026-05-29
MO-028164,DRV-0019,100,Ended,28164,0.0,65.21,17.01,38.39,14.02,-181.56,98.32,0.0,51.39,2026-06-15
MO-028208,AFT-0057,300,Ended,28208,0.0,-11.88,6.79,-2.31,-0.92,155.99,18.56,0.0,166.22,2026-01-03
MO-028209,SA-0034,200,Ended,28209,0.0,-35.61,11.24,5.49,1.86,180.98,15.05,0.0,179.01,2026-01-20
MO-028210,SA-0071,300,Ended,28210,0.0,86.05,11.8,11.37,4.87,-3.31,101.08,0.0,211.85,2026-02-07
MO-028211,DRV-0008,200,Ended,28211,0.0,48.15,11.15,13.84,4.77,-18.15,41.61,0.0,101.37,2026-02-24
MO-028212,DRV-0045,100,Ended,28212,0.0,135.48,5.99,3.84,1.44,-32.52,79.55,0.0,193.77,2026-03-13
MO-028213,ACT-0022,200,Ended,28213,0.0,647.63,-0.15,-7.27,-2.91,-152.24,178.27,0.0,663.32,2026-03-30
MO-028214,ACT-0059,100,Ended,28214,0.0,650.23,-3.49,-22.29,-8.52,-35.12,120.51,0.0,701.32,2026-04-16
MO-028215,CTL-0036,300,Ended,28215,0.0,6153.03,-5.49,-32.62,-11.86,-6573.44,3285.85,0.0,2815.48,2026-05-03
MO-028216,AFT-0003,300,Ended,28216,0.0,-239.25,2.56,-7.87,-2.96,-125.29,270.84,0.0,-101.97,2026-05-20
MO-028217,AFT-0040,100,Ended,28217,0.0,6.89,6.61,1.62,0.55,37.37,34.05,0.0,87.1,2026-06-06
MO-028218,SA-0017,300,Released,28218,0.0,0.0,0.0,-56.16,-21.06,77.22,0.0,0.0,0.0,
MO-028262,CTL-0025,300,Ended,28262,0.0,282.72,9.51,10.52,3.98,-704.41,521.03,0.0,123.34,2026-01-11
MO-028263,SYS-0022,300,Ended,28263,0.0,5829.6,46.69,59.38,21.04,-1674.47,1737.82,0.0,6020.07,2026-01-28
MO-028264,AFT-0029,100,Ended,28264,0.0,24.23,7.76,3.62,1.37,180.94,6.57,0.0,224.5,2026-02-14
MO-028265,SA-0006,100,Ended,28265,0.0,168.21,5.75,3.51,1.63,-676.41,100.78,0.0,-396.53,2026-03-03
MO-028266,SA-0043,200,Ended,28266,0.0,72.96,4.49,1.34,0.36,-98.45,62.54,0.0,43.24,2026-03-20
MO-028267,SA-0080,300,Ended,28267,0.0,-2.15,0.16,3.39,1.07,-45.0,63.96,0.0,21.45,2026-04-06
MO-028268,DRV-0017,100,Ended,28268,0.0,220.59,-2.75,-2.54,-0.62,24.72,108.79,0.0,348.18,2026-04-23
MO-028269,DRV-0054,200,Ended,28269,0.0,1049.76,-0.29,-17.52,-6.51,-1070.16,215.02,0.0,170.3,2026-05-10
MO-028270,ACT-0031,100,Ended,28270,0.0,3567.89,16.63,-19.75,-6.77,-2333.98,1766.14,0.0,2990.17,2026-05-27
MO-028271,CTL-0008,300,Ended,28271,0.0,195.33,17.59,-10.05,-3.88,-724.01,497.56,0.0,-27.46,2026-06-13
MO-028315,DRV-0006,200,Ended,28315,0.0,97.8,5.61,1.38,0.46,-875.96,355.55,0.0,-415.16,2026-01-02
MO-028316,DRV-0043,100,Ended,28316,0.0,251.86,19.64,16.09,5.85,-426.83,162.87,0.0,29.48,2026-01-19
MO-028317,ACT-0020,200,Ended,28317,0.0,422.3,8.27,4.89,1.71,-248.55,169.07,0.0,357.69,2026-02-05
MO-028318,ACT-0057,100,Ended,28318,0.0,3991.26,47.96,43.31,17.11,-714.95,734.03,0.0,4118.7,2026-02-22
MO-028319,CTL-0034,300,Ended,28319,0.0,823.09,34.45,137.44,48.25,-237.93,340.65,0.0,1145.95,2026-03-11
MO-028320,AFT-0001,100,Ended,28320,0.0,-32.68,3.09,-4.44,-1.93,-47.13,129.39,0.0,46.29,2026-03-28
MO-028321,AFT-0038,100,Ended,28321,0.0,-49.67,0.2,2.93,1.15,-26.53,108.77,0.0,36.84,2026-04-14
MO-028322,SA-0015,100,Ended,28322,0.0,86.94,1.09,-3.69,-1.62,3.16,53.94,0.0,139.82,2026-05-01
MO-028323,SA-0052,200,Ended,28323,0.0,64.03,-0.61,-1.09,-0.17,22.02,41.17,0.0,125.35,2026-05-18
MO-028324,SA-0089,300,Ended,28324,0.0,157.31,1.96,-12.85,-4.66,100.84,24.04,0.0,266.64,2026-06-04
MO-028325,DRV-0026,200,Reported Finished,28325,0.0,2425.36,11.58,-12.44,-4.08,-82.76,57.49,0.0,2395.15,
MO-028369,SA-0004,200,Ended,28369,0.0,21.89,0.73,-5.21,-1.86,75.09,5.65,0.0,96.29,2026-01-10
MO-028370,SA-0041,300,Ended,28370,0.0,190.88,6.01,-3.3,-1.27,58.7,103.74,0.0,354.75,2026-01-27
MO-028371,SA-0078,100,Ended,28371,0.0,87.31,9.13,4.07,1.43,-626.54,130.91,0.0,-393.68,2026-02-13
MO-028372,DRV-0015,100,Ended,28372,0.0,19.06,9.35,17.54,6.89,-192.35,259.08,0.0,119.58,2026-03-02
MO-028373,DRV-0052,200,Ended,28373,0.0,-209.06,38.45,26.95,10.38,-143.52,233.66,0.0,-43.14,2026-03-19
MO-028374,ACT-0029,100,Ended,28374,0.0,1.03,16.38,75.76,28.25,-51.52,129.26,0.0,199.16,2026-04-05
MO-028375,CTL-0006,300,Ended,28375,0.0,2051.34,2.42,70.27,24.03,-4792.72,1407.36,0.0,-1237.31,2026-04-22
MO-028376,SYS-0003,100,Ended,28376,0.0,55.59,0.44,-6.96,-2.57,109.55,47.4,0.0,203.44,2026-05-09
MO-028377,AFT-0010,100,Ended,28377,0.0,30.05,-0.67,-2.05,-0.72,97.68,13.31,0.0,137.6,2026-05-26
MO-028378,AFT-0047,100,Ended,28378,0.0,-113.43,1.57,-3.28,-1.28,-73.92,131.35,0.0,-58.99,2026-06-12
MO-028379,SA-0024,100,Reported Finished,28379,0.0,1335.48,1.78,-6.14,-2.15,-467.27,34.88,0.0,896.57,
MO-028423,CTL-0032,300,Ended,28423,0.0,1154.93,4.75,-37.59,-13.44,-773.31,681.78,0.0,1017.12,2026-01-17
MO-028424,SYS-0029,100,Ended,28424,0.0,-98.65,2.91,-5.27,-1.99,63.62,17.41,0.0,-21.99,2026-02-03
MO-028425,AFT-0036,300,Ended,28425,0.0,7.4,7.55,-3.57,-1.23,-528.22,95.06,0.0,-423.01,2026-02-20
MO-028426,SA-0013,200,Ended,28426,0.0,32.38,9.52,-1.06,-0.4,-114.29,47.99,0.0,-25.85,2026-03-09
MO-028427,SA-0050,300,Ended,28427,0.0,138.04,5.33,4.56,1.63,-88.65,107.41,0.0,168.32,2026-03-27
MO-028428,SA-0087,100,Ended,28428,0.0,87.65,12.34,28.84,10.56,2.66,62.36,0.0,204.42,2026-04-13
MO-028429,DRV-0024,200,Ended,28429,0.0,1311.59,4.13,29.71,10.22,-1927.78,146.31,0.0,-425.83,2026-04-30
MO-028430,ACT-0001,100,Ended,28430,0.0,-599.36,-10.41,77.34,28.75,-1795.3,1662.61,0.0,-636.36,2026-05-17
MO-028431,ACT-0038,200,Ended,28431,0.0,360.8,9.78,25.83,8.52,-521.33,296.08,0.0,179.68,2026-06-03
MO-028432,CTL-0015,300,Ended,28432,0.0,34.17,5.26,-8.84,-3.29,147.72,22.74,0.0,197.76,2026-06-20
MO-028476,DRV-0013,100,Ended,28476,0.0,129.06,-2.45,17.07,5.95,-258.9,149.59,0.0,40.32,2026-01-08
MO-028477,DRV-0050,200,Ended,28477,0.0,1991.57,18.29,-13.65,-5.9,-951.61,847.07,0.0,1885.77,2026-01-25
MO-028478,ACT-0027,100,Ended,28478,0.0,-294.59,66.45,-21.35,-7.9,-884.59,777.78,0.0,-364.21,2026-02-11
MO-028479,CTL-0004,300,Ended,28479,0.0,1630.57,19.91,-18.02,-6.59,-243.11,242.95,0.0,1625.71,2026-02-28
MO-028480,SYS-0001,100,Ended,28480,0.0,46.1,4.69,-3.71,-1.39,-2.57,36.32,0.0,79.44,2026-03-17
MO-028481,AFT-0008,100,Ended,28481,0.0,22.24,2.41,-2.69,-0.98,74.36,19.38,0.0,114.73,2026-04-03
MO-028482,AFT-0045,300,Ended,28482,0.0,9.24,9.91,3.17,1.13,34.87,133.75,0.0,192.07,2026-04-20
MO-028483,SA-0022,200,Ended,28483,0.0,50.09,0.37,12.13,4.26,-7.12,74.84,0.0,134.56,2026-05-07
MO-028484,SA-0059,300,Ended,28484,0.0,47.98,-2.36,56.18,21.0,148.91,32.51,0.0,304.22,2026-05-24
MO-028485,SA-0096,100,Ended,28485,0.0,656.74,-2.24,33.96,12.97,-2365.26,473.42,0.0,-1190.41,2026-06-10
MO-028486,DRV-0033,100,Started,28486,0.0,20189.4,3.74,11.89,4.18,-128.03,157.49,0.0,20238.67,
MO-028530,SA-0011,300,Ended,28530,0.0,213.06,2.33,1.54,0.55,47.16,144.8,0.0,409.44,2026-01-16
MO-028531,SA-0048,100,Ended,28531,0.0,44.06,2.28,9.14,2.97,-964.91,64.47,0.0,-841.98,2026-02-02
MO-028532,SA-0085,200,Ended,28532,0.0,425.99,14.16,-5.56,-0.98,-270.83,162.93,0.0,325.72,2026-02-19
MO-028533,DRV-0022,200,Ended,28533,0.0,1590.05,35.13,-19.76,-7.26,-683.21,755.82,0.0,1670.78,2026-03-08
MO-028534,DRV-0059,100,Ended,28534,0.0,-3320.92,28.38,7.52,2.75,-407.89,572.08,0.0,-3118.08,2026-03-25
MO-028535,ACT-0036,200,Ended,28535,0.0,128.7,22.56,-4.18,-1.59,-1144.19,181.3,0.0,-817.41,2026-04-11
MO-028536,CTL-0013,300,Ended,28536,0.0,14.5,0.89,-3.0,-1.14,17.94,16.18,0.0,45.37,2026-04-28
MO-028537,SYS-0010,300,Ended,28537,0.0,151.31,1.17,-1.83,-0.65,74.94,61.05,0.0,286.0,2026-05-15
MO-028538,AFT-0017,100,Ended,28538,0.0,549.38,-2.69,13.12,4.82,146.31,119.41,0.0,830.35,2026-06-01
MO-028539,AFT-0054,300,Ended,28539,0.0,74.54,-1.1,11.94,4.58,-340.46,11.15,0.0,-239.35,2026-06-18
MO-028583,CTL-0002,300,Ended,28583,0.0,721.93,-1.71,75.18,26.36,-774.18,384.84,0.0,432.42,2026-01-07
MO-028584,CTL-0039,300,Ended,28584,0.0,4.11,1.76,-1.86,-0.82,26.01,28.26,0.0,57.45,2026-01-24
MO-028585,AFT-0006,300,Ended,28585,0.0,570.45,0.38,6.23,2.25,-760.86,575.5,0.0,393.96,2026-02-10
MO-028586,AFT-0043,100,Ended,28586,0.0,39.34,8.86,1.88,0.63,-143.28,98.24,0.0,5.67,2026-02-27
MO-028587,SA-0020,300,Ended,28587,0.0,82.67,8.14,-0.64,0.48,-20.44,46.99,0.0,117.2,2026-03-16
MO-028588,SA-0057,100,Ended,28588,0.0,27.02,23.15,-17.93,-6.8,-25.04,32.47,0.0,32.88,2026-04-02
MO-028589,SA-0094,200,Ended,28589,0.0,284.72,10.74,-3.38,-1.12,4.2,73.3,0.0,368.44,2026-04-19
MO-028590,DRV-0031,100,Ended,28590,0.0,2107.5,8.59,27.33,10.82,-2025.32,975.09,0.0,1104.03,2026-05-06
MO-028591,ACT-0008,200,Ended,28591,0.0,398.24,-1.59,3.37,1.36,-233.9,159.45,0.0,326.93,2026-05-23
MO-028592,ACT-0045,100,Ended,28592,0.0,5.74,-2.19,-2.3,-0.89,58.62,14.04,0.0,73.01,2026-06-09
MO-028593,CTL-0022,300,Released,28593,0.0,0.0,0.0,-81.97,-29.66,111.63,0.0,0.0,0.0,
MO-028637,DRV-0020,200,Ended,28637,0.0,690.01,-5.77,14.09,5.44,-287.18,258.33,0.0,674.93,2026-01-14
MO-028638,DRV-0057,100,Ended,28638,0.0,2067.04,1.7,39.09,14.59,-1102.04,1083.65,0.0,2104.04,2026-01-31
MO-028639,ACT-0034,200,Ended,28639,0.0,59.15,15.25,29.53,9.97,11.51,59.27,0.0,184.69,2026-02-17
MO-028640,CTL-0011,300,Ended,28640,0.0,78.41,3.53,1.92,0.59,-154.15,213.52,0.0,143.83,2026-03-06
MO-028641,SYS-0008,300,Ended,28641,0.0,21.59,4.42,2.89,1.05,20.54,17.44,0.0,67.93,2026-03-23
MO-028642,AFT-0015,300,Ended,28642,0.0,228.27,15.08,-6.7,-2.72,-37.68,118.04,0.0,314.28,2026-04-09
MO-028643,AFT-0052,100,Ended,28643,0.0,49.63,7.03,-9.05,-3.12,137.79,25.25,0.0,207.54,2026-04-26
MO-028644,SA-0029,300,Ended,28644,0.0,100.16,4.55,-7.14,-2.69,27.42,22.1,0.0,144.4,2026-05-14
MO-028645,SA-0066,100,Ended,28645,0.0,129.85,0.4,6.51,2.29,-2638.25,491.11,0.0,-2008.09,2026-05-31
MO-028646,DRV-0003,100,Ended,28646,0.0,1894.79,5.48,32.77,11.9,-1165.15,1103.0,0.0,1882.79,2026-06-17
MO-028690,AFT-0041,100,Ended,28690,0.0,215.8,2.85,12.35,4.86,-66.91,203.53,0.0,372.48,2026-01-05
MO-028691,SA-0018,100,Ended,28691,0.0,211.86,-1.67,13.1,4.66,-1204.85,140.79,0.0,-836.11,2026-01-22
MO-028692,SA-0055,200,Ended,28692,0.0,392.07,12.3,44.77,16.35,-638.85,220.93,0.0,47.58,2026-02-08
MO-028693,SA-0092,300,Ended,28693,0.0,144.26,1.74,13.04,4.46,-71.99,44.04,0.0,135.54,2026-02-25
MO-028694,DRV-0029,100,Ended,28694,0.0,654.03,11.03,31.58,11.67,-125.65,226.4,0.0,809.08,2026-03-14
MO-028695,ACT-0006,200,Ended,28695,0.0,508.21,35.7,62.97,20.5,-6189.57,456.19,0.0,-5106.0,2026-03-31
MO-028696,ACT-0043,100,Ended,28696,0.0,25.53,6.62,-0.34,0.18,-1.1,29.99,0.0,60.87,2026-04-17
MO-028697,CTL-0020,300,Ended,28697,0.0,-17.65,7.28,-3.24,-1.38,-3.91,41.23,0.0,22.34,2026-05-04
MO-028698,SYS-0017,100,Ended,28698,0.0,567.87,3.5,-10.17,-3.82,-85.69,200.91,0.0,672.6,2026-05-21
MO-028699,AFT-0024,300,Ended,28699,0.0,19.55,0.6,-3.04,-1.13,-1486.1,23.38,0.0,-1446.73,2026-06-07
MO-028700,SA-0001,200,Reported Finished,28700,0.0,704.62,-2.25,0.02,-0.04,-96.33,20.15,0.0,626.17,
MO-028744,CTL-0009,300,Ended,28744,0.0,111.5,0.83,-7.03,-2.65,104.49,21.98,0.0,229.11,2026-01-13
MO-028745,SYS-0006,300,Ended,28745,0.0,62.24,-0.82,2.68,0.93,-187.23,43.66,0.0,-78.53,2026-01-30
MO-028746,AFT-0013,100,Ended,28746,0.0,622.73,6.47,15.43,5.64,-448.87,412.53,0.0,613.92,2026-02-16
MO-028747,AFT-0050,100,Ended,28747,0.0,455.13,1.07,4.15,1.4,-275.21,296.56,0.0,483.1,2026-03-05
MO-028748,SA-0027,100,Ended,28748,0.0,306.74,25.54,22.45,8.07,4.56,89.99,0.0,457.34,2026-03-22
MO-028749,SA-0064,200,Ended,28749,0.0,-49.04,5.47,11.3,4.36,16.21,21.41,0.0,9.71,2026-04-08
MO-028750,DRV-0001,100,Ended,28750,0.0,978.62,33.88,56.18,20.55,-1199.02,754.59,0.0,644.81,2026-04-25
MO-028751,DRV-0038,200,Ended,28751,0.0,186.22,48.82,36.87,17.4,-800.09,381.03,0.0,-129.75,2026-05-12
MO-028752,ACT-0015,100,Ended,28752,0.0,76.87,1.62,-5.12,-2.03,-0.43,48.37,0.0,119.28,2026-05-29
MO-028753,ACT-0052,200,Ended,28753,0.0,46.74,0.72,-5.67,-2.02,26.27,25.86,0.0,91.91,2026-06-15
MO-028797,SA-0090,100,Ended,28797,0.0,255.38,2.77,-1.72,-0.62,-3672.6,159.87,0.0,-3256.92,2026-01-03
MO-028798,DRV-0027,100,Ended,28798,0.0,1019.63,9.54,-16.88,-5.56,-371.46,327.25,0.0,962.51,2026-01-20
MO-028799,ACT-0004,200,Ended,28799,0.0,223.02,-18.82,-12.56,-4.81,-19.7,35.51,0.0,202.64,2026-02-07
MO-028800,ACT-0041,100,Ended,28800,0.0,58.82,0.13,-4.98,-1.89,113.64,33.26,0.0,198.98,2026-02-24
MO-028801,CTL-0018,300,Ended,28801,0.0,67.97,3.62,4.68,1.65,-190.89,54.8,0.0,-58.16,2026-03-13
MO-028802,SYS-0015,100,Ended,28802,0.0,1529.53,14.65,17.81,6.95,-474.5,577.77,0.0,1672.22,2026-03-30
MO-028803,AFT-0022,100,Ended,28803,0.0,14.68,4.27,4.45,1.72,67.61,18.03,0.0,110.76,2026-04-16
MO-028804,AFT-0059,100,Ended,28804,0.0,25.76,16.53,21.83,8.6,150.75,18.91,0.0,242.38,2026-05-03
MO-028805,SA-0036,100,Ended,28805,0.0,347.24,23.39,36.18,12.66,-939.61,223.39,0.0,-296.74,2026-05-20
MO-028806,SA-0073,200,Ended,28806,0.0,231.98,22.95,20.07,7.44,-707.45,217.89,0.0,-207.13,2026-06-06
MO-028807,DRV-0010,200,Started,28807,0.0,6328.26,1.23,-1.85,-1.36,65.52,63.77,0.0,6455.57,
MO-028851,AFT-0048,300,Ended,28851,0.0,1299.44,1.95,-3.58,-1.24,-1123.5,415.07,0.0,588.13,2026-01-11
MO-028852,SA-0025,200,Ended,28852,0.0,211.08,-0.83,-4.23,-1.62,-386.39,151.71,0.0,-30.27,2026-01-28
MO-028853,SA-0062,300,Ended,28853,0.0,-63.3,-7.96,-10.27,-3.15,-254.89,94.13,0.0,-245.44,2026-02-14
MO-028854,SA-0099,100,Ended,28854,0.0,172.14,6.17,1.76,0.39,-185.99,146.53,0.0,141.0,2026-03-03
MO-028855,DRV-0036,200,Ended,28855,0.0,1288.82,7.08,7.71,3.23,-4018.53,1310.04,0.0,-1401.63,2026-03-20
MO-028856,ACT-0013,100,Ended,28856,0.0,32.8,4.03,-3.63,-1.37,39.06,22.31,0.0,93.19,2026-04-06
MO-028857,ACT-0050,200,Ended,28857,0.0,122.53,6.51,5.45,1.94,-30.78,64.0,0.0,169.65,2026-04-23
MO-028858,CTL-0027,300,Ended,28858,0.0,175.85,5.62,6.4,2.4,13.3,73.65,0.0,277.22,2026-05-10
MO-028859,SYS-0024,300,Ended,28859,0.0,576.01,9.01,7.94,3.05,-857.01,229.74,0.0,-31.27,2026-05-27
MO-028860,AFT-0031,100,Ended,28860,0.0,43.1,14.67,46.05,18.27,-376.84,108.56,0.0,-146.18,2026-06-13
MO-028904,ACT-0039,100,Ended,28904,0.0,61.74,3.54,-5.3,-1.97,118.52,11.4,0.0,187.92,2026-01-02
MO-028905,CTL-0016,300,Ended,28905,0.0,-5.04,3.26,-1.17,-0.41,70.06,27.31,0.0,94.01,2026-01-19
MO-028906,SYS-0013,100,Ended,28906,0.0,146.94,-0.2,-3.25,-1.29,-140.38,122.05,0.0,123.87,2026-02-05
MO-028907,AFT-0020,100,Ended,28907,0.0,0.3,-2.19,-7.52,-2.38,-76.8,94.05,0.0,5.46,2026-02-22
MO-028908,AFT-0057,300,Ended,28908,0.0,337.41,2.16,-11.48,-4.44,-32.25,86.61,0.0,378.01,2026-03-11
MO-028909,SA-0034,200,Ended,28909,0.0,552.29,12.63,1.28,0.15,67.27,67.73,0.0,701.35,2026-03-28
MO-028910,SA-0071,300,Ended,28910,0.0,239.53,67.58,57.44,21.03,-299.5,404.31,0.0,490.4,2026-04-14
MO-028911,DRV-0008,200,Ended,28911,0.0,89.55,21.98,17.5,5.87,-356.46,182.05,0.0,-39.51,2026-05-01
MO-028912,DRV-0045,100,Ended,28912,0.0,14.0,6.9,-3.09,-1.18,112.88,17.05,0.0,146.55,2026-05-18
MO-028913,ACT-0022,200,Ended,28913,0.0,82.95,1.61,4.94,1.74,6.7,39.62,0.0,137.55,2026-06-04
MO-028914,ACT-0059,100,Released,28914,0.0,0.0,0.0,-68.7,-26.47,95.17,0.0,0.0,0.0,
MO-028958,SA-0097,200,Ended,28958,0.0,163.79,39.83,91.6,34.08,-1025.86,288.53,0.0,-408.02,2026-01-10
MO-028959,DRV-0034,200,Ended,28959,0.0,26.87,10.43,29.19,9.6,-37.69,74.2,0.0,112.6,2026-01-27
MO-028960,ACT-0011,100,Ended,28960,0.0,44.83,1.14,-7.27,-2.66,130.74,31.24,0.0,198.03,2026-02-13
MO-028961,ACT-0048,200,Ended,28961,0.0,34.73,-1.57,-4.14,-1.61,-370.37,30.67,0.0,-312.27,2026-03-02
MO-028962,CTL-0025,300,Ended,28962,0.0,347.87,-1.13,-8.6,-3.48,-154.45,130.26,0.0,310.46,2026-03-19
MO-028963,SYS-0022,300,Ended,28963,0.0,706.21,3.6,-8.78,-3.29,-315.34,397.22,0.0,779.62,2026-04-05
MO-028964,AFT-0029,100,Ended,28964,0.0,41.96,28.42,6.95,2.64,138.17,30.68,0.0,248.83,2026-04-22
MO-028965,SA-0006,100,Ended,28965,0.0,548.34,40.9,23.49,8.32,-3740.11,453.51,0.0,-2665.55,2026-05-09
MO-028966,SA-0043,200,Ended,28966,0.0,329.34,26.64,77.54,30.27,-640.0,250.17,0.0,73.97,2026-05-26
MO-028967,SA-0080,300,Ended,28967,0.0,906.47,33.28,25.6,9.87,-465.35,279.84,0.0,789.71,2026-06-12
MO-028968,DRV-0017,100,Released,28968,0.0,0.0,0.0,-79.2,-29.7,108.9,0.0,0.0,0.0,
MO-029012,AFT-0055,100,Ended,29012,0.0,85.55,21.29,37.5,13.93,-185.26,59.09,0.0,32.11,2026-01-17
MO-029013,SA-0032,300,Ended,29013,0.0,58.62,13.64,37.66,14.37,-98.33,42.99,0.0,68.94,2026-02-03
MO-029014,SA-0069,100,Ended,29014,0.0,152.98,2.62,40.8,14.4,-104.22,62.72,0.0,169.31,2026-02-20
MO-029015,DRV-0006,200,Ended,29015,0.0,-494.29,-3.75,5.04,3.74,-4088.25,1555.55,0.0,-3021.96,2026-03-09
MO-029016,DRV-0043,100,Ended,29016,0.0,30.76,2.38,-7.97,-2.96,25.15,34.9,0.0,82.27,2026-03-27
MO-029017,ACT-0020,200,Ended,29017,0.0,56.55,0.17,-7.27,-2.74,22.68,37.57,0.0,106.96,2026-04-13
MO-029018,ACT-0057,100,Ended,29018,0.0,714.68,5.48,-8.54,-3.25,-161.74,183.51,0.0,730.14,2026-04-30
MO-029019,CTL-0034,300,Ended,29019,0.0,79.16,19.78,1.88,0.72,5.67,77.86,0.0,185.07,2026-05-17
MO-029020,AFT-0001,100,Ended,29020,0.0,1399.72,16.49,28.69,11.25,-935.91,603.81,0.0,1124.05,2026-06-03
MO-029021,AFT-0038,100,Ended,29021,0.0,1697.5,22.01,10.26,3.99,-584.19,489.45,0.0,1639.01,2026-06-20
MO-029065,ACT-0046,200,Ended,29065,0.0,78.79,4.63,-1.32,-0.46,58.75,54.34,0.0,194.73,2026-01-08
MO-029066,CTL-0023,300,Ended,29066,0.0,275.83,14.5,10.25,3.88,58.31,174.04,0.0,536.81,2026-01-25
MO-029067,SYS-0020,300,Ended,29067,0.0,675.52,6.35,13.08,5.02,-459.75,474.08,0.0,714.28,2026-02-11
MO-029068,AFT-0027,300,Ended,29068,0.0,13.04,1.42,39.53,14.75,5.79,45.93,0.0,120.46,2026-02-28
MO-029069,SA-0004,200,Ended,29069,0.0,28.11,-7.52,34.23,11.83,50.67,25.43,0.0,142.75,2026-03-17
MO-029070,SA-0041,300,Ended,29070,0.0,524.7,0.72,10.81,4.05,-286.33,414.95,0.0,668.9,2026-04-03
MO-029071,SA-0078,100,Ended,29071,0.0,1244.16,15.84,-12.5,-5.08,-3003.97,572.73,0.0,-1188.83,2026-04-20
MO-029072,DRV-0015,100,Ended,29072,0.0,40.52,5.54,-9.79,-3.76,83.97,55.52,0.0,171.99,2026-05-07
MO-029073,DRV-0052,200,Ended,29073,0.0,-31.57,5.83,-7.61,-2.81,50.17,51.93,0.0,65.93,2026-05-24
MO-029074,ACT-0029,100,Ended,29074,0.0,-92.54,14.68,-2.09,-0.81,4.5,32.31,0.0,-43.94,2026-06-10
MO-029075,CTL-0006,300,Reported Finished,29075,0.0,2510.24,5.92,5.8,2.04,-602.53,64.34,0.0,1985.81,
MO-029119,DRV-0004,200,Ended,29119,0.0,199.44,18.7,8.59,3.36,-88.85,134.09,0.0,275.33,2026-01-16
MO-029120,DRV-0041,100,Ended,29120,0.0,10.62,2.99,-1.69,-0.63,41.22,20.36,0.0,72.87,2026-02-02
MO-029121,ACT-0018,200,Ended,29121,0.0,55.87,5.12,2.4,0.82,-462.49,84.31,0.0,-313.97,2026-02-19
MO-029122,ACT-0055,100,Ended,29122,0.0,606.79,0.75,23.17,8.55,-291.63,224.16,0.0,571.79,2026-03-08
MO-029123,CTL-0032,300,Ended,29123,0.0,100.48,-3.55,12.83,4.42,-143.05,155.83,0.0,126.96,2026-03-25
MO-029124,SYS-0029,100,Ended,29124,0.0,763.33,0.42,18.83,7.96,10.88,81.23,0.0,882.66,2026-04-11
MO-029125,AFT-0036,300,Ended,29125,0.0,844.82,10.45,-0.12,-0.65,-2890.06,427.78,0.0,-1607.78,2026-04-28
MO-029126,SA-0013,200,Ended,29126,0.0,10.66,13.03,-1.82,-0.03,-979.89,191.96,0.0,-766.08,2026-05-15
MO-029127,SA-0050,300,Ended,29127,0.0,131.62,28.09,-32.19,-11.97,-675.45,469.91,0.0,-90.0,2026-06-01
MO-029128,SA-0087,100,Ended,29128,0.0,38.4,6.03,-9.21,-3.31,115.52,13.36,0.0,160.79,2026-06-18
MO-029172,AFT-0025,100,Ended,29172,0.0,53.43,17.61,0.73,0.44,-213.47,99.93,0.0,-41.34,2026-01-07
MO-029173,SA-0002,300,Ended,29173,0.0,156.53,16.02,6.04,2.1,-151.35,73.68,0.0,103.03,2026-01-24
MO-029174,SA-0039,100,Ended,29174,0.0,235.83,8.15,36.27,13.2,-197.06,145.21,0.0,241.6,2026-02-10
MO-029175,SA-0076,200,Ended,29175,0.0,237.3,27.0,10.66,3.73,-162.57,206.82,0.0,322.94,2026-02-27
MO-029176,DRV-0013,100,Ended,29176,0.0,50.51,0.17,1.78,0.76,-3.38,32.05,0.0,81.9,2026-03-16
MO-029177,DRV-0050,200,Ended,29177,0.0,358.16,-1.04,11.37,4.0,-107.43,188.24,0.0,453.3,2026-04-02
MO-029178,ACT-0027,100,Ended,29178,0.0,-367.16,7.33,5.56,1.62,-34.98,194.44,0.0,-193.18,2026-04-19
MO-029179,CTL-0004,300,Ended,29179,0.0,199.61,1.35,13.46,5.14,-21.17,55.53,0.0,253.94,2026-05-06
MO-029180,SYS-0001,100,Ended,29180,0.0,121.69,7.6,1.92,0.63,-316.64,169.5,0.0,-15.3,2026-05-23
MO-029181,AFT-0008,100,Ended,29181,0.0,128.15,16.52,-2.85,-0.94,-208.18,87.23,0.0,19.92,2026-06-09
MO-029182,AFT-0045,300,Started,29182,0.0,22513.54,11.91,-3.66,-1.04,-50.51,178.33,0.0,22648.57,
MO-029226,ACT-0053,100,Ended,29226,0.0,87.54,10.08,-10.82,-4.07,29.85,64.08,0.0,176.67,2026-01-14
MO-029227,CTL-0030,300,Ended,29227,0.0,236.42,10.22,-3.51,-1.31,-1614.28,351.42,0.0,-1021.04,2026-01-31
MO-029228,SYS-0027,100,Ended,29228,0.0,577.77,4.87,9.34,3.4,-115.59,140.08,0.0,619.86,2026-02-17
MO-029229,AFT-0034,100,Ended,29229,0.0,373.53,3.19,2.12,0.71,-5.57,45.1,0.0,419.08,2026-03-06
MO-029230,SA-0011,300,Ended,29230,0.0,521.25,24.52,38.59,15.14,-400.3,579.22,0.0,778.41,2026-03-23
MO-029231,SA-0048,100,Ended,29231,0.0,78.51,-21.53,53.19,20.47,-4656.53,282.06,0.0,-4243.84,2026-04-09
MO-029232,SA-0085,200,Ended,29232,0.0,59.19,0.18,5.23,1.94,-5.1,34.91,0.0,96.35,2026-04-26
MO-029233,DRV-0022,200,Ended,29233,0.0,98.41,4.52,3.82,1.22,-46.47,167.96,0.0,229.45,2026-05-14
MO-029234,DRV-0059,100,Ended,29234,0.0,1296.96,15.84,-1.22,-0.52,60.57,143.02,0.0,1514.65,2026-05-31
MO-029235,ACT-0036,200,Ended,29235,0.0,60.91,3.31,2.89,1.02,-237.08,41.44,0.0,-127.51,2026-06-17
MO-029279,SA-0074,300,Ended,29279,0.0,288.67,29.68,57.68,24.91,-415.52,64.6,0.0,50.02,2026-01-05
MO-029280,DRV-0011,100,Ended,29280,0.0,76.97,10.04,-13.43,-5.08,176.54,61.75,0.0,306.79,2026-01-22
MO-029281,DRV-0048,200,Ended,29281,0.0,109.58,4.38,-5.71,-2.04,-206.09,73.28,0.0,-26.59,2026-02-08
MO-029282,ACT-0025,100,Ended,29282,0.0,540.74,7.51,-5.62,-2.14,-338.59,293.6,0.0,495.5,2026-02-25
MO-029283,CTL-0002,300,Ended,29283,0.0,32.24,1.7,1.15,0.41,-51.21,87.96,0.0,72.26,2026-03-14
MO-029284,CTL-0039,300,Ended,29284,0.0,-370.38,1.65,14.23,5.62,-100.42,131.86,0.0,-317.44,2026-03-31
MO-029285,AFT-0006,300,Ended,29285,0.0,941.72,-10.24,7.2,2.72,-3662.97,2589.75,0.0,-131.82,2026-04-17
MO-029286,AFT-0043,100,Ended,29286,0.0,783.58,1.68,62.77,23.39,-945.69,392.97,0.0,318.69,2026-05-04
MO-029287,SA-0020,300,Ended,29287,0.0,274.29,6.55,58.44,20.11,-473.1,205.58,0.0,91.88,2026-05-21
MO-029288,SA-0057,100,Ended,29288,0.0,-1.33,3.42,5.6,2.07,52.21,6.96,0.0,68.92,2026-06-07
MO-029289,SA-0094,200,Released,29289,0.0,0.0,0.0,-65.83,-22.89,88.73,0.0,0.0,0.0,
MO-029333,AFT-0032,100,Ended,29333,0.0,461.18,11.91,34.45,13.46,-138.31,119.72,0.0,502.4,2026-01-13
MO-029334,SA-0009,100,Ended,29334,0.0,36.88,34.82,36.45,12.75,-131.01,104.11,0.0,94.01,2026-01-30
MO-029335,SA-0046,200,Ended,29335,0.0,182.76,57.47,-24.44,-10.71,-232.46,263.33,0.0,235.96,2026-02-16
MO-029336,SA-0083,300,Ended,29336,0.0,75.96,4.2,-14.34,-5.49,195.95,62.54,0.0,318.83,2026-03-05
MO-029337,DRV-0020,200,Ended,29337,0.0,94.65,2.23,-3.58,-1.32,-30.1,57.41,0.0,119.29,2026-03-22
MO-029338,DRV-0057,100,Ended,29338,0.0,408.26,0.31,-2.02,-0.76,-201.11,270.91,0.0,475.59,2026-04-08
MO-029339,ACT-0034,200,Ended,29339,0.0,63.91,-0.49,3.21,1.14,142.28,13.55,0.0,223.6,2026-04-25
MO-029340,CTL-0011,300,Ended,29340,0.0,-254.82,1.5,14.78,5.32,-935.23,996.42,0.0,-172.03,2026-05-12
MO-029341,SYS-0008,300,Ended,29341,0.0,52.11,3.54,21.3,7.26,-113.37,78.48,0.0,49.32,2026-05-29
MO-029342,AFT-0015,300,Ended,29342,0.0,451.69,28.84,71.54,26.57,-472.05,472.17,0.0,578.76,2026-06-15
MO-029386,ACT-0023,100,Ended,29386,0.0,546.58,7.87,8.65,3.23,-230.53,323.71,0.0,659.51,2026-01-03
MO-029387,ACT-0060,200,Ended,29387,0.0,5.75,1.84,3.8,1.29,-542.62,26.16,0.0,-503.78,2026-01-20
MO-029388,CTL-0037,300,Ended,29388,0.0,479.35,14.06,29.42,11.31,-861.09,606.41,0.0,279.47,2026-02-07
MO-029389,AFT-0004,100,Ended,29389,0.0,-286.28,38.04,6.14,0.3,-162.29,192.93,0.0,-211.16,2026-02-24
MO-029390,AFT-0041,100,Ended,29390,0.0,1008.2,23.27,-15.16,-5.3,-732.0,814.12,0.0,1093.14,2026-03-13
MO-029391,SA-0018,100,Ended,29391,0.0,601.72,16.36,-36.14,-13.28,-5850.81,615.97,0.0,-4666.17,2026-03-30
MO-029392,SA-0055,200,Ended,29392,0.0,40.68,1.01,-10.67,-3.88,50.66,47.34,0.0,125.15,2026-04-16
MO-029393,SA-0092,300,Ended,29393,0.0,18.08,-1.17,-1.95,-0.7,16.0,9.79,0.0,40.04,2026-05-03
MO-029394,DRV-0029,100,Ended,29394,0.0,-13.47,0.34,-0.33,-0.15,45.01,56.6,0.0,88.0,2026-05-20
MO-029395,ACT-0006,200,Ended,29395,0.0,94.46,3.59,4.55,1.56,-1285.23,104.27,0.0,-1076.8,2026-06-06
MO-029396,ACT-0043,100,Reported Finished,29396,0.0,1225.36,16.58,27.94,10.39,-93.34,34.98,0.0,1221.92,
MO-029440,SA-0081,100,Ended,29440,0.0,91.14,1.83,-1.71,-0.66,51.47,60.42,0.0,202.48,2026-01-11
MO-029441,DRV-0018,200,Ended,29441,0.0,209.56,6.55,1.66,0.6,-698.66,117.5,0.0,-362.79,2026-01-28
MO-029442,DRV-0055,100,Ended,29442,0.0,2439.92,5.66,0.31,-0.12,-605.72,567.04,0.0,2407.1,2026-02-14
MO-029443,ACT-0032,200,Ended,29443,0.0,47.14,9.64,16.19,5.9,7.35,18.61,0.0,104.83,2026-03-03
MO-029444,CTL-0009,300,Ended,29444,0.0,216.41,21.35,9.53,3.43,-44.71,102.59,0.0,308.6,2026-03-20
MO-029445,SYS-0006,300,Ended,29445,0.0,194.06,10.47,-11.6,-3.95,-1029.77,196.48,0.0,-644.31,2026-04-06
MO-029446,AFT-0013,100,Ended,29446,0.0,1230.88,5.07,-20.66,-7.51,-2224.64,1650.1,0.0,633.24,2026-04-23
MO-029447,AFT-0050,100,Ended,29447,0.0,627.25,-9.02,-11.44,-4.15,-1526.08,1297.44,0.0,374.01,2026-05-10
MO-029448,SA-0027,100,Ended,29448,0.0,63.54,3.5,-9.12,-3.48,210.28,19.28,0.0,284.0,2026-05-27
MO-029449,SA-0064,200,Ended,29449,0.0,33.49,0.44,-1.15,-0.42,39.05,4.76,0.0,76.16,2026-06-13
MO-029493,AFT-0002,100,Ended,29493,0.0,-96.91,-2.85,3.55,1.08,-375.96,294.34,0.0,-176.76,2026-01-02
MO-029494,AFT-0039,300,Ended,29494,0.0,8260.34,11.76,26.85,9.87,-1195.06,1197.48,0.0,8311.24,2026-01-19
MO-029495,SA-0016,200,Ended,29495,0.0,291.25,13.41,28.14,10.86,-142.62,180.0,0.0,381.04,2026-02-05
MO-029496,SA-0053,300,Ended,29496,0.0,14.62,4.48,-1.69,-0.64,59.86,67.06,0.0,143.7,2026-02-22
MO-029497,SA-0090,100,Ended,29497,0.0,34.18,5.06,-3.73,-1.43,-654.83,35.53,0.0,-585.22,2026-03-11
MO-029498,DRV-0027,100,Ended,29498,0.0,132.96,8.52,9.09,3.06,-17.18,81.81,0.0,218.26,2026-03-28
MO-029499,ACT-0004,200,Ended,29499,0.0,32.31,8.85,9.22,3.3,60.3,8.12,0.0,122.11,2026-04-14
MO-029500,ACT-0041,100,Ended,29500,0.0,271.77,0.95,-7.66,-3.28,-30.64,155.24,0.0,386.37,2026-05-01
MO-029501,CTL-0018,300,Ended,29501,0.0,302.54,-1.77,-17.83,-6.15,-1045.71,246.62,0.0,-522.3,2026-05-18
MO-029502,SYS-0015,100,Ended,29502,0.0,4011.3,20.49,5.96,2.58,-2356.16,2311.08,0.0,3995.24,2026-06-04
MO-029503,AFT-0022,100,Started,29503,0.0,4521.12,1.44,3.4,1.31,37.0,39.44,0.0,4603.7,
MO-029547,ACT-0030,200,Ended,29547,0.0,20.59,1.44,-0.94,-0.11,-554.06,53.25,0.0,-479.83,2026-01-10
MO-029548,CTL-0007,300,Ended,29548,0.0,-460.36,26.99,31.0,12.15,-585.87,308.98,0.0,-667.12,2026-01-27
MO-029549,SYS-0004,300,Ended,29549,0.0,20.86,8.65,11.0,4.29,56.22,24.47,0.0,125.48,2026-02-13
MO-029550,AFT-0011,100,Ended,29550,0.0,414.76,25.09,31.74,11.84,-272.25,321.83,0.0,533.01,2026-03-02
MO-029551,AFT-0048,300,Ended,29551,0.0,4411.4,21.33,60.85,21.77,-5222.69,1815.93,0.0,1108.59,2026-03-19
MO-029552,SA-0025,200,Ended,29552,0.0,77.73,3.25,-2.48,-0.95,20.29,32.51,0.0,130.35,2026-04-05
MO-029553,SA-0062,300,Ended,29553,0.0,0.51,6.12,0.43,-0.01,99.42,20.92,0.0,127.39,2026-04-22
MO-029554,SA-0099,100,Ended,29554,0.0,187.01,1.34,3.96,2.27,36.19,36.63,0.0,267.4,2026-05-09
MO-029555,DRV-0036,200,Ended,29555,0.0,119.9,-4.17,-2.97,-1.45,-858.69,299.44,0.0,-447.94,2026-05-26
MO-029556,ACT-0013,100,Ended,29556,0.0,92.8,0.76,-14.54,-5.46,-383.88,104.1,0.0,-206.22,2026-06-12
MO-029557,ACT-0050,200,Started,29557,0.0,11772.41,4.37,-0.79,-0.31,-78.0,96.0,0.0,11793.68,
MO-029601,SA-0088,200,Ended,29601,0.0,9.92,-1.2,-6.65,-2.42,69.0,18.24,0.0,86.89,2026-01-17
MO-029602,DRV-0025,100,Ended,29602,0.0,428.87,5.02,-4.33,-1.65,-305.7,235.29,0.0,357.51,2026-02-03
MO-029603,ACT-0002,200,Ended,29603,0.0,84.58,13.27,8.17,2.87,-11.57,31.88,0.0,129.2,2026-02-20
MO-029604,ACT-0039,100,Ended,29604,0.0,369.22,22.96,36.95,13.5,18.53,53.19,0.0,514.35,2026-03-09
MO-029605,CTL-0016,300,Ended,29605,0.0,297.8,13.57,12.32,4.21,-47.51,122.87,0.0,403.26,2026-03-27
MO-029606,SYS-0013,100,Ended,29606,0.0,334.6,13.78,29.66,10.95,-655.89,488.2,0.0,221.29,2026-04-13
MO-029607,AFT-0020,100,Ended,29607,0.0,-410.56,18.48,40.54,14.47,-629.4,411.48,0.0,-554.98,2026-04-30
MO-029608,AFT-0057,300,Ended,29608,0.0,48.58,1.23,0.02,-0.1,157.45,18.56,0.0,225.74,2026-05-17
MO-029609,SA-0034,200,Ended,29609,0.0,80.08,-2.66,-2.82,-0.55,177.36,15.05,0.0,266.46,2026-06-03
MO-029610,SA-0071,300,Ended,29610,0.0,118.64,6.49,-7.44,-3.1,-20.59,101.08,0.0,195.07,2026-06-20
MO-029654,AFT-0009,300,Ended,29654,0.0,204.08,5.73,-3.29,-0.99,-186.19,87.19,0.0,106.53,2026-01-08
MO-029655,AFT-0046,100,Ended,29655,0.0,943.22,-6.32,-30.91,-10.74,-587.11,581.12,0.0,889.26,2026-01-25
MO-029656,SA-0023,300,Ended,29656,0.0,165.97,2.81,-7.37,-2.62,30.95,86.42,0.0,276.17,2026-02-11
MO-029657,SA-0060,100,Ended,29657,0.0,47.04,2.88,-4.5,-1.63,-290.3,20.86,0.0,-225.65,2026-02-28
MO-029658,SA-0097,200,Ended,29658,0.0,107.67,12.68,0.48,0.13,-139.29,72.13,0.0,53.8,2026-03-17
MO-029659,DRV-0034,200,Ended,29659,0.0,-39.18,11.25,12.13,4.28,50.69,16.96,0.0,56.13,2026-04-03
MO-029660,ACT-0011,100,Ended,29660,0.0,140.86,7.43,41.06,16.01,33.61,145.8,0.0,384.77,2026-04-20
MO-029661,ACT-0048,200,Ended,29661,0.0,84.7,5.31,13.14,5.05,-2052.2,138.03,0.0,-1805.97,2026-05-07
MO-029662,CTL-0025,300,Ended,29662,0.0,1037.72,23.44,41.14,16.25,-676.62,521.03,0.0,962.96,2026-05-24
MO-029663,SYS-0022,300,Ended,29663,0.0,510.4,-21.1,102.82,36.78,-1650.61,1737.82,0.0,716.12,2026-06-10
MO-029664,AFT-0029,100,Released,29664,0.0,0.0,0.0,-98.89,-36.0,134.89,0.0,0.0,0.0,
MO-029708,ACT-0037,100,Ended,29708,0.0,2502.05,-3.63,2.68,0.9,-640.83,530.79,0.0,2391.98,2026-01-16
MO-029709,CTL-0014,300,Ended,29709,0.0,86.3,4.16,-4.5,-1.51,-139.15,33.87,0.0,-20.84,2026-02-02
MO-029710,SYS-0011,100,Ended,29710,0.0,473.5,17.12,-15.52,-4.91,-561.46,714.35,0.0,623.09,2026-02-19
MO-029711,AFT-0018,300,Ended,29711,0.0,-190.02,19.63,-35.97,-13.06,-1393.9,408.58,0.0,-1204.75,2026-03-08
MO-029712,AFT-0055,100,Ended,29712,0.0,10.23,5.84,-4.21,-1.6,20.42,12.66,0.0,43.34,2026-03-25
MO-029713,SA-0032,300,Ended,29713,0.0,1.62,6.56,-2.36,-0.85,48.78,9.55,0.0,63.31,2026-04-11
MO-029714,SA-0069,100,Ended,29714,0.0,62.2,8.62,3.68,1.36,101.37,15.68,0.0,192.91,2026-04-28
MO-029715,DRV-0006,200,Ended,29715,0.0,886.52,2.73,13.44,4.8,-869.38,355.55,0.0,393.67,2026-05-15
MO-029716,DRV-0043,100,Ended,29716,0.0,72.18,1.31,18.19,6.75,-423.6,162.87,0.0,-162.3,2026-06-01
MO-029717,ACT-0020,200,Ended,29717,0.0,86.6,-9.18,20.75,7.87,-239.18,169.07,0.0,35.93,2026-06-18
MO-029761,SA-0058,200,Ended,29761,0.0,45.26,0.51,5.37,1.77,70.44,27.45,0.0,150.81,2026-01-07
MO-029762,SA-0095,300,Ended,29762,0.0,132.58,0.96,-0.05,-0.1,40.3,133.86,0.0,307.55,2026-01-24
MO-029763,DRV-0032,200,Ended,29763,0.0,-11.44,-1.1,3.6,1.28,7.82,19.43,0.0,19.58,2026-02-10
MO-029764,ACT-0009,100,Ended,29764,0.0,-47.65,3.35,-4.63,-1.87,-10.34,25.49,0.0,-35.66,2026-02-27
MO-029765,ACT-0046,200,Ended,29765,0.0,209.81,10.54,-13.2,-4.07,-170.52,244.53,0.0,277.09,2026-03-16
MO-029766,CTL-0023,300,Ended,29766,0.0,1277.97,34.6,-18.32,-7.09,-536.21,696.15,0.0,1447.1,2026-04-02
MO-029767,SYS-0020,300,Ended,29767,0.0,1170.79,43.3,-12.29,-4.26,-2157.53,2074.1,0.0,1114.11,2026-04-19
MO-029768,AFT-0027,300,Ended,29768,0.0,12.18,4.08,-2.28,-0.86,62.6,9.84,0.0,85.55,2026-05-06
MO-029769,SA-0004,200,Ended,29769,0.0,-9.4,3.42,-1.06,-0.41,77.28,5.65,0.0,75.49,2026-05-23
MO-029770,SA-0041,300,Ended,29770,0.0,71.47,-0.26,4.77,1.74,64.38,103.74,0.0,245.83,2026-06-09
MO-029771,SA-0078,100,Reported Finished,29771,0.0,1327.43,-0.27,9.79,3.44,-408.88,32.73,0.0,964.24,
MO-029815,AFT-0016,100,Ended,29815,0.0,1527.46,4.12,141.01,50.52,-1345.23,1480.16,0.0,1858.03,2026-01-14
MO-029816,AFT-0053,100,Ended,29816,0.0,8.69,0.42,2.4,1.16,32.92,29.1,0.0,74.7,2026-01-31
MO-029817,SA-0030,100,Ended,29817,0.0,13.64,1.49,0.01,-0.06,-310.83,22.36,0.0,-273.39,2026-02-17
MO-029818,SA-0067,200,Ended,29818,0.0,159.58,10.23,-3.97,-1.19,-166.28,86.68,0.0,85.05,2026-03-06
MO-029819,DRV-0004,200,Ended,29819,0.0,38.67,2.82,-2.1,-0.91,79.2,30.65,0.0,148.32,2026-03-23
MO-029820,DRV-0041,100,Ended,29820,0.0,80.77,8.51,-15.08,-6.16,-54.69,95.01,0.0,108.37,2026-04-09
MO-029821,ACT-0018,200,Ended,29821,0.0,5.51,26.19,-15.89,-6.0,-2550.67,379.39,0.0,-2161.48,2026-04-26
MO-029822,ACT-0055,100,Ended,29822,0.0,1543.93,27.43,17.95,6.76,-1884.74,896.64,0.0,607.96,2026-05-14
MO-029823,CTL-0032,300,Ended,29823,0.0,-626.62,20.61,3.35,0.88,-751.63,681.78,0.0,-671.64,2026-05-31
MO-029824,SYS-0029,100,Ended,29824,0.0,111.03,-0.09,-1.16,-0.46,66.5,17.41,0.0,193.22,2026-06-17
MO-029868,ACT-0007,100,Ended,29868,0.0,-223.93,8.91,17.35,6.29,-826.75,387.34,0.0,-630.79,2026-01-05
MO-029869,ACT-0044,200,Ended,29869,0.0,9.92,4.64,22.93,7.81,-40.53,17.2,0.0,21.97,2026-01-22
MO-029870,CTL-0021,300,Ended,29870,0.0,849.03,-13.2,76.41,28.39,-580.61,594.48,0.0,954.5,2026-02-08
MO-029871,SYS-0018,300,Ended,29871,0.0,383.88,12.73,82.92,32.14,-6187.8,441.97,0.0,-5234.15,2026-02-25
MO-029872,AFT-0025,100,Ended,29872,0.0,18.26,4.44,-1.74,-0.73,4.57,21.41,0.0,46.21,2026-03-14
MO-029873,SA-0002,300,Ended,29873,0.0,12.74,5.2,-2.83,-0.8,44.8,16.37,0.0,75.47,2026-03-31
MO-029874,SA-0039,100,Ended,29874,0.0,-48.67,8.05,-6.28,-2.44,82.89,36.3,0.0,69.86,2026-04-17
MO-029875,SA-0076,200,Ended,29875,0.0,28.5,6.78,-8.59,-3.37,50.32,47.27,0.0,120.91,2026-05-04
MO-029876,DRV-0013,100,Ended,29876,0.0,139.46,26.78,-14.96,-5.71,-272.05,149.59,0.0,23.11,2026-05-21
MO-029877,DRV-0050,200,Ended,29877,0.0,1258.65,6.96,7.74,2.84,-938.31,847.07,0.0,1184.95,2026-06-07
MO-029878,ACT-0027,100,Started,29878,0.0,51298.03,3.96,27.63,10.79,-245.65,388.89,0.0,51483.65,
MO-029922,SA-0065,300,Ended,29922,0.0,195.07,1.58,0.26,0.07,7.4,73.77,0.0,278.15,2026-01-13
MO-029923,DRV-0002,200,Ended,29923,0.0,405.48,4.89,4.28,1.49,-148.51,181.67,0.0,449.29,2026-01-30
MO-029924,DRV-0039,100,Ended,29924,0.0,12.44,-6.37,31.04,11.81,79.97,26.97,0.0,155.85,2026-02-16
MO-029925,ACT-0016,200,Ended,29925,0.0,93.33,-2.54,30.42,11.66,-48.84,97.76,0.0,181.78,2026-03-05
MO-029926,ACT-0053,100,Ended,29926,0.0,181.17,14.12,80.43,30.02,-126.1,256.31,0.0,435.96,2026-03-22
MO-029927,CTL-0030,300,Ended,29927,0.0,-467.83,40.06,31.46,11.22,-7655.26,1537.48,0.0,-6502.87,2026-04-08
MO-029928,SYS-0027,100,Ended,29928,0.0,89.7,3.55,-3.52,-1.38,18.92,30.02,0.0,137.29,2026-04-25
MO-029929,AFT-0034,100,Ended,29929,0.0,77.95,2.36,-2.24,-0.72,44.03,10.02,0.0,131.41,2026-05-12
MO-029930,SA-0011,300,Ended,29930,0.0,214.13,5.23,-9.76,-3.75,40.85,144.8,0.0,391.51,2026-05-29
MO-029931,SA-0048,100,Ended,29931,0.0,36.2,8.36,-8.94,-3.27,-974.36,64.47,0.0,-877.53,2026-06-15
MO-029975,SYS-0016,300,Ended,29975,0.0,2195.12,32.62,-15.11,-5.48,-1753.65,1769.43,0.0,2222.94,2026-01-03
MO-029976,AFT-0023,100,Ended,29976,0.0,26.49,1.81,-6.51,-2.45,129.37,16.39,0.0,165.11,2026-01-20
MO-029977,AFT-0060,300,Ended,29977,0.0,9.2,-0.14,0.41,0.15,-162.24,22.91,0.0,-129.71,2026-02-07
MO-029978,SA-0037,200,Ended,29978,0.0,51.57,-3.49,0.93,0.36,-106.74,73.88,0.0,16.5,2026-02-24
MO-029979,SA-0074,300,Ended,29979,0.0,29.71,-0.34,12.05,4.26,23.6,14.77,0.0,84.05,2026-03-13
MO-029980,DRV-0011,100,Ended,29980,0.0,319.14,19.78,55.39,20.4,-30.84,288.19,0.0,672.05,2026-03-30
MO-029981,DRV-0048,200,Ended,29981,0.0,432.63,8.08,29.81,10.28,-1053.49,329.77,0.0,-242.91,2026-04-16
MO-029982,ACT-0025,100,Ended,29982,0.0,2139.06,29.6,39.45,16.58,-1631.8,1174.4,0.0,1767.28,2026-05-03
MO-029983,CTL-0002,300,Ended,29983,0.0,1229.48,29.68,1.53,-0.66,-815.17,384.84,0.0,829.69,2026-05-20
MO-029984,CTL-0039,300,Ended,29984,0.0,-166.07,0.93,-3.77,-1.43,25.07,28.26,0.0,-117.02,2026-06-06
MO-029985,AFT-0006,300,Released,29985,0.0,0.0,0.0,-33.48,-12.55,46.04,0.0,0.0,0.0,
