item_id,site_code,warehouse_code,location_code,lot_number,on_hand_quantity,reserved_quantity,quality_hold_quantity,standard_unit_cost,last_movement_date,item_type,product_family
ACT-0001,100,100-FG,100-FG-01,,24.8,4.464,0.0,2375.15,2026-06-12,Finished Good,ACT
ACT-0002,200,200-FG,200-FG-01,,60.8,10.944,0.0,398.44,2026-06-17,Finished Good,ACT
ACT-0003,100,100-FG,100-FG-01,,144.0,25.92,0.0,1998.3,2026-06-18,Finished Good,ACT
ACT-0004,200,200-FG,200-FG-01,,416.0,74.88,0.0,202.91,2026-06-26,Finished Good,ACT
ACT-0005,100,100-FG,100-FG-01,,384.0,69.12,0.0,789.17,2026-06-27,Finished Good,ACT
ACT-0006,200,200-FG,200-FG-01,,4.96,0.8928,0.0,521.36,2026-06-29,Finished Good,ACT
ACT-0007,100,100-FG,100-FG-01,,30.4,5.472,0.0,2766.73,2026-06-13,Finished Good,ACT
ACT-0008,200,200-FG,200-FG-01,,72.0,12.96,0.0,227.79,2026-06-18,Finished Good,ACT
ACT-0009,100,100-FG,100-FG-01,,166.4,29.952,0.0,364.09,2026-06-20,Finished Good,ACT
ACT-0010,200,200-FG,200-FG-01,,192.0,34.56,0.0,2233.37,2026-06-27,Finished Good,ACT
ACT-0011,100,100-FG,100-FG-01,,496.0,89.28,0.0,416.58,2026-06-29,Finished Good,ACT
ACT-0012,200,200-FG,200-FG-01,,6.08,1.0944,0.0,310.46,2026-06-13,Finished Good,ACT
ACT-0013,100,100-FG,100-FG-01,,36.0,6.48,0.0,371.79,2026-06-18,Finished Good,ACT
ACT-0014,200,200-FG,200-FG-01,,83.2,14.976,0.0,544.48,2026-06-20,Finished Good,ACT
ACT-0015,100,100-FG,100-FG-01,,76.8,13.824,0.0,1074.85,2026-06-21,Finished Good,ACT
ACT-0016,200,200-FG,200-FG-01,,248.0,44.64,0.0,217.25,2026-06-29,Finished Good,ACT
ACT-0017,100,100-FG,100-FG-01,,608.0,109.44,0.0,632.55,2026-06-10,Finished Good,ACT
ACT-0018,200,200-FG,200-FG-01,,7.2,1.296,0.0,1053.85,2026-06-15,Finished Good,ACT
ACT-0019,100,100-FG,100-FG-01,,41.6,7.488,0.0,1249.07,2026-06-20,Finished Good,ACT
ACT-0020,200,200-FG,200-FG-01,,38.4,6.912,0.0,626.2,2026-06-21,Finished Good,ACT
ACT-0021,100,100-FG,100-FG-01,,99.2,17.856,0.0,928.12,2026-06-23,Finished Good,ACT
ACT-0022,200,200-FG,200-FG-01,,304.0,54.72,0.0,990.4,2026-06-10,Finished Good,ACT
ACT-0023,100,100-FG,100-FG-01,,720.0,129.6,0.0,2312.23,2026-06-12,Finished Good,ACT
ACT-0024,200,200-FG,200-FG-01,,10.045,1.8081,0.0,1998.43,2026-06-17,Finished Good,ACT
ACT-0025,100,100-FG,100-FG-01,,19.2,3.456,0.0,2796.19,2026-06-21,Finished Good,ACT
ACT-0026,200,200-FG,200-FG-01,,49.6,8.928,0.0,1654.15,2026-06-23,Finished Good,ACT
ACT-0027,100,100-FG,100-FG-01,,121.6,21.888,0.0,2777.78,2026-06-24,Finished Good,ACT
ACT-0028,200,200-FG,200-FG-01,,360.0,64.8,0.0,213.59,2026-06-12,Finished Good,ACT
ACT-0029,100,100-FG,100-FG-01,,832.0,149.76,0.0,923.26,2026-06-17,Finished Good,ACT
ACT-0030,200,200-FG,200-FG-01,,75.345,1.2,0.0,443.77,2026-06-18,Finished Good,ACT
ACT-0031,100,100-FG,100-FG-01,,24.8,4.464,0.0,2523.06,2026-06-23,Finished Good,ACT
ACT-0032,200,200-FG,200-FG-01,,60.8,10.944,0.0,232.68,2026-06-24,Finished Good,ACT
ACT-0033,100,100-FG,100-FG-01,,144.0,25.92,0.0,1322.17,2026-06-09,Finished Good,ACT
ACT-0034,200,200-FG,200-FG-01,,416.0,74.88,0.0,338.7,2026-06-13,Finished Good,ACT
ACT-0035,100,100-FG,100-FG-01,,384.0,69.12,0.0,1963.86,2026-06-18,Finished Good,ACT
ACT-0036,200,200-FG,200-FG-01,,4.96,0.8928,0.0,207.2,2026-06-23,Finished Good,ACT
ACT-0037,100,100-FG,100-FG-01,,30.4,5.472,0.0,3791.35,2026-06-24,Finished Good,ACT
ACT-0038,200,200-FG,200-FG-01,,72.0,12.96,0.0,422.97,2026-06-26,Finished Good,ACT
ACT-0039,100,100-FG,100-FG-01,,166.4,29.952,0.0,759.87,2026-06-10,Finished Good,ACT
ACT-0040,200,200-FG,200-FG-01,,192.0,34.56,0.0,199.82,2026-06-15,Finished Good,ACT
ACT-0041,100,100-FG,100-FG-01,,496.0,89.28,0.0,443.53,2026-06-20,Finished Good,ACT
ACT-0042,200,200-FG,200-FG-01,,111.62,1.9,0.0,643.47,2026-06-24,Finished Good,ACT
ACT-0043,100,100-FG,100-FG-01,,36.0,6.48,0.0,499.76,2026-06-26,Finished Good,ACT
ACT-0044,200,200-FG,200-FG-01,,83.2,14.976,0.0,191.13,2026-06-27,Finished Good,ACT
ACT-0045,100,100-FG,100-FG-01,,76.8,13.824,0.0,311.98,2026-06-12,Finished Good,ACT
ACT-0046,200,200-FG,200-FG-01,,248.0,44.64,0.0,543.39,2026-06-17,Finished Good,ACT
ACT-0047,100,100-FG,100-FG-01,,608.0,109.44,0.0,766.27,2026-06-21,Finished Good,ACT
ACT-0048,200,200-FG,200-FG-01,,7.2,1.296,0.0,383.41,2026-06-26,Finished Good,ACT
ACT-0049,100,100-FG,100-FG-01,,41.6,7.488,0.0,830.29,2026-06-27,Finished Good,ACT
ACT-0050,200,200-FG,200-FG-01,,38.4,6.912,0.0,1066.65,2026-06-29,Finished Good,ACT
ACT-0051,100,100-FG,100-FG-01,,99.2,17.856,0.0,4550.3,2026-06-17,Finished Good,ACT
ACT-0052,200,200-FG,200-FG-01,,304.0,54.72,0.0,646.55,2026-06-21,Finished Good,ACT
ACT-0053,100,100-FG,100-FG-01,,720.0,129.6,0.0,457.7,2026-06-23,Finished Good,ACT
ACT-0054,200,200-FG,200-FG-01,,8.32,1.4976,0.0,3824.58,2026-06-27,Finished Good,ACT
ACT-0055,100,100-FG,100-FG-01,,19.2,3.456,0.0,2134.85,2026-06-29,Finished Good,ACT
ACT-0056,200,200-FG,200-FG-01,,49.6,8.928,0.0,618.58,2026-06-13,Finished Good,ACT
ACT-0057,100,100-FG,100-FG-01,,121.6,21.888,0.0,2621.52,2026-06-18,Finished Good,ACT
ACT-0058,200,200-FG,200-FG-01,,360.0,64.8,0.0,360.6,2026-06-23,Finished Good,ACT
ACT-0059,100,100-FG,100-FG-01,,832.0,149.76,0.0,860.79,2026-06-27,Finished Good,ACT
ACT-0060,200,200-FG,200-FG-01,,3.84,0.6912,0.0,218.01,2026-06-29,Finished Good,ACT
AFT-0001,100,100-FG,100-FG-01,,20.0,3.6,0.0,1725.18,2026-06-30,Aftermarket,AFT
AFT-0001,400,400-FG,400-FG-01,,27.9,5.022,0.0,1725.18,2026-06-30,Aftermarket,AFT
AFT-0002,100,100-FG,100-FG-01,,38.0,6.84,0.0,1635.2,2026-06-12,Aftermarket,AFT
AFT-0002,400,400-FG,400-FG-01,,153.09,19.0,0.0,1635.2,2026-06-12,Aftermarket,AFT
AFT-0003,300,300-FG,300-FG-01,,90.0,16.2,0.0,4514.04,2026-06-17,Aftermarket,AFT
AFT-0003,400,400-FG,400-FG-01,,162.0,29.16,0.0,4514.04,2026-06-17,Aftermarket,AFT
AFT-0004,100,100-FG,100-FG-01,,100.0,10.0,0.0,2143.66,2026-06-22,Aftermarket,AFT
AFT-0004,400,400-FG,400-FG-01,,468.0,84.24,0.0,2143.66,2026-06-22,Aftermarket,AFT
AFT-0005,100,100-FG,100-FG-01,,240.0,43.2,0.0,2334.93,2026-06-26,Aftermarket,AFT
AFT-0005,400,400-FG,400-FG-01,,432.0,77.76,0.0,2334.93,2026-06-26,Aftermarket,AFT
AFT-0006,300,300-FG,300-FG-01,,3.1,0.558,0.0,5754.99,2026-06-30,Aftermarket,AFT
AFT-0006,400,400-FG,400-FG-01,,5.58,1.0044,0.0,5754.99,2026-06-30,Aftermarket,AFT
AFT-0007,100,100-FG,100-FG-01,,20.0,3.6,0.0,295.97,2026-06-29,Aftermarket,AFT
AFT-0007,400,400-FG,400-FG-01,,34.2,6.156,0.0,295.97,2026-06-29,Aftermarket,AFT
AFT-0008,100,100-FG,100-FG-01,,45.0,8.1,0.0,242.3,2026-06-17,Aftermarket,AFT
AFT-0008,400,400-FG,400-FG-01,,81.0,14.58,0.0,242.3,2026-06-17,Aftermarket,AFT
AFT-0009,300,300-FG,300-FG-01,,104.0,18.72,0.0,622.76,2026-06-19,Aftermarket,AFT
AFT-0009,400,400-FG,400-FG-01,,187.2,33.696,0.0,622.76,2026-06-19,Aftermarket,AFT
AFT-0010,100,100-FG,100-FG-01,,100.0,10.0,0.0,221.84,2026-06-20,Aftermarket,AFT
AFT-0010,400,400-FG,400-FG-01,,216.0,38.88,0.0,221.84,2026-06-20,Aftermarket,AFT
AFT-0011,100,100-FG,100-FG-01,,310.0,55.8,0.0,459.76,2026-06-28,Aftermarket,AFT
AFT-0011,400,400-FG,400-FG-01,,558.0,100.44,0.0,459.76,2026-06-28,Aftermarket,AFT
AFT-0012,300,300-FG,300-FG-01,,3.8,0.684,0.0,1004.49,2026-06-29,Aftermarket,AFT
AFT-0012,400,400-FG,400-FG-01,,6.84,1.2312,0.0,1004.49,2026-06-29,Aftermarket,AFT
AFT-0013,100,100-FG,100-FG-01,,20.0,3.6,0.0,2946.61,2026-06-14,Aftermarket,AFT
AFT-0013,400,400-FG,400-FG-01,,40.5,7.29,0.0,2946.61,2026-06-14,Aftermarket,AFT
AFT-0014,100,100-FG,100-FG-01,,52.0,9.36,0.0,936.0,2026-06-19,Aftermarket,AFT
AFT-0014,400,400-FG,400-FG-01,,93.6,16.848,0.0,936.0,2026-06-19,Aftermarket,AFT
AFT-0015,300,300-FG,300-FG-01,,48.0,8.64,0.0,1124.21,2026-06-20,Aftermarket,AFT
AFT-0015,400,400-FG,400-FG-01,,86.4,15.552,0.0,1124.21,2026-06-20,Aftermarket,AFT
AFT-0016,100,100-FG,100-FG-01,,100.0,10.0,0.0,1691.61,2026-06-22,Aftermarket,AFT
AFT-0016,400,400-FG,400-FG-01,,279.0,50.22,0.0,1691.61,2026-06-22,Aftermarket,AFT
AFT-0017,100,100-FG,100-FG-01,,380.0,68.4,0.0,1705.89,2026-06-29,Aftermarket,AFT
AFT-0017,400,400-FG,400-FG-01,,684.0,123.12,0.0,1705.89,2026-06-29,Aftermarket,AFT
AFT-0018,300,300-FG,300-FG-01,,4.5,0.81,0.0,583.68,2026-06-30,Aftermarket,AFT
AFT-0018,400,400-FG,400-FG-01,,8.1,1.458,0.0,583.68,2026-06-30,Aftermarket,AFT
AFT-0019,100,100-FG,100-FG-01,,20.0,3.6,0.0,769.7,2026-06-15,Aftermarket,AFT
AFT-0019,400,400-FG,400-FG-01,,46.8,8.424,0.0,769.7,2026-06-15,Aftermarket,AFT
AFT-0020,100,100-FG,100-FG-01,,24.0,4.32,0.0,783.78,2026-06-20,Aftermarket,AFT
AFT-0020,400,400-FG,400-FG-01,,43.2,7.776,0.0,783.78,2026-06-20,Aftermarket,AFT
AFT-0021,300,300-FG,300-FG-01,,62.0,11.16,0.0,395.22,2026-06-22,Aftermarket,AFT
AFT-0021,400,400-FG,400-FG-01,,111.6,20.088,0.0,395.22,2026-06-22,Aftermarket,AFT
AFT-0022,100,100-FG,100-FG-01,,100.0,10.0,0.0,225.37,2026-06-29,Aftermarket,AFT
AFT-0022,400,400-FG,400-FG-01,,342.0,61.56,0.0,225.37,2026-06-29,Aftermarket,AFT
AFT-0023,100,100-FG,100-FG-01,,450.0,81.0,0.0,273.18,2026-06-30,Aftermarket,AFT
AFT-0023,400,400-FG,400-FG-01,,810.0,145.8,0.0,273.18,2026-06-30,Aftermarket,AFT
AFT-0024,300,300-FG,300-FG-01,,5.2,0.936,0.0,584.52,2026-06-12,Aftermarket,AFT
AFT-0024,400,400-FG,400-FG-01,,9.36,1.6848,0.0,584.52,2026-06-12,Aftermarket,AFT
AFT-0025,100,100-FG,100-FG-01,,20.0,3.6,0.0,475.86,2026-06-17,Aftermarket,AFT
AFT-0025,400,400-FG,400-FG-01,,21.6,3.888,0.0,475.86,2026-06-17,Aftermarket,AFT
AFT-0026,100,100-FG,100-FG-01,,31.0,5.58,0.0,194.56,2026-06-22,Aftermarket,AFT
AFT-0026,400,400-FG,400-FG-01,,79.225,14.2605,0.0,194.56,2026-06-22,Aftermarket,AFT
AFT-0027,300,300-FG,300-FG-01,,76.0,13.68,0.0,328.06,2026-06-23,Aftermarket,AFT
AFT-0027,400,400-FG,400-FG-01,,136.8,24.624,0.0,328.06,2026-06-23,Aftermarket,AFT
AFT-0028,100,100-FG,100-FG-01,,100.0,10.0,0.0,349.76,2026-06-30,Aftermarket,AFT
AFT-0028,400,400-FG,400-FG-01,,405.0,72.9,0.0,349.76,2026-06-30,Aftermarket,AFT
AFT-0029,100,100-FG,100-FG-01,,520.0,93.6,0.0,438.33,2026-06-12,Aftermarket,AFT
AFT-0029,400,400-FG,400-FG-01,,936.0,168.48,0.0,438.33,2026-06-12,Aftermarket,AFT
AFT-0030,300,300-FG,300-FG-01,,2.4,0.432,0.0,342.02,2026-06-17,Aftermarket,AFT
AFT-0030,400,400-FG,400-FG-01,,4.32,0.7776,0.0,342.02,2026-06-17,Aftermarket,AFT
AFT-0031,100,100-FG,100-FG-01,,20.0,3.6,0.0,310.17,2026-06-22,Aftermarket,AFT
AFT-0031,400,400-FG,400-FG-01,,27.9,5.022,0.0,310.17,2026-06-22,Aftermarket,AFT
AFT-0032,100,100-FG,100-FG-01,,38.0,6.84,0.0,665.09,2026-06-23,Aftermarket,AFT
AFT-0032,400,400-FG,400-FG-01,,80.71,14.5278,0.0,665.09,2026-06-23,Aftermarket,AFT
AFT-0033,300,300-FG,300-FG-01,,90.0,16.2,0.0,997.67,2026-06-25,Aftermarket,AFT
AFT-0033,400,400-FG,400-FG-01,,162.0,29.16,0.0,997.67,2026-06-25,Aftermarket,AFT
AFT-0034,100,100-FG,100-FG-01,,100.0,10.0,0.0,501.15,2026-06-09,Aftermarket,AFT
AFT-0034,400,400-FG,400-FG-01,,468.0,84.24,0.0,501.15,2026-06-11,Aftermarket,AFT
AFT-0035,100,100-FG,100-FG-01,,240.0,43.2,0.0,2292.51,2026-06-14,Aftermarket,AFT
AFT-0035,400,400-FG,400-FG-01,,432.0,77.76,0.0,2292.51,2026-06-14,Aftermarket,AFT
AFT-0036,300,300-FG,300-FG-01,,3.1,0.558,0.0,950.63,2026-06-19,Aftermarket,AFT
AFT-0036,400,400-FG,400-FG-01,,5.58,1.0044,0.0,950.63,2026-06-19,Aftermarket,AFT
AFT-0037,100,100-FG,100-FG-01,,20.0,3.6,0.0,3077.36,2026-06-23,Aftermarket,AFT
AFT-0037,400,400-FG,400-FG-01,,34.2,6.156,0.0,3077.36,2026-06-23,Aftermarket,AFT
AFT-0038,100,100-FG,100-FG-01,,45.0,8.1,0.0,1359.57,2026-06-25,Aftermarket,AFT
AFT-0038,400,400-FG,400-FG-01,,81.0,14.58,0.0,1359.57,2026-06-25,Aftermarket,AFT
AFT-0039,300,300-FG,300-FG-01,,104.0,18.72,0.0,8553.41,2026-06-26,Aftermarket,AFT
AFT-0039,400,400-FG,400-FG-01,,187.2,33.696,0.0,8553.41,2026-06-26,Aftermarket,AFT
AFT-0040,100,100-FG,100-FG-01,,100.0,10.0,0.0,567.45,2026-06-11,Aftermarket,AFT
AFT-0040,400,400-FG,400-FG-01,,216.0,38.88,0.0,567.45,2026-06-11,Aftermarket,AFT
AFT-0041,100,100-FG,100-FG-01,,310.0,55.8,0.0,1163.03,2026-06-15,Aftermarket,AFT
AFT-0041,400,400-FG,400-FG-01,,558.0,100.44,0.0,1163.03,2026-06-15,Aftermarket,AFT
AFT-0042,300,300-FG,300-FG-01,,3.8,0.684,0.0,299.24,2026-06-20,Aftermarket,AFT
AFT-0042,400,400-FG,400-FG-01,,25.96,1.9,0.0,299.24,2026-06-20,Aftermarket,AFT
AFT-0043,100,100-FG,100-FG-01,,20.0,3.6,0.0,701.73,2026-06-25,Aftermarket,AFT
AFT-0043,400,400-FG,400-FG-01,,40.5,7.29,0.0,701.73,2026-06-25,Aftermarket,AFT
AFT-0044,100,100-FG,100-FG-01,,52.0,9.36,0.0,1002.17,2026-06-26,Aftermarket,AFT
AFT-0044,400,400-FG,400-FG-01,,93.6,16.848,0.0,1002.17,2026-06-26,Aftermarket,AFT
AFT-0045,300,300-FG,300-FG-01,,48.0,8.64,0.0,1273.82,2026-06-28,Aftermarket,AFT
AFT-0045,400,400-FG,400-FG-01,,86.4,15.552,0.0,1273.82,2026-06-28,Aftermarket,AFT
AFT-0046,100,100-FG,100-FG-01,,100.0,10.0,0.0,664.14,2026-06-15,Aftermarket,AFT
AFT-0046,400,400-FG,400-FG-01,,279.0,50.22,0.0,664.14,2026-06-15,Aftermarket,AFT
AFT-0047,100,100-FG,100-FG-01,,380.0,68.4,0.0,1876.46,2026-06-17,Aftermarket,AFT
AFT-0047,400,400-FG,400-FG-01,,684.0,123.12,0.0,1876.46,2026-06-17,Aftermarket,AFT
AFT-0048,300,300-FG,300-FG-01,,4.5,0.81,0.0,2594.19,2026-06-22,Aftermarket,AFT
AFT-0048,400,400-FG,400-FG-01,,8.1,1.458,0.0,2594.19,2026-06-22,Aftermarket,AFT
AFT-0049,100,100-FG,100-FG-01,,20.0,3.6,0.0,719.95,2026-06-26,Aftermarket,AFT
AFT-0049,400,400-FG,400-FG-01,,46.8,8.424,0.0,719.95,2026-06-26,Aftermarket,AFT
AFT-0050,100,100-FG,100-FG-01,,24.0,4.32,0.0,2471.31,2026-06-28,Aftermarket,AFT
AFT-0050,400,400-FG,400-FG-01,,43.2,7.776,0.0,2471.31,2026-06-28,Aftermarket,AFT
AFT-0051,300,300-FG,300-FG-01,,62.0,11.16,0.0,1343.82,2026-06-12,Aftermarket,AFT
AFT-0051,400,400-FG,400-FG-01,,111.6,20.088,0.0,1343.82,2026-06-12,Aftermarket,AFT
AFT-0052,100,100-FG,100-FG-01,,100.0,10.0,0.0,315.62,2026-06-17,Aftermarket,AFT
AFT-0052,400,400-FG,400-FG-01,,342.0,61.56,0.0,315.62,2026-06-17,Aftermarket,AFT
AFT-0053,100,100-FG,100-FG-01,,450.0,81.0,0.0,484.99,2026-06-22,Aftermarket,AFT
AFT-0053,400,400-FG,400-FG-01,,810.0,145.8,0.0,484.99,2026-06-22,Aftermarket,AFT
AFT-0054,300,300-FG,300-FG-01,,5.2,0.936,0.0,278.71,2026-06-23,Aftermarket,AFT
AFT-0054,400,400-FG,400-FG-01,,63.175,2.6,0.0,278.71,2026-06-23,Aftermarket,AFT
AFT-0055,100,100-FG,100-FG-01,,20.0,3.6,0.0,281.39,2026-06-28,Aftermarket,AFT
AFT-0055,400,400-FG,400-FG-01,,21.6,3.888,0.0,281.39,2026-06-28,Aftermarket,AFT
AFT-0056,100,100-FG,100-FG-01,,31.0,5.58,0.0,386.11,2026-06-29,Aftermarket,AFT
AFT-0056,400,400-FG,400-FG-01,,55.8,10.044,0.0,386.11,2026-06-29,Aftermarket,AFT
AFT-0057,300,300-FG,300-FG-01,,76.0,13.68,0.0,618.61,2026-06-14,Aftermarket,AFT
AFT-0057,400,400-FG,400-FG-01,,136.8,24.624,0.0,618.61,2026-06-14,Aftermarket,AFT
AFT-0058,100,100-FG,100-FG-01,,100.0,10.0,0.0,248.59,2026-06-19,Aftermarket,AFT
AFT-0058,400,400-FG,400-FG-01,,405.0,72.9,0.0,248.59,2026-06-19,Aftermarket,AFT
AFT-0059,100,100-FG,100-FG-01,,520.0,93.6,0.0,270.09,2026-06-23,Aftermarket,AFT
AFT-0059,400,400-FG,400-FG-01,,936.0,168.48,0.0,270.09,2026-06-23,Aftermarket,AFT
AFT-0060,300,300-FG,300-FG-01,,2.4,0.432,0.0,381.83,2026-06-28,Aftermarket,AFT
AFT-0060,400,400-FG,400-FG-01,,4.32,0.7776,0.0,381.83,2026-06-28,Aftermarket,AFT
CTL-0001,300,300-FG,300-FG-01,,24.8,4.464,0.0,2176.29,2026-06-10,Finished Good,CTL
CTL-0002,300,300-FG,300-FG-01,,60.8,10.944,0.0,1099.53,2026-06-15,Finished Good,CTL
CTL-0003,300,300-FG,300-FG-01,,144.0,25.92,0.0,1770.14,2026-06-20,Finished Good,CTL
CTL-0004,300,300-FG,300-FG-01,,416.0,74.88,0.0,1388.27,2026-06-24,Finished Good,CTL
CTL-0005,300,300-FG,300-FG-01,,384.0,69.12,0.0,1064.96,2026-06-29,Finished Good,CTL
CTL-0006,300,300-FG,300-FG-01,,10.34,1.55,0.0,1608.41,2026-06-27,Finished Good,CTL
CTL-0007,300,300-FG,300-FG-01,,30.4,5.472,0.0,2206.97,2026-06-15,Finished Good,CTL
CTL-0008,300,300-FG,300-FG-01,,72.0,12.96,0.0,710.8,2026-06-17,Finished Good,CTL
CTL-0009,300,300-FG,300-FG-01,,166.4,29.952,0.0,1465.61,2026-06-18,Finished Good,CTL
CTL-0010,300,300-FG,300-FG-01,,192.0,34.56,0.0,2841.5,2026-06-26,Finished Good,CTL
CTL-0011,300,300-FG,300-FG-01,,496.0,89.28,0.0,2846.92,2026-06-27,Finished Good,CTL
CTL-0012,300,300-FG,300-FG-01,,6.08,1.0944,0.0,4482.68,2026-06-12,Finished Good,CTL
CTL-0013,300,300-FG,300-FG-01,,36.0,6.48,0.0,269.64,2026-06-17,Finished Good,CTL
CTL-0014,300,300-FG,300-FG-01,,91.105,16.3989,0.0,376.33,2026-06-18,Finished Good,CTL
CTL-0015,300,300-FG,300-FG-01,,76.8,13.824,0.0,505.32,2026-06-20,Finished Good,CTL
CTL-0016,300,300-FG,300-FG-01,,248.0,44.64,0.0,273.05,2026-06-27,Finished Good,CTL
CTL-0017,300,300-FG,300-FG-01,,608.0,109.44,0.0,246.27,2026-06-29,Finished Good,CTL
CTL-0018,300,300-FG,300-FG-01,,7.2,1.296,0.0,685.06,2026-06-13,Finished Good,CTL
CTL-0019,300,300-FG,300-FG-01,,41.6,7.488,0.0,1008.86,2026-06-18,Finished Good,CTL
CTL-0020,300,300-FG,300-FG-01,,38.4,6.912,0.0,687.11,2026-06-20,Finished Good,CTL
CTL-0021,300,300-FG,300-FG-01,,99.2,17.856,0.0,849.25,2026-06-27,Finished Good,CTL
CTL-0022,300,300-FG,300-FG-01,,304.0,54.72,0.0,2070.12,2026-06-29,Finished Good,CTL
CTL-0023,300,300-FG,300-FG-01,,720.0,129.6,0.0,1243.13,2026-06-13,Finished Good,CTL
CTL-0024,300,300-FG,300-FG-01,,8.32,1.4976,0.0,782.2,2026-06-15,Finished Good,CTL
CTL-0025,300,300-FG,300-FG-01,,19.2,3.456,0.0,1240.54,2026-06-20,Finished Good,CTL
CTL-0026,300,300-FG,300-FG-01,,49.6,8.928,0.0,1044.37,2026-06-21,Finished Good,CTL
CTL-0027,300,300-FG,300-FG-01,,121.6,21.888,0.0,1052.17,2026-06-29,Finished Good,CTL
CTL-0028,300,300-FG,300-FG-01,,360.0,64.8,0.0,2359.35,2026-06-10,Finished Good,CTL
CTL-0029,300,300-FG,300-FG-01,,832.0,149.76,0.0,746.13,2026-06-15,Finished Good,CTL
CTL-0030,300,300-FG,300-FG-01,,15.94,1.2,0.0,2928.54,2026-06-20,Finished Good,CTL
CTL-0031,300,300-FG,300-FG-01,,24.8,4.464,0.0,1954.36,2026-06-21,Finished Good,CTL
CTL-0032,300,300-FG,300-FG-01,,60.8,10.944,0.0,1947.93,2026-06-23,Finished Good,CTL
CTL-0033,300,300-FG,300-FG-01,,144.0,25.92,0.0,3676.55,2026-06-12,Finished Good,CTL
CTL-0034,300,300-FG,300-FG-01,,416.0,74.88,0.0,1946.56,2026-06-12,Finished Good,CTL
CTL-0035,300,300-FG,300-FG-01,,384.0,69.12,0.0,3084.65,2026-06-17,Finished Good,CTL
CTL-0036,300,300-FG,300-FG-01,,28.3,1.55,0.0,3755.26,2026-06-21,Finished Good,CTL
CTL-0037,300,300-FG,300-FG-01,,30.4,5.472,0.0,4331.49,2026-06-23,Finished Good,CTL
CTL-0038,300,300-FG,300-FG-01,,72.0,12.96,0.0,1627.95,2026-06-24,Finished Good,CTL
CTL-0039,300,300-FG,300-FG-01,,166.4,29.952,0.0,1883.78,2026-06-12,Finished Good,CTL
CTL-0040,300,300-FG,300-FG-01,,192.0,34.56,0.0,3693.39,2026-06-13,Finished Good,CTL
DRV-0001,100,100-FG,100-FG-01,,24.8,4.464,0.0,1077.99,2026-06-13,Finished Good,DRV
DRV-0002,200,200-FG,200-FG-01,,60.8,10.944,0.0,2270.82,2026-06-18,Finished Good,DRV
DRV-0003,100,100-FG,100-FG-01,,144.0,25.92,0.0,1969.65,2026-06-20,Finished Good,DRV
DRV-0004,200,200-FG,200-FG-01,,416.0,74.88,0.0,766.25,2026-06-21,Finished Good,DRV
DRV-0005,100,100-FG,100-FG-01,,384.0,69.12,0.0,1162.73,2026-06-29,Finished Good,DRV
DRV-0006,200,200-FG,200-FG-01,,26.675,1.55,0.0,1777.77,2026-06-10,Finished Good,DRV
DRV-0007,100,100-FG,100-FG-01,,30.4,5.472,0.0,1355.9,2026-06-15,Finished Good,DRV
DRV-0008,200,200-FG,200-FG-01,,72.0,12.96,0.0,260.07,2026-06-20,Finished Good,DRV
DRV-0009,100,100-FG,100-FG-01,,166.4,29.952,0.0,304.81,2026-06-21,Finished Good,DRV
DRV-0010,200,200-FG,200-FG-01,,192.0,34.56,0.0,364.42,2026-06-29,Finished Good,DRV
DRV-0011,100,100-FG,100-FG-01,,496.0,89.28,0.0,823.39,2026-06-10,Finished Good,DRV
DRV-0012,200,200-FG,200-FG-01,,6.08,1.0944,0.0,236.26,2026-06-12,Finished Good,DRV
DRV-0013,100,100-FG,100-FG-01,,36.0,6.48,0.0,534.24,2026-06-17,Finished Good,DRV
DRV-0014,200,200-FG,200-FG-01,,83.2,14.976,0.0,976.84,2026-06-21,Finished Good,DRV
DRV-0015,100,100-FG,100-FG-01,,76.8,13.824,0.0,1233.73,2026-06-23,Finished Good,DRV
DRV-0016,200,200-FG,200-FG-01,,248.0,44.64,0.0,381.81,2026-06-07,Finished Good,DRV
DRV-0017,100,100-FG,100-FG-01,,608.0,109.44,0.0,777.04,2026-06-12,Finished Good,DRV
DRV-0018,200,200-FG,200-FG-01,,72.92,2.25,0.0,1468.75,2026-06-17,Finished Good,DRV
DRV-0019,100,100-FG,100-FG-01,,41.6,7.488,0.0,1404.59,2026-06-18,Finished Good,DRV
DRV-0020,200,200-FG,200-FG-01,,90.46,12.0,0.0,956.79,2026-06-23,Finished Good,DRV
DRV-0021,100,100-FG,100-FG-01,,99.2,17.856,0.0,1026.04,2026-06-24,Finished Good,DRV
DRV-0022,200,200-FG,200-FG-01,,304.0,54.72,0.0,4199.01,2026-06-09,Finished Good,DRV
DRV-0023,100,100-FG,100-FG-01,,720.0,129.6,0.0,1456.75,2026-06-13,Finished Good,DRV
DRV-0024,200,200-FG,200-FG-01,,42.91,2.6,0.0,1625.62,2026-06-18,Finished Good,DRV
DRV-0025,100,100-FG,100-FG-01,,19.2,3.456,0.0,2240.86,2026-06-23,Finished Good,DRV
DRV-0026,200,200-FG,200-FG-01,,49.6,8.928,0.0,638.78,2026-06-24,Finished Good,DRV
DRV-0027,100,100-FG,100-FG-01,,121.6,21.888,0.0,1168.75,2026-06-26,Finished Good,DRV
DRV-0028,200,200-FG,200-FG-01,,360.0,64.8,0.0,2358.69,2026-06-10,Finished Good,DRV
DRV-0029,100,100-FG,100-FG-01,,832.0,149.76,0.0,1617.15,2026-06-15,Finished Good,DRV
DRV-0030,200,200-FG,200-FG-01,,24.135,1.2,0.0,447.72,2026-06-20,Finished Good,DRV
DRV-0031,100,100-FG,100-FG-01,,24.8,4.464,0.0,1392.99,2026-06-24,Finished Good,DRV
DRV-0032,200,200-FG,200-FG-01,,60.8,10.944,0.0,242.87,2026-06-26,Finished Good,DRV
DRV-0033,100,100-FG,100-FG-01,,144.0,25.92,0.0,1124.91,2026-06-27,Finished Good,DRV
DRV-0034,200,200-FG,200-FG-01,,416.0,74.88,0.0,423.99,2026-06-15,Finished Good,DRV
DRV-0035,100,100-FG,100-FG-01,,384.0,69.12,0.0,904.12,2026-06-17,Finished Good,DRV
DRV-0036,200,200-FG,200-FG-01,,48.75,1.55,0.0,1497.19,2026-06-21,Finished Good,DRV
DRV-0037,100,100-FG,100-FG-01,,30.4,5.472,0.0,4469.49,2026-06-26,Finished Good,DRV
DRV-0038,200,200-FG,200-FG-01,,72.0,12.96,0.0,544.33,2026-06-27,Finished Good,DRV
DRV-0039,100,100-FG,100-FG-01,,166.4,29.952,0.0,385.26,2026-06-12,Finished Good,DRV
DRV-0040,200,200-FG,200-FG-01,,192.0,34.56,0.0,218.96,2026-06-17,Finished Good,DRV
DRV-0041,100,100-FG,100-FG-01,,496.0,89.28,0.0,271.46,2026-06-21,Finished Good,DRV
DRV-0042,200,200-FG,200-FG-01,,48.18,1.9,0.0,409.54,2026-06-23,Finished Good,DRV
DRV-0043,100,100-FG,100-FG-01,,36.0,6.48,0.0,581.67,2026-06-27,Finished Good,DRV
DRV-0044,200,200-FG,200-FG-01,,83.2,14.976,0.0,219.04,2026-06-29,Finished Good,DRV
DRV-0045,100,100-FG,100-FG-01,,76.8,13.824,0.0,378.81,2026-06-13,Finished Good,DRV
DRV-0046,200,200-FG,200-FG-01,,248.0,44.64,0.0,877.32,2026-06-18,Finished Good,DRV
DRV-0047,100,100-FG,100-FG-01,,608.0,109.44,0.0,3735.12,2026-06-23,Finished Good,DRV
DRV-0048,200,200-FG,200-FG-01,,106.7,2.25,0.0,916.04,2026-06-27,Finished Good,DRV
DRV-0049,100,100-FG,100-FG-01,,41.6,7.488,0.0,1199.79,2026-06-29,Finished Good,DRV
DRV-0050,200,200-FG,200-FG-01,,38.4,6.912,0.0,3137.3,2026-06-13,Finished Good,DRV
DRV-0051,100,100-FG,100-FG-01,,99.2,17.856,0.0,3162.97,2026-06-15,Finished Good,DRV
DRV-0052,200,200-FG,200-FG-01,,304.0,54.72,0.0,1298.13,2026-06-20,Finished Good,DRV
DRV-0053,100,100-FG,100-FG-01,,720.0,129.6,0.0,2495.93,2026-06-24,Finished Good,DRV
DRV-0054,200,200-FG,200-FG-01,,19.065,2.6,0.0,2389.08,2026-06-29,Finished Good,DRV
DRV-0055,100,100-FG,100-FG-01,,19.2,3.456,0.0,5400.42,2026-06-10,Finished Good,DRV
DRV-0056,200,200-FG,200-FG-01,,49.6,8.928,0.0,2993.17,2026-06-15,Finished Good,DRV
DRV-0057,100,100-FG,100-FG-01,,121.6,21.888,0.0,3870.18,2026-06-20,Finished Good,DRV
DRV-0058,200,200-FG,200-FG-01,,360.0,64.8,0.0,2026.68,2026-06-18,Finished Good,DRV
DRV-0059,100,100-FG,100-FG-01,,832.0,149.76,0.0,4086.28,2026-06-26,Finished Good,DRV
DRV-0060,200,200-FG,200-FG-01,,26.23,1.2,0.0,373.77,2026-06-27,Finished Good,DRV
PC-0001,100,100-RM,100-RM-01,,23.6375,4.2548,0.0,47.91,2026-06-24,Purchased Component,
PC-0001,200,200-RM,200-RM-01,,23.6375,4.2548,0.0,47.91,2023-12-31,Purchased Component,
PC-0001,300,300-RM,300-RM-01,,23.6375,4.2548,0.0,47.91,2023-12-31,Purchased Component,
PC-0001,400,400-RM,400-RM-01,,42.5475,7.6586,0.0,47.91,2023-12-31,Purchased Component,
PC-0002,100,100-RM,100-RM-01,,57.95,10.431,0.0,51.19,2026-06-24,Purchased Component,
PC-0002,200,200-RM,200-RM-01,,57.95,10.431,0.0,51.19,2023-12-31,Purchased Component,
PC-0002,300,300-RM,300-RM-01,,57.95,10.431,0.0,51.19,2026-06-25,Purchased Component,
PC-0002,400,400-RM,400-RM-01,,104.31,18.7758,0.0,51.19,2023-12-31,Purchased Component,
PC-0003,100,100-RM,100-RM-01,,137.25,24.705,0.0,54.46,2026-06-19,Purchased Component,
PC-0003,200,200-RM,200-RM-01,,137.25,24.705,0.0,54.46,2026-06-21,Purchased Component,
PC-0003,300,300-RM,300-RM-01,,137.25,24.705,0.0,54.46,2023-12-31,Purchased Component,
PC-0003,400,400-RM,400-RM-01,,247.05,44.469,0.0,54.46,2023-12-31,Purchased Component,
PC-0004,100,100-RM,100-RM-01,,396.5,71.37,0.0,57.73,2026-06-27,Purchased Component,
PC-0004,200,200-RM,200-RM-01,,396.5,71.37,0.0,57.73,2023-12-31,Purchased Component,
PC-0004,300,300-RM,300-RM-01,,396.5,71.37,0.0,57.73,2026-06-24,Purchased Component,
PC-0004,400,400-RM,400-RM-01,,713.7,128.466,0.0,57.73,2023-12-31,Purchased Component,
PC-0005,100,100-RM,100-RM-01,,366.0,65.88,0.0,61.0,2026-06-25,Purchased Component,
PC-0005,200,200-RM,200-RM-01,,366.0,65.88,0.0,61.0,2026-06-25,Purchased Component,
PC-0005,300,300-RM,300-RM-01,,366.0,65.88,0.0,61.0,2026-06-21,Purchased Component,
PC-0005,400,400-RM,400-RM-01,,658.8,118.584,0.0,61.0,2023-12-31,Purchased Component,
PC-0006,100,100-RM,100-RM-01,,4.7275,0.851,0.0,64.28,2026-06-11,Purchased Component,
PC-0006,200,200-RM,200-RM-01,,4.7275,0.851,0.0,64.28,2023-12-31,Purchased Component,
PC-0006,300,300-RM,300-RM-01,,4.7275,0.851,0.0,64.28,2023-12-31,Purchased Component,
PC-0006,400,400-RM,400-RM-01,,8.5095,1.5317,0.0,64.28,2023-12-31,Purchased Component,
PC-0007,100,100-RM,100-RM-01,,28.975,5.2155,0.0,67.55,2026-06-16,Purchased Component,
PC-0007,200,200-RM,200-RM-01,,28.975,5.2155,0.0,67.55,2023-12-31,Purchased Component,
PC-0007,300,300-RM,300-RM-01,,28.975,5.2155,0.0,67.55,2026-06-16,Purchased Component,
PC-0007,400,400-RM,400-RM-01,,52.155,9.3879,0.0,67.55,2023-12-31,Purchased Component,
PC-0008,100,100-RM,100-RM-01,,68.625,12.3525,0.0,70.82,2023-12-31,Purchased Component,
PC-0008,200,200-RM,200-RM-01,,68.625,12.3525,0.0,70.82,2026-06-18,Purchased Component,
PC-0008,300,300-RM,300-RM-01,,68.625,12.3525,0.0,70.82,2026-06-20,Purchased Component,
PC-0008,400,400-RM,400-RM-01,,123.525,22.2345,0.0,70.82,2023-12-31,Purchased Component,
PC-0009,100,100-RM,100-RM-01,,158.6,28.548,0.0,74.09,2026-06-16,Purchased Component,
PC-0009,200,200-RM,200-RM-01,,158.6,28.548,0.0,74.09,2026-06-18,Purchased Component,
PC-0009,300,300-RM,300-RM-01,,158.6,28.548,0.0,74.09,2026-06-18,Purchased Component,
PC-0009,400,400-RM,400-RM-01,,285.48,51.3864,0.0,74.09,2023-12-31,Purchased Component,
PC-0010,100,100-RM,100-RM-01,,183.0,32.94,0.0,77.37,2026-06-22,Purchased Component,
PC-0010,200,200-RM,200-RM-01,,183.0,32.94,0.0,77.37,2023-12-31,Purchased Component,
PC-0010,300,300-RM,300-RM-01,,183.0,32.94,0.0,77.37,2026-06-15,Purchased Component,
PC-0010,400,400-RM,400-RM-01,,329.4,59.292,0.0,77.37,2023-12-31,Purchased Component,
PC-0011,100,100-RM,100-RM-01,,472.75,85.095,0.0,80.64,2026-06-24,Purchased Component,
PC-0011,200,200-RM,200-RM-01,,472.75,85.095,0.0,80.64,2026-06-24,Purchased Component,
PC-0011,300,300-RM,300-RM-01,,472.75,85.095,0.0,80.64,2023-12-31,Purchased Component,
PC-0011,400,400-RM,400-RM-01,,850.95,153.171,0.0,80.64,2023-12-31,Purchased Component,
PC-0012,100,100-RM,100-RM-01,,5.795,1.0431,0.0,83.91,2026-06-25,Purchased Component,
PC-0012,200,200-RM,200-RM-01,,5.795,1.0431,0.0,83.91,2023-12-31,Purchased Component,
PC-0012,300,300-RM,300-RM-01,,5.795,1.0431,0.0,83.91,2026-06-27,Purchased Component,
PC-0012,400,400-RM,400-RM-01,,10.431,1.8776,0.0,83.91,2023-12-31,Purchased Component,
PC-0013,100,100-RM,100-RM-01,,34.3125,6.1763,0.0,87.19,2026-06-21,Purchased Component,
PC-0013,200,200-RM,200-RM-01,,34.3125,6.1763,0.0,87.19,2026-06-25,Purchased Component,
PC-0013,300,300-RM,300-RM-01,,34.3125,6.1763,0.0,87.19,2026-06-27,Purchased Component,
PC-0013,400,400-RM,400-RM-01,,61.7625,11.1173,0.0,87.19,2023-12-31,Purchased Component,
PC-0014,100,100-RM,100-RM-01,,79.3,14.274,0.0,90.46,2026-06-16,Purchased Component,
PC-0014,200,200-RM,200-RM-01,,79.3,14.274,0.0,90.46,2026-06-05,Purchased Component,
PC-0014,300,300-RM,300-RM-01,,79.3,14.274,0.0,90.46,2026-06-15,Purchased Component,
PC-0014,400,400-RM,400-RM-01,,142.74,25.6932,0.0,90.46,2023-12-31,Purchased Component,
PC-0015,100,100-RM,100-RM-01,,73.2,13.176,0.0,93.73,2026-06-25,Purchased Component,
PC-0015,200,200-RM,200-RM-01,,73.2,13.176,0.0,93.73,2023-12-31,Purchased Component,
PC-0015,300,300-RM,300-RM-01,,73.2,13.176,0.0,93.73,2026-06-25,Purchased Component,
PC-0015,400,400-RM,400-RM-01,,131.76,23.7168,0.0,93.73,2023-12-31,Purchased Component,
PC-0016,100,100-RM,100-RM-01,,236.375,42.5475,0.0,97.0,2026-06-21,Purchased Component,
PC-0016,200,200-RM,200-RM-01,,236.375,42.5475,0.0,97.0,2026-06-27,Purchased Component,
PC-0016,300,300-RM,300-RM-01,,236.375,42.5475,0.0,97.0,2026-06-18,Purchased Component,
PC-0016,400,400-RM,400-RM-01,,425.475,76.5855,0.0,97.0,2023-12-31,Purchased Component,
PC-0017,100,100-RM,100-RM-01,,579.5,104.31,0.0,100.28,2026-06-19,Purchased Component,
PC-0017,200,200-RM,200-RM-01,,579.5,104.31,0.0,100.28,2026-06-16,Purchased Component,
PC-0017,300,300-RM,300-RM-01,,579.5,104.31,0.0,100.28,2023-12-31,Purchased Component,
PC-0017,400,400-RM,400-RM-01,,1043.1,187.758,0.0,100.28,2023-12-31,Purchased Component,
PC-0018,100,100-RM,100-RM-01,,6.8625,1.2353,0.0,103.55,2023-12-31,Purchased Component,
PC-0018,200,200-RM,200-RM-01,,6.8625,1.2353,0.0,103.55,2026-06-25,Purchased Component,
PC-0018,300,300-RM,300-RM-01,,6.8625,1.2353,0.0,103.55,2023-12-31,Purchased Component,
PC-0018,400,400-RM,400-RM-01,,12.3525,2.2235,0.0,103.55,2023-12-31,Purchased Component,
PC-0019,100,100-RM,100-RM-01,,39.65,7.137,0.0,106.82,2026-06-27,Purchased Component,
PC-0019,200,200-RM,200-RM-01,,39.65,7.137,0.0,106.82,2026-06-19,Purchased Component,
PC-0019,300,300-RM,300-RM-01,,39.65,7.137,0.0,106.82,2026-06-25,Purchased Component,
PC-0019,400,400-RM,400-RM-01,,71.37,12.8466,0.0,106.82,2023-12-31,Purchased Component,
PC-0020,100,100-RM,100-RM-01,,36.6,6.588,0.0,110.09,2026-06-13,Purchased Component,
PC-0020,200,200-RM,200-RM-01,,36.6,6.588,0.0,110.09,2023-12-31,Purchased Component,
PC-0020,300,300-RM,300-RM-01,,36.6,6.588,0.0,110.09,2026-06-22,Purchased Component,
PC-0020,400,400-RM,400-RM-01,,65.88,11.8584,0.0,110.09,2023-12-31,Purchased Component,
PC-0021,100,100-RM,100-RM-01,,94.55,17.019,0.0,113.37,2026-06-11,Purchased Component,
PC-0021,200,200-RM,200-RM-01,,94.55,17.019,0.0,113.37,2026-06-27,Purchased Component,
PC-0021,300,300-RM,300-RM-01,,94.55,17.019,0.0,113.37,2023-12-31,Purchased Component,
PC-0021,400,400-RM,400-RM-01,,170.19,30.6342,0.0,113.37,2023-12-31,Purchased Component,
PC-0022,100,100-RM,100-RM-01,,289.75,52.155,0.0,116.64,2026-06-25,Purchased Component,
PC-0022,200,200-RM,200-RM-01,,289.75,52.155,0.0,116.64,2026-06-27,Purchased Component,
PC-0022,300,300-RM,300-RM-01,,289.75,52.155,0.0,116.64,2023-12-31,Purchased Component,
PC-0022,400,400-RM,400-RM-01,,521.55,93.879,0.0,116.64,2023-12-31,Purchased Component,
PC-0023,100,100-RM,100-RM-01,,686.25,123.525,0.0,119.91,2026-06-18,Purchased Component,
PC-0023,200,200-RM,200-RM-01,,686.25,123.525,0.0,119.91,2026-06-16,Purchased Component,
PC-0023,300,300-RM,300-RM-01,,686.25,123.525,0.0,119.91,2023-12-31,Purchased Component,
PC-0023,400,400-RM,400-RM-01,,1235.25,222.345,0.0,119.91,2023-12-31,Purchased Component,
PC-0024,100,100-RM,100-RM-01,,7.93,1.4274,0.0,123.19,2026-06-24,Purchased Component,
PC-0024,200,200-RM,200-RM-01,,7.93,1.4274,0.0,123.19,2023-12-31,Purchased Component,
PC-0024,300,300-RM,300-RM-01,,7.93,1.4274,0.0,123.19,2026-06-16,Purchased Component,
PC-0024,400,400-RM,400-RM-01,,14.274,2.5693,0.0,123.19,2023-12-31,Purchased Component,
PC-0025,100,100-RM,100-RM-01,,18.3,3.294,0.0,126.46,2026-06-24,Purchased Component,
PC-0025,200,200-RM,200-RM-01,,18.3,3.294,0.0,126.46,2023-12-31,Purchased Component,
PC-0025,300,300-RM,300-RM-01,,18.3,3.294,0.0,126.46,2026-06-19,Purchased Component,
PC-0025,400,400-RM,400-RM-01,,32.94,5.9292,0.0,126.46,2023-12-31,Purchased Component,
PC-0026,100,100-RM,100-RM-01,,47.275,8.5095,0.0,129.73,2026-06-19,Purchased Component,
PC-0026,200,200-RM,200-RM-01,,47.275,8.5095,0.0,129.73,2026-06-21,Purchased Component,
PC-0026,300,300-RM,300-RM-01,,47.275,8.5095,0.0,129.73,2023-12-31,Purchased Component,
PC-0026,400,400-RM,400-RM-01,,85.095,15.3171,0.0,129.73,2023-12-31,Purchased Component,
PC-0027,100,100-RM,100-RM-01,,115.9,20.862,0.0,133.0,2026-06-27,Purchased Component,
PC-0027,200,200-RM,200-RM-01,,115.9,20.862,0.0,133.0,2023-12-31,Purchased Component,
PC-0027,300,300-RM,300-RM-01,,115.9,20.862,0.0,133.0,2026-06-24,Purchased Component,
PC-0027,400,400-RM,400-RM-01,,208.62,37.5516,0.0,133.0,2023-12-31,Purchased Component,
PC-0028,100,100-RM,100-RM-01,,343.125,61.7625,0.0,136.28,2026-06-25,Purchased Component,
PC-0028,200,200-RM,200-RM-01,,343.125,61.7625,0.0,136.28,2026-06-25,Purchased Component,
PC-0028,300,300-RM,300-RM-01,,343.125,61.7625,0.0,136.28,2026-06-21,Purchased Component,
PC-0028,400,400-RM,400-RM-01,,617.625,111.1725,0.0,136.28,2023-12-31,Purchased Component,
PC-0029,100,100-RM,100-RM-01,,793.0,142.74,0.0,139.55,2026-06-25,Purchased Component,
PC-0029,200,200-RM,200-RM-01,,793.0,142.74,0.0,139.55,2023-12-31,Purchased Component,
PC-0029,300,300-RM,300-RM-01,,793.0,142.74,0.0,139.55,2023-12-31,Purchased Component,
PC-0029,400,400-RM,400-RM-01,,1427.4,256.932,0.0,139.55,2023-12-31,Purchased Component,
PC-0030,100,100-RM,100-RM-01,,3.66,0.6588,0.0,142.82,2026-06-16,Purchased Component,
PC-0030,200,200-RM,200-RM-01,,3.66,0.6588,0.0,142.82,2023-12-31,Purchased Component,
PC-0030,300,300-RM,300-RM-01,,3.66,0.6588,0.0,142.82,2026-06-16,Purchased Component,
PC-0030,400,400-RM,400-RM-01,,6.588,1.1858,0.0,142.82,2023-12-31,Purchased Component,
PC-0031,100,100-RM,100-RM-01,,23.6375,4.2548,0.0,44.64,2023-12-31,Purchased Component,
PC-0031,200,200-RM,200-RM-01,,23.6375,4.2548,0.0,44.64,2026-06-17,Purchased Component,
PC-0031,300,300-RM,300-RM-01,,23.6375,4.2548,0.0,44.64,2026-06-22,Purchased Component,
PC-0031,400,400-RM,400-RM-01,,42.5475,7.6586,0.0,44.64,2023-12-31,Purchased Component,
PC-0032,100,100-RM,100-RM-01,,57.95,10.431,0.0,47.91,2026-06-27,Purchased Component,
PC-0032,200,200-RM,200-RM-01,,57.95,10.431,0.0,47.91,2023-12-31,Purchased Component,
PC-0032,300,300-RM,300-RM-01,,57.95,10.431,0.0,47.91,2023-12-31,Purchased Component,
PC-0032,400,400-RM,400-RM-01,,104.31,18.7758,0.0,47.91,2023-12-31,Purchased Component,
PC-0033,100,100-RM,100-RM-01,,137.25,24.705,0.0,51.19,2026-06-22,Purchased Component,
PC-0033,200,200-RM,200-RM-01,,137.25,24.705,0.0,51.19,2026-06-19,Purchased Component,
PC-0033,300,300-RM,300-RM-01,,137.25,24.705,0.0,51.19,2026-06-11,Purchased Component,
PC-0033,400,400-RM,400-RM-01,,247.05,44.469,0.0,51.19,2023-12-31,Purchased Component,
PC-0034,100,100-RM,100-RM-01,,396.5,71.37,0.0,54.46,2026-06-21,Purchased Component,
PC-0034,200,200-RM,200-RM-01,,396.5,71.37,0.0,54.46,2023-12-31,Purchased Component,
PC-0034,300,300-RM,300-RM-01,,396.5,71.37,0.0,54.46,2023-12-31,Purchased Component,
PC-0034,400,400-RM,400-RM-01,,713.7,128.466,0.0,54.46,2023-12-31,Purchased Component,
PC-0035,100,100-RM,100-RM-01,,366.0,65.88,0.0,57.73,2026-06-25,Purchased Component,
PC-0035,200,200-RM,200-RM-01,,366.0,65.88,0.0,57.73,2023-12-31,Purchased Component,
PC-0035,300,300-RM,300-RM-01,,366.0,65.88,0.0,57.73,2026-06-27,Purchased Component,
PC-0035,400,400-RM,400-RM-01,,658.8,118.584,0.0,57.73,2023-12-31,Purchased Component,
PC-0036,100,100-RM,100-RM-01,,4.7275,0.851,0.0,61.0,2026-06-22,Purchased Component,
PC-0036,200,200-RM,200-RM-01,,4.7275,0.851,0.0,61.0,2026-06-25,Purchased Component,
PC-0036,300,300-RM,300-RM-01,,4.7275,0.851,0.0,61.0,2026-06-27,Purchased Component,
PC-0036,400,400-RM,400-RM-01,,8.5095,1.5317,0.0,61.0,2023-12-31,Purchased Component,
PC-0037,100,100-RM,100-RM-01,,28.975,5.2155,0.0,64.28,2026-06-27,Purchased Component,
PC-0037,200,200-RM,200-RM-01,,28.975,5.2155,0.0,64.28,2026-06-08,Purchased Component,
PC-0037,300,300-RM,300-RM-01,,28.975,5.2155,0.0,64.28,2026-06-15,Purchased Component,
PC-0037,400,400-RM,400-RM-01,,52.155,9.3879,0.0,64.28,2023-12-31,Purchased Component,
PC-0038,100,100-RM,100-RM-01,,68.625,12.3525,0.0,67.55,2026-06-25,Purchased Component,
PC-0038,200,200-RM,200-RM-01,,68.625,12.3525,0.0,67.55,2026-06-21,Purchased Component,
PC-0038,300,300-RM,300-RM-01,,68.625,12.3525,0.0,67.55,2026-06-25,Purchased Component,
PC-0038,400,400-RM,400-RM-01,,123.525,22.2345,0.0,67.55,2023-12-31,Purchased Component,
PC-0039,100,100-RM,100-RM-01,,158.6,28.548,0.0,70.82,2026-06-21,Purchased Component,
PC-0039,200,200-RM,200-RM-01,,158.6,28.548,0.0,70.82,2026-06-27,Purchased Component,
PC-0039,300,300-RM,300-RM-01,,158.6,28.548,0.0,70.82,2026-06-18,Purchased Component,
PC-0039,400,400-RM,400-RM-01,,285.48,51.3864,0.0,70.82,2023-12-31,Purchased Component,
PC-0040,100,100-RM,100-RM-01,,183.0,32.94,0.0,74.09,2026-06-19,Purchased Component,
PC-0040,200,200-RM,200-RM-01,,183.0,32.94,0.0,74.09,2026-06-16,Purchased Component,
PC-0040,300,300-RM,300-RM-01,,183.0,32.94,0.0,74.09,2026-06-18,Purchased Component,
PC-0040,400,400-RM,400-RM-01,,329.4,59.292,0.0,74.09,2023-12-31,Purchased Component,
PC-0041,100,100-RM,100-RM-01,,472.75,85.095,0.0,77.37,2026-06-18,Purchased Component,
PC-0041,200,200-RM,200-RM-01,,472.75,85.095,0.0,77.37,2026-06-25,Purchased Component,
PC-0041,300,300-RM,300-RM-01,,472.75,85.095,0.0,77.37,2023-12-31,Purchased Component,
PC-0041,400,400-RM,400-RM-01,,850.95,153.171,0.0,77.37,2023-12-31,Purchased Component,
PC-0042,100,100-RM,100-RM-01,,5.795,1.0431,0.0,80.64,2026-06-27,Purchased Component,
PC-0042,200,200-RM,200-RM-01,,5.795,1.0431,0.0,80.64,2026-06-19,Purchased Component,
PC-0042,300,300-RM,300-RM-01,,5.795,1.0431,0.0,80.64,2026-06-25,Purchased Component,
PC-0042,400,400-RM,400-RM-01,,10.431,1.8776,0.0,80.64,2023-12-31,Purchased Component,
PC-0043,100,100-RM,100-RM-01,,34.3125,6.1763,0.0,83.91,2026-06-13,Purchased Component,
PC-0043,200,200-RM,200-RM-01,,34.3125,6.1763,0.0,83.91,2023-12-31,Purchased Component,
PC-0043,300,300-RM,300-RM-01,,34.3125,6.1763,0.0,83.91,2026-06-22,Purchased Component,
PC-0043,400,400-RM,400-RM-01,,61.7625,11.1173,0.0,83.91,2023-12-31,Purchased Component,
PC-0044,100,100-RM,100-RM-01,,79.3,14.274,0.0,87.19,2026-06-25,Purchased Component,
PC-0044,200,200-RM,200-RM-01,,79.3,14.274,0.0,87.19,2026-06-27,Purchased Component,
PC-0044,300,300-RM,300-RM-01,,79.3,14.274,0.0,87.19,2023-12-31,Purchased Component,
PC-0044,400,400-RM,400-RM-01,,142.74,25.6932,0.0,87.19,2023-12-31,Purchased Component,
PC-0045,100,100-RM,100-RM-01,,73.2,13.176,0.0,90.46,2026-06-25,Purchased Component,
PC-0045,200,200-RM,200-RM-01,,73.2,13.176,0.0,90.46,2026-06-27,Purchased Component,
PC-0045,300,300-RM,300-RM-01,,73.2,13.176,0.0,90.46,2023-12-31,Purchased Component,
PC-0045,400,400-RM,400-RM-01,,131.76,23.7168,0.0,90.46,2023-12-31,Purchased Component,
PC-0046,100,100-RM,100-RM-01,,236.375,42.5475,0.0,93.73,2023-12-31,Purchased Component,
PC-0046,200,200-RM,200-RM-01,,236.375,42.5475,0.0,93.73,2026-06-16,Purchased Component,
PC-0046,300,300-RM,300-RM-01,,236.375,42.5475,0.0,93.73,2023-12-31,Purchased Component,
PC-0046,400,400-RM,400-RM-01,,425.475,76.5855,0.0,93.73,2023-12-31,Purchased Component,
PC-0047,100,100-RM,100-RM-01,,579.5,104.31,0.0,97.0,2026-06-18,Purchased Component,
PC-0047,200,200-RM,200-RM-01,,579.5,104.31,0.0,97.0,2023-12-31,Purchased Component,
PC-0047,300,300-RM,300-RM-01,,579.5,104.31,0.0,97.0,2026-06-16,Purchased Component,
PC-0047,400,400-RM,400-RM-01,,1043.1,187.758,0.0,97.0,2023-12-31,Purchased Component,
PC-0048,100,100-RM,100-RM-01,,6.8625,1.2353,0.0,100.28,2026-06-21,Purchased Component,
PC-0048,200,200-RM,200-RM-01,,6.8625,1.2353,0.0,100.28,2023-12-31,Purchased Component,
PC-0048,300,300-RM,300-RM-01,,6.8625,1.2353,0.0,100.28,2026-06-19,Purchased Component,
PC-0048,400,400-RM,400-RM-01,,12.3525,2.2235,0.0,100.28,2023-12-31,Purchased Component,
PC-0049,100,100-RM,100-RM-01,,39.65,7.137,0.0,103.55,2026-06-19,Purchased Component,
PC-0049,200,200-RM,200-RM-01,,39.65,7.137,0.0,103.55,2026-06-19,Purchased Component,
PC-0049,300,300-RM,300-RM-01,,39.65,7.137,0.0,103.55,2023-12-31,Purchased Component,
PC-0049,400,400-RM,400-RM-01,,71.37,12.8466,0.0,103.55,2023-12-31,Purchased Component,
PC-0050,100,100-RM,100-RM-01,,36.6,6.588,0.0,106.82,2026-06-27,Purchased Component,
PC-0050,200,200-RM,200-RM-01,,36.6,6.588,0.0,106.82,2023-12-31,Purchased Component,
PC-0050,300,300-RM,300-RM-01,,36.6,6.588,0.0,106.82,2026-06-24,Purchased Component,
PC-0050,400,400-RM,400-RM-01,,65.88,11.8584,0.0,106.82,2023-12-31,Purchased Component,
PC-0051,100,100-RM,100-RM-01,,94.55,17.019,0.0,110.09,2026-06-25,Purchased Component,
PC-0051,200,200-RM,200-RM-01,,94.55,17.019,0.0,110.09,2026-06-25,Purchased Component,
PC-0051,300,300-RM,300-RM-01,,94.55,17.019,0.0,110.09,2026-06-18,Purchased Component,
PC-0051,400,400-RM,400-RM-01,,170.19,30.6342,0.0,110.09,2023-12-31,Purchased Component,
PC-0052,100,100-RM,100-RM-01,,289.75,52.155,0.0,113.37,2026-06-25,Purchased Component,
PC-0052,200,200-RM,200-RM-01,,289.75,52.155,0.0,113.37,2026-06-19,Purchased Component,
PC-0052,300,300-RM,300-RM-01,,289.75,52.155,0.0,113.37,2023-12-31,Purchased Component,
PC-0052,400,400-RM,400-RM-01,,521.55,93.879,0.0,113.37,2023-12-31,Purchased Component,
PC-0053,100,100-RM,100-RM-01,,686.25,123.525,0.0,116.64,2026-06-16,Purchased Component,
PC-0053,200,200-RM,200-RM-01,,686.25,123.525,0.0,116.64,2026-06-08,Purchased Component,
PC-0053,300,300-RM,300-RM-01,,686.25,123.525,0.0,116.64,2026-06-11,Purchased Component,
PC-0053,400,400-RM,400-RM-01,,1235.25,222.345,0.0,116.64,2023-12-31,Purchased Component,
PC-0054,100,100-RM,100-RM-01,,7.93,1.4274,0.0,119.91,2023-12-31,Purchased Component,
PC-0054,200,200-RM,200-RM-01,,7.93,1.4274,0.0,119.91,2026-06-13,Purchased Component,
PC-0054,300,300-RM,300-RM-01,,7.93,1.4274,0.0,119.91,2026-06-16,Purchased Component,
PC-0054,400,400-RM,400-RM-01,,14.274,2.5693,0.0,119.91,2023-12-31,Purchased Component,
PC-0055,100,100-RM,100-RM-01,,18.3,3.294,0.0,123.19,2026-06-27,Purchased Component,
PC-0055,200,200-RM,200-RM-01,,18.3,3.294,0.0,123.19,2023-12-31,Purchased Component,
PC-0055,300,300-RM,300-RM-01,,18.3,3.294,0.0,123.19,2026-06-18,Purchased Component,
PC-0055,400,400-RM,400-RM-01,,32.94,5.9292,0.0,123.19,2023-12-31,Purchased Component,
PC-0056,100,100-RM,100-RM-01,,47.275,8.5095,0.0,126.46,2026-06-22,Purchased Component,
PC-0056,200,200-RM,200-RM-01,,47.275,8.5095,0.0,126.46,2026-06-19,Purchased Component,
PC-0056,300,300-RM,300-RM-01,,47.275,8.5095,0.0,126.46,2026-06-11,Purchased Component,
PC-0056,400,400-RM,400-RM-01,,85.095,15.3171,0.0,126.46,2023-12-31,Purchased Component,
PC-0057,100,100-RM,100-RM-01,,115.9,20.862,0.0,129.73,2026-06-25,Purchased Component,
PC-0057,200,200-RM,200-RM-01,,115.9,20.862,0.0,129.73,2023-12-31,Purchased Component,
PC-0057,300,300-RM,300-RM-01,,115.9,20.862,0.0,129.73,2023-12-31,Purchased Component,
PC-0057,400,400-RM,400-RM-01,,208.62,37.5516,0.0,129.73,2023-12-31,Purchased Component,
PC-0058,100,100-RM,100-RM-01,,343.125,61.7625,0.0,133.0,2026-06-27,Purchased Component,
PC-0058,200,200-RM,200-RM-01,,343.125,61.7625,0.0,133.0,2026-06-09,Purchased Component,
PC-0058,300,300-RM,300-RM-01,,343.125,61.7625,0.0,133.0,2026-06-27,Purchased Component,
PC-0058,400,400-RM,400-RM-01,,617.625,111.1725,0.0,133.0,2023-12-31,Purchased Component,
PC-0059,100,100-RM,100-RM-01,,793.0,142.74,0.0,136.28,2026-06-22,Purchased Component,
PC-0059,200,200-RM,200-RM-01,,793.0,142.74,0.0,136.28,2026-06-25,Purchased Component,
PC-0059,300,300-RM,300-RM-01,,793.0,142.74,0.0,136.28,2026-06-27,Purchased Component,
PC-0059,400,400-RM,400-RM-01,,1427.4,256.932,0.0,136.28,2023-12-31,Purchased Component,
PC-0060,100,100-RM,100-RM-01,,3.66,0.6588,0.0,139.55,2026-06-27,Purchased Component,
PC-0060,200,200-RM,200-RM-01,,3.66,0.6588,0.0,139.55,2023-12-31,Purchased Component,
PC-0060,300,300-RM,300-RM-01,,3.66,0.6588,0.0,139.55,2023-12-31,Purchased Component,
PC-0060,400,400-RM,400-RM-01,,6.588,1.1858,0.0,139.55,2023-12-31,Purchased Component,
PC-0061,100,100-RM,100-RM-01,,23.6375,4.2548,0.0,142.82,2026-06-25,Purchased Component,
PC-0061,200,200-RM,200-RM-01,,23.6375,4.2548,0.0,142.82,2026-06-21,Purchased Component,
PC-0061,300,300-RM,300-RM-01,,23.6375,4.2548,0.0,142.82,2026-06-25,Purchased Component,
PC-0061,400,400-RM,400-RM-01,,42.5475,7.6586,0.0,142.82,2023-12-31,Purchased Component,
PC-0062,100,100-RM,100-RM-01,,57.95,10.431,0.0,44.64,2026-06-15,Purchased Component,
PC-0062,200,200-RM,200-RM-01,,57.95,10.431,0.0,44.64,2026-06-27,Purchased Component,
PC-0062,300,300-RM,300-RM-01,,57.95,10.431,0.0,44.64,2023-12-31,Purchased Component,
PC-0062,400,400-RM,400-RM-01,,104.31,18.7758,0.0,44.64,2023-12-31,Purchased Component,
PC-0063,100,100-RM,100-RM-01,,137.25,24.705,0.0,47.91,2026-06-19,Purchased Component,
PC-0063,200,200-RM,200-RM-01,,137.25,24.705,0.0,47.91,2026-06-16,Purchased Component,
PC-0063,300,300-RM,300-RM-01,,137.25,24.705,0.0,47.91,2026-06-18,Purchased Component,
PC-0063,400,400-RM,400-RM-01,,247.05,44.469,0.0,47.91,2023-12-31,Purchased Component,
PC-0064,100,100-RM,100-RM-01,,396.5,71.37,0.0,51.19,2026-06-18,Purchased Component,
PC-0064,200,200-RM,200-RM-01,,396.5,71.37,0.0,51.19,2026-06-25,Purchased Component,
PC-0064,300,300-RM,300-RM-01,,396.5,71.37,0.0,51.19,2026-06-18,Purchased Component,
PC-0064,400,400-RM,400-RM-01,,713.7,128.466,0.0,51.19,2023-12-31,Purchased Component,
PC-0065,100,100-RM,100-RM-01,,366.0,65.88,0.0,54.46,2026-06-24,Purchased Component,
PC-0065,200,200-RM,200-RM-01,,366.0,65.88,0.0,54.46,2026-06-19,Purchased Component,
PC-0065,300,300-RM,300-RM-01,,366.0,65.88,0.0,54.46,2026-06-25,Purchased Component,
PC-0065,400,400-RM,400-RM-01,,658.8,118.584,0.0,54.46,2023-12-31,Purchased Component,
PC-0066,100,100-RM,100-RM-01,,4.7275,0.851,0.0,57.73,2026-06-16,Purchased Component,
PC-0066,200,200-RM,200-RM-01,,4.7275,0.851,0.0,57.73,2026-06-19,Purchased Component,
PC-0066,300,300-RM,300-RM-01,,4.7275,0.851,0.0,57.73,2026-06-22,Purchased Component,
PC-0066,400,400-RM,400-RM-01,,8.5095,1.5317,0.0,57.73,2023-12-31,Purchased Component,
PC-0067,100,100-RM,100-RM-01,,28.975,5.2155,0.0,61.0,2026-06-25,Purchased Component,
PC-0067,200,200-RM,200-RM-01,,28.975,5.2155,0.0,61.0,2026-06-25,Purchased Component,
PC-0067,300,300-RM,300-RM-01,,28.975,5.2155,0.0,61.0,2023-12-31,Purchased Component,
PC-0067,400,400-RM,400-RM-01,,52.155,9.3879,0.0,61.0,2023-12-31,Purchased Component,
PC-0068,100,100-RM,100-RM-01,,68.625,12.3525,0.0,64.28,2026-06-25,Purchased Component,
PC-0068,200,200-RM,200-RM-01,,68.625,12.3525,0.0,64.28,2026-06-27,Purchased Component,
PC-0068,300,300-RM,300-RM-01,,68.625,12.3525,0.0,64.28,2023-12-31,Purchased Component,
PC-0068,400,400-RM,400-RM-01,,123.525,22.2345,0.0,64.28,2023-12-31,Purchased Component,
PC-0069,100,100-RM,100-RM-01,,158.6,28.548,0.0,67.55,2026-06-27,Purchased Component,
PC-0069,200,200-RM,200-RM-01,,158.6,28.548,0.0,67.55,2026-06-16,Purchased Component,
PC-0069,300,300-RM,300-RM-01,,158.6,28.548,0.0,67.55,2023-12-31,Purchased Component,
PC-0069,400,400-RM,400-RM-01,,285.48,51.3864,0.0,67.55,2023-12-31,Purchased Component,
PC-0070,100,100-RM,100-RM-01,,183.0,32.94,0.0,70.82,2026-06-18,Purchased Component,
PC-0070,200,200-RM,200-RM-01,,183.0,32.94,0.0,70.82,2023-12-31,Purchased Component,
PC-0070,300,300-RM,300-RM-01,,183.0,32.94,0.0,70.82,2026-06-16,Purchased Component,
PC-0070,400,400-RM,400-RM-01,,329.4,59.292,0.0,70.82,2023-12-31,Purchased Component,
PC-0071,100,100-RM,100-RM-01,,472.75,85.095,0.0,74.09,2026-06-21,Purchased Component,
PC-0071,200,200-RM,200-RM-01,,472.75,85.095,0.0,74.09,2023-12-31,Purchased Component,
PC-0071,300,300-RM,300-RM-01,,472.75,85.095,0.0,74.09,2026-06-16,Purchased Component,
PC-0071,400,400-RM,400-RM-01,,850.95,153.171,0.0,74.09,2023-12-31,Purchased Component,
PC-0072,100,100-RM,100-RM-01,,5.795,1.0431,0.0,77.37,2026-06-22,Purchased Component,
PC-0072,200,200-RM,200-RM-01,,5.795,1.0431,0.0,77.37,2026-06-18,Purchased Component,
PC-0072,300,300-RM,300-RM-01,,5.795,1.0431,0.0,77.37,2023-12-31,Purchased Component,
PC-0072,400,400-RM,400-RM-01,,10.431,1.8776,0.0,77.37,2023-12-31,Purchased Component,
PC-0073,100,100-RM,100-RM-01,,34.3125,6.1763,0.0,80.64,2026-06-27,Purchased Component,
PC-0073,200,200-RM,200-RM-01,,34.3125,6.1763,0.0,80.64,2023-12-31,Purchased Component,
PC-0073,300,300-RM,300-RM-01,,34.3125,6.1763,0.0,80.64,2026-06-24,Purchased Component,
PC-0073,400,400-RM,400-RM-01,,61.7625,11.1173,0.0,80.64,2023-12-31,Purchased Component,
PC-0074,100,100-RM,100-RM-01,,79.3,14.274,0.0,83.91,2026-06-25,Purchased Component,
PC-0074,200,200-RM,200-RM-01,,79.3,14.274,0.0,83.91,2026-06-27,Purchased Component,
PC-0074,300,300-RM,300-RM-01,,79.3,14.274,0.0,83.91,2023-12-31,Purchased Component,
PC-0074,400,400-RM,400-RM-01,,142.74,25.6932,0.0,83.91,2023-12-31,Purchased Component,
PC-0075,100,100-RM,100-RM-01,,73.2,13.176,0.0,87.19,2026-06-25,Purchased Component,
PC-0075,200,200-RM,200-RM-01,,73.2,13.176,0.0,87.19,2026-06-19,Purchased Component,
PC-0075,300,300-RM,300-RM-01,,73.2,13.176,0.0,87.19,2026-06-27,Purchased Component,
PC-0075,400,400-RM,400-RM-01,,131.76,23.7168,0.0,87.19,2023-12-31,Purchased Component,
PC-0076,100,100-RM,100-RM-01,,236.375,42.5475,0.0,90.46,2026-06-16,Purchased Component,
PC-0076,200,200-RM,200-RM-01,,236.375,42.5475,0.0,90.46,2026-06-08,Purchased Component,
PC-0076,300,300-RM,300-RM-01,,236.375,42.5475,0.0,90.46,2026-06-24,Purchased Component,
PC-0076,400,400-RM,400-RM-01,,425.475,76.5855,0.0,90.46,2023-12-31,Purchased Component,
PC-0077,100,100-RM,100-RM-01,,579.5,104.31,0.0,93.73,2026-06-08,Purchased Component,
PC-0077,200,200-RM,200-RM-01,,579.5,104.31,0.0,93.73,2026-06-13,Purchased Component,
PC-0077,300,300-RM,300-RM-01,,579.5,104.31,0.0,93.73,2026-06-16,Purchased Component,
PC-0077,400,400-RM,400-RM-01,,1043.1,187.758,0.0,93.73,2023-12-31,Purchased Component,
PC-0078,100,100-RM,100-RM-01,,6.8625,1.2353,0.0,97.0,2026-06-27,Purchased Component,
PC-0078,200,200-RM,200-RM-01,,6.8625,1.2353,0.0,97.0,2026-06-17,Purchased Component,
PC-0078,300,300-RM,300-RM-01,,6.8625,1.2353,0.0,97.0,2026-06-22,Purchased Component,
PC-0078,400,400-RM,400-RM-01,,12.3525,2.2235,0.0,97.0,2023-12-31,Purchased Component,
PC-0079,100,100-RM,100-RM-01,,39.65,7.137,0.0,100.28,2026-06-22,Purchased Component,
PC-0079,200,200-RM,200-RM-01,,39.65,7.137,0.0,100.28,2026-06-19,Purchased Component,
PC-0079,300,300-RM,300-RM-01,,39.65,7.137,0.0,100.28,2023-12-31,Purchased Component,
PC-0079,400,400-RM,400-RM-01,,71.37,12.8466,0.0,100.28,2023-12-31,Purchased Component,
PC-0080,100,100-RM,100-RM-01,,36.6,6.588,0.0,103.55,2026-06-25,Purchased Component,
PC-0080,200,200-RM,200-RM-01,,36.6,6.588,0.0,103.55,2026-06-27,Purchased Component,
PC-0080,300,300-RM,300-RM-01,,36.6,6.588,0.0,103.55,2023-12-31,Purchased Component,
PC-0080,400,400-RM,400-RM-01,,65.88,11.8584,0.0,103.55,2023-12-31,Purchased Component,
PC-0081,100,100-RM,100-RM-01,,94.55,17.019,0.0,106.82,2026-06-27,Purchased Component,
PC-0081,200,200-RM,200-RM-01,,94.55,17.019,0.0,106.82,2026-06-07,Purchased Component,
PC-0081,300,300-RM,300-RM-01,,94.55,17.019,0.0,106.82,2026-06-27,Purchased Component,
PC-0081,400,400-RM,400-RM-01,,170.19,30.6342,0.0,106.82,2023-12-31,Purchased Component,
PC-0082,100,100-RM,100-RM-01,,289.75,52.155,0.0,110.09,2026-06-22,Purchased Component,
PC-0082,200,200-RM,200-RM-01,,289.75,52.155,0.0,110.09,2026-06-25,Purchased Component,
PC-0082,300,300-RM,300-RM-01,,289.75,52.155,0.0,110.09,2026-06-27,Purchased Component,
PC-0082,400,400-RM,400-RM-01,,521.55,93.879,0.0,110.09,2023-12-31,Purchased Component,
PC-0083,100,100-RM,100-RM-01,,686.25,123.525,0.0,113.37,2026-06-27,Purchased Component,
PC-0083,200,200-RM,200-RM-01,,686.25,123.525,0.0,113.37,2023-12-31,Purchased Component,
PC-0083,300,300-RM,300-RM-01,,686.25,123.525,0.0,113.37,2026-06-27,Purchased Component,
PC-0083,400,400-RM,400-RM-01,,1235.25,222.345,0.0,113.37,2023-12-31,Purchased Component,
PC-0084,100,100-RM,100-RM-01,,7.93,1.4274,0.0,116.64,2026-06-25,Purchased Component,
PC-0084,200,200-RM,200-RM-01,,7.93,1.4274,0.0,116.64,2026-06-21,Purchased Component,
PC-0084,300,300-RM,300-RM-01,,7.93,1.4274,0.0,116.64,2026-06-25,Purchased Component,
PC-0084,400,400-RM,400-RM-01,,14.274,2.5693,0.0,116.64,2023-12-31,Purchased Component,
PC-0085,100,100-RM,100-RM-01,,18.3,3.294,0.0,119.91,2026-06-21,Purchased Component,
PC-0085,200,200-RM,200-RM-01,,18.3,3.294,0.0,119.91,2026-06-27,Purchased Component,
PC-0085,300,300-RM,300-RM-01,,18.3,3.294,0.0,119.91,2026-06-20,Purchased Component,
PC-0085,400,400-RM,400-RM-01,,32.94,5.9292,0.0,119.91,2023-12-31,Purchased Component,
PC-0086,100,100-RM,100-RM-01,,47.275,8.5095,0.0,123.19,2026-06-11,Purchased Component,
PC-0086,200,200-RM,200-RM-01,,47.275,8.5095,0.0,123.19,2026-06-08,Purchased Component,
PC-0086,300,300-RM,300-RM-01,,47.275,8.5095,0.0,123.19,2026-06-18,Purchased Component,
PC-0086,400,400-RM,400-RM-01,,85.095,15.3171,0.0,123.19,2023-12-31,Purchased Component,
PC-0087,100,100-RM,100-RM-01,,115.9,20.862,0.0,126.46,2026-06-24,Purchased Component,
PC-0087,200,200-RM,200-RM-01,,115.9,20.862,0.0,126.46,2026-06-22,Purchased Component,
PC-0087,300,300-RM,300-RM-01,,115.9,20.862,0.0,126.46,2026-06-18,Purchased Component,
PC-0087,400,400-RM,400-RM-01,,208.62,37.5516,0.0,126.46,2023-12-31,Purchased Component,
PC-0088,100,100-RM,100-RM-01,,343.125,61.7625,0.0,129.73,2026-06-24,Purchased Component,
PC-0088,200,200-RM,200-RM-01,,343.125,61.7625,0.0,129.73,2023-12-31,Purchased Component,
PC-0088,300,300-RM,300-RM-01,,343.125,61.7625,0.0,129.73,2023-12-31,Purchased Component,
PC-0088,400,400-RM,400-RM-01,,617.625,111.1725,0.0,129.73,2023-12-31,Purchased Component,
PC-0089,100,100-RM,100-RM-01,,793.0,142.74,0.0,133.0,2026-06-24,Purchased Component,
PC-0089,200,200-RM,200-RM-01,,793.0,142.74,0.0,133.0,2026-06-19,Purchased Component,
PC-0089,300,300-RM,300-RM-01,,793.0,142.74,0.0,133.0,2026-06-19,Purchased Component,
PC-0089,400,400-RM,400-RM-01,,1427.4,256.932,0.0,133.0,2023-12-31,Purchased Component,
PC-0090,100,100-RM,100-RM-01,,3.66,0.6588,0.0,136.28,2026-06-25,Purchased Component,
PC-0090,200,200-RM,200-RM-01,,3.66,0.6588,0.0,136.28,2026-06-25,Purchased Component,
PC-0090,300,300-RM,300-RM-01,,3.66,0.6588,0.0,136.28,2026-06-18,Purchased Component,
PC-0090,400,400-RM,400-RM-01,,6.588,1.1858,0.0,136.28,2023-12-31,Purchased Component,
PC-0091,100,100-RM,100-RM-01,,23.6375,4.2548,0.0,139.55,2026-06-18,Purchased Component,
PC-0091,200,200-RM,200-RM-01,,23.6375,4.2548,0.0,139.55,2026-06-27,Purchased Component,
PC-0091,300,300-RM,300-RM-01,,23.6375,4.2548,0.0,139.55,2026-06-25,Purchased Component,
PC-0091,400,400-RM,400-RM-01,,42.5475,7.6586,0.0,139.55,2023-12-31,Purchased Component,
PC-0092,100,100-RM,100-RM-01,,57.95,10.431,0.0,142.82,2026-06-27,Purchased Component,
PC-0092,200,200-RM,200-RM-01,,57.95,10.431,0.0,142.82,2026-06-18,Purchased Component,
PC-0092,300,300-RM,300-RM-01,,57.95,10.431,0.0,142.82,2023-12-31,Purchased Component,
PC-0092,400,400-RM,400-RM-01,,104.31,18.7758,0.0,142.82,2023-12-31,Purchased Component,
PC-0093,100,100-RM,100-RM-01,,137.25,24.705,0.0,44.64,2026-06-15,Purchased Component,
PC-0093,200,200-RM,200-RM-01,,137.25,24.705,0.0,44.64,2023-12-31,Purchased Component,
PC-0093,300,300-RM,300-RM-01,,137.25,24.705,0.0,44.64,2026-06-21,Purchased Component,
PC-0093,400,400-RM,400-RM-01,,247.05,44.469,0.0,44.64,2023-12-31,Purchased Component,
PC-0094,100,100-RM,100-RM-01,,396.5,71.37,0.0,47.91,2026-06-21,Purchased Component,
PC-0094,200,200-RM,200-RM-01,,396.5,71.37,0.0,47.91,2023-12-31,Purchased Component,
PC-0094,300,300-RM,300-RM-01,,396.5,71.37,0.0,47.91,2026-06-22,Purchased Component,
PC-0094,400,400-RM,400-RM-01,,713.7,128.466,0.0,47.91,2023-12-31,Purchased Component,
PC-0095,100,100-RM,100-RM-01,,366.0,65.88,0.0,51.19,2026-06-22,Purchased Component,
PC-0095,200,200-RM,200-RM-01,,366.0,65.88,0.0,51.19,2026-06-15,Purchased Component,
PC-0095,300,300-RM,300-RM-01,,366.0,65.88,0.0,51.19,2026-06-19,Purchased Component,
PC-0095,400,400-RM,400-RM-01,,658.8,118.584,0.0,51.19,2023-12-31,Purchased Component,
PC-0096,100,100-RM,100-RM-01,,4.7275,0.851,0.0,54.46,2026-06-22,Purchased Component,
PC-0096,200,200-RM,200-RM-01,,4.7275,0.851,0.0,54.46,2026-06-18,Purchased Component,
PC-0096,300,300-RM,300-RM-01,,4.7275,0.851,0.0,54.46,2026-06-24,Purchased Component,
PC-0096,400,400-RM,400-RM-01,,8.5095,1.5317,0.0,54.46,2023-12-31,Purchased Component,
PC-0097,100,100-RM,100-RM-01,,28.975,5.2155,0.0,57.73,2026-06-25,Purchased Component,
PC-0097,200,200-RM,200-RM-01,,28.975,5.2155,0.0,57.73,2026-06-27,Purchased Component,
PC-0097,300,300-RM,300-RM-01,,28.975,5.2155,0.0,57.73,2026-06-10,Purchased Component,
PC-0097,400,400-RM,400-RM-01,,52.155,9.3879,0.0,57.73,2023-12-31,Purchased Component,
PC-0098,100,100-RM,100-RM-01,,68.625,12.3525,0.0,61.0,2026-06-25,Purchased Component,
PC-0098,200,200-RM,200-RM-01,,68.625,12.3525,0.0,61.0,2026-06-22,Purchased Component,
PC-0098,300,300-RM,300-RM-01,,68.625,12.3525,0.0,61.0,2026-06-27,Purchased Component,
PC-0098,400,400-RM,400-RM-01,,123.525,22.2345,0.0,61.0,2023-12-31,Purchased Component,
PC-0099,100,100-RM,100-RM-01,,158.6,28.548,0.0,64.28,2026-06-16,Purchased Component,
PC-0099,200,200-RM,200-RM-01,,158.6,28.548,0.0,64.28,2026-06-16,Purchased Component,
PC-0099,300,300-RM,300-RM-01,,158.6,28.548,0.0,64.28,2026-06-24,Purchased Component,
PC-0099,400,400-RM,400-RM-01,,285.48,51.3864,0.0,64.28,2023-12-31,Purchased Component,
PC-0100,100,100-RM,100-RM-01,,183.0,32.94,0.0,67.55,2026-06-10,Purchased Component,
PC-0100,200,200-RM,200-RM-01,,183.0,32.94,0.0,67.55,2026-06-25,Purchased Component,
PC-0100,300,300-RM,300-RM-01,,183.0,32.94,0.0,67.55,2023-12-31,Purchased Component,
PC-0100,400,400-RM,400-RM-01,,329.4,59.292,0.0,67.55,2023-12-31,Purchased Component,
RM-0001,100,100-RM,100-RM-01,,23.6375,4.2548,0.0,11.98,2026-06-27,Raw Material,
RM-0001,200,200-RM,200-RM-01,,23.6375,4.2548,0.0,11.98,2023-12-31,Raw Material,
RM-0001,300,300-RM,300-RM-01,,23.6375,4.2548,0.0,11.98,2026-06-22,Raw Material,
RM-0001,400,400-RM,400-RM-01,,42.5475,7.6586,0.0,11.98,2023-12-31,Raw Material,
RM-0002,100,100-RM,100-RM-01,,57.95,10.431,0.0,12.8,2026-06-18,Raw Material,
RM-0002,200,200-RM,200-RM-01,,57.95,10.431,0.0,12.8,2026-06-16,Raw Material,
RM-0002,300,300-RM,300-RM-01,,57.95,10.431,0.0,12.8,2026-06-10,Raw Material,
RM-0002,400,400-RM,400-RM-01,,104.31,18.7758,0.0,12.8,2023-12-31,Raw Material,
RM-0003,100,100-RM,100-RM-01,,137.25,24.705,0.0,13.61,2026-06-25,Raw Material,
RM-0003,200,200-RM,200-RM-01,,137.25,24.705,0.0,13.61,2023-12-31,Raw Material,
RM-0003,300,300-RM,300-RM-01,,137.25,24.705,0.0,13.61,2026-06-27,Raw Material,
RM-0003,400,400-RM,400-RM-01,,247.05,44.469,0.0,13.61,2023-12-31,Raw Material,
RM-0004,100,100-RM,100-RM-01,,396.5,71.37,0.0,14.43,2026-06-22,Raw Material,
RM-0004,200,200-RM,200-RM-01,,396.5,71.37,0.0,14.43,2026-06-25,Raw Material,
RM-0004,300,300-RM,300-RM-01,,396.5,71.37,0.0,14.43,2026-06-27,Raw Material,
RM-0004,400,400-RM,400-RM-01,,713.7,128.466,0.0,14.43,2023-12-31,Raw Material,
RM-0005,100,100-RM,100-RM-01,,366.0,65.88,0.0,15.25,2026-06-24,Raw Material,
RM-0005,200,200-RM,200-RM-01,,366.0,65.88,0.0,15.25,2026-06-25,Raw Material,
RM-0005,300,300-RM,300-RM-01,,366.0,65.88,0.0,15.25,2026-06-21,Raw Material,
RM-0005,400,400-RM,400-RM-01,,658.8,118.584,0.0,15.25,2023-12-31,Raw Material,
RM-0006,100,100-RM,100-RM-01,,4.7275,0.851,0.0,16.07,2026-06-27,Raw Material,
RM-0006,200,200-RM,200-RM-01,,4.7275,0.851,0.0,16.07,2023-12-31,Raw Material,
RM-0006,300,300-RM,300-RM-01,,4.7275,0.851,0.0,16.07,2026-06-27,Raw Material,
RM-0006,400,400-RM,400-RM-01,,8.5095,1.5317,0.0,16.07,2023-12-31,Raw Material,
RM-0007,100,100-RM,100-RM-01,,28.975,5.2155,0.0,16.89,2026-06-10,Raw Material,
RM-0007,200,200-RM,200-RM-01,,28.975,5.2155,0.0,16.89,2026-06-08,Raw Material,
RM-0007,300,300-RM,300-RM-01,,28.975,5.2155,0.0,16.89,2026-06-25,Raw Material,
RM-0007,400,400-RM,400-RM-01,,52.155,9.3879,0.0,16.89,2023-12-31,Raw Material,
RM-0008,100,100-RM,100-RM-01,,68.625,12.3525,0.0,17.71,2026-06-27,Raw Material,
RM-0008,200,200-RM,200-RM-01,,68.625,12.3525,0.0,17.71,2026-06-27,Raw Material,
RM-0008,300,300-RM,300-RM-01,,68.625,12.3525,0.0,17.71,2026-06-13,Raw Material,
RM-0008,400,400-RM,400-RM-01,,123.525,22.2345,0.0,17.71,2023-12-31,Raw Material,
RM-0009,100,100-RM,100-RM-01,,158.6,28.548,0.0,18.52,2026-06-15,Raw Material,
RM-0009,200,200-RM,200-RM-01,,158.6,28.548,0.0,18.52,2026-06-11,Raw Material,
RM-0009,300,300-RM,300-RM-01,,158.6,28.548,0.0,18.52,2026-06-24,Raw Material,
RM-0009,400,400-RM,400-RM-01,,285.48,51.3864,0.0,18.52,2023-12-31,Raw Material,
RM-0010,100,100-RM,100-RM-01,,183.0,32.94,0.0,19.34,2026-06-27,Raw Material,
RM-0010,200,200-RM,200-RM-01,,183.0,32.94,0.0,19.34,2026-06-22,Raw Material,
RM-0010,300,300-RM,300-RM-01,,183.0,32.94,0.0,19.34,2026-06-15,Raw Material,
RM-0010,400,400-RM,400-RM-01,,329.4,59.292,0.0,19.34,2023-12-31,Raw Material,
RM-0011,100,100-RM,100-RM-01,,472.75,85.095,0.0,20.16,2026-06-21,Raw Material,
RM-0011,200,200-RM,200-RM-01,,472.75,85.095,0.0,20.16,2023-12-31,Raw Material,
RM-0011,300,300-RM,300-RM-01,,472.75,85.095,0.0,20.16,2026-06-18,Raw Material,
RM-0011,400,400-RM,400-RM-01,,850.95,153.171,0.0,20.16,2023-12-31,Raw Material,
RM-0012,100,100-RM,100-RM-01,,5.795,1.0431,0.0,20.98,2026-06-25,Raw Material,
RM-0012,200,200-RM,200-RM-01,,5.795,1.0431,0.0,20.98,2023-12-31,Raw Material,
RM-0012,300,300-RM,300-RM-01,,5.795,1.0431,0.0,20.98,2026-06-19,Raw Material,
RM-0012,400,400-RM,400-RM-01,,10.431,1.8776,0.0,20.98,2023-12-31,Raw Material,
RM-0013,100,100-RM,100-RM-01,,34.3125,6.1763,0.0,21.8,2023-12-31,Raw Material,
RM-0013,200,200-RM,200-RM-01,,34.3125,6.1763,0.0,21.8,2026-06-18,Raw Material,
RM-0013,300,300-RM,300-RM-01,,34.3125,6.1763,0.0,21.8,2026-06-27,Raw Material,
RM-0013,400,400-RM,400-RM-01,,61.7625,11.1173,0.0,21.8,2023-12-31,Raw Material,
RM-0014,100,100-RM,100-RM-01,,79.3,14.274,0.0,22.61,2026-06-25,Raw Material,
RM-0014,200,200-RM,200-RM-01,,79.3,14.274,0.0,22.61,2026-06-16,Raw Material,
RM-0014,300,300-RM,300-RM-01,,79.3,14.274,0.0,22.61,2026-06-22,Raw Material,
RM-0014,400,400-RM,400-RM-01,,142.74,25.6932,0.0,22.61,2023-12-31,Raw Material,
RM-0015,100,100-RM,100-RM-01,,73.2,13.176,0.0,23.43,2026-06-11,Raw Material,
RM-0015,200,200-RM,200-RM-01,,73.2,13.176,0.0,23.43,2026-06-27,Raw Material,
RM-0015,300,300-RM,300-RM-01,,73.2,13.176,0.0,23.43,2026-06-21,Raw Material,
RM-0015,400,400-RM,400-RM-01,,131.76,23.7168,0.0,23.43,2023-12-31,Raw Material,
RM-0016,100,100-RM,100-RM-01,,236.375,42.5475,0.0,24.25,2026-06-27,Raw Material,
RM-0016,200,200-RM,200-RM-01,,236.375,42.5475,0.0,24.25,2026-06-11,Raw Material,
RM-0016,300,300-RM,300-RM-01,,236.375,42.5475,0.0,24.25,2026-06-18,Raw Material,
RM-0016,400,400-RM,400-RM-01,,425.475,76.5855,0.0,24.25,2023-12-31,Raw Material,
RM-0017,100,100-RM,100-RM-01,,579.5,104.31,0.0,25.07,2026-06-17,Raw Material,
RM-0017,200,200-RM,200-RM-01,,579.5,104.31,0.0,25.07,2026-06-21,Raw Material,
RM-0017,300,300-RM,300-RM-01,,579.5,104.31,0.0,25.07,2026-06-27,Raw Material,
RM-0017,400,400-RM,400-RM-01,,1043.1,187.758,0.0,25.07,2023-12-31,Raw Material,
RM-0018,100,100-RM,100-RM-01,,6.8625,1.2353,0.0,25.89,2026-06-27,Raw Material,
RM-0018,200,200-RM,200-RM-01,,6.8625,1.2353,0.0,25.89,2026-06-15,Raw Material,
RM-0018,300,300-RM,300-RM-01,,6.8625,1.2353,0.0,25.89,2026-06-21,Raw Material,
RM-0018,400,400-RM,400-RM-01,,12.3525,2.2235,0.0,25.89,2023-12-31,Raw Material,
RM-0019,100,100-RM,100-RM-01,,39.65,7.137,0.0,26.71,2026-06-18,Raw Material,
RM-0019,200,200-RM,200-RM-01,,39.65,7.137,0.0,26.71,2026-06-15,Raw Material,
RM-0019,300,300-RM,300-RM-01,,39.65,7.137,0.0,26.71,2026-06-25,Raw Material,
RM-0019,400,400-RM,400-RM-01,,71.37,12.8466,0.0,26.71,2023-12-31,Raw Material,
RM-0020,100,100-RM,100-RM-01,,36.6,6.588,0.0,27.52,2026-06-24,Raw Material,
RM-0020,200,200-RM,200-RM-01,,36.6,6.588,0.0,27.52,2026-06-27,Raw Material,
RM-0020,300,300-RM,300-RM-01,,36.6,6.588,0.0,27.52,2026-06-25,Raw Material,
RM-0020,400,400-RM,400-RM-01,,65.88,11.8584,0.0,27.52,2023-12-31,Raw Material,
RM-0021,100,100-RM,100-RM-01,,94.55,17.019,0.0,28.34,2026-06-25,Raw Material,
RM-0021,200,200-RM,200-RM-01,,94.55,17.019,0.0,28.34,2026-06-25,Raw Material,
RM-0021,300,300-RM,300-RM-01,,94.55,17.019,0.0,28.34,2026-06-15,Raw Material,
RM-0021,400,400-RM,400-RM-01,,170.19,30.6342,0.0,28.34,2023-12-31,Raw Material,
RM-0022,100,100-RM,100-RM-01,,289.75,52.155,0.0,29.16,2026-06-25,Raw Material,
RM-0022,200,200-RM,200-RM-01,,289.75,52.155,0.0,29.16,2026-06-25,Raw Material,
RM-0022,300,300-RM,300-RM-01,,289.75,52.155,0.0,29.16,2026-06-25,Raw Material,
RM-0022,400,400-RM,400-RM-01,,521.55,93.879,0.0,29.16,2023-12-31,Raw Material,
RM-0023,100,100-RM,100-RM-01,,686.25,123.525,0.0,29.98,2026-06-27,Raw Material,
RM-0023,200,200-RM,200-RM-01,,686.25,123.525,0.0,29.98,2026-06-25,Raw Material,
RM-0023,300,300-RM,300-RM-01,,686.25,123.525,0.0,29.98,2026-06-22,Raw Material,
RM-0023,400,400-RM,400-RM-01,,1235.25,222.345,0.0,29.98,2023-12-31,Raw Material,
RM-0024,100,100-RM,100-RM-01,,7.93,1.4274,0.0,30.8,2026-06-27,Raw Material,
RM-0024,200,200-RM,200-RM-01,,7.93,1.4274,0.0,30.8,2026-06-22,Raw Material,
RM-0024,300,300-RM,300-RM-01,,7.93,1.4274,0.0,30.8,2026-06-22,Raw Material,
RM-0024,400,400-RM,400-RM-01,,14.274,2.5693,0.0,30.8,2023-12-31,Raw Material,
RM-0025,100,100-RM,100-RM-01,,18.3,3.294,0.0,31.61,2026-06-27,Raw Material,
RM-0025,200,200-RM,200-RM-01,,18.3,3.294,0.0,31.61,2023-12-31,Raw Material,
RM-0025,300,300-RM,300-RM-01,,18.3,3.294,0.0,31.61,2026-06-10,Raw Material,
RM-0025,400,400-RM,400-RM-01,,32.94,5.9292,0.0,31.61,2023-12-31,Raw Material,
RM-0026,100,100-RM,100-RM-01,,47.275,8.5095,0.0,32.43,2026-06-25,Raw Material,
RM-0026,200,200-RM,200-RM-01,,47.275,8.5095,0.0,32.43,2023-12-31,Raw Material,
RM-0026,300,300-RM,300-RM-01,,47.275,8.5095,0.0,32.43,2026-06-27,Raw Material,
RM-0026,400,400-RM,400-RM-01,,85.095,15.3171,0.0,32.43,2023-12-31,Raw Material,
RM-0027,100,100-RM,100-RM-01,,115.9,20.862,0.0,33.25,2026-06-22,Raw Material,
RM-0027,200,200-RM,200-RM-01,,115.9,20.862,0.0,33.25,2026-06-25,Raw Material,
RM-0027,300,300-RM,300-RM-01,,115.9,20.862,0.0,33.25,2026-06-27,Raw Material,
RM-0027,400,400-RM,400-RM-01,,208.62,37.5516,0.0,33.25,2023-12-31,Raw Material,
RM-0028,100,100-RM,100-RM-01,,343.125,61.7625,0.0,34.07,2026-06-25,Raw Material,
RM-0028,200,200-RM,200-RM-01,,343.125,61.7625,0.0,34.07,2026-06-25,Raw Material,
RM-0028,300,300-RM,300-RM-01,,343.125,61.7625,0.0,34.07,2026-06-21,Raw Material,
RM-0028,400,400-RM,400-RM-01,,617.625,111.1725,0.0,34.07,2023-12-31,Raw Material,
RM-0029,100,100-RM,100-RM-01,,793.0,142.74,0.0,34.89,2026-06-27,Raw Material,
RM-0029,200,200-RM,200-RM-01,,793.0,142.74,0.0,34.89,2023-12-31,Raw Material,
RM-0029,300,300-RM,300-RM-01,,793.0,142.74,0.0,34.89,2026-06-16,Raw Material,
RM-0029,400,400-RM,400-RM-01,,1427.4,256.932,0.0,34.89,2023-12-31,Raw Material,
RM-0030,100,100-RM,100-RM-01,,3.66,0.6588,0.0,35.71,2026-06-24,Raw Material,
RM-0030,200,200-RM,200-RM-01,,3.66,0.6588,0.0,35.71,2026-06-09,Raw Material,
RM-0030,300,300-RM,300-RM-01,,3.66,0.6588,0.0,35.71,2026-06-25,Raw Material,
RM-0030,400,400-RM,400-RM-01,,6.588,1.1858,0.0,35.71,2023-12-31,Raw Material,
RM-0031,100,100-RM,100-RM-01,,23.6375,4.2548,0.0,11.16,2026-06-27,Raw Material,
RM-0031,200,200-RM,200-RM-01,,23.6375,4.2548,0.0,11.16,2026-06-27,Raw Material,
RM-0031,300,300-RM,300-RM-01,,23.6375,4.2548,0.0,11.16,2026-06-13,Raw Material,
RM-0031,400,400-RM,400-RM-01,,42.5475,7.6586,0.0,11.16,2023-12-31,Raw Material,
RM-0032,100,100-RM,100-RM-01,,57.95,10.431,0.0,11.98,2026-06-15,Raw Material,
RM-0032,200,200-RM,200-RM-01,,57.95,10.431,0.0,11.98,2026-06-24,Raw Material,
RM-0032,300,300-RM,300-RM-01,,57.95,10.431,0.0,11.98,2026-06-24,Raw Material,
RM-0032,400,400-RM,400-RM-01,,104.31,18.7758,0.0,11.98,2023-12-31,Raw Material,
RM-0033,100,100-RM,100-RM-01,,137.25,24.705,0.0,12.8,2026-06-27,Raw Material,
RM-0033,200,200-RM,200-RM-01,,137.25,24.705,0.0,12.8,2026-06-19,Raw Material,
RM-0033,300,300-RM,300-RM-01,,137.25,24.705,0.0,12.8,2026-06-15,Raw Material,
RM-0033,400,400-RM,400-RM-01,,247.05,44.469,0.0,12.8,2023-12-31,Raw Material,
RM-0034,100,100-RM,100-RM-01,,396.5,71.37,0.0,13.61,2026-06-21,Raw Material,
RM-0034,200,200-RM,200-RM-01,,396.5,71.37,0.0,13.61,2026-06-14,Raw Material,
RM-0034,300,300-RM,300-RM-01,,396.5,71.37,0.0,13.61,2026-06-24,Raw Material,
RM-0034,400,400-RM,400-RM-01,,713.7,128.466,0.0,13.61,2023-12-31,Raw Material,
RM-0035,100,100-RM,100-RM-01,,366.0,65.88,0.0,14.43,2026-06-25,Raw Material,
RM-0035,200,200-RM,200-RM-01,,366.0,65.88,0.0,14.43,2023-12-31,Raw Material,
RM-0035,300,300-RM,300-RM-01,,366.0,65.88,0.0,14.43,2026-06-19,Raw Material,
RM-0035,400,400-RM,400-RM-01,,658.8,118.584,0.0,14.43,2023-12-31,Raw Material,
RM-0036,100,100-RM,100-RM-01,,4.7275,0.851,0.0,15.25,2026-06-19,Raw Material,
RM-0036,200,200-RM,200-RM-01,,4.7275,0.851,0.0,15.25,2026-06-18,Raw Material,
RM-0036,300,300-RM,300-RM-01,,4.7275,0.851,0.0,15.25,2026-06-27,Raw Material,
RM-0036,400,400-RM,400-RM-01,,8.5095,1.5317,0.0,15.25,2023-12-31,Raw Material,
RM-0037,100,100-RM,100-RM-01,,28.975,5.2155,0.0,16.07,2026-06-25,Raw Material,
RM-0037,200,200-RM,200-RM-01,,28.975,5.2155,0.0,16.07,2026-06-16,Raw Material,
RM-0037,300,300-RM,300-RM-01,,28.975,5.2155,0.0,16.07,2026-06-25,Raw Material,
RM-0037,400,400-RM,400-RM-01,,52.155,9.3879,0.0,16.07,2023-12-31,Raw Material,
RM-0038,100,100-RM,100-RM-01,,68.625,12.3525,0.0,16.89,2026-06-25,Raw Material,
RM-0038,200,200-RM,200-RM-01,,68.625,12.3525,0.0,16.89,2026-06-27,Raw Material,
RM-0038,300,300-RM,300-RM-01,,68.625,12.3525,0.0,16.89,2026-06-21,Raw Material,
RM-0038,400,400-RM,400-RM-01,,123.525,22.2345,0.0,16.89,2023-12-31,Raw Material,
RM-0039,100,100-RM,100-RM-01,,158.6,28.548,0.0,17.71,2026-06-27,Raw Material,
RM-0039,200,200-RM,200-RM-01,,158.6,28.548,0.0,17.71,2026-06-27,Raw Material,
RM-0039,300,300-RM,300-RM-01,,158.6,28.548,0.0,17.71,2026-06-18,Raw Material,
RM-0039,400,400-RM,400-RM-01,,285.48,51.3864,0.0,17.71,2023-12-31,Raw Material,
RM-0040,100,100-RM,100-RM-01,,183.0,32.94,0.0,18.52,2026-06-16,Raw Material,
RM-0040,200,200-RM,200-RM-01,,183.0,32.94,0.0,18.52,2026-06-27,Raw Material,
RM-0040,300,300-RM,300-RM-01,,183.0,32.94,0.0,18.52,2026-06-27,Raw Material,
RM-0040,400,400-RM,400-RM-01,,329.4,59.292,0.0,18.52,2023-12-31,Raw Material,
RM-0041,100,100-RM,100-RM-01,,472.75,85.095,0.0,19.34,2026-06-27,Raw Material,
RM-0041,200,200-RM,200-RM-01,,472.75,85.095,0.0,19.34,2026-06-25,Raw Material,
RM-0041,300,300-RM,300-RM-01,,472.75,85.095,0.0,19.34,2026-06-21,Raw Material,
RM-0041,400,400-RM,400-RM-01,,850.95,153.171,0.0,19.34,2023-12-31,Raw Material,
RM-0042,100,100-RM,100-RM-01,,5.795,1.0431,0.0,20.16,2026-06-18,Raw Material,
RM-0042,200,200-RM,200-RM-01,,5.795,1.0431,0.0,20.16,2026-06-15,Raw Material,
RM-0042,300,300-RM,300-RM-01,,5.795,1.0431,0.0,20.16,2026-06-25,Raw Material,
RM-0042,400,400-RM,400-RM-01,,10.431,1.8776,0.0,20.16,2023-12-31,Raw Material,
RM-0043,100,100-RM,100-RM-01,,34.3125,6.1763,0.0,20.98,2026-06-24,Raw Material,
RM-0043,200,200-RM,200-RM-01,,34.3125,6.1763,0.0,20.98,2026-06-24,Raw Material,
RM-0043,300,300-RM,300-RM-01,,34.3125,6.1763,0.0,20.98,2026-06-25,Raw Material,
RM-0043,400,400-RM,400-RM-01,,61.7625,11.1173,0.0,20.98,2023-12-31,Raw Material,
RM-0044,100,100-RM,100-RM-01,,79.3,14.274,0.0,21.8,2026-06-25,Raw Material,
RM-0044,200,200-RM,200-RM-01,,79.3,14.274,0.0,21.8,2026-06-25,Raw Material,
RM-0044,300,300-RM,300-RM-01,,79.3,14.274,0.0,21.8,2026-06-18,Raw Material,
RM-0044,400,400-RM,400-RM-01,,142.74,25.6932,0.0,21.8,2023-12-31,Raw Material,
RM-0045,100,100-RM,100-RM-01,,73.2,13.176,0.0,22.61,2026-06-25,Raw Material,
RM-0045,200,200-RM,200-RM-01,,73.2,13.176,0.0,22.61,2026-06-25,Raw Material,
RM-0045,300,300-RM,300-RM-01,,73.2,13.176,0.0,22.61,2026-06-25,Raw Material,
RM-0045,400,400-RM,400-RM-01,,131.76,23.7168,0.0,22.61,2023-12-31,Raw Material,
RM-0046,100,100-RM,100-RM-01,,236.375,42.5475,0.0,23.43,2026-06-13,Raw Material,
RM-0046,200,200-RM,200-RM-01,,236.375,42.5475,0.0,23.43,2026-06-27,Raw Material,
RM-0046,300,300-RM,300-RM-01,,236.375,42.5475,0.0,23.43,2026-06-22,Raw Material,
RM-0046,400,400-RM,400-RM-01,,425.475,76.5855,0.0,23.43,2023-12-31,Raw Material,
RM-0047,100,100-RM,100-RM-01,,579.5,104.31,0.0,24.25,2026-06-18,Raw Material,
RM-0047,200,200-RM,200-RM-01,,579.5,104.31,0.0,24.25,2026-06-25,Raw Material,
RM-0047,300,300-RM,300-RM-01,,579.5,104.31,0.0,24.25,2026-06-22,Raw Material,
RM-0047,400,400-RM,400-RM-01,,1043.1,187.758,0.0,24.25,2023-12-31,Raw Material,
RM-0048,100,100-RM,100-RM-01,,6.8625,1.2353,0.0,25.07,2026-06-27,Raw Material,
RM-0048,200,200-RM,200-RM-01,,6.8625,1.2353,0.0,25.07,2023-12-31,Raw Material,
RM-0048,300,300-RM,300-RM-01,,6.8625,1.2353,0.0,25.07,2026-06-10,Raw Material,
RM-0048,400,400-RM,400-RM-01,,12.3525,2.2235,0.0,25.07,2023-12-31,Raw Material,
RM-0049,100,100-RM,100-RM-01,,39.65,7.137,0.0,25.89,2026-06-25,Raw Material,
RM-0049,200,200-RM,200-RM-01,,39.65,7.137,0.0,25.89,2023-12-31,Raw Material,
RM-0049,300,300-RM,300-RM-01,,39.65,7.137,0.0,25.89,2026-06-19,Raw Material,
RM-0049,400,400-RM,400-RM-01,,71.37,12.8466,0.0,25.89,2023-12-31,Raw Material,
RM-0050,100,100-RM,100-RM-01,,36.6,6.588,0.0,26.71,2026-06-22,Raw Material,
RM-0050,200,200-RM,200-RM-01,,36.6,6.588,0.0,26.71,2026-06-25,Raw Material,
RM-0050,300,300-RM,300-RM-01,,36.6,6.588,0.0,26.71,2026-06-27,Raw Material,
RM-0050,400,400-RM,400-RM-01,,65.88,11.8584,0.0,26.71,2023-12-31,Raw Material,
RM-0051,100,100-RM,100-RM-01,,94.55,17.019,0.0,27.52,2026-06-25,Raw Material,
RM-0051,200,200-RM,200-RM-01,,94.55,17.019,0.0,27.52,2026-06-24,Raw Material,
RM-0051,300,300-RM,300-RM-01,,94.55,17.019,0.0,27.52,2026-06-21,Raw Material,
RM-0051,400,400-RM,400-RM-01,,170.19,30.6342,0.0,27.52,2023-12-31,Raw Material,
RM-0052,100,100-RM,100-RM-01,,289.75,52.155,0.0,28.34,2026-06-27,Raw Material,
RM-0052,200,200-RM,200-RM-01,,289.75,52.155,0.0,28.34,2023-12-31,Raw Material,
RM-0052,300,300-RM,300-RM-01,,289.75,52.155,0.0,28.34,2026-06-16,Raw Material,
RM-0052,400,400-RM,400-RM-01,,521.55,93.879,0.0,28.34,2023-12-31,Raw Material,
RM-0053,100,100-RM,100-RM-01,,686.25,123.525,0.0,29.16,2026-06-24,Raw Material,
RM-0053,200,200-RM,200-RM-01,,686.25,123.525,0.0,29.16,2026-06-21,Raw Material,
RM-0053,300,300-RM,300-RM-01,,686.25,123.525,0.0,29.16,2026-06-22,Raw Material,
RM-0053,400,400-RM,400-RM-01,,1235.25,222.345,0.0,29.16,2023-12-31,Raw Material,
RM-0054,100,100-RM,100-RM-01,,7.93,1.4274,0.0,29.98,2026-06-27,Raw Material,
RM-0054,200,200-RM,200-RM-01,,7.93,1.4274,0.0,29.98,2026-06-27,Raw Material,
RM-0054,300,300-RM,300-RM-01,,7.93,1.4274,0.0,29.98,2026-06-13,Raw Material,
RM-0054,400,400-RM,400-RM-01,,14.274,2.5693,0.0,29.98,2023-12-31,Raw Material,
RM-0055,100,100-RM,100-RM-01,,18.3,3.294,0.0,30.8,2026-06-13,Raw Material,
RM-0055,200,200-RM,200-RM-01,,18.3,3.294,0.0,30.8,2026-06-24,Raw Material,
RM-0055,300,300-RM,300-RM-01,,18.3,3.294,0.0,30.8,2026-06-24,Raw Material,
RM-0055,400,400-RM,400-RM-01,,32.94,5.9292,0.0,30.8,2023-12-31,Raw Material,
RM-0056,100,100-RM,100-RM-01,,47.275,8.5095,0.0,31.61,2026-06-27,Raw Material,
RM-0056,200,200-RM,200-RM-01,,47.275,8.5095,0.0,31.61,2026-06-19,Raw Material,
RM-0056,300,300-RM,300-RM-01,,47.275,8.5095,0.0,31.61,2026-06-17,Raw Material,
RM-0056,400,400-RM,400-RM-01,,85.095,15.3171,0.0,31.61,2023-12-31,Raw Material,
RM-0057,100,100-RM,100-RM-01,,115.9,20.862,0.0,32.43,2026-06-15,Raw Material,
RM-0057,200,200-RM,200-RM-01,,115.9,20.862,0.0,32.43,2026-06-11,Raw Material,
RM-0057,300,300-RM,300-RM-01,,115.9,20.862,0.0,32.43,2026-06-24,Raw Material,
RM-0057,400,400-RM,400-RM-01,,208.62,37.5516,0.0,32.43,2023-12-31,Raw Material,
RM-0058,100,100-RM,100-RM-01,,343.125,61.7625,0.0,33.25,2026-06-25,Raw Material,
RM-0058,200,200-RM,200-RM-01,,343.125,61.7625,0.0,33.25,2023-12-31,Raw Material,
RM-0058,300,300-RM,300-RM-01,,343.125,61.7625,0.0,33.25,2026-06-27,Raw Material,
RM-0058,400,400-RM,400-RM-01,,617.625,111.1725,0.0,33.25,2023-12-31,Raw Material,
RM-0059,100,100-RM,100-RM-01,,793.0,142.74,0.0,34.07,2026-06-24,Raw Material,
RM-0059,200,200-RM,200-RM-01,,793.0,142.74,0.0,34.07,2026-06-16,Raw Material,
RM-0059,300,300-RM,300-RM-01,,793.0,142.74,0.0,34.07,2026-06-27,Raw Material,
RM-0059,400,400-RM,400-RM-01,,1427.4,256.932,0.0,34.07,2023-12-31,Raw Material,
RM-0060,100,100-RM,100-RM-01,,3.66,0.6588,0.0,34.89,2026-06-25,Raw Material,
RM-0060,200,200-RM,200-RM-01,,3.66,0.6588,0.0,34.89,2026-06-22,Raw Material,
RM-0060,300,300-RM,300-RM-01,,3.66,0.6588,0.0,34.89,2026-06-25,Raw Material,
RM-0060,400,400-RM,400-RM-01,,6.588,1.1858,0.0,34.89,2023-12-31,Raw Material,
RM-0061,100,100-RM,100-RM-01,,23.6375,4.2548,0.0,35.71,2026-06-25,Raw Material,
RM-0061,200,200-RM,200-RM-01,,23.6375,4.2548,0.0,35.71,2026-06-27,Raw Material,
RM-0061,300,300-RM,300-RM-01,,23.6375,4.2548,0.0,35.71,2026-06-25,Raw Material,
RM-0061,400,400-RM,400-RM-01,,42.5475,7.6586,0.0,35.71,2023-12-31,Raw Material,
RM-0062,100,100-RM,100-RM-01,,57.95,10.431,0.0,11.16,2026-06-27,Raw Material,
RM-0062,200,200-RM,200-RM-01,,57.95,10.431,0.0,11.16,2026-06-27,Raw Material,
RM-0062,300,300-RM,300-RM-01,,57.95,10.431,0.0,11.16,2026-06-18,Raw Material,
RM-0062,400,400-RM,400-RM-01,,104.31,18.7758,0.0,11.16,2023-12-31,Raw Material,
RM-0063,100,100-RM,100-RM-01,,137.25,24.705,0.0,11.98,2026-06-16,Raw Material,
RM-0063,200,200-RM,200-RM-01,,137.25,24.705,0.0,11.98,2026-06-27,Raw Material,
RM-0063,300,300-RM,300-RM-01,,137.25,24.705,0.0,11.98,2026-06-27,Raw Material,
RM-0063,400,400-RM,400-RM-01,,247.05,44.469,0.0,11.98,2023-12-31,Raw Material,
RM-0064,100,100-RM,100-RM-01,,396.5,71.37,0.0,12.8,2026-06-27,Raw Material,
RM-0064,200,200-RM,200-RM-01,,396.5,71.37,0.0,12.8,2026-06-25,Raw Material,
RM-0064,300,300-RM,300-RM-01,,396.5,71.37,0.0,12.8,2026-06-21,Raw Material,
RM-0064,400,400-RM,400-RM-01,,713.7,128.466,0.0,12.8,2023-12-31,Raw Material,
RM-0065,100,100-RM,100-RM-01,,366.0,65.88,0.0,13.61,2026-06-18,Raw Material,
RM-0065,200,200-RM,200-RM-01,,366.0,65.88,0.0,13.61,2026-06-15,Raw Material,
RM-0065,300,300-RM,300-RM-01,,366.0,65.88,0.0,13.61,2026-06-19,Raw Material,
RM-0065,400,400-RM,400-RM-01,,658.8,118.584,0.0,13.61,2023-12-31,Raw Material,
RM-0066,100,100-RM,100-RM-01,,4.7275,0.851,0.0,14.43,2026-06-24,Raw Material,
RM-0066,200,200-RM,200-RM-01,,4.7275,0.851,0.0,14.43,2026-06-24,Raw Material,
RM-0066,300,300-RM,300-RM-01,,4.7275,0.851,0.0,14.43,2026-06-25,Raw Material,
RM-0066,400,400-RM,400-RM-01,,8.5095,1.5317,0.0,14.43,2023-12-31,Raw Material,
RM-0067,100,100-RM,100-RM-01,,28.975,5.2155,0.0,15.25,2026-06-22,Raw Material,
RM-0067,200,200-RM,200-RM-01,,28.975,5.2155,0.0,15.25,2026-06-21,Raw Material,
RM-0067,300,300-RM,300-RM-01,,28.975,5.2155,0.0,15.25,2026-06-18,Raw Material,
RM-0067,400,400-RM,400-RM-01,,52.155,9.3879,0.0,15.25,2023-12-31,Raw Material,
RM-0068,100,100-RM,100-RM-01,,68.625,12.3525,0.0,16.07,2026-06-25,Raw Material,
RM-0068,200,200-RM,200-RM-01,,68.625,12.3525,0.0,16.07,2026-06-25,Raw Material,
RM-0068,300,300-RM,300-RM-01,,68.625,12.3525,0.0,16.07,2026-06-25,Raw Material,
RM-0068,400,400-RM,400-RM-01,,123.525,22.2345,0.0,16.07,2023-12-31,Raw Material,
RM-0069,100,100-RM,100-RM-01,,158.6,28.548,0.0,16.89,2026-06-07,Raw Material,
RM-0069,200,200-RM,200-RM-01,,158.6,28.548,0.0,16.89,2026-06-27,Raw Material,
RM-0069,300,300-RM,300-RM-01,,158.6,28.548,0.0,16.89,2026-06-14,Raw Material,
RM-0069,400,400-RM,400-RM-01,,285.48,51.3864,0.0,16.89,2023-12-31,Raw Material,
RM-0070,100,100-RM,100-RM-01,,183.0,32.94,0.0,17.71,2026-06-25,Raw Material,
RM-0070,200,200-RM,200-RM-01,,183.0,32.94,0.0,17.71,2026-06-25,Raw Material,
RM-0070,300,300-RM,300-RM-01,,183.0,32.94,0.0,17.71,2026-06-22,Raw Material,
RM-0070,400,400-RM,400-RM-01,,329.4,59.292,0.0,17.71,2023-12-31,Raw Material,
RM-0071,100,100-RM,100-RM-01,,472.75,85.095,0.0,18.52,2026-06-27,Raw Material,
RM-0071,200,200-RM,200-RM-01,,472.75,85.095,0.0,18.52,2026-06-15,Raw Material,
RM-0071,300,300-RM,300-RM-01,,472.75,85.095,0.0,18.52,2026-06-10,Raw Material,
RM-0071,400,400-RM,400-RM-01,,850.95,153.171,0.0,18.52,2023-12-31,Raw Material,
RM-0072,100,100-RM,100-RM-01,,5.795,1.0431,0.0,19.34,2026-06-25,Raw Material,
RM-0072,200,200-RM,200-RM-01,,5.795,1.0431,0.0,19.34,2023-12-31,Raw Material,
RM-0072,300,300-RM,300-RM-01,,5.795,1.0431,0.0,19.34,2026-06-19,Raw Material,
RM-0072,400,400-RM,400-RM-01,,10.431,1.8776,0.0,19.34,2023-12-31,Raw Material,
RM-0073,100,100-RM,100-RM-01,,34.3125,6.1763,0.0,20.16,2026-06-22,Raw Material,
RM-0073,200,200-RM,200-RM-01,,34.3125,6.1763,0.0,20.16,2026-06-10,Raw Material,
RM-0073,300,300-RM,300-RM-01,,34.3125,6.1763,0.0,20.16,2026-06-24,Raw Material,
RM-0073,400,400-RM,400-RM-01,,61.7625,11.1173,0.0,20.16,2023-12-31,Raw Material,
RM-0074,100,100-RM,100-RM-01,,79.3,14.274,0.0,20.98,2026-06-25,Raw Material,
RM-0074,200,200-RM,200-RM-01,,79.3,14.274,0.0,20.98,2026-06-24,Raw Material,
RM-0074,300,300-RM,300-RM-01,,79.3,14.274,0.0,20.98,2026-06-21,Raw Material,
RM-0074,400,400-RM,400-RM-01,,142.74,25.6932,0.0,20.98,2023-12-31,Raw Material,
RM-0075,100,100-RM,100-RM-01,,73.2,13.176,0.0,21.8,2026-06-22,Raw Material,
RM-0075,200,200-RM,200-RM-01,,73.2,13.176,0.0,21.8,2023-12-31,Raw Material,
RM-0075,300,300-RM,300-RM-01,,73.2,13.176,0.0,21.8,2026-06-22,Raw Material,
RM-0075,400,400-RM,400-RM-01,,131.76,23.7168,0.0,21.8,2023-12-31,Raw Material,
RM-0076,100,100-RM,100-RM-01,,236.375,42.5475,0.0,22.61,2026-06-24,Raw Material,
RM-0076,200,200-RM,200-RM-01,,236.375,42.5475,0.0,22.61,2026-06-21,Raw Material,
RM-0076,300,300-RM,300-RM-01,,236.375,42.5475,0.0,22.61,2026-06-22,Raw Material,
RM-0076,400,400-RM,400-RM-01,,425.475,76.5855,0.0,22.61,2023-12-31,Raw Material,
RM-0077,100,100-RM,100-RM-01,,579.5,104.31,0.0,23.43,2026-06-27,Raw Material,
RM-0077,200,200-RM,200-RM-01,,579.5,104.31,0.0,23.43,2026-06-25,Raw Material,
RM-0077,300,300-RM,300-RM-01,,579.5,104.31,0.0,23.43,2023-12-31,Raw Material,
RM-0077,400,400-RM,400-RM-01,,1043.1,187.758,0.0,23.43,2023-12-31,Raw Material,
RM-0078,100,100-RM,100-RM-01,,6.8625,1.2353,0.0,24.25,2026-06-13,Raw Material,
RM-0078,200,200-RM,200-RM-01,,6.8625,1.2353,0.0,24.25,2026-06-24,Raw Material,
RM-0078,300,300-RM,300-RM-01,,6.8625,1.2353,0.0,24.25,2026-06-27,Raw Material,
RM-0078,400,400-RM,400-RM-01,,12.3525,2.2235,0.0,24.25,2023-12-31,Raw Material,
RM-0079,100,100-RM,100-RM-01,,39.65,7.137,0.0,25.07,2026-06-27,Raw Material,
RM-0079,200,200-RM,200-RM-01,,39.65,7.137,0.0,25.07,2026-06-18,Raw Material,
RM-0079,300,300-RM,300-RM-01,,39.65,7.137,0.0,25.07,2026-06-15,Raw Material,
RM-0079,400,400-RM,400-RM-01,,71.37,12.8466,0.0,25.07,2023-12-31,Raw Material,
RM-0080,100,100-RM,100-RM-01,,36.6,6.588,0.0,25.89,2026-06-25,Raw Material,
RM-0080,200,200-RM,200-RM-01,,36.6,6.588,0.0,25.89,2026-06-11,Raw Material,
RM-0080,300,300-RM,300-RM-01,,36.6,6.588,0.0,25.89,2026-06-24,Raw Material,
RM-0080,400,400-RM,400-RM-01,,65.88,11.8584,0.0,25.89,2023-12-31,Raw Material,
RM-0081,100,100-RM,100-RM-01,,94.55,17.019,0.0,26.71,2026-06-18,Raw Material,
RM-0081,200,200-RM,200-RM-01,,94.55,17.019,0.0,26.71,2026-06-15,Raw Material,
RM-0081,300,300-RM,300-RM-01,,94.55,17.019,0.0,26.71,2026-06-27,Raw Material,
RM-0081,400,400-RM,400-RM-01,,170.19,30.6342,0.0,26.71,2023-12-31,Raw Material,
RM-0082,100,100-RM,100-RM-01,,289.75,52.155,0.0,27.52,2026-06-24,Raw Material,
RM-0082,200,200-RM,200-RM-01,,289.75,52.155,0.0,27.52,2026-06-16,Raw Material,
RM-0082,300,300-RM,300-RM-01,,289.75,52.155,0.0,27.52,2026-06-27,Raw Material,
RM-0082,400,400-RM,400-RM-01,,521.55,93.879,0.0,27.52,2023-12-31,Raw Material,
RM-0083,100,100-RM,100-RM-01,,686.25,123.525,0.0,28.34,2023-12-31,Raw Material,
RM-0083,200,200-RM,200-RM-01,,686.25,123.525,0.0,28.34,2026-06-16,Raw Material,
RM-0083,300,300-RM,300-RM-01,,686.25,123.525,0.0,28.34,2026-06-25,Raw Material,
RM-0083,400,400-RM,400-RM-01,,1235.25,222.345,0.0,28.34,2023-12-31,Raw Material,
RM-0084,100,100-RM,100-RM-01,,7.93,1.4274,0.0,29.16,2026-06-25,Raw Material,
RM-0084,200,200-RM,200-RM-01,,7.93,1.4274,0.0,29.16,2026-06-27,Raw Material,
RM-0084,300,300-RM,300-RM-01,,7.93,1.4274,0.0,29.16,2026-06-25,Raw Material,
RM-0084,400,400-RM,400-RM-01,,14.274,2.5693,0.0,29.16,2023-12-31,Raw Material,
RM-0085,100,100-RM,100-RM-01,,18.3,3.294,0.0,29.98,2026-06-27,Raw Material,
RM-0085,200,200-RM,200-RM-01,,18.3,3.294,0.0,29.98,2026-06-27,Raw Material,
RM-0085,300,300-RM,300-RM-01,,18.3,3.294,0.0,29.98,2023-12-31,Raw Material,
RM-0085,400,400-RM,400-RM-01,,32.94,5.9292,0.0,29.98,2023-12-31,Raw Material,
RM-0086,100,100-RM,100-RM-01,,47.275,8.5095,0.0,30.8,2026-06-16,Raw Material,
RM-0086,200,200-RM,200-RM-01,,47.275,8.5095,0.0,30.8,2026-06-27,Raw Material,
RM-0086,300,300-RM,300-RM-01,,47.275,8.5095,0.0,30.8,2026-06-27,Raw Material,
RM-0086,400,400-RM,400-RM-01,,85.095,15.3171,0.0,30.8,2023-12-31,Raw Material,
RM-0087,100,100-RM,100-RM-01,,115.9,20.862,0.0,31.61,2026-06-22,Raw Material,
RM-0087,200,200-RM,200-RM-01,,115.9,20.862,0.0,31.61,2026-06-27,Raw Material,
RM-0087,300,300-RM,300-RM-01,,115.9,20.862,0.0,31.61,2026-06-21,Raw Material,
RM-0087,400,400-RM,400-RM-01,,208.62,37.5516,0.0,31.61,2023-12-31,Raw Material,
RM-0088,100,100-RM,100-RM-01,,343.125,61.7625,0.0,32.43,2026-06-13,Raw Material,
RM-0088,200,200-RM,200-RM-01,,343.125,61.7625,0.0,32.43,2023-12-31,Raw Material,
RM-0088,300,300-RM,300-RM-01,,343.125,61.7625,0.0,32.43,2026-06-19,Raw Material,
RM-0088,400,400-RM,400-RM-01,,617.625,111.1725,0.0,32.43,2023-12-31,Raw Material,
RM-0089,100,100-RM,100-RM-01,,793.0,142.74,0.0,33.25,2026-06-24,Raw Material,
RM-0089,200,200-RM,200-RM-01,,793.0,142.74,0.0,33.25,2026-06-21,Raw Material,
RM-0089,300,300-RM,300-RM-01,,793.0,142.74,0.0,33.25,2023-12-31,Raw Material,
RM-0089,400,400-RM,400-RM-01,,1427.4,256.932,0.0,33.25,2023-12-31,Raw Material,
RM-0090,100,100-RM,100-RM-01,,3.66,0.6588,0.0,34.07,2026-06-22,Raw Material,
RM-0090,200,200-RM,200-RM-01,,3.66,0.6588,0.0,34.07,2026-06-21,Raw Material,
RM-0090,300,300-RM,300-RM-01,,3.66,0.6588,0.0,34.07,2026-06-18,Raw Material,
RM-0090,400,400-RM,400-RM-01,,6.588,1.1858,0.0,34.07,2023-12-31,Raw Material,
RM-0091,100,100-RM,100-RM-01,,23.6375,4.2548,0.0,34.89,2026-06-19,Raw Material,
RM-0091,200,200-RM,200-RM-01,,23.6375,4.2548,0.0,34.89,2026-06-25,Raw Material,
RM-0091,300,300-RM,300-RM-01,,23.6375,4.2548,0.0,34.89,2026-06-25,Raw Material,
RM-0091,400,400-RM,400-RM-01,,42.5475,7.6586,0.0,34.89,2023-12-31,Raw Material,
RM-0092,100,100-RM,100-RM-01,,57.95,10.431,0.0,35.71,2026-06-24,Raw Material,
RM-0092,200,200-RM,200-RM-01,,57.95,10.431,0.0,35.71,2026-06-27,Raw Material,
RM-0092,300,300-RM,300-RM-01,,57.95,10.431,0.0,35.71,2026-06-13,Raw Material,
RM-0092,400,400-RM,400-RM-01,,104.31,18.7758,0.0,35.71,2023-12-31,Raw Material,
RM-0093,100,100-RM,100-RM-01,,137.25,24.705,0.0,11.16,2026-06-25,Raw Material,
RM-0093,200,200-RM,200-RM-01,,137.25,24.705,0.0,11.16,2026-06-25,Raw Material,
RM-0093,300,300-RM,300-RM-01,,137.25,24.705,0.0,11.16,2023-12-31,Raw Material,
RM-0093,400,400-RM,400-RM-01,,247.05,44.469,0.0,11.16,2023-12-31,Raw Material,
RM-0094,100,100-RM,100-RM-01,,396.5,71.37,0.0,11.98,2026-06-27,Raw Material,
RM-0094,200,200-RM,200-RM-01,,396.5,71.37,0.0,11.98,2026-06-15,Raw Material,
RM-0094,300,300-RM,300-RM-01,,396.5,71.37,0.0,11.98,2026-06-10,Raw Material,
RM-0094,400,400-RM,400-RM-01,,713.7,128.466,0.0,11.98,2023-12-31,Raw Material,
RM-0095,100,100-RM,100-RM-01,,366.0,65.88,0.0,12.8,2026-06-22,Raw Material,
RM-0095,200,200-RM,200-RM-01,,366.0,65.88,0.0,12.8,2023-12-31,Raw Material,
RM-0095,300,300-RM,300-RM-01,,366.0,65.88,0.0,12.8,2026-06-15,Raw Material,
RM-0095,400,400-RM,400-RM-01,,658.8,118.584,0.0,12.8,2023-12-31,Raw Material,
RM-0096,100,100-RM,100-RM-01,,4.7275,0.851,0.0,13.61,2026-06-22,Raw Material,
RM-0096,200,200-RM,200-RM-01,,4.7275,0.851,0.0,13.61,2026-06-10,Raw Material,
RM-0096,300,300-RM,300-RM-01,,4.7275,0.851,0.0,13.61,2026-06-24,Raw Material,
RM-0096,400,400-RM,400-RM-01,,8.5095,1.5317,0.0,13.61,2023-12-31,Raw Material,
RM-0097,100,100-RM,100-RM-01,,28.975,5.2155,0.0,14.43,2023-12-31,Raw Material,
RM-0097,200,200-RM,200-RM-01,,28.975,5.2155,0.0,14.43,2026-06-22,Raw Material,
RM-0097,300,300-RM,300-RM-01,,28.975,5.2155,0.0,14.43,2023-12-31,Raw Material,
RM-0097,400,400-RM,400-RM-01,,52.155,9.3879,0.0,14.43,2023-12-31,Raw Material,
RM-0098,100,100-RM,100-RM-01,,68.625,12.3525,0.0,15.25,2026-06-22,Raw Material,
RM-0098,200,200-RM,200-RM-01,,68.625,12.3525,0.0,15.25,2023-12-31,Raw Material,
RM-0098,300,300-RM,300-RM-01,,68.625,12.3525,0.0,15.25,2026-06-22,Raw Material,
RM-0098,400,400-RM,400-RM-01,,123.525,22.2345,0.0,15.25,2023-12-31,Raw Material,
RM-0099,100,100-RM,100-RM-01,,158.6,28.548,0.0,16.07,2026-06-24,Raw Material,
RM-0099,200,200-RM,200-RM-01,,158.6,28.548,0.0,16.07,2026-06-21,Raw Material,
RM-0099,300,300-RM,300-RM-01,,158.6,28.548,0.0,16.07,2023-12-31,Raw Material,
RM-0099,400,400-RM,400-RM-01,,285.48,51.3864,0.0,16.07,2023-12-31,Raw Material,
RM-0100,100,100-RM,100-RM-01,,183.0,32.94,0.0,16.89,2026-06-27,Raw Material,
RM-0100,200,200-RM,200-RM-01,,183.0,32.94,0.0,16.89,2026-06-24,Raw Material,
RM-0100,300,300-RM,300-RM-01,,183.0,32.94,0.0,16.89,2023-12-31,Raw Material,
RM-0100,400,400-RM,400-RM-01,,329.4,59.292,0.0,16.89,2023-12-31,Raw Material,
RM-0101,100,100-RM,100-RM-01,,472.75,85.095,0.0,17.71,2026-06-13,Raw Material,
RM-0101,200,200-RM,200-RM-01,,472.75,85.095,0.0,17.71,2026-06-27,Raw Material,
RM-0101,300,300-RM,300-RM-01,,472.75,85.095,0.0,17.71,2026-06-27,Raw Material,
RM-0101,400,400-RM,400-RM-01,,850.95,153.171,0.0,17.71,2023-12-31,Raw Material,
RM-0102,100,100-RM,100-RM-01,,5.795,1.0431,0.0,18.52,2026-06-27,Raw Material,
RM-0102,200,200-RM,200-RM-01,,5.795,1.0431,0.0,18.52,2026-06-27,Raw Material,
RM-0102,300,300-RM,300-RM-01,,5.795,1.0431,0.0,18.52,2023-12-31,Raw Material,
RM-0102,400,400-RM,400-RM-01,,10.431,1.8776,0.0,18.52,2023-12-31,Raw Material,
RM-0103,100,100-RM,100-RM-01,,34.3125,6.1763,0.0,19.34,2026-06-25,Raw Material,
RM-0103,200,200-RM,200-RM-01,,34.3125,6.1763,0.0,19.34,2026-06-11,Raw Material,
RM-0103,300,300-RM,300-RM-01,,34.3125,6.1763,0.0,19.34,2026-06-24,Raw Material,
RM-0103,400,400-RM,400-RM-01,,61.7625,11.1173,0.0,19.34,2023-12-31,Raw Material,
RM-0104,100,100-RM,100-RM-01,,79.3,14.274,0.0,20.16,2026-06-18,Raw Material,
RM-0104,200,200-RM,200-RM-01,,79.3,14.274,0.0,20.16,2026-06-15,Raw Material,
RM-0104,300,300-RM,300-RM-01,,79.3,14.274,0.0,20.16,2026-06-27,Raw Material,
RM-0104,400,400-RM,400-RM-01,,142.74,25.6932,0.0,20.16,2023-12-31,Raw Material,
RM-0105,100,100-RM,100-RM-01,,73.2,13.176,0.0,20.98,2026-06-24,Raw Material,
RM-0105,200,200-RM,200-RM-01,,73.2,13.176,0.0,20.98,2023-12-31,Raw Material,
RM-0105,300,300-RM,300-RM-01,,73.2,13.176,0.0,20.98,2023-12-31,Raw Material,
RM-0105,400,400-RM,400-RM-01,,131.76,23.7168,0.0,20.98,2023-12-31,Raw Material,
RM-0106,100,100-RM,100-RM-01,,236.375,42.5475,0.0,21.8,2026-06-24,Raw Material,
RM-0106,200,200-RM,200-RM-01,,236.375,42.5475,0.0,21.8,2026-06-16,Raw Material,
RM-0106,300,300-RM,300-RM-01,,236.375,42.5475,0.0,21.8,2026-06-25,Raw Material,
RM-0106,400,400-RM,400-RM-01,,425.475,76.5855,0.0,21.8,2023-12-31,Raw Material,
RM-0107,100,100-RM,100-RM-01,,579.5,104.31,0.0,22.61,2026-06-25,Raw Material,
RM-0107,200,200-RM,200-RM-01,,579.5,104.31,0.0,22.61,2026-06-24,Raw Material,
RM-0107,300,300-RM,300-RM-01,,579.5,104.31,0.0,22.61,2026-06-25,Raw Material,
RM-0107,400,400-RM,400-RM-01,,1043.1,187.758,0.0,22.61,2023-12-31,Raw Material,
RM-0108,100,100-RM,100-RM-01,,6.8625,1.2353,0.0,23.43,2026-06-27,Raw Material,
RM-0108,200,200-RM,200-RM-01,,6.8625,1.2353,0.0,23.43,2026-06-27,Raw Material,
RM-0108,300,300-RM,300-RM-01,,6.8625,1.2353,0.0,23.43,2023-12-31,Raw Material,
RM-0108,400,400-RM,400-RM-01,,12.3525,2.2235,0.0,23.43,2023-12-31,Raw Material,
RM-0109,100,100-RM,100-RM-01,,39.65,7.137,0.0,24.25,2026-06-11,Raw Material,
RM-0109,200,200-RM,200-RM-01,,39.65,7.137,0.0,24.25,2023-12-31,Raw Material,
RM-0109,300,300-RM,300-RM-01,,39.65,7.137,0.0,24.25,2026-06-24,Raw Material,
RM-0109,400,400-RM,400-RM-01,,71.37,12.8466,0.0,24.25,2023-12-31,Raw Material,
RM-0110,100,100-RM,100-RM-01,,36.6,6.588,0.0,25.07,2026-06-22,Raw Material,
RM-0110,200,200-RM,200-RM-01,,36.6,6.588,0.0,25.07,2026-06-27,Raw Material,
RM-0110,300,300-RM,300-RM-01,,36.6,6.588,0.0,25.07,2026-06-21,Raw Material,
RM-0110,400,400-RM,400-RM-01,,65.88,11.8584,0.0,25.07,2023-12-31,Raw Material,
RM-0111,100,100-RM,100-RM-01,,94.55,17.019,0.0,25.89,2026-06-13,Raw Material,
RM-0111,200,200-RM,200-RM-01,,94.55,17.019,0.0,25.89,2023-12-31,Raw Material,
RM-0111,300,300-RM,300-RM-01,,94.55,17.019,0.0,25.89,2026-06-16,Raw Material,
RM-0111,400,400-RM,400-RM-01,,170.19,30.6342,0.0,25.89,2023-12-31,Raw Material,
RM-0112,100,100-RM,100-RM-01,,289.75,52.155,0.0,26.71,2026-06-24,Raw Material,
RM-0112,200,200-RM,200-RM-01,,289.75,52.155,0.0,26.71,2026-06-21,Raw Material,
RM-0112,300,300-RM,300-RM-01,,289.75,52.155,0.0,26.71,2026-06-16,Raw Material,
RM-0112,400,400-RM,400-RM-01,,521.55,93.879,0.0,26.71,2023-12-31,Raw Material,
RM-0113,100,100-RM,100-RM-01,,686.25,123.525,0.0,27.52,2026-06-19,Raw Material,
RM-0113,200,200-RM,200-RM-01,,686.25,123.525,0.0,27.52,2026-06-18,Raw Material,
RM-0113,300,300-RM,300-RM-01,,686.25,123.525,0.0,27.52,2026-06-18,Raw Material,
RM-0113,400,400-RM,400-RM-01,,1235.25,222.345,0.0,27.52,2023-12-31,Raw Material,
RM-0114,100,100-RM,100-RM-01,,7.93,1.4274,0.0,28.34,2023-12-31,Raw Material,
RM-0114,200,200-RM,200-RM-01,,7.93,1.4274,0.0,28.34,2023-12-31,Raw Material,
RM-0114,300,300-RM,300-RM-01,,7.93,1.4274,0.0,28.34,2026-06-18,Raw Material,
RM-0114,400,400-RM,400-RM-01,,14.274,2.5693,0.0,28.34,2023-12-31,Raw Material,
RM-0115,100,100-RM,100-RM-01,,18.3,3.294,0.0,29.16,2026-06-24,Raw Material,
RM-0115,200,200-RM,200-RM-01,,18.3,3.294,0.0,29.16,2026-06-27,Raw Material,
RM-0115,300,300-RM,300-RM-01,,18.3,3.294,0.0,29.16,2023-12-31,Raw Material,
RM-0115,400,400-RM,400-RM-01,,32.94,5.9292,0.0,29.16,2023-12-31,Raw Material,
RM-0116,100,100-RM,100-RM-01,,47.275,8.5095,0.0,29.98,2026-06-25,Raw Material,
RM-0116,200,200-RM,200-RM-01,,47.275,8.5095,0.0,29.98,2023-12-31,Raw Material,
RM-0116,300,300-RM,300-RM-01,,47.275,8.5095,0.0,29.98,2023-12-31,Raw Material,
RM-0116,400,400-RM,400-RM-01,,85.095,15.3171,0.0,29.98,2023-12-31,Raw Material,
RM-0117,100,100-RM,100-RM-01,,115.9,20.862,0.0,30.8,2026-06-21,Raw Material,
RM-0117,200,200-RM,200-RM-01,,115.9,20.862,0.0,30.8,2026-06-15,Raw Material,
RM-0117,300,300-RM,300-RM-01,,115.9,20.862,0.0,30.8,2023-12-31,Raw Material,
RM-0117,400,400-RM,400-RM-01,,208.62,37.5516,0.0,30.8,2023-12-31,Raw Material,
RM-0118,100,100-RM,100-RM-01,,343.125,61.7625,0.0,31.61,2026-06-22,Raw Material,
RM-0118,200,200-RM,200-RM-01,,343.125,61.7625,0.0,31.61,2023-12-31,Raw Material,
RM-0118,300,300-RM,300-RM-01,,343.125,61.7625,0.0,31.61,2026-06-15,Raw Material,
RM-0118,400,400-RM,400-RM-01,,617.625,111.1725,0.0,31.61,2023-12-31,Raw Material,
RM-0119,100,100-RM,100-RM-01,,793.0,142.74,0.0,32.43,2026-06-16,Raw Material,
RM-0119,200,200-RM,200-RM-01,,793.0,142.74,0.0,32.43,2026-06-19,Raw Material,
RM-0119,300,300-RM,300-RM-01,,793.0,142.74,0.0,32.43,2026-06-18,Raw Material,
RM-0119,400,400-RM,400-RM-01,,1427.4,256.932,0.0,32.43,2023-12-31,Raw Material,
RM-0120,100,100-RM,100-RM-01,,3.66,0.6588,0.0,33.25,2026-06-21,Raw Material,
RM-0120,200,200-RM,200-RM-01,,3.66,0.6588,0.0,33.25,2026-06-22,Raw Material,
RM-0120,300,300-RM,300-RM-01,,3.66,0.6588,0.0,33.25,2023-12-31,Raw Material,
RM-0120,400,400-RM,400-RM-01,,6.588,1.1858,0.0,33.25,2023-12-31,Raw Material,
RM-0121,100,100-RM,100-RM-01,,23.6375,4.2548,0.0,34.07,2026-06-19,Raw Material,
RM-0121,200,200-RM,200-RM-01,,23.6375,4.2548,0.0,34.07,2026-06-16,Raw Material,
RM-0121,300,300-RM,300-RM-01,,23.6375,4.2548,0.0,34.07,2026-06-22,Raw Material,
RM-0121,400,400-RM,400-RM-01,,42.5475,7.6586,0.0,34.07,2023-12-31,Raw Material,
RM-0122,100,100-RM,100-RM-01,,57.95,10.431,0.0,34.89,2026-06-24,Raw Material,
RM-0122,200,200-RM,200-RM-01,,57.95,10.431,0.0,34.89,2026-06-25,Raw Material,
RM-0122,300,300-RM,300-RM-01,,57.95,10.431,0.0,34.89,2023-12-31,Raw Material,
RM-0122,400,400-RM,400-RM-01,,104.31,18.7758,0.0,34.89,2023-12-31,Raw Material,
RM-0123,100,100-RM,100-RM-01,,137.25,24.705,0.0,35.71,2026-06-27,Raw Material,
RM-0123,200,200-RM,200-RM-01,,137.25,24.705,0.0,35.71,2026-06-24,Raw Material,
RM-0123,300,300-RM,300-RM-01,,137.25,24.705,0.0,35.71,2026-06-25,Raw Material,
RM-0123,400,400-RM,400-RM-01,,247.05,44.469,0.0,35.71,2023-12-31,Raw Material,
RM-0124,100,100-RM,100-RM-01,,396.5,71.37,0.0,11.16,2026-06-13,Raw Material,
RM-0124,200,200-RM,200-RM-01,,396.5,71.37,0.0,11.16,2026-06-27,Raw Material,
RM-0124,300,300-RM,300-RM-01,,396.5,71.37,0.0,11.16,2026-06-27,Raw Material,
RM-0124,400,400-RM,400-RM-01,,713.7,128.466,0.0,11.16,2023-12-31,Raw Material,
RM-0125,100,100-RM,100-RM-01,,366.0,65.88,0.0,11.98,2026-06-12,Raw Material,
RM-0125,200,200-RM,200-RM-01,,366.0,65.88,0.0,11.98,2026-06-27,Raw Material,
RM-0125,300,300-RM,300-RM-01,,366.0,65.88,0.0,11.98,2023-12-31,Raw Material,
RM-0125,400,400-RM,400-RM-01,,658.8,118.584,0.0,11.98,2023-12-31,Raw Material,
RM-0126,100,100-RM,100-RM-01,,4.7275,0.851,0.0,12.8,2026-06-25,Raw Material,
RM-0126,200,200-RM,200-RM-01,,4.7275,0.851,0.0,12.8,2026-06-17,Raw Material,
RM-0126,300,300-RM,300-RM-01,,4.7275,0.851,0.0,12.8,2026-06-24,Raw Material,
RM-0126,400,400-RM,400-RM-01,,8.5095,1.5317,0.0,12.8,2023-12-31,Raw Material,
RM-0127,100,100-RM,100-RM-01,,28.975,5.2155,0.0,13.61,2026-06-18,Raw Material,
RM-0127,200,200-RM,200-RM-01,,28.975,5.2155,0.0,13.61,2026-06-15,Raw Material,
RM-0127,300,300-RM,300-RM-01,,28.975,5.2155,0.0,13.61,2026-06-27,Raw Material,
RM-0127,400,400-RM,400-RM-01,,52.155,9.3879,0.0,13.61,2023-12-31,Raw Material,
RM-0128,100,100-RM,100-RM-01,,68.625,12.3525,0.0,14.43,2026-06-24,Raw Material,
RM-0128,200,200-RM,200-RM-01,,68.625,12.3525,0.0,14.43,2023-12-31,Raw Material,
RM-0128,300,300-RM,300-RM-01,,68.625,12.3525,0.0,14.43,2023-12-31,Raw Material,
RM-0128,400,400-RM,400-RM-01,,123.525,22.2345,0.0,14.43,2023-12-31,Raw Material,
RM-0129,100,100-RM,100-RM-01,,158.6,28.548,0.0,15.25,2026-06-24,Raw Material,
RM-0129,200,200-RM,200-RM-01,,158.6,28.548,0.0,15.25,2023-12-31,Raw Material,
RM-0129,300,300-RM,300-RM-01,,158.6,28.548,0.0,15.25,2026-06-25,Raw Material,
RM-0129,400,400-RM,400-RM-01,,285.48,51.3864,0.0,15.25,2023-12-31,Raw Material,
RM-0130,100,100-RM,100-RM-01,,183.0,32.94,0.0,16.07,2026-06-21,Raw Material,
RM-0130,200,200-RM,200-RM-01,,183.0,32.94,0.0,16.07,2026-06-24,Raw Material,
RM-0130,300,300-RM,300-RM-01,,183.0,32.94,0.0,16.07,2023-12-31,Raw Material,
RM-0130,400,400-RM,400-RM-01,,329.4,59.292,0.0,16.07,2023-12-31,Raw Material,
RM-0131,100,100-RM,100-RM-01,,472.75,85.095,0.0,16.89,2026-06-27,Raw Material,
RM-0131,200,200-RM,200-RM-01,,472.75,85.095,0.0,16.89,2026-06-27,Raw Material,
RM-0131,300,300-RM,300-RM-01,,472.75,85.095,0.0,16.89,2023-12-31,Raw Material,
RM-0131,400,400-RM,400-RM-01,,850.95,153.171,0.0,16.89,2023-12-31,Raw Material,
RM-0132,100,100-RM,100-RM-01,,5.795,1.0431,0.0,17.71,2026-06-25,Raw Material,
RM-0132,200,200-RM,200-RM-01,,5.795,1.0431,0.0,17.71,2023-12-31,Raw Material,
RM-0132,300,300-RM,300-RM-01,,5.795,1.0431,0.0,17.71,2026-06-24,Raw Material,
RM-0132,400,400-RM,400-RM-01,,10.431,1.8776,0.0,17.71,2023-12-31,Raw Material,
RM-0133,100,100-RM,100-RM-01,,34.3125,6.1763,0.0,18.52,2026-06-14,Raw Material,
RM-0133,200,200-RM,200-RM-01,,34.3125,6.1763,0.0,18.52,2026-06-27,Raw Material,
RM-0133,300,300-RM,300-RM-01,,34.3125,6.1763,0.0,18.52,2026-06-16,Raw Material,
RM-0133,400,400-RM,400-RM-01,,61.7625,11.1173,0.0,18.52,2023-12-31,Raw Material,
RM-0134,100,100-RM,100-RM-01,,79.3,14.274,0.0,19.34,2026-06-13,Raw Material,
RM-0134,200,200-RM,200-RM-01,,79.3,14.274,0.0,19.34,2023-12-31,Raw Material,
RM-0134,300,300-RM,300-RM-01,,79.3,14.274,0.0,19.34,2026-06-16,Raw Material,
RM-0134,400,400-RM,400-RM-01,,142.74,25.6932,0.0,19.34,2023-12-31,Raw Material,
RM-0135,100,100-RM,100-RM-01,,73.2,13.176,0.0,20.16,2026-06-16,Raw Material,
RM-0135,200,200-RM,200-RM-01,,73.2,13.176,0.0,20.16,2026-06-18,Raw Material,
RM-0135,300,300-RM,300-RM-01,,73.2,13.176,0.0,20.16,2026-06-16,Raw Material,
RM-0135,400,400-RM,400-RM-01,,131.76,23.7168,0.0,20.16,2023-12-31,Raw Material,
RM-0136,100,100-RM,100-RM-01,,236.375,42.5475,0.0,20.98,2026-06-19,Raw Material,
RM-0136,200,200-RM,200-RM-01,,236.375,42.5475,0.0,20.98,2026-06-18,Raw Material,
RM-0136,300,300-RM,300-RM-01,,236.375,42.5475,0.0,20.98,2026-06-18,Raw Material,
RM-0136,400,400-RM,400-RM-01,,425.475,76.5855,0.0,20.98,2023-12-31,Raw Material,
RM-0137,100,100-RM,100-RM-01,,579.5,104.31,0.0,21.8,2026-06-22,Raw Material,
RM-0137,200,200-RM,200-RM-01,,579.5,104.31,0.0,21.8,2023-12-31,Raw Material,
RM-0137,300,300-RM,300-RM-01,,579.5,104.31,0.0,21.8,2026-06-15,Raw Material,
RM-0137,400,400-RM,400-RM-01,,1043.1,187.758,0.0,21.8,2023-12-31,Raw Material,
RM-0138,100,100-RM,100-RM-01,,6.8625,1.2353,0.0,22.61,2026-06-24,Raw Material,
RM-0138,200,200-RM,200-RM-01,,6.8625,1.2353,0.0,22.61,2026-06-27,Raw Material,
RM-0138,300,300-RM,300-RM-01,,6.8625,1.2353,0.0,22.61,2023-12-31,Raw Material,
RM-0138,400,400-RM,400-RM-01,,12.3525,2.2235,0.0,22.61,2023-12-31,Raw Material,
RM-0139,100,100-RM,100-RM-01,,39.65,7.137,0.0,23.43,2026-06-25,Raw Material,
RM-0139,200,200-RM,200-RM-01,,39.65,7.137,0.0,23.43,2023-12-31,Raw Material,
RM-0139,300,300-RM,300-RM-01,,39.65,7.137,0.0,23.43,2026-06-27,Raw Material,
RM-0139,400,400-RM,400-RM-01,,71.37,12.8466,0.0,23.43,2023-12-31,Raw Material,
RM-0140,100,100-RM,100-RM-01,,36.6,6.588,0.0,24.25,2026-06-21,Raw Material,
RM-0140,200,200-RM,200-RM-01,,36.6,6.588,0.0,24.25,2026-06-15,Raw Material,
RM-0140,300,300-RM,300-RM-01,,36.6,6.588,0.0,24.25,2023-12-31,Raw Material,
RM-0140,400,400-RM,400-RM-01,,65.88,11.8584,0.0,24.25,2023-12-31,Raw Material,
RM-0141,100,100-RM,100-RM-01,,94.55,17.019,0.0,25.07,2026-06-16,Raw Material,
RM-0141,200,200-RM,200-RM-01,,94.55,17.019,0.0,25.07,2026-06-05,Raw Material,
RM-0141,300,300-RM,300-RM-01,,94.55,17.019,0.0,25.07,2026-06-15,Raw Material,
RM-0141,400,400-RM,400-RM-01,,170.19,30.6342,0.0,25.07,2023-12-31,Raw Material,
RM-0142,100,100-RM,100-RM-01,,289.75,52.155,0.0,25.89,2023-12-31,Raw Material,
RM-0142,200,200-RM,200-RM-01,,289.75,52.155,0.0,25.89,2023-12-31,Raw Material,
RM-0142,300,300-RM,300-RM-01,,289.75,52.155,0.0,25.89,2026-06-18,Raw Material,
RM-0142,400,400-RM,400-RM-01,,521.55,93.879,0.0,25.89,2023-12-31,Raw Material,
RM-0143,100,100-RM,100-RM-01,,686.25,123.525,0.0,26.71,2026-06-21,Raw Material,
RM-0143,200,200-RM,200-RM-01,,686.25,123.525,0.0,26.71,2026-06-27,Raw Material,
RM-0143,300,300-RM,300-RM-01,,686.25,123.525,0.0,26.71,2026-06-18,Raw Material,
RM-0143,400,400-RM,400-RM-01,,1235.25,222.345,0.0,26.71,2023-12-31,Raw Material,
RM-0144,100,100-RM,100-RM-01,,7.93,1.4274,0.0,27.52,2026-06-19,Raw Material,
RM-0144,200,200-RM,200-RM-01,,7.93,1.4274,0.0,27.52,2026-06-16,Raw Material,
RM-0144,300,300-RM,300-RM-01,,7.93,1.4274,0.0,27.52,2023-12-31,Raw Material,
RM-0144,400,400-RM,400-RM-01,,14.274,2.5693,0.0,27.52,2023-12-31,Raw Material,
RM-0145,100,100-RM,100-RM-01,,18.3,3.294,0.0,28.34,2026-06-24,Raw Material,
RM-0145,200,200-RM,200-RM-01,,18.3,3.294,0.0,28.34,2026-06-25,Raw Material,
RM-0145,300,300-RM,300-RM-01,,18.3,3.294,0.0,28.34,2023-12-31,Raw Material,
RM-0145,400,400-RM,400-RM-01,,32.94,5.9292,0.0,28.34,2023-12-31,Raw Material,
RM-0146,100,100-RM,100-RM-01,,47.275,8.5095,0.0,29.16,2026-06-27,Raw Material,
RM-0146,200,200-RM,200-RM-01,,47.275,8.5095,0.0,29.16,2026-06-24,Raw Material,
RM-0146,300,300-RM,300-RM-01,,47.275,8.5095,0.0,29.16,2026-06-25,Raw Material,
RM-0146,400,400-RM,400-RM-01,,85.095,15.3171,0.0,29.16,2023-12-31,Raw Material,
RM-0147,100,100-RM,100-RM-01,,115.9,20.862,0.0,29.98,2026-06-13,Raw Material,
RM-0147,200,200-RM,200-RM-01,,115.9,20.862,0.0,29.98,2026-06-27,Raw Material,
RM-0147,300,300-RM,300-RM-01,,115.9,20.862,0.0,29.98,2026-06-27,Raw Material,
RM-0147,400,400-RM,400-RM-01,,208.62,37.5516,0.0,29.98,2023-12-31,Raw Material,
RM-0148,100,100-RM,100-RM-01,,343.125,61.7625,0.0,30.8,2026-06-08,Raw Material,
RM-0148,200,200-RM,200-RM-01,,343.125,61.7625,0.0,30.8,2026-06-27,Raw Material,
RM-0148,300,300-RM,300-RM-01,,343.125,61.7625,0.0,30.8,2023-12-31,Raw Material,
RM-0148,400,400-RM,400-RM-01,,617.625,111.1725,0.0,30.8,2023-12-31,Raw Material,
RM-0149,100,100-RM,100-RM-01,,793.0,142.74,0.0,31.61,2026-06-25,Raw Material,
RM-0149,200,200-RM,200-RM-01,,793.0,142.74,0.0,31.61,2026-06-27,Raw Material,
RM-0149,300,300-RM,300-RM-01,,793.0,142.74,0.0,31.61,2026-06-16,Raw Material,
RM-0149,400,400-RM,400-RM-01,,1427.4,256.932,0.0,31.61,2023-12-31,Raw Material,
RM-0150,100,100-RM,100-RM-01,,3.66,0.6588,0.0,32.43,2026-06-18,Raw Material,
RM-0150,200,200-RM,200-RM-01,,3.66,0.6588,0.0,32.43,2026-06-15,Raw Material,
RM-0150,300,300-RM,300-RM-01,,3.66,0.6588,0.0,32.43,2026-06-27,Raw Material,
RM-0150,400,400-RM,400-RM-01,,6.588,1.1858,0.0,32.43,2023-12-31,Raw Material,
SA-0001,200,200-RM,200-RM-01,,23.6375,4.2548,0.0,287.79,2026-06-27,Manufactured Subassembly,
SA-0002,300,300-RM,300-RM-01,,57.95,10.431,0.0,409.36,2026-06-29,Manufactured Subassembly,
SA-0003,100,100-RM,100-RM-01,,137.25,24.705,0.0,839.17,2026-06-15,Manufactured Subassembly,
SA-0004,200,200-RM,200-RM-01,,1370.115,130.0,0.0,282.5,2026-06-18,Manufactured Subassembly,
SA-0005,300,300-RM,300-RM-01,,366.0,65.88,0.0,624.02,2026-06-25,Manufactured Subassembly,
SA-0006,100,100-RM,100-RM-01,,1328.995,1.55,0.0,1007.79,2026-06-27,Manufactured Subassembly,
SA-0007,200,200-RM,200-RM-01,,28.975,5.2155,0.0,1089.95,2026-06-29,Manufactured Subassembly,
SA-0008,300,300-RM,300-RM-01,,68.625,12.3525,0.0,758.65,2026-06-21,Manufactured Subassembly,
SA-0009,100,100-RM,100-RM-01,,158.6,28.548,0.0,743.66,2026-06-21,Manufactured Subassembly,
SA-0010,200,200-RM,200-RM-01,,183.0,32.94,0.0,763.59,2026-06-20,Manufactured Subassembly,
SA-0011,300,300-RM,300-RM-01,,472.75,85.095,0.0,827.45,2026-06-24,Manufactured Subassembly,
SA-0012,100,100-RM,100-RM-01,,5.795,1.0431,0.0,416.54,2026-06-29,Manufactured Subassembly,
SA-0013,200,200-RM,200-RM-01,,1090.74,11.25,0.0,342.79,2026-06-10,Manufactured Subassembly,
SA-0014,300,300-RM,300-RM-01,,79.3,14.274,0.0,370.35,2026-06-27,Manufactured Subassembly,
SA-0015,100,100-RM,100-RM-01,,73.2,13.176,0.0,513.73,2026-06-22,Manufactured Subassembly,
SA-0016,200,200-RM,200-RM-01,,1377.09,77.5,0.0,205.71,2026-06-24,Manufactured Subassembly,
SA-0017,300,300-RM,300-RM-01,,579.5,104.31,0.0,320.23,2026-06-27,Manufactured Subassembly,
SA-0018,100,100-RM,100-RM-01,,6.8625,1.2353,0.0,879.96,2026-06-27,Manufactured Subassembly,
SA-0019,200,200-RM,200-RM-01,,1096.49,13.0,0.0,957.99,2026-06-12,Manufactured Subassembly,
SA-0020,300,300-RM,300-RM-01,,36.6,6.588,0.0,391.58,2026-06-17,Manufactured Subassembly,
SA-0021,100,100-RM,100-RM-01,,94.55,17.019,0.0,945.03,2026-06-24,Manufactured Subassembly,
SA-0022,200,200-RM,200-RM-01,,289.75,52.155,0.0,935.46,2026-06-26,Manufactured Subassembly,
SA-0023,300,300-RM,300-RM-01,,686.25,123.525,0.0,1440.41,2026-06-27,Manufactured Subassembly,
SA-0024,100,100-RM,100-RM-01,,7.93,1.4274,0.0,871.97,2026-06-29,Manufactured Subassembly,
SA-0025,200,200-RM,200-RM-01,,18.3,3.294,0.0,722.45,2026-06-17,Manufactured Subassembly,
SA-0026,300,300-RM,300-RM-01,,47.275,8.5095,0.0,815.87,2026-06-22,Manufactured Subassembly,
SA-0027,100,100-RM,100-RM-01,,115.9,20.862,0.0,642.8,2026-06-20,Manufactured Subassembly,
SA-0028,200,200-RM,200-RM-01,,343.125,61.7625,0.0,370.5,2026-06-27,Manufactured Subassembly,
SA-0029,300,300-RM,300-RM-01,,793.0,142.74,0.0,315.74,2026-06-29,Manufactured Subassembly,
SA-0030,100,100-RM,100-RM-01,,3.66,0.6588,0.0,372.72,2026-06-24,Manufactured Subassembly,
SA-0031,200,200-RM,200-RM-01,,1105.65,7.75,0.0,598.01,2026-06-18,Manufactured Subassembly,
SA-0032,300,300-RM,300-RM-01,,1351.35,19.0,0.0,238.83,2026-06-20,Manufactured Subassembly,
SA-0033,100,100-RM,100-RM-01,,137.25,24.705,0.0,412.13,2026-06-21,Manufactured Subassembly,
SA-0034,200,200-RM,200-RM-01,,396.5,71.37,0.0,752.56,2026-06-29,Manufactured Subassembly,
SA-0035,300,300-RM,300-RM-01,,366.0,65.88,0.0,1263.81,2026-06-27,Manufactured Subassembly,
SA-0036,100,100-RM,100-RM-01,,4.7275,0.851,0.0,496.42,2026-06-27,Manufactured Subassembly,
SA-0037,200,200-RM,200-RM-01,,28.975,5.2155,0.0,1055.39,2026-06-25,Manufactured Subassembly,
SA-0038,300,300-RM,300-RM-01,,68.625,12.3525,0.0,1035.96,2026-06-21,Manufactured Subassembly,
SA-0039,100,100-RM,100-RM-01,,158.6,28.548,0.0,1037.22,2026-06-29,Manufactured Subassembly,
SA-0040,200,200-RM,200-RM-01,,183.0,32.94,0.0,823.26,2026-06-25,Manufactured Subassembly,
SA-0041,300,300-RM,300-RM-01,,472.75,85.095,0.0,592.79,2026-06-25,Manufactured Subassembly,
SA-0042,100,100-RM,100-RM-01,,5.795,1.0431,0.0,809.26,2026-06-18,Manufactured Subassembly,
SA-0043,200,200-RM,200-RM-01,,1072.61,11.25,0.0,446.73,2026-06-21,Manufactured Subassembly,
SA-0044,300,300-RM,300-RM-01,,79.3,14.274,0.0,239.64,2026-06-23,Manufactured Subassembly,
SA-0045,100,100-RM,100-RM-01,,73.2,13.176,0.0,283.66,2026-06-27,Manufactured Subassembly,
SA-0046,200,200-RM,200-RM-01,,1348.425,77.5,0.0,300.95,2026-06-12,Manufactured Subassembly,
SA-0047,300,300-RM,300-RM-01,,579.5,104.31,0.0,658.46,2026-06-21,Manufactured Subassembly,
SA-0048,100,100-RM,100-RM-01,,6.8625,1.2353,0.0,402.94,2026-06-21,Manufactured Subassembly,
SA-0049,200,200-RM,200-RM-01,,1087.59,13.0,0.0,496.88,2026-06-23,Manufactured Subassembly,
SA-0050,300,300-RM,300-RM-01,,36.6,6.588,0.0,895.06,2026-06-24,Manufactured Subassembly,
SA-0051,100,100-RM,100-RM-01,,94.55,17.019,0.0,1088.71,2026-06-10,Manufactured Subassembly,
SA-0052,200,200-RM,200-RM-01,,289.75,52.155,0.0,514.68,2026-06-13,Manufactured Subassembly,
SA-0053,300,300-RM,300-RM-01,,686.25,123.525,0.0,1117.68,2026-06-24,Manufactured Subassembly,
SA-0054,100,100-RM,100-RM-01,,7.93,1.4274,0.0,861.19,2026-06-23,Manufactured Subassembly,
SA-0055,200,200-RM,200-RM-01,,18.3,3.294,0.0,1052.07,2026-06-24,Manufactured Subassembly,
SA-0056,300,300-RM,300-RM-01,,1316.8,15.5,0.0,586.12,2026-06-26,Manufactured Subassembly,
SA-0057,100,100-RM,100-RM-01,,115.9,20.862,0.0,231.94,2026-06-15,Manufactured Subassembly,
SA-0058,200,200-RM,200-RM-01,,1349.46,112.5,0.0,343.17,2026-06-15,Manufactured Subassembly,
SA-0059,300,300-RM,300-RM-01,,793.0,142.74,0.0,464.46,2026-06-20,Manufactured Subassembly,
SA-0060,100,100-RM,100-RM-01,,3.66,0.6588,0.0,347.63,2026-06-25,Manufactured Subassembly,
SA-0061,200,200-RM,200-RM-01,,367.9168,7.75,0.0,377.21,2026-06-26,Manufactured Subassembly,
SA-0062,300,300-RM,300-RM-01,,57.95,10.431,0.0,522.92,2026-06-27,Manufactured Subassembly,
SA-0063,100,100-RM,100-RM-01,,137.25,24.705,0.0,1055.49,2026-06-22,Manufactured Subassembly,
SA-0064,200,200-RM,200-RM-01,,1396.98,130.0,0.0,237.87,2026-06-20,Manufactured Subassembly,
SA-0065,300,300-RM,300-RM-01,,366.0,65.88,0.0,702.54,2026-06-21,Manufactured Subassembly,
SA-0066,100,100-RM,100-RM-01,,1355.675,1.55,0.0,1091.36,2026-06-26,Manufactured Subassembly,
SA-0067,200,200-RM,200-RM-01,,1097.39,9.5,0.0,1238.25,2026-06-27,Manufactured Subassembly,
SA-0068,300,300-RM,300-RM-01,,1389.64,22.5,0.0,1019.23,2026-06-12,Manufactured Subassembly,
SA-0069,100,100-RM,100-RM-01,,158.6,28.548,0.0,448.02,2026-06-19,Manufactured Subassembly,
SA-0070,200,200-RM,200-RM-01,,1395.09,60.0,0.0,500.15,2026-06-21,Manufactured Subassembly,
SA-0071,300,300-RM,300-RM-01,,472.75,85.095,0.0,577.59,2026-06-26,Manufactured Subassembly,
SA-0072,100,100-RM,100-RM-01,,1342.99,1.9,0.0,372.62,2026-06-27,Manufactured Subassembly,
SA-0073,200,200-RM,200-RM-01,,1078.07,11.25,0.0,389.09,2026-06-29,Manufactured Subassembly,
SA-0074,300,300-RM,300-RM-01,,79.3,14.274,0.0,369.13,2026-06-25,Manufactured Subassembly,
SA-0075,100,100-RM,100-RM-01,,1085.47,24.0,0.0,713.82,2026-06-18,Manufactured Subassembly,
SA-0076,200,200-RM,200-RM-01,,1355.445,77.5,0.0,236.37,2026-06-23,Manufactured Subassembly,
SA-0077,300,300-RM,300-RM-01,,579.5,104.31,0.0,361.5,2026-06-27,Manufactured Subassembly,
SA-0078,100,100-RM,100-RM-01,,1350.24,2.25,0.0,818.18,2026-06-29,Manufactured Subassembly,
SA-0079,200,200-RM,200-RM-01,,1117.385,13.0,0.0,1240.96,2026-06-13,Manufactured Subassembly,
SA-0080,300,300-RM,300-RM-01,,1352.405,12.0,0.0,533.03,2026-06-18,Manufactured Subassembly,
SA-0081,100,100-RM,100-RM-01,,94.55,17.019,0.0,805.61,2026-06-22,Manufactured Subassembly,
SA-0082,200,200-RM,200-RM-01,,1338.06,95.0,0.0,995.11,2026-06-24,Manufactured Subassembly,
SA-0083,300,300-RM,300-RM-01,,1092.59,196.6662,0.0,1042.38,2026-06-29,Manufactured Subassembly,
SA-0084,100,100-RM,100-RM-01,,1370.115,2.6,0.0,709.61,2026-06-10,Manufactured Subassembly,
SA-0085,200,200-RM,200-RM-01,,1116.99,6.0,0.0,775.88,2026-06-15,Manufactured Subassembly,
SA-0086,300,300-RM,300-RM-01,,47.275,8.5095,0.0,582.54,2026-06-20,Manufactured Subassembly,
SA-0087,100,100-RM,100-RM-01,,1112.79,38.0,0.0,445.45,2026-06-24,Manufactured Subassembly,
SA-0088,200,200-RM,200-RM-01,,1364.48,112.5,0.0,228.01,2026-06-26,Manufactured Subassembly,
SA-0089,300,300-RM,300-RM-01,,1094.45,197.001,0.0,343.44,2026-06-27,Manufactured Subassembly,
SA-0090,100,100-RM,100-RM-01,,3.66,0.6588,0.0,592.11,2026-06-13,Manufactured Subassembly,
SA-0091,200,200-RM,200-RM-01,,1085.175,7.75,0.0,719.12,2026-06-17,Manufactured Subassembly,
SA-0092,300,300-RM,300-RM-01,,1351.35,19.0,0.0,244.64,2026-06-18,Manufactured Subassembly,
SA-0093,100,100-RM,100-RM-01,,1086.4,45.0,0.0,674.19,2026-06-26,Manufactured Subassembly,
SA-0094,200,200-RM,200-RM-01,,1405.21,130.0,0.0,814.4,2026-06-27,Manufactured Subassembly,
SA-0095,300,300-RM,300-RM-01,,366.0,65.88,0.0,1274.81,2026-06-29,Manufactured Subassembly,
SA-0096,100,100-RM,100-RM-01,,1382.55,1.55,0.0,1052.05,2026-06-13,Manufactured Subassembly,
SA-0097,200,200-RM,200-RM-01,,1088.01,9.5,0.0,1030.47,2026-06-18,Manufactured Subassembly,
SA-0098,300,300-RM,300-RM-01,,1372.0,22.5,0.0,1021.43,2026-06-20,Manufactured Subassembly,
SA-0099,100,100-RM,100-RM-01,,1067.985,52.0,0.0,1046.67,2026-06-27,Manufactured Subassembly,
SA-0100,200,200-RM,200-RM-01,,1361.435,60.0,0.0,569.89,2026-06-29,Manufactured Subassembly,
SYS-0001,100,100-FG,100-FG-01,,24.8,4.464,0.0,484.28,2026-06-18,Finished Good,SYS
SYS-0002,300,300-FG,300-FG-01,,60.8,10.944,0.0,1223.7,2026-06-23,Finished Good,SYS
SYS-0003,100,100-FG,100-FG-01,,144.0,25.92,0.0,789.98,2026-06-24,Finished Good,SYS
SYS-0004,300,300-FG,300-FG-01,,416.0,74.88,0.0,271.87,2026-06-09,Finished Good,SYS
SYS-0005,100,100-FG,100-FG-01,,384.0,69.12,0.0,295.22,2026-06-13,Finished Good,SYS
SYS-0006,300,300-FG,300-FG-01,,4.96,0.8928,0.0,436.62,2026-06-18,Finished Good,SYS
SYS-0007,100,100-FG,100-FG-01,,30.4,5.472,0.0,900.07,2026-06-20,Finished Good,SYS
SYS-0008,300,300-FG,300-FG-01,,92.02,16.5636,0.0,218.01,2026-06-24,Finished Good,SYS
SYS-0009,100,100-FG,100-FG-01,,166.4,29.952,0.0,550.07,2026-06-26,Finished Good,SYS
SYS-0010,300,300-FG,300-FG-01,,192.0,34.56,0.0,1017.55,2026-06-10,Finished Good,SYS
SYS-0011,100,100-FG,100-FG-01,,496.0,89.28,0.0,1020.5,2026-06-15,Finished Good,SYS
SYS-0012,300,300-FG,300-FG-01,,84.23,1.9,0.0,544.4,2026-06-20,Finished Good,SYS
SYS-0013,100,100-FG,100-FG-01,,36.0,6.48,0.0,871.78,2026-06-24,Finished Good,SYS
SYS-0014,300,300-FG,300-FG-01,,83.2,14.976,0.0,847.07,2026-06-26,Finished Good,SYS
SYS-0015,100,100-FG,100-FG-01,,76.8,13.824,0.0,5502.56,2026-06-27,Finished Good,SYS
SYS-0016,300,300-FG,300-FG-01,,248.0,44.64,0.0,2022.21,2026-06-12,Finished Good,SYS
SYS-0017,100,100-FG,100-FG-01,,608.0,109.44,0.0,2870.14,2026-06-17,Finished Good,SYS
SYS-0018,300,300-FG,300-FG-01,,106.12,2.25,0.0,631.39,2026-06-21,Finished Good,SYS
SYS-0019,100,100-FG,100-FG-01,,41.6,7.488,0.0,1798.13,2026-06-26,Finished Good,SYS
SYS-0020,300,300-FG,300-FG-01,,109.51,12.0,0.0,3950.66,2026-06-27,Finished Good,SYS
SYS-0021,100,100-FG,100-FG-01,,99.2,17.856,0.0,1935.92,2026-06-29,Finished Good,SYS
SYS-0022,300,300-FG,300-FG-01,,304.0,54.72,0.0,4965.21,2026-06-17,Finished Good,SYS
SYS-0023,100,100-FG,100-FG-01,,720.0,129.6,0.0,2333.89,2026-06-18,Finished Good,SYS
SYS-0024,300,300-FG,300-FG-01,,83.385,2.6,0.0,5743.43,2026-06-23,Finished Good,SYS
SYS-0025,100,100-FG,100-FG-01,,19.2,3.456,0.0,523.8,2026-06-27,Finished Good,SYS
SYS-0026,300,300-FG,300-FG-01,,49.6,8.928,0.0,1401.71,2026-06-29,Finished Good,SYS
SYS-0027,100,100-FG,100-FG-01,,121.6,21.888,0.0,1000.55,2026-06-13,Finished Good,SYS
SYS-0028,300,300-FG,300-FG-01,,360.0,64.8,0.0,2113.16,2026-06-18,Finished Good,SYS
SYS-0029,100,100-FG,100-FG-01,,832.0,149.76,0.0,1160.41,2026-06-23,Finished Good,SYS
SYS-0030,300,300-FG,300-FG-01,,53.565,1.2,0.0,3308.84,2026-06-24,Finished Good,SYS
