item_id,site_code,planner_code,buyer_code,lead_time_days,safety_stock,reorder_point,min_order_qty,order_multiple,standard_material_cost,standard_labor_cost,standard_variable_overhead,standard_fixed_overhead,standard_outside_processing,standard_cost_effective_date
ACT-0001,100,PLN-100-02,,10,7.75,10.25,2.0,5.0,2286.44,37.01,13.85,21.03,16.82,2026-01-01
ACT-0002,200,PLN-200-03,,13,19.0,23.0,5.0,10.0,302.9,50.09,18.06,27.39,0.0,2026-01-01
ACT-0003,100,PLN-100-04,,16,45.0,51.0,10.0,20.0,1855.44,57.51,21.78,33.08,30.49,2026-01-01
ACT-0004,200,PLN-200-05,,19,130.0,140.0,25.0,50.0,145.8,30.35,10.64,16.12,0.0,2026-01-01
ACT-0005,100,PLN-100-06,,22,120.0,305.0,50.0,100.0,702.76,35.61,13.14,19.94,17.72,2026-01-01
ACT-0006,200,PLN-200-07,,25,1.55,3.3,1.0,1.0,296.96,120.4,41.37,62.63,0.0,2026-01-01
ACT-0007,100,PLN-100-08,,28,9.5,9.0,2.0,5.0,2651.58,53.26,18.99,28.78,14.12,2026-01-01
ACT-0008,200,PLN-200-01,,31,22.5,20.5,5.0,10.0,210.57,8.78,3.35,5.09,0.0,2026-01-01
ACT-0009,100,PLN-100-02,,34,52.0,46.0,10.0,20.0,317.81,16.35,6.1,9.26,14.57,2026-01-01
ACT-0010,200,PLN-200-03,,37,60.0,127.5,25.0,50.0,2185.07,25.36,9.12,13.82,0.0,2026-01-01
ACT-0011,100,PLN-100-04,,40,155.0,280.0,50.0,100.0,305.2,40.3,15.57,23.67,31.84,2026-01-01
ACT-0012,200,PLN-200-05,,43,1.9,3.05,1.0,1.0,188.21,64.88,22.81,34.56,0.0,2026-01-01
ACT-0013,100,PLN-100-06,,46,11.25,16.5,2.0,5.0,269.03,44.93,16.82,25.54,15.47,2026-01-01
ACT-0014,200,PLN-200-07,,49,26.0,18.0,5.0,10.0,448.18,51.29,17.9,27.11,0.0,2026-01-01
ACT-0015,100,PLN-100-08,,52,24.0,41.0,10.0,20.0,941.91,60.07,21.91,33.24,17.72,2026-01-01
ACT-0016,200,PLN-200-01,,55,77.5,115.0,25.0,50.0,160.21,29.26,11.03,16.75,0.0,2026-01-01
ACT-0017,100,PLN-100-02,,58,190.0,255.0,50.0,100.0,529.02,43.94,16.45,24.97,18.17,2026-01-01
ACT-0018,200,PLN-200-03,,61,2.25,2.8,1.0,1.0,853.81,104.68,37.89,57.47,0.0,2026-01-01
ACT-0019,100,PLN-100-04,,9,13.0,15.25,2.0,5.0,1100.61,57.79,22.8,34.68,33.19,2026-01-01
ACT-0020,200,PLN-200-05,,12,12.0,33.0,5.0,10.0,582.79,22.2,8.42,12.79,0.0,2026-01-01
ACT-0021,100,PLN-100-06,,15,31.0,36.0,10.0,20.0,884.59,15.63,5.83,8.85,13.22,2026-01-01
ACT-0022,200,PLN-200-07,,18,95.0,102.5,25.0,50.0,952.64,20.06,7.04,10.66,0.0,2026-01-01
ACT-0023,100,PLN-100-08,,21,225.0,230.0,50.0,100.0,2234.03,32.67,11.94,18.12,15.47,2026-01-01
ACT-0024,200,PLN-200-01,,24,2.6,2.55,1.0,1.0,1903.5,48.74,18.34,27.85,0.0,2026-01-01
ACT-0025,100,PLN-100-02,,27,6.0,14.0,2.0,5.0,2708.94,36.72,13.74,20.87,15.92,2026-01-01
ACT-0026,200,PLN-200-03,,30,15.5,30.5,5.0,10.0,1567.28,45.55,16.42,24.9,0.0,2026-01-01
ACT-0027,100,PLN-100-04,,33,38.0,66.0,10.0,20.0,2620.63,62.15,23.99,36.47,34.54,2026-01-01
ACT-0028,200,PLN-200-05,,36,112.5,90.0,25.0,50.0,165.2,25.73,9.01,13.65,0.0,2026-01-01
ACT-0029,100,PLN-100-06,,39,260.0,205.0,50.0,100.0,828.53,40.11,15.01,22.79,16.82,2026-01-01
ACT-0030,200,PLN-200-07,,42,1.2,2.3,1.0,1.0,288.2,82.26,29.14,44.17,0.0,2026-01-01
ACT-0031,100,PLN-100-08,,45,7.75,12.75,2.0,5.0,2409.28,52.67,19.03,28.86,13.22,2026-01-01
ACT-0032,200,PLN-200-01,,48,19.0,28.0,5.0,10.0,178.15,28.46,10.36,15.71,0.0,2026-01-01
ACT-0033,100,PLN-100-02,,51,45.0,61.0,10.0,20.0,1266.04,22.12,8.08,12.26,13.67,2026-01-01
ACT-0034,200,PLN-200-03,,54,130.0,165.0,25.0,50.0,305.47,17.47,6.26,9.5,0.0,2026-01-01
ACT-0035,100,PLN-100-04,,57,120.0,180.0,50.0,100.0,1875.06,29.76,11.51,17.49,30.04,2026-01-01
ACT-0036,200,PLN-200-05,,60,1.55,2.05,1.0,1.0,156.41,27.0,9.46,14.33,0.0,2026-01-01
ACT-0037,100,PLN-100-06,,8,9.5,11.5,2.0,5.0,3721.42,28.51,10.66,16.19,14.57,2026-01-01
ACT-0038,200,PLN-200-07,,11,22.5,25.5,5.0,10.0,352.63,37.44,13.08,19.82,0.0,2026-01-01
ACT-0039,100,PLN-100-08,,14,52.0,56.0,10.0,20.0,643.15,52.07,19.0,28.83,16.82,2026-01-01
ACT-0040,200,PLN-200-01,,17,60.0,152.5,25.0,50.0,152.27,24.38,9.2,13.97,0.0,2026-01-01
ACT-0041,100,PLN-100-02,,20,155.0,330.0,50.0,100.0,354.23,37.08,13.88,21.07,17.27,2026-01-01
ACT-0042,200,PLN-200-03,,23,1.9,1.8,1.0,1.0,337.35,160.31,57.94,87.87,0.0,2026-01-01
ACT-0043,100,PLN-100-04,,26,11.25,10.25,2.0,5.0,362.85,54.11,20.41,31.0,31.39,2026-01-01
ACT-0044,200,PLN-200-05,,29,26.0,23.0,5.0,10.0,126.25,34.47,12.09,18.32,0.0,2026-01-01
ACT-0045,100,PLN-100-06,,32,24.0,51.0,10.0,20.0,236.48,29.52,11.04,16.77,18.17,2026-01-01
ACT-0046,200,PLN-200-07,,35,77.5,140.0,25.0,50.0,502.65,22.31,7.34,11.09,0.0,2026-01-01
ACT-0047,100,PLN-100-08,,38,190.0,305.0,50.0,100.0,708.17,22.66,8.29,12.58,14.57,2026-01-01
ACT-0048,200,PLN-200-01,,41,2.25,3.3,1.0,1.0,248.59,69.26,26.03,39.53,0.0,2026-01-01
ACT-0049,100,PLN-100-02,,44,13.0,9.0,2.0,5.0,744.51,36.43,13.63,20.7,15.02,2026-01-01
ACT-0050,200,PLN-200-03,,47,12.0,20.5,5.0,10.0,1007.09,31.25,11.25,17.06,0.0,2026-01-01
ACT-0051,100,PLN-100-04,,50,31.0,46.0,10.0,20.0,4423.77,47.53,18.36,27.9,32.74,2026-01-01
ACT-0052,200,PLN-200-05,,53,95.0,127.5,25.0,50.0,609.07,19.95,6.97,10.56,0.0,2026-01-01
ACT-0053,100,PLN-100-06,,56,225.0,280.0,50.0,100.0,377.2,33.25,12.44,18.89,15.92,2026-01-01
ACT-0054,200,PLN-200-07,,59,2.6,3.05,1.0,1.0,3591.61,124.21,43.25,65.51,0.0,2026-01-01
ACT-0055,100,PLN-100-08,,7,6.0,16.5,2.0,5.0,1971.43,75.65,27.65,41.95,18.17,2026-01-01
ACT-0056,200,PLN-200-01,,10,15.5,18.0,5.0,10.0,544.03,38.26,14.41,21.88,0.0,2026-01-01
ACT-0057,100,PLN-100-02,,13,38.0,41.0,10.0,20.0,2527.96,37.84,14.72,22.38,18.62,2026-01-01
ACT-0058,200,PLN-200-03,,16,112.5,115.0,25.0,50.0,297.93,31.95,12.19,18.53,0.0,2026-01-01
ACT-0059,100,PLN-100-04,,19,260.0,255.0,50.0,100.0,772.92,30.12,11.71,17.8,28.24,2026-01-01
ACT-0060,200,PLN-200-05,,22,1.2,2.8,1.0,1.0,130.52,46.45,16.32,24.72,0.0,2026-01-01
AFT-0001,100,PLN-100-01,,18,10.0,20.0,1.0,5.0,1538.98,76.89,29.67,45.1,34.54,2026-01-01
AFT-0001,400,PLN-400-02,BUY-02,10,7.75,10.25,2.0,5.0,1538.98,76.89,29.67,45.1,34.54,2026-01-01
AFT-0002,100,PLN-100-03,BUY-03,13,19.0,23.0,5.0,10.0,1578.62,30.07,10.54,15.97,0.0,2026-01-01
AFT-0002,400,PLN-400-03,BUY-03,13,19.0,23.0,5.0,10.0,1578.62,30.07,10.54,15.97,0.0,2026-01-01
AFT-0003,300,PLN-300-04,BUY-04,16,45.0,51.0,10.0,20.0,4410.91,44.43,16.63,25.25,16.82,2026-01-01
AFT-0003,400,PLN-400-04,BUY-04,16,45.0,51.0,10.0,20.0,4410.91,44.43,16.63,25.25,16.82,2026-01-01
AFT-0004,100,PLN-100-01,,18,10.0,20.0,1.0,5.0,2059.91,43.94,15.82,23.99,0.0,2026-01-01
AFT-0004,400,PLN-400-05,BUY-05,19,130.0,140.0,25.0,50.0,2059.91,43.94,15.82,23.99,0.0,2026-01-01
AFT-0005,100,PLN-100-06,BUY-06,22,120.0,305.0,50.0,100.0,2245.22,40.11,14.46,21.92,13.22,2026-01-01
AFT-0005,400,PLN-400-06,BUY-06,22,120.0,305.0,50.0,100.0,2245.22,40.11,14.46,21.92,13.22,2026-01-01
AFT-0006,300,PLN-300-07,BUY-07,25,1.55,3.3,1.0,1.0,5643.55,57.73,21.33,32.38,0.0,2026-01-01
AFT-0006,400,PLN-400-07,BUY-07,25,1.55,3.3,1.0,1.0,5643.55,57.73,21.33,32.38,0.0,2026-01-01
AFT-0007,100,PLN-100-01,,18,10.0,20.0,1.0,5.0,224.58,29.97,11.02,16.73,13.67,2026-01-01
AFT-0007,400,PLN-400-08,BUY-08,28,9.5,9.0,2.0,5.0,224.58,29.97,11.02,16.73,13.67,2026-01-01
AFT-0008,100,PLN-100-01,BUY-09,31,22.5,20.5,5.0,10.0,197.08,23.75,8.53,12.94,0.0,2026-01-01
AFT-0008,400,PLN-400-01,BUY-09,31,22.5,20.5,5.0,10.0,197.08,23.75,8.53,12.94,0.0,2026-01-01
AFT-0009,300,PLN-300-02,BUY-10,34,52.0,46.0,10.0,20.0,524.7,34.45,13.32,20.25,30.04,2026-01-01
AFT-0009,400,PLN-400-02,BUY-10,34,52.0,46.0,10.0,20.0,524.7,34.45,13.32,20.25,30.04,2026-01-01
AFT-0010,100,PLN-100-01,,18,10.0,20.0,1.0,5.0,197.6,12.93,4.5,6.81,0.0,2026-01-01
AFT-0010,400,PLN-400-03,BUY-11,37,60.0,127.5,25.0,50.0,197.6,12.93,4.5,6.81,0.0,2026-01-01
AFT-0011,100,PLN-100-04,BUY-12,40,155.0,280.0,50.0,100.0,402.28,22.11,8.26,12.54,14.57,2026-01-01
AFT-0011,400,PLN-400-04,BUY-12,40,155.0,280.0,50.0,100.0,402.28,22.11,8.26,12.54,14.57,2026-01-01
AFT-0012,300,PLN-300-05,BUY-01,43,1.9,3.05,1.0,1.0,871.18,71.04,24.76,37.51,0.0,2026-01-01
AFT-0012,400,PLN-400-05,BUY-01,43,1.9,3.05,1.0,1.0,871.18,71.04,24.76,37.51,0.0,2026-01-01
AFT-0013,100,PLN-100-01,,18,10.0,20.0,1.0,5.0,2812.74,61.02,22.26,33.77,16.82,2026-01-01
AFT-0013,400,PLN-400-06,BUY-02,46,11.25,16.5,2.0,5.0,2812.74,61.02,22.26,33.77,16.82,2026-01-01
AFT-0014,100,PLN-100-07,BUY-03,49,26.0,18.0,5.0,10.0,882.24,27.57,10.4,15.79,0.0,2026-01-01
AFT-0014,400,PLN-400-07,BUY-03,49,26.0,18.0,5.0,10.0,882.24,27.57,10.4,15.79,0.0,2026-01-01
AFT-0015,300,PLN-300-08,BUY-04,52,24.0,41.0,10.0,20.0,1029.87,39.67,14.85,22.55,17.27,2026-01-01
AFT-0015,400,PLN-400-08,BUY-04,52,24.0,41.0,10.0,20.0,1029.87,39.67,14.85,22.55,17.27,2026-01-01
AFT-0016,100,PLN-100-01,,18,10.0,20.0,1.0,5.0,1591.74,52.35,18.88,28.64,0.0,2026-01-01
AFT-0016,400,PLN-400-01,BUY-05,55,77.5,115.0,25.0,50.0,1591.74,52.35,18.88,28.64,0.0,2026-01-01
AFT-0017,100,PLN-100-02,BUY-06,58,190.0,255.0,50.0,100.0,1579.34,48.86,18.38,27.92,31.39,2026-01-01
AFT-0017,400,PLN-400-02,BUY-06,58,190.0,255.0,50.0,100.0,1579.34,48.86,18.38,27.92,31.39,2026-01-01
AFT-0018,300,PLN-300-03,BUY-07,61,2.25,2.8,1.0,1.0,494.25,47.48,16.68,25.27,0.0,2026-01-01
AFT-0018,400,PLN-400-03,BUY-07,61,2.25,2.8,1.0,1.0,494.25,47.48,16.68,25.27,0.0,2026-01-01
AFT-0019,100,PLN-100-01,,18,10.0,20.0,1.0,5.0,685.66,33.91,12.69,19.27,18.17,2026-01-01
AFT-0019,400,PLN-400-04,BUY-08,9,13.0,15.25,2.0,5.0,685.66,33.91,12.69,19.27,18.17,2026-01-01
AFT-0020,100,PLN-100-05,BUY-09,12,12.0,33.0,5.0,10.0,735.7,26.22,8.7,13.16,0.0,2026-01-01
AFT-0020,400,PLN-400-05,BUY-09,12,12.0,33.0,5.0,10.0,735.7,26.22,8.7,13.16,0.0,2026-01-01
AFT-0021,300,PLN-300-06,BUY-10,15,31.0,36.0,10.0,20.0,331.15,25.77,9.43,14.3,14.57,2026-01-01
AFT-0021,400,PLN-400-06,BUY-10,15,31.0,36.0,10.0,20.0,331.15,25.77,9.43,14.3,14.57,2026-01-01
AFT-0022,100,PLN-100-01,,18,10.0,20.0,1.0,5.0,204.07,10.88,4.14,6.28,0.0,2026-01-01
AFT-0022,400,PLN-400-07,BUY-11,18,95.0,102.5,25.0,50.0,204.07,10.88,4.14,6.28,0.0,2026-01-01
AFT-0023,100,PLN-100-08,BUY-12,21,225.0,230.0,50.0,100.0,221.13,19.08,7.13,10.82,15.02,2026-01-01
AFT-0023,400,PLN-400-08,BUY-12,21,225.0,230.0,50.0,100.0,221.13,19.08,7.13,10.82,15.02,2026-01-01
AFT-0024,300,PLN-300-01,BUY-01,24,2.6,2.55,1.0,1.0,320.05,138.51,50.05,75.91,0.0,2026-01-01
AFT-0024,400,PLN-400-01,BUY-01,24,2.6,2.55,1.0,1.0,320.05,138.51,50.05,75.91,0.0,2026-01-01
AFT-0025,100,PLN-100-01,,18,10.0,20.0,1.0,5.0,341.24,51.63,19.94,30.31,32.74,2026-01-01
AFT-0025,400,PLN-400-02,BUY-02,27,6.0,14.0,2.0,5.0,341.24,51.63,19.94,30.31,32.74,2026-01-01
AFT-0026,100,PLN-100-03,BUY-03,30,15.5,30.5,5.0,10.0,153.83,21.67,7.58,11.48,0.0,2026-01-01
AFT-0026,400,PLN-400-03,BUY-03,30,15.5,30.5,5.0,10.0,153.83,21.67,7.58,11.48,0.0,2026-01-01
AFT-0027,300,PLN-300-04,BUY-04,33,38.0,66.0,10.0,20.0,244.31,34.92,13.07,19.84,15.92,2026-01-01
AFT-0027,400,PLN-400-04,BUY-04,33,38.0,66.0,10.0,20.0,244.31,34.92,13.07,19.84,15.92,2026-01-01
AFT-0028,100,PLN-100-01,,18,10.0,20.0,1.0,5.0,263.03,46.19,16.12,24.42,0.0,2026-01-01
AFT-0028,400,PLN-400-05,BUY-05,36,112.5,90.0,25.0,50.0,263.03,46.19,16.12,24.42,0.0,2026-01-01
AFT-0029,100,PLN-100-06,BUY-06,39,260.0,205.0,50.0,100.0,317.38,53.49,19.58,29.71,18.17,2026-01-01
AFT-0029,400,PLN-400-06,BUY-06,39,260.0,205.0,50.0,100.0,317.38,53.49,19.58,29.71,18.17,2026-01-01
AFT-0030,300,PLN-300-07,BUY-07,42,1.2,2.3,1.0,1.0,165.2,90.86,34.13,51.83,0.0,2026-01-01
AFT-0030,400,PLN-400-07,BUY-07,42,1.2,2.3,1.0,1.0,165.2,90.86,34.13,51.83,0.0,2026-01-01
AFT-0031,100,PLN-100-01,,18,10.0,20.0,1.0,5.0,183.43,54.9,21.12,32.1,18.62,2026-01-01
AFT-0031,400,PLN-400-08,BUY-08,45,7.75,12.75,2.0,5.0,183.43,54.9,21.12,32.1,18.62,2026-01-01
AFT-0032,100,PLN-100-01,BUY-09,48,19.0,28.0,5.0,10.0,598.96,33.76,12.85,19.52,0.0,2026-01-01
AFT-0032,400,PLN-400-01,BUY-09,48,19.0,28.0,5.0,10.0,598.96,33.76,12.85,19.52,0.0,2026-01-01
AFT-0033,300,PLN-300-02,BUY-10,51,45.0,61.0,10.0,20.0,906.13,31.98,12.43,18.89,28.24,2026-01-01
AFT-0033,400,PLN-400-02,BUY-10,51,45.0,61.0,10.0,20.0,906.13,31.98,12.43,18.89,28.24,2026-01-01
AFT-0034,100,PLN-100-01,,18,10.0,20.0,1.0,5.0,487.82,7.15,2.46,3.72,0.0,2026-01-01
AFT-0034,400,PLN-400-03,BUY-11,54,130.0,165.0,25.0,50.0,487.82,7.15,2.46,3.72,0.0,2026-01-01
AFT-0035,100,PLN-100-04,BUY-12,57,120.0,180.0,50.0,100.0,2249.26,15.25,5.69,8.64,13.67,2026-01-01
AFT-0035,400,PLN-400-04,BUY-12,57,120.0,180.0,50.0,100.0,2249.26,15.25,5.69,8.64,13.67,2026-01-01
AFT-0036,300,PLN-300-05,BUY-01,60,1.55,2.05,1.0,1.0,757.2,103.11,35.92,54.4,0.0,2026-01-01
AFT-0036,400,PLN-400-05,BUY-01,60,1.55,2.05,1.0,1.0,757.2,103.11,35.92,54.4,0.0,2026-01-01
AFT-0037,100,PLN-100-01,,18,10.0,20.0,1.0,5.0,2945.19,60.6,22.11,33.54,15.92,2026-01-01
AFT-0037,400,PLN-400-06,BUY-02,8,9.5,11.5,2.0,5.0,2945.19,60.6,22.11,33.54,15.92,2026-01-01
AFT-0038,100,PLN-100-07,BUY-03,11,22.5,25.5,5.0,10.0,1311.28,24.76,9.34,14.19,0.0,2026-01-01
AFT-0038,400,PLN-400-07,BUY-03,11,22.5,25.5,5.0,10.0,1311.28,24.76,9.34,14.19,0.0,2026-01-01
AFT-0039,300,PLN-300-08,BUY-04,14,52.0,56.0,10.0,20.0,8478.44,30.17,11.29,17.14,16.37,2026-01-01
AFT-0039,400,PLN-400-08,BUY-04,14,52.0,56.0,10.0,20.0,8478.44,30.17,11.29,17.14,16.37,2026-01-01
AFT-0040,100,PLN-100-01,,18,10.0,20.0,1.0,5.0,486.37,42.52,15.32,23.24,0.0,2026-01-01
AFT-0040,400,PLN-400-01,BUY-05,17,60.0,152.5,25.0,50.0,486.37,42.52,15.32,23.24,0.0,2026-01-01
AFT-0041,100,PLN-100-02,BUY-06,20,155.0,330.0,50.0,100.0,1004.7,62.29,24.05,36.55,35.44,2026-01-01
AFT-0041,400,PLN-400-02,BUY-06,20,155.0,330.0,50.0,100.0,1004.7,62.29,24.05,36.55,35.44,2026-01-01
AFT-0042,300,PLN-300-03,BUY-07,23,1.9,1.8,1.0,1.0,173.11,66.93,23.54,35.66,0.0,2026-01-01
AFT-0042,400,PLN-400-03,BUY-07,23,1.9,1.8,1.0,1.0,173.11,66.93,23.54,35.66,0.0,2026-01-01
AFT-0043,100,PLN-100-01,,18,10.0,20.0,1.0,5.0,573.64,57.03,21.36,32.43,17.27,2026-01-01
AFT-0043,400,PLN-400-04,BUY-08,26,11.25,10.25,2.0,5.0,573.64,57.03,21.36,32.43,17.27,2026-01-01
AFT-0044,100,PLN-100-05,BUY-09,29,26.0,23.0,5.0,10.0,919.53,44.33,15.24,23.07,0.0,2026-01-01
AFT-0044,400,PLN-400-05,BUY-09,29,26.0,23.0,5.0,10.0,919.53,44.33,15.24,23.07,0.0,2026-01-01
AFT-0045,300,PLN-300-06,BUY-10,32,24.0,51.0,10.0,20.0,1185.93,39.36,13.86,21.0,13.67,2026-01-01
AFT-0045,400,PLN-400-06,BUY-10,32,24.0,51.0,10.0,20.0,1185.93,39.36,13.86,21.0,13.67,2026-01-01
AFT-0046,100,PLN-100-01,,18,10.0,20.0,1.0,5.0,634.68,15.57,5.52,8.37,0.0,2026-01-01
AFT-0046,400,PLN-400-07,BUY-11,35,77.5,140.0,25.0,50.0,634.68,15.57,5.52,8.37,0.0,2026-01-01
AFT-0047,100,PLN-100-08,BUY-12,38,190.0,305.0,50.0,100.0,1840.21,11.42,4.25,6.46,14.12,2026-01-01
AFT-0047,400,PLN-400-08,BUY-12,38,190.0,305.0,50.0,100.0,1840.21,11.42,4.25,6.46,14.12,2026-01-01
AFT-0048,300,PLN-300-01,BUY-01,41,2.25,3.3,1.0,1.0,2453.0,73.98,26.71,40.5,0.0,2026-01-01
AFT-0048,400,PLN-400-01,BUY-01,41,2.25,3.3,1.0,1.0,2453.0,73.98,26.71,40.5,0.0,2026-01-01
AFT-0049,100,PLN-100-01,,18,10.0,20.0,1.0,5.0,588.01,51.18,19.77,30.05,30.94,2026-01-01
AFT-0049,400,PLN-400-02,BUY-02,44,13.0,9.0,2.0,5.0,588.01,51.18,19.77,30.05,30.94,2026-01-01
AFT-0050,100,PLN-100-03,BUY-03,47,12.0,20.5,5.0,10.0,2435.6,19.01,6.64,10.06,0.0,2026-01-01
AFT-0050,400,PLN-400-03,BUY-03,47,12.0,20.5,5.0,10.0,2435.6,19.01,6.64,10.06,0.0,2026-01-01
AFT-0051,300,PLN-300-04,BUY-04,50,31.0,46.0,10.0,20.0,1271.6,29.45,11.02,16.73,15.02,2026-01-01
AFT-0051,400,PLN-400-04,BUY-04,50,31.0,46.0,10.0,20.0,1271.6,29.45,11.02,16.73,15.02,2026-01-01
AFT-0052,100,PLN-100-01,,18,10.0,20.0,1.0,5.0,243.19,38.56,13.47,20.4,0.0,2026-01-01
AFT-0052,400,PLN-400-05,BUY-05,53,95.0,127.5,25.0,50.0,243.19,38.56,13.47,20.4,0.0,2026-01-01
AFT-0053,100,PLN-100-06,BUY-06,56,225.0,280.0,50.0,100.0,364.99,53.55,19.54,29.64,17.27,2026-01-01
AFT-0053,400,PLN-400-06,BUY-06,56,225.0,280.0,50.0,100.0,364.99,53.55,19.54,29.64,17.27,2026-01-01
AFT-0054,300,PLN-300-07,BUY-07,59,2.6,3.05,1.0,1.0,179.58,50.9,19.15,29.08,0.0,2026-01-01
AFT-0054,400,PLN-400-07,BUY-07,59,2.6,3.05,1.0,1.0,179.58,50.9,19.15,29.08,0.0,2026-01-01
AFT-0055,100,PLN-100-01,,18,10.0,20.0,1.0,5.0,168.82,48.82,18.28,27.75,17.72,2026-01-01
AFT-0055,400,PLN-400-08,BUY-08,7,6.0,16.5,2.0,5.0,168.82,48.82,18.28,27.75,17.72,2026-01-01
AFT-0056,100,PLN-100-01,BUY-09,10,15.5,18.0,5.0,10.0,291.32,49.9,17.84,27.05,0.0,2026-01-01
AFT-0056,400,PLN-400-01,BUY-09,10,15.5,18.0,5.0,10.0,291.32,49.9,17.84,27.05,0.0,2026-01-01
AFT-0057,300,PLN-300-02,BUY-10,13,38.0,41.0,10.0,20.0,494.11,46.96,17.96,27.29,32.29,2026-01-01
AFT-0057,400,PLN-400-02,BUY-10,13,38.0,41.0,10.0,20.0,494.11,46.96,17.96,27.29,32.29,2026-01-01
AFT-0058,100,PLN-100-01,,18,10.0,20.0,1.0,5.0,201.22,25.01,8.89,13.47,0.0,2026-01-01
AFT-0058,400,PLN-400-03,BUY-11,16,112.5,115.0,25.0,50.0,201.22,25.01,8.89,13.47,0.0,2026-01-01
AFT-0059,100,PLN-100-04,BUY-12,19,260.0,255.0,50.0,100.0,208.37,21.46,8.58,13.06,18.62,2026-01-01
AFT-0059,400,PLN-400-04,BUY-12,19,260.0,255.0,50.0,100.0,208.37,21.46,8.58,13.06,18.62,2026-01-01
AFT-0060,300,PLN-300-05,BUY-01,22,1.2,2.8,1.0,1.0,305.47,40.65,14.2,21.51,0.0,2026-01-01
AFT-0060,400,PLN-400-05,BUY-01,22,1.2,2.8,1.0,1.0,305.47,40.65,14.2,21.51,0.0,2026-01-01
CTL-0001,300,PLN-300-02,,10,7.75,10.25,2.0,5.0,2107.8,28.23,10.56,16.03,13.67,2026-01-01
CTL-0002,300,PLN-300-03,,13,19.0,23.0,5.0,10.0,1037.4,33.06,11.56,17.51,0.0,2026-01-01
CTL-0003,300,PLN-300-04,,16,45.0,51.0,10.0,20.0,1669.64,44.08,16.09,24.41,15.92,2026-01-01
CTL-0004,300,PLN-300-05,,19,130.0,140.0,25.0,50.0,1352.58,18.28,6.91,10.5,0.0,2026-01-01
CTL-0005,300,PLN-300-06,,22,120.0,305.0,50.0,100.0,991.46,29.42,11.0,16.71,16.37,2026-01-01
CTL-0006,300,PLN-300-07,,25,1.55,3.3,1.0,1.0,1425.56,95.78,34.6,52.47,0.0,2026-01-01
CTL-0007,300,PLN-300-08,,28,9.5,9.0,2.0,5.0,2015.94,78.88,30.44,46.27,35.44,2026-01-01
CTL-0008,300,PLN-300-01,,31,22.5,20.5,5.0,10.0,650.94,31.81,11.15,16.9,0.0,2026-01-01
CTL-0009,300,PLN-300-02,,34,52.0,46.0,10.0,20.0,1356.14,47.45,17.77,26.98,17.27,2026-01-01
CTL-0010,300,PLN-300-03,,37,60.0,127.5,25.0,50.0,2772.28,37.17,12.75,19.3,0.0,2026-01-01
CTL-0011,300,PLN-300-04,,40,155.0,280.0,50.0,100.0,2771.12,33.05,11.56,17.52,13.67,2026-01-01
CTL-0012,300,PLN-300-05,,43,1.9,3.05,1.0,1.0,4405.54,40.09,14.72,22.33,0.0,2026-01-01
CTL-0013,300,PLN-300-06,,46,11.25,16.5,2.0,5.0,216.67,20.02,7.48,11.35,14.12,2026-01-01
CTL-0014,300,PLN-300-07,,49,26.0,18.0,5.0,10.0,325.43,26.72,9.61,14.57,0.0,2026-01-01
CTL-0015,300,PLN-300-08,,52,24.0,41.0,10.0,20.0,397.19,39.11,15.11,22.97,30.94,2026-01-01
CTL-0016,300,PLN-300-01,,55,77.5,115.0,25.0,50.0,244.3,15.32,5.34,8.09,0.0,2026-01-01
CTL-0017,300,PLN-300-02,,58,190.0,255.0,50.0,100.0,179.99,26.4,9.87,14.99,15.02,2026-01-01
CTL-0018,300,PLN-300-03,,61,2.25,2.8,1.0,1.0,569.15,61.75,21.54,32.62,0.0,2026-01-01
CTL-0019,300,PLN-300-04,,9,13.0,15.25,2.0,5.0,870.92,62.91,22.95,34.81,17.27,2026-01-01
CTL-0020,300,PLN-300-05,,12,12.0,33.0,5.0,10.0,629.77,29.41,11.09,16.84,0.0,2026-01-01
CTL-0021,300,PLN-300-06,,15,31.0,36.0,10.0,20.0,748.58,42.7,15.98,24.27,17.72,2026-01-01
CTL-0022,300,PLN-300-07,,18,95.0,102.5,25.0,50.0,1985.2,44.74,15.97,24.21,0.0,2026-01-01
CTL-0023,300,PLN-300-08,,21,225.0,230.0,50.0,100.0,1126.5,42.97,16.42,24.95,32.29,2026-01-01
CTL-0024,300,PLN-300-01,,24,2.6,2.55,1.0,1.0,615.24,88.4,31.23,47.33,0.0,2026-01-01
CTL-0025,300,PLN-300-02,,27,6.0,14.0,2.0,5.0,1172.18,24.88,9.86,15.0,18.62,2026-01-01
CTL-0026,300,PLN-300-03,,30,15.5,30.5,5.0,10.0,1008.2,19.21,6.74,10.22,0.0,2026-01-01
CTL-0027,300,PLN-300-04,,33,38.0,66.0,10.0,20.0,979.18,30.19,11.04,16.74,15.02,2026-01-01
CTL-0028,300,PLN-300-05,,36,112.5,90.0,25.0,50.0,2333.15,13.4,5.08,7.72,0.0,2026-01-01
CTL-0029,300,PLN-300-06,,39,260.0,205.0,50.0,100.0,686.85,22.57,8.43,12.81,15.47,2026-01-01
CTL-0030,300,PLN-300-07,,42,1.2,2.3,1.0,1.0,2682.39,128.92,46.58,70.65,0.0,2026-01-01
CTL-0031,300,PLN-300-08,,45,7.75,12.75,2.0,5.0,1766.0,78.44,30.27,46.01,33.64,2026-01-01
CTL-0032,300,PLN-300-01,,48,19.0,28.0,5.0,10.0,1903.92,23.41,8.19,12.41,0.0,2026-01-01
CTL-0033,300,PLN-300-02,,51,45.0,61.0,10.0,20.0,3586.47,37.95,14.2,21.56,16.37,2026-01-01
CTL-0034,300,PLN-300-03,,54,130.0,165.0,25.0,50.0,1852.42,50.14,17.5,26.5,0.0,2026-01-01
CTL-0035,300,PLN-300-04,,57,120.0,180.0,50.0,100.0,2972.14,48.25,18.12,27.52,18.62,2026-01-01
CTL-0036,300,PLN-300-05,,60,1.55,2.05,1.0,1.0,3589.99,84.92,31.9,48.45,0.0,2026-01-01
CTL-0037,300,PLN-300-06,,8,9.5,11.5,2.0,5.0,4234.47,43.13,16.15,24.52,13.22,2026-01-01
CTL-0038,300,PLN-300-07,,11,22.5,25.5,5.0,10.0,1562.98,33.88,12.35,18.74,0.0,2026-01-01
CTL-0039,300,PLN-300-08,,14,52.0,56.0,10.0,20.0,1806.27,24.48,9.48,14.41,29.14,2026-01-01
CTL-0040,300,PLN-300-01,,17,60.0,152.5,25.0,50.0,3675.53,9.55,3.31,5.0,0.0,2026-01-01
DRV-0001,100,PLN-100-02,,10,7.75,10.25,2.0,5.0,984.99,38.52,14.42,21.89,18.17,2026-01-01
DRV-0002,200,PLN-200-03,,13,19.0,23.0,5.0,10.0,2217.67,28.93,9.64,14.58,0.0,2026-01-01
DRV-0003,100,PLN-100-04,,16,45.0,51.0,10.0,20.0,1902.35,27.46,10.04,15.23,14.57,2026-01-01
DRV-0004,200,PLN-200-05,,19,130.0,140.0,25.0,50.0,744.28,11.22,4.27,6.48,0.0,2026-01-01
DRV-0005,100,PLN-100-06,,22,120.0,305.0,50.0,100.0,1111.8,18.51,6.91,10.49,15.02,2026-01-01
DRV-0006,200,PLN-200-07,,25,1.55,3.3,1.0,1.0,1646.58,68.75,24.81,37.63,0.0,2026-01-01
DRV-0007,100,PLN-100-08,,28,9.5,9.0,2.0,5.0,1207.31,58.72,22.67,34.46,32.74,2026-01-01
DRV-0008,200,PLN-200-01,,31,22.5,20.5,5.0,10.0,216.24,23.31,8.16,12.36,0.0,2026-01-01
DRV-0009,100,PLN-100-02,,34,52.0,46.0,10.0,20.0,218.82,36.07,13.5,20.5,15.92,2026-01-01
DRV-0010,200,PLN-200-03,,37,60.0,127.5,25.0,50.0,276.67,46.73,16.31,24.71,0.0,2026-01-01
DRV-0011,100,PLN-100-04,,40,155.0,280.0,50.0,100.0,701.78,53.83,19.71,29.9,18.17,2026-01-01
DRV-0012,200,PLN-200-05,,43,1.9,3.05,1.0,1.0,143.44,47.66,17.93,27.23,0.0,2026-01-01
DRV-0013,100,PLN-100-06,,46,11.25,16.5,2.0,5.0,429.9,43.38,16.8,25.54,18.62,2026-01-01
DRV-0014,200,PLN-200-07,,49,26.0,18.0,5.0,10.0,905.38,36.55,13.86,21.05,0.0,2026-01-01
DRV-0015,100,PLN-100-08,,52,24.0,41.0,10.0,20.0,1138.69,33.76,13.11,19.93,28.24,2026-01-01
DRV-0016,200,PLN-200-01,,55,77.5,115.0,25.0,50.0,367.85,7.48,2.58,3.9,0.0,2026-01-01
DRV-0017,100,PLN-100-02,,58,190.0,255.0,50.0,100.0,733.34,15.48,5.78,8.77,13.67,2026-01-01
DRV-0018,200,PLN-200-03,,61,2.25,2.8,1.0,1.0,1224.7,130.12,45.31,68.62,0.0,2026-01-01
DRV-0019,100,PLN-100-04,,9,13.0,15.25,2.0,5.0,1304.69,43.76,15.98,24.24,15.92,2026-01-01
DRV-0020,200,PLN-200-05,,12,12.0,33.0,5.0,10.0,916.9,20.44,7.72,11.73,0.0,2026-01-01
DRV-0021,100,PLN-100-06,,15,31.0,36.0,10.0,20.0,948.84,31.32,11.72,17.79,16.37,2026-01-01
DRV-0022,200,PLN-200-07,,18,95.0,102.5,25.0,50.0,4116.86,43.08,15.53,23.54,0.0,2026-01-01
DRV-0023,100,PLN-100-08,,21,225.0,230.0,50.0,100.0,1297.73,62.64,24.18,36.76,35.44,2026-01-01
DRV-0024,200,PLN-200-01,,24,2.6,2.55,1.0,1.0,1468.58,83.32,29.31,44.41,0.0,2026-01-01
DRV-0025,100,PLN-100-02,,27,6.0,14.0,2.0,5.0,2103.83,61.63,23.08,35.05,17.27,2026-01-01
DRV-0026,200,PLN-200-03,,30,15.5,30.5,5.0,10.0,568.81,37.57,12.89,19.51,0.0,2026-01-01
DRV-0027,100,PLN-100-04,,33,38.0,66.0,10.0,20.0,1088.92,35.15,12.33,18.68,13.67,2026-01-01
DRV-0028,200,PLN-200-05,,36,112.5,90.0,25.0,50.0,2328.55,15.92,5.65,8.57,0.0,2026-01-01
DRV-0029,100,PLN-100-06,,39,260.0,205.0,50.0,100.0,1580.45,11.65,4.34,6.59,14.12,2026-01-01
DRV-0030,200,PLN-200-07,,42,1.2,2.3,1.0,1.0,253.23,101.88,36.8,55.81,0.0,2026-01-01
DRV-0031,100,PLN-100-08,,45,7.75,12.75,2.0,5.0,1247.07,58.28,22.5,34.2,30.94,2026-01-01
DRV-0032,200,PLN-200-01,,48,19.0,28.0,5.0,10.0,204.07,20.65,7.22,10.93,0.0,2026-01-01
DRV-0033,100,PLN-100-02,,51,45.0,61.0,10.0,20.0,1058.29,26.57,9.94,15.09,15.02,2026-01-01
DRV-0034,200,PLN-200-03,,54,130.0,165.0,25.0,50.0,354.09,37.21,13.0,19.69,0.0,2026-01-01
DRV-0035,100,PLN-100-04,,57,120.0,180.0,50.0,100.0,783.48,53.88,19.66,29.83,17.27,2026-01-01
DRV-0036,200,PLN-200-05,,60,1.55,2.05,1.0,1.0,1364.46,68.18,25.63,38.92,0.0,2026-01-01
DRV-0037,100,PLN-100-06,,8,9.5,11.5,2.0,5.0,4347.95,53.43,20.01,30.38,17.72,2026-01-01
DRV-0038,200,PLN-200-07,,11,22.5,25.5,5.0,10.0,444.21,52.69,18.85,28.58,0.0,2026-01-01
DRV-0039,100,PLN-100-08,,14,52.0,56.0,10.0,20.0,257.27,48.73,18.64,28.33,32.29,2026-01-01
DRV-0040,200,PLN-200-01,,17,60.0,152.5,25.0,50.0,173.14,24.19,8.6,13.03,0.0,2026-01-01
DRV-0041,100,PLN-100-02,,20,155.0,330.0,50.0,100.0,210.86,20.89,8.36,12.73,18.62,2026-01-01
DRV-0042,200,PLN-200-03,,23,1.9,1.8,1.0,1.0,282.56,67.66,23.59,35.73,0.0,2026-01-01
DRV-0043,100,PLN-100-04,,26,11.25,10.25,2.0,5.0,483.48,43.34,15.82,24.01,15.02,2026-01-01
DRV-0044,200,PLN-200-05,,29,26.0,23.0,5.0,10.0,184.6,17.64,6.67,10.13,0.0,2026-01-01
DRV-0045,100,PLN-100-06,,32,24.0,51.0,10.0,20.0,313.14,25.85,9.67,14.68,15.47,2026-01-01
DRV-0046,200,PLN-200-07,,35,77.5,140.0,25.0,50.0,810.24,35.19,12.67,19.22,0.0,2026-01-01
DRV-0047,100,PLN-100-08,,38,190.0,305.0,50.0,100.0,3601.14,50.85,19.64,29.85,33.64,2026-01-01
DRV-0048,200,PLN-200-01,,41,2.25,3.3,1.0,1.0,830.49,45.43,15.95,24.17,0.0,2026-01-01
DRV-0049,100,PLN-100-02,,44,13.0,9.0,2.0,5.0,1095.57,45.22,16.93,25.7,16.37,2026-01-01
DRV-0050,200,PLN-200-03,,47,12.0,20.5,5.0,10.0,3032.78,55.68,19.42,29.42,0.0,2026-01-01
DRV-0051,100,PLN-100-04,,50,31.0,46.0,10.0,20.0,3042.55,52.38,19.62,29.8,18.62,2026-01-01
DRV-0052,200,PLN-200-05,,53,95.0,127.5,25.0,50.0,1229.25,35.35,13.31,20.22,0.0,2026-01-01
DRV-0053,100,PLN-100-06,,56,225.0,280.0,50.0,100.0,2427.95,28.2,10.55,16.01,13.22,2026-01-01
DRV-0054,200,PLN-200-07,,59,2.6,3.05,1.0,1.0,2295.11,49.06,17.84,27.07,0.0,2026-01-01
DRV-0055,100,PLN-100-08,,7,6.0,16.5,2.0,5.0,5306.11,33.01,12.76,19.4,29.14,2026-01-01
DRV-0056,200,PLN-200-01,,10,15.5,18.0,5.0,10.0,2970.21,12.25,4.26,6.45,0.0,2026-01-01
DRV-0057,100,PLN-100-02,,13,38.0,41.0,10.0,20.0,3815.11,21.1,7.88,11.97,14.12,2026-01-01
DRV-0058,200,PLN-200-03,,16,112.5,115.0,25.0,50.0,1971.08,29.58,10.35,15.67,0.0,2026-01-01
DRV-0059,100,PLN-100-04,,19,260.0,255.0,50.0,100.0,3985.72,43.87,16.02,24.3,16.37,2026-01-01
DRV-0060,200,PLN-200-05,,22,1.2,2.8,1.0,1.0,201.15,88.7,33.32,50.6,0.0,2026-01-01
PC-0001,100,PLN-100-02,BUY-02,10,7.75,10.25,2.0,5.0,47.91,0.0,0.0,0.0,0.0,2026-01-01
PC-0001,200,PLN-200-02,BUY-02,10,7.75,10.25,2.0,5.0,47.91,0.0,0.0,0.0,0.0,2026-01-01
PC-0001,300,PLN-300-02,BUY-02,10,7.75,10.25,2.0,5.0,47.91,0.0,0.0,0.0,0.0,2026-01-01
PC-0001,400,PLN-400-02,BUY-02,10,7.75,10.25,2.0,5.0,47.91,0.0,0.0,0.0,0.0,2026-01-01
PC-0002,100,PLN-100-03,BUY-03,13,19.0,23.0,5.0,10.0,51.19,0.0,0.0,0.0,0.0,2026-01-01
PC-0002,200,PLN-200-03,BUY-03,13,19.0,23.0,5.0,10.0,51.19,0.0,0.0,0.0,0.0,2026-01-01
PC-0002,300,PLN-300-03,BUY-03,13,19.0,23.0,5.0,10.0,51.19,0.0,0.0,0.0,0.0,2026-01-01
PC-0002,400,PLN-400-03,BUY-03,13,19.0,23.0,5.0,10.0,51.19,0.0,0.0,0.0,0.0,2026-01-01
PC-0003,100,PLN-100-04,BUY-04,16,45.0,51.0,10.0,20.0,54.46,0.0,0.0,0.0,0.0,2026-01-01
PC-0003,200,PLN-200-04,BUY-04,16,45.0,51.0,10.0,20.0,54.46,0.0,0.0,0.0,0.0,2026-01-01
PC-0003,300,PLN-300-04,BUY-04,16,45.0,51.0,10.0,20.0,54.46,0.0,0.0,0.0,0.0,2026-01-01
PC-0003,400,PLN-400-04,BUY-04,16,45.0,51.0,10.0,20.0,54.46,0.0,0.0,0.0,0.0,2026-01-01
PC-0004,100,PLN-100-05,BUY-05,19,130.0,140.0,25.0,50.0,57.73,0.0,0.0,0.0,0.0,2026-01-01
PC-0004,200,PLN-200-05,BUY-05,19,130.0,140.0,25.0,50.0,57.73,0.0,0.0,0.0,0.0,2026-01-01
PC-0004,300,PLN-300-05,BUY-05,19,130.0,140.0,25.0,50.0,57.73,0.0,0.0,0.0,0.0,2026-01-01
PC-0004,400,PLN-400-05,BUY-05,19,130.0,140.0,25.0,50.0,57.73,0.0,0.0,0.0,0.0,2026-01-01
PC-0005,100,PLN-100-06,BUY-06,22,120.0,305.0,50.0,100.0,61.0,0.0,0.0,0.0,0.0,2026-01-01
PC-0005,200,PLN-200-06,BUY-06,22,120.0,305.0,50.0,100.0,61.0,0.0,0.0,0.0,0.0,2026-01-01
PC-0005,300,PLN-300-06,BUY-06,22,120.0,305.0,50.0,100.0,61.0,0.0,0.0,0.0,0.0,2026-01-01
PC-0005,400,PLN-400-06,BUY-06,22,120.0,305.0,50.0,100.0,61.0,0.0,0.0,0.0,0.0,2026-01-01
PC-0006,100,PLN-100-07,BUY-07,25,1.55,3.3,1.0,1.0,64.28,0.0,0.0,0.0,0.0,2026-01-01
PC-0006,200,PLN-200-07,BUY-07,25,1.55,3.3,1.0,1.0,64.28,0.0,0.0,0.0,0.0,2026-01-01
PC-0006,300,PLN-300-07,BUY-07,25,1.55,3.3,1.0,1.0,64.28,0.0,0.0,0.0,0.0,2026-01-01
PC-0006,400,PLN-400-07,BUY-07,25,1.55,3.3,1.0,1.0,64.28,0.0,0.0,0.0,0.0,2026-01-01
PC-0007,100,PLN-100-08,BUY-08,28,9.5,9.0,2.0,5.0,67.55,0.0,0.0,0.0,0.0,2026-01-01
PC-0007,200,PLN-200-08,BUY-08,28,9.5,9.0,2.0,5.0,67.55,0.0,0.0,0.0,0.0,2026-01-01
PC-0007,300,PLN-300-08,BUY-08,28,9.5,9.0,2.0,5.0,67.55,0.0,0.0,0.0,0.0,2026-01-01
PC-0007,400,PLN-400-08,BUY-08,28,9.5,9.0,2.0,5.0,67.55,0.0,0.0,0.0,0.0,2026-01-01
PC-0008,100,PLN-100-01,BUY-09,31,22.5,20.5,5.0,10.0,70.82,0.0,0.0,0.0,0.0,2026-01-01
PC-0008,200,PLN-200-01,BUY-09,31,22.5,20.5,5.0,10.0,70.82,0.0,0.0,0.0,0.0,2026-01-01
PC-0008,300,PLN-300-01,BUY-09,31,22.5,20.5,5.0,10.0,70.82,0.0,0.0,0.0,0.0,2026-01-01
PC-0008,400,PLN-400-01,BUY-09,31,22.5,20.5,5.0,10.0,70.82,0.0,0.0,0.0,0.0,2026-01-01
PC-0009,100,PLN-100-02,BUY-10,34,52.0,46.0,10.0,20.0,74.09,0.0,0.0,0.0,0.0,2026-01-01
PC-0009,200,PLN-200-02,BUY-10,34,52.0,46.0,10.0,20.0,74.09,0.0,0.0,0.0,0.0,2026-01-01
PC-0009,300,PLN-300-02,BUY-10,34,52.0,46.0,10.0,20.0,74.09,0.0,0.0,0.0,0.0,2026-01-01
PC-0009,400,PLN-400-02,BUY-10,34,52.0,46.0,10.0,20.0,74.09,0.0,0.0,0.0,0.0,2026-01-01
PC-0010,100,PLN-100-03,BUY-11,37,60.0,127.5,25.0,50.0,77.37,0.0,0.0,0.0,0.0,2026-01-01
PC-0010,200,PLN-200-03,BUY-11,37,60.0,127.5,25.0,50.0,77.37,0.0,0.0,0.0,0.0,2026-01-01
PC-0010,300,PLN-300-03,BUY-11,37,60.0,127.5,25.0,50.0,77.37,0.0,0.0,0.0,0.0,2026-01-01
PC-0010,400,PLN-400-03,BUY-11,37,60.0,127.5,25.0,50.0,77.37,0.0,0.0,0.0,0.0,2026-01-01
PC-0011,100,PLN-100-04,BUY-12,40,155.0,280.0,50.0,100.0,80.64,0.0,0.0,0.0,0.0,2026-01-01
PC-0011,200,PLN-200-04,BUY-12,40,155.0,280.0,50.0,100.0,80.64,0.0,0.0,0.0,0.0,2026-01-01
PC-0011,300,PLN-300-04,BUY-12,40,155.0,280.0,50.0,100.0,80.64,0.0,0.0,0.0,0.0,2026-01-01
PC-0011,400,PLN-400-04,BUY-12,40,155.0,280.0,50.0,100.0,80.64,0.0,0.0,0.0,0.0,2026-01-01
PC-0012,100,PLN-100-05,BUY-01,43,1.9,3.05,1.0,1.0,83.91,0.0,0.0,0.0,0.0,2026-01-01
PC-0012,200,PLN-200-05,BUY-01,43,1.9,3.05,1.0,1.0,83.91,0.0,0.0,0.0,0.0,2026-01-01
PC-0012,300,PLN-300-05,BUY-01,43,1.9,3.05,1.0,1.0,83.91,0.0,0.0,0.0,0.0,2026-01-01
PC-0012,400,PLN-400-05,BUY-01,43,1.9,3.05,1.0,1.0,83.91,0.0,0.0,0.0,0.0,2026-01-01
PC-0013,100,PLN-100-06,BUY-02,46,11.25,16.5,2.0,5.0,87.19,0.0,0.0,0.0,0.0,2026-01-01
PC-0013,200,PLN-200-06,BUY-02,46,11.25,16.5,2.0,5.0,87.19,0.0,0.0,0.0,0.0,2026-01-01
PC-0013,300,PLN-300-06,BUY-02,46,11.25,16.5,2.0,5.0,87.19,0.0,0.0,0.0,0.0,2026-01-01
PC-0013,400,PLN-400-06,BUY-02,46,11.25,16.5,2.0,5.0,87.19,0.0,0.0,0.0,0.0,2026-01-01
PC-0014,100,PLN-100-07,BUY-03,49,26.0,18.0,5.0,10.0,90.46,0.0,0.0,0.0,0.0,2026-01-01
PC-0014,200,PLN-200-07,BUY-03,49,26.0,18.0,5.0,10.0,90.46,0.0,0.0,0.0,0.0,2026-01-01
PC-0014,300,PLN-300-07,BUY-03,49,26.0,18.0,5.0,10.0,90.46,0.0,0.0,0.0,0.0,2026-01-01
PC-0014,400,PLN-400-07,BUY-03,49,26.0,18.0,5.0,10.0,90.46,0.0,0.0,0.0,0.0,2026-01-01
PC-0015,100,PLN-100-08,BUY-04,52,24.0,41.0,10.0,20.0,93.73,0.0,0.0,0.0,0.0,2026-01-01
PC-0015,200,PLN-200-08,BUY-04,52,24.0,41.0,10.0,20.0,93.73,0.0,0.0,0.0,0.0,2026-01-01
PC-0015,300,PLN-300-08,BUY-04,52,24.0,41.0,10.0,20.0,93.73,0.0,0.0,0.0,0.0,2026-01-01
PC-0015,400,PLN-400-08,BUY-04,52,24.0,41.0,10.0,20.0,93.73,0.0,0.0,0.0,0.0,2026-01-01
PC-0016,100,PLN-100-01,BUY-05,55,77.5,115.0,25.0,50.0,97.0,0.0,0.0,0.0,0.0,2026-01-01
PC-0016,200,PLN-200-01,BUY-05,55,77.5,115.0,25.0,50.0,97.0,0.0,0.0,0.0,0.0,2026-01-01
PC-0016,300,PLN-300-01,BUY-05,55,77.5,115.0,25.0,50.0,97.0,0.0,0.0,0.0,0.0,2026-01-01
PC-0016,400,PLN-400-01,BUY-05,55,77.5,115.0,25.0,50.0,97.0,0.0,0.0,0.0,0.0,2026-01-01
PC-0017,100,PLN-100-02,BUY-06,58,190.0,255.0,50.0,100.0,100.28,0.0,0.0,0.0,0.0,2026-01-01
PC-0017,200,PLN-200-02,BUY-06,58,190.0,255.0,50.0,100.0,100.28,0.0,0.0,0.0,0.0,2026-01-01
PC-0017,300,PLN-300-02,BUY-06,58,190.0,255.0,50.0,100.0,100.28,0.0,0.0,0.0,0.0,2026-01-01
PC-0017,400,PLN-400-02,BUY-06,58,190.0,255.0,50.0,100.0,100.28,0.0,0.0,0.0,0.0,2026-01-01
PC-0018,100,PLN-100-03,BUY-07,61,2.25,2.8,1.0,1.0,103.55,0.0,0.0,0.0,0.0,2026-01-01
PC-0018,200,PLN-200-03,BUY-07,61,2.25,2.8,1.0,1.0,103.55,0.0,0.0,0.0,0.0,2026-01-01
PC-0018,300,PLN-300-03,BUY-07,61,2.25,2.8,1.0,1.0,103.55,0.0,0.0,0.0,0.0,2026-01-01
PC-0018,400,PLN-400-03,BUY-07,61,2.25,2.8,1.0,1.0,103.55,0.0,0.0,0.0,0.0,2026-01-01
PC-0019,100,PLN-100-04,BUY-08,9,13.0,15.25,2.0,5.0,106.82,0.0,0.0,0.0,0.0,2026-01-01
PC-0019,200,PLN-200-04,BUY-08,9,13.0,15.25,2.0,5.0,106.82,0.0,0.0,0.0,0.0,2026-01-01
PC-0019,300,PLN-300-04,BUY-08,9,13.0,15.25,2.0,5.0,106.82,0.0,0.0,0.0,0.0,2026-01-01
PC-0019,400,PLN-400-04,BUY-08,9,13.0,15.25,2.0,5.0,106.82,0.0,0.0,0.0,0.0,2026-01-01
PC-0020,100,PLN-100-05,BUY-09,12,12.0,33.0,5.0,10.0,110.09,0.0,0.0,0.0,0.0,2026-01-01
PC-0020,200,PLN-200-05,BUY-09,12,12.0,33.0,5.0,10.0,110.09,0.0,0.0,0.0,0.0,2026-01-01
PC-0020,300,PLN-300-05,BUY-09,12,12.0,33.0,5.0,10.0,110.09,0.0,0.0,0.0,0.0,2026-01-01
PC-0020,400,PLN-400-05,BUY-09,12,12.0,33.0,5.0,10.0,110.09,0.0,0.0,0.0,0.0,2026-01-01
PC-0021,100,PLN-100-06,BUY-10,15,31.0,36.0,10.0,20.0,113.37,0.0,0.0,0.0,0.0,2026-01-01
PC-0021,200,PLN-200-06,BUY-10,15,31.0,36.0,10.0,20.0,113.37,0.0,0.0,0.0,0.0,2026-01-01
PC-0021,300,PLN-300-06,BUY-10,15,31.0,36.0,10.0,20.0,113.37,0.0,0.0,0.0,0.0,2026-01-01
PC-0021,400,PLN-400-06,BUY-10,15,31.0,36.0,10.0,20.0,113.37,0.0,0.0,0.0,0.0,2026-01-01
PC-0022,100,PLN-100-07,BUY-11,18,95.0,102.5,25.0,50.0,116.64,0.0,0.0,0.0,0.0,2026-01-01
PC-0022,200,PLN-200-07,BUY-11,18,95.0,102.5,25.0,50.0,116.64,0.0,0.0,0.0,0.0,2026-01-01
PC-0022,300,PLN-300-07,BUY-11,18,95.0,102.5,25.0,50.0,116.64,0.0,0.0,0.0,0.0,2026-01-01
PC-0022,400,PLN-400-07,BUY-11,18,95.0,102.5,25.0,50.0,116.64,0.0,0.0,0.0,0.0,2026-01-01
PC-0023,100,PLN-100-08,BUY-12,21,225.0,230.0,50.0,100.0,119.91,0.0,0.0,0.0,0.0,2026-01-01
PC-0023,200,PLN-200-08,BUY-12,21,225.0,230.0,50.0,100.0,119.91,0.0,0.0,0.0,0.0,2026-01-01
PC-0023,300,PLN-300-08,BUY-12,21,225.0,230.0,50.0,100.0,119.91,0.0,0.0,0.0,0.0,2026-01-01
PC-0023,400,PLN-400-08,BUY-12,21,225.0,230.0,50.0,100.0,119.91,0.0,0.0,0.0,0.0,2026-01-01
PC-0024,100,PLN-100-01,BUY-01,24,2.6,2.55,1.0,1.0,123.19,0.0,0.0,0.0,0.0,2026-01-01
PC-0024,200,PLN-200-01,BUY-01,24,2.6,2.55,1.0,1.0,123.19,0.0,0.0,0.0,0.0,2026-01-01
PC-0024,300,PLN-300-01,BUY-01,24,2.6,2.55,1.0,1.0,123.19,0.0,0.0,0.0,0.0,2026-01-01
PC-0024,400,PLN-400-01,BUY-01,24,2.6,2.55,1.0,1.0,123.19,0.0,0.0,0.0,0.0,2026-01-01
PC-0025,100,PLN-100-02,BUY-02,27,6.0,14.0,2.0,5.0,126.46,0.0,0.0,0.0,0.0,2026-01-01
PC-0025,200,PLN-200-02,BUY-02,27,6.0,14.0,2.0,5.0,126.46,0.0,0.0,0.0,0.0,2026-01-01
PC-0025,300,PLN-300-02,BUY-02,27,6.0,14.0,2.0,5.0,126.46,0.0,0.0,0.0,0.0,2026-01-01
PC-0025,400,PLN-400-02,BUY-02,27,6.0,14.0,2.0,5.0,126.46,0.0,0.0,0.0,0.0,2026-01-01
PC-0026,100,PLN-100-03,BUY-03,30,15.5,30.5,5.0,10.0,129.73,0.0,0.0,0.0,0.0,2026-01-01
PC-0026,200,PLN-200-03,BUY-03,30,15.5,30.5,5.0,10.0,129.73,0.0,0.0,0.0,0.0,2026-01-01
PC-0026,300,PLN-300-03,BUY-03,30,15.5,30.5,5.0,10.0,129.73,0.0,0.0,0.0,0.0,2026-01-01
PC-0026,400,PLN-400-03,BUY-03,30,15.5,30.5,5.0,10.0,129.73,0.0,0.0,0.0,0.0,2026-01-01
PC-0027,100,PLN-100-04,BUY-04,33,38.0,66.0,10.0,20.0,133.0,0.0,0.0,0.0,0.0,2026-01-01
PC-0027,200,PLN-200-04,BUY-04,33,38.0,66.0,10.0,20.0,133.0,0.0,0.0,0.0,0.0,2026-01-01
PC-0027,300,PLN-300-04,BUY-04,33,38.0,66.0,10.0,20.0,133.0,0.0,0.0,0.0,0.0,2026-01-01
PC-0027,400,PLN-400-04,BUY-04,33,38.0,66.0,10.0,20.0,133.0,0.0,0.0,0.0,0.0,2026-01-01
PC-0028,100,PLN-100-05,BUY-05,36,112.5,90.0,25.0,50.0,136.28,0.0,0.0,0.0,0.0,2026-01-01
PC-0028,200,PLN-200-05,BUY-05,36,112.5,90.0,25.0,50.0,136.28,0.0,0.0,0.0,0.0,2026-01-01
PC-0028,300,PLN-300-05,BUY-05,36,112.5,90.0,25.0,50.0,136.28,0.0,0.0,0.0,0.0,2026-01-01
PC-0028,400,PLN-400-05,BUY-05,36,112.5,90.0,25.0,50.0,136.28,0.0,0.0,0.0,0.0,2026-01-01
PC-0029,100,PLN-100-06,BUY-06,39,260.0,205.0,50.0,100.0,139.55,0.0,0.0,0.0,0.0,2026-01-01
PC-0029,200,PLN-200-06,BUY-06,39,260.0,205.0,50.0,100.0,139.55,0.0,0.0,0.0,0.0,2026-01-01
PC-0029,300,PLN-300-06,BUY-06,39,260.0,205.0,50.0,100.0,139.55,0.0,0.0,0.0,0.0,2026-01-01
PC-0029,400,PLN-400-06,BUY-06,39,260.0,205.0,50.0,100.0,139.55,0.0,0.0,0.0,0.0,2026-01-01
PC-0030,100,PLN-100-07,BUY-07,42,1.2,2.3,1.0,1.0,142.82,0.0,0.0,0.0,0.0,2026-01-01
PC-0030,200,PLN-200-07,BUY-07,42,1.2,2.3,1.0,1.0,142.82,0.0,0.0,0.0,0.0,2026-01-01
PC-0030,300,PLN-300-07,BUY-07,42,1.2,2.3,1.0,1.0,142.82,0.0,0.0,0.0,0.0,2026-01-01
PC-0030,400,PLN-400-07,BUY-07,42,1.2,2.3,1.0,1.0,142.82,0.0,0.0,0.0,0.0,2026-01-01
PC-0031,100,PLN-100-08,BUY-08,45,7.75,12.75,2.0,5.0,44.64,0.0,0.0,0.0,0.0,2026-01-01
PC-0031,200,PLN-200-08,BUY-08,45,7.75,12.75,2.0,5.0,44.64,0.0,0.0,0.0,0.0,2026-01-01
PC-0031,300,PLN-300-08,BUY-08,45,7.75,12.75,2.0,5.0,44.64,0.0,0.0,0.0,0.0,2026-01-01
PC-0031,400,PLN-400-08,BUY-08,45,7.75,12.75,2.0,5.0,44.64,0.0,0.0,0.0,0.0,2026-01-01
PC-0032,100,PLN-100-01,BUY-09,48,19.0,28.0,5.0,10.0,47.91,0.0,0.0,0.0,0.0,2026-01-01
PC-0032,200,PLN-200-01,BUY-09,48,19.0,28.0,5.0,10.0,47.91,0.0,0.0,0.0,0.0,2026-01-01
PC-0032,300,PLN-300-01,BUY-09,48,19.0,28.0,5.0,10.0,47.91,0.0,0.0,0.0,0.0,2026-01-01
PC-0032,400,PLN-400-01,BUY-09,48,19.0,28.0,5.0,10.0,47.91,0.0,0.0,0.0,0.0,2026-01-01
PC-0033,100,PLN-100-02,BUY-10,51,45.0,61.0,10.0,20.0,51.19,0.0,0.0,0.0,0.0,2026-01-01
PC-0033,200,PLN-200-02,BUY-10,51,45.0,61.0,10.0,20.0,51.19,0.0,0.0,0.0,0.0,2026-01-01
PC-0033,300,PLN-300-02,BUY-10,51,45.0,61.0,10.0,20.0,51.19,0.0,0.0,0.0,0.0,2026-01-01
PC-0033,400,PLN-400-02,BUY-10,51,45.0,61.0,10.0,20.0,51.19,0.0,0.0,0.0,0.0,2026-01-01
PC-0034,100,PLN-100-03,BUY-11,54,130.0,165.0,25.0,50.0,54.46,0.0,0.0,0.0,0.0,2026-01-01
PC-0034,200,PLN-200-03,BUY-11,54,130.0,165.0,25.0,50.0,54.46,0.0,0.0,0.0,0.0,2026-01-01
PC-0034,300,PLN-300-03,BUY-11,54,130.0,165.0,25.0,50.0,54.46,0.0,0.0,0.0,0.0,2026-01-01
PC-0034,400,PLN-400-03,BUY-11,54,130.0,165.0,25.0,50.0,54.46,0.0,0.0,0.0,0.0,2026-01-01
PC-0035,100,PLN-100-04,BUY-12,57,120.0,180.0,50.0,100.0,57.73,0.0,0.0,0.0,0.0,2026-01-01
PC-0035,200,PLN-200-04,BUY-12,57,120.0,180.0,50.0,100.0,57.73,0.0,0.0,0.0,0.0,2026-01-01
PC-0035,300,PLN-300-04,BUY-12,57,120.0,180.0,50.0,100.0,57.73,0.0,0.0,0.0,0.0,2026-01-01
PC-0035,400,PLN-400-04,BUY-12,57,120.0,180.0,50.0,100.0,57.73,0.0,0.0,0.0,0.0,2026-01-01
PC-0036,100,PLN-100-05,BUY-01,60,1.55,2.05,1.0,1.0,61.0,0.0,0.0,0.0,0.0,2026-01-01
PC-0036,200,PLN-200-05,BUY-01,60,1.55,2.05,1.0,1.0,61.0,0.0,0.0,0.0,0.0,2026-01-01
PC-0036,300,PLN-300-05,BUY-01,60,1.55,2.05,1.0,1.0,61.0,0.0,0.0,0.0,0.0,2026-01-01
PC-0036,400,PLN-400-05,BUY-01,60,1.55,2.05,1.0,1.0,61.0,0.0,0.0,0.0,0.0,2026-01-01
PC-0037,100,PLN-100-06,BUY-02,8,9.5,11.5,2.0,5.0,64.28,0.0,0.0,0.0,0.0,2026-01-01
PC-0037,200,PLN-200-06,BUY-02,8,9.5,11.5,2.0,5.0,64.28,0.0,0.0,0.0,0.0,2026-01-01
PC-0037,300,PLN-300-06,BUY-02,8,9.5,11.5,2.0,5.0,64.28,0.0,0.0,0.0,0.0,2026-01-01
PC-0037,400,PLN-400-06,BUY-02,8,9.5,11.5,2.0,5.0,64.28,0.0,0.0,0.0,0.0,2026-01-01
PC-0038,100,PLN-100-07,BUY-03,11,22.5,25.5,5.0,10.0,67.55,0.0,0.0,0.0,0.0,2026-01-01
PC-0038,200,PLN-200-07,BUY-03,11,22.5,25.5,5.0,10.0,67.55,0.0,0.0,0.0,0.0,2026-01-01
PC-0038,300,PLN-300-07,BUY-03,11,22.5,25.5,5.0,10.0,67.55,0.0,0.0,0.0,0.0,2026-01-01
PC-0038,400,PLN-400-07,BUY-03,11,22.5,25.5,5.0,10.0,67.55,0.0,0.0,0.0,0.0,2026-01-01
PC-0039,100,PLN-100-08,BUY-04,14,52.0,56.0,10.0,20.0,70.82,0.0,0.0,0.0,0.0,2026-01-01
PC-0039,200,PLN-200-08,BUY-04,14,52.0,56.0,10.0,20.0,70.82,0.0,0.0,0.0,0.0,2026-01-01
PC-0039,300,PLN-300-08,BUY-04,14,52.0,56.0,10.0,20.0,70.82,0.0,0.0,0.0,0.0,2026-01-01
PC-0039,400,PLN-400-08,BUY-04,14,52.0,56.0,10.0,20.0,70.82,0.0,0.0,0.0,0.0,2026-01-01
PC-0040,100,PLN-100-01,BUY-05,17,60.0,152.5,25.0,50.0,74.09,0.0,0.0,0.0,0.0,2026-01-01
PC-0040,200,PLN-200-01,BUY-05,17,60.0,152.5,25.0,50.0,74.09,0.0,0.0,0.0,0.0,2026-01-01
PC-0040,300,PLN-300-01,BUY-05,17,60.0,152.5,25.0,50.0,74.09,0.0,0.0,0.0,0.0,2026-01-01
PC-0040,400,PLN-400-01,BUY-05,17,60.0,152.5,25.0,50.0,74.09,0.0,0.0,0.0,0.0,2026-01-01
PC-0041,100,PLN-100-02,BUY-06,20,155.0,330.0,50.0,100.0,77.37,0.0,0.0,0.0,0.0,2026-01-01
PC-0041,200,PLN-200-02,BUY-06,20,155.0,330.0,50.0,100.0,77.37,0.0,0.0,0.0,0.0,2026-01-01
PC-0041,300,PLN-300-02,BUY-06,20,155.0,330.0,50.0,100.0,77.37,0.0,0.0,0.0,0.0,2026-01-01
PC-0041,400,PLN-400-02,BUY-06,20,155.0,330.0,50.0,100.0,77.37,0.0,0.0,0.0,0.0,2026-01-01
PC-0042,100,PLN-100-03,BUY-07,23,1.9,1.8,1.0,1.0,80.64,0.0,0.0,0.0,0.0,2026-01-01
PC-0042,200,PLN-200-03,BUY-07,23,1.9,1.8,1.0,1.0,80.64,0.0,0.0,0.0,0.0,2026-01-01
PC-0042,300,PLN-300-03,BUY-07,23,1.9,1.8,1.0,1.0,80.64,0.0,0.0,0.0,0.0,2026-01-01
PC-0042,400,PLN-400-03,BUY-07,23,1.9,1.8,1.0,1.0,80.64,0.0,0.0,0.0,0.0,2026-01-01
PC-0043,100,PLN-100-04,BUY-08,26,11.25,10.25,2.0,5.0,83.91,0.0,0.0,0.0,0.0,2026-01-01
PC-0043,200,PLN-200-04,BUY-08,26,11.25,10.25,2.0,5.0,83.91,0.0,0.0,0.0,0.0,2026-01-01
PC-0043,300,PLN-300-04,BUY-08,26,11.25,10.25,2.0,5.0,83.91,0.0,0.0,0.0,0.0,2026-01-01
PC-0043,400,PLN-400-04,BUY-08,26,11.25,10.25,2.0,5.0,83.91,0.0,0.0,0.0,0.0,2026-01-01
PC-0044,100,PLN-100-05,BUY-09,29,26.0,23.0,5.0,10.0,87.19,0.0,0.0,0.0,0.0,2026-01-01
PC-0044,200,PLN-200-05,BUY-09,29,26.0,23.0,5.0,10.0,87.19,0.0,0.0,0.0,0.0,2026-01-01
PC-0044,300,PLN-300-05,BUY-09,29,26.0,23.0,5.0,10.0,87.19,0.0,0.0,0.0,0.0,2026-01-01
PC-0044,400,PLN-400-05,BUY-09,29,26.0,23.0,5.0,10.0,87.19,0.0,0.0,0.0,0.0,2026-01-01
PC-0045,100,PLN-100-06,BUY-10,32,24.0,51.0,10.0,20.0,90.46,0.0,0.0,0.0,0.0,2026-01-01
PC-0045,200,PLN-200-06,BUY-10,32,24.0,51.0,10.0,20.0,90.46,0.0,0.0,0.0,0.0,2026-01-01
PC-0045,300,PLN-300-06,BUY-10,32,24.0,51.0,10.0,20.0,90.46,0.0,0.0,0.0,0.0,2026-01-01
PC-0045,400,PLN-400-06,BUY-10,32,24.0,51.0,10.0,20.0,90.46,0.0,0.0,0.0,0.0,2026-01-01
PC-0046,100,PLN-100-07,BUY-11,35,77.5,140.0,25.0,50.0,93.73,0.0,0.0,0.0,0.0,2026-01-01
PC-0046,200,PLN-200-07,BUY-11,35,77.5,140.0,25.0,50.0,93.73,0.0,0.0,0.0,0.0,2026-01-01
PC-0046,300,PLN-300-07,BUY-11,35,77.5,140.0,25.0,50.0,93.73,0.0,0.0,0.0,0.0,2026-01-01
PC-0046,400,PLN-400-07,BUY-11,35,77.5,140.0,25.0,50.0,93.73,0.0,0.0,0.0,0.0,2026-01-01
PC-0047,100,PLN-100-08,BUY-12,38,190.0,305.0,50.0,100.0,97.0,0.0,0.0,0.0,0.0,2026-01-01
PC-0047,200,PLN-200-08,BUY-12,38,190.0,305.0,50.0,100.0,97.0,0.0,0.0,0.0,0.0,2026-01-01
PC-0047,300,PLN-300-08,BUY-12,38,190.0,305.0,50.0,100.0,97.0,0.0,0.0,0.0,0.0,2026-01-01
PC-0047,400,PLN-400-08,BUY-12,38,190.0,305.0,50.0,100.0,97.0,0.0,0.0,0.0,0.0,2026-01-01
PC-0048,100,PLN-100-01,BUY-01,41,2.25,3.3,1.0,1.0,100.28,0.0,0.0,0.0,0.0,2026-01-01
PC-0048,200,PLN-200-01,BUY-01,41,2.25,3.3,1.0,1.0,100.28,0.0,0.0,0.0,0.0,2026-01-01
PC-0048,300,PLN-300-01,BUY-01,41,2.25,3.3,1.0,1.0,100.28,0.0,0.0,0.0,0.0,2026-01-01
PC-0048,400,PLN-400-01,BUY-01,41,2.25,3.3,1.0,1.0,100.28,0.0,0.0,0.0,0.0,2026-01-01
PC-0049,100,PLN-100-02,BUY-02,44,13.0,9.0,2.0,5.0,103.55,0.0,0.0,0.0,0.0,2026-01-01
PC-0049,200,PLN-200-02,BUY-02,44,13.0,9.0,2.0,5.0,103.55,0.0,0.0,0.0,0.0,2026-01-01
PC-0049,300,PLN-300-02,BUY-02,44,13.0,9.0,2.0,5.0,103.55,0.0,0.0,0.0,0.0,2026-01-01
PC-0049,400,PLN-400-02,BUY-02,44,13.0,9.0,2.0,5.0,103.55,0.0,0.0,0.0,0.0,2026-01-01
PC-0050,100,PLN-100-03,BUY-03,47,12.0,20.5,5.0,10.0,106.82,0.0,0.0,0.0,0.0,2026-01-01
PC-0050,200,PLN-200-03,BUY-03,47,12.0,20.5,5.0,10.0,106.82,0.0,0.0,0.0,0.0,2026-01-01
PC-0050,300,PLN-300-03,BUY-03,47,12.0,20.5,5.0,10.0,106.82,0.0,0.0,0.0,0.0,2026-01-01
PC-0050,400,PLN-400-03,BUY-03,47,12.0,20.5,5.0,10.0,106.82,0.0,0.0,0.0,0.0,2026-01-01
PC-0051,100,PLN-100-04,BUY-04,50,31.0,46.0,10.0,20.0,110.09,0.0,0.0,0.0,0.0,2026-01-01
PC-0051,200,PLN-200-04,BUY-04,50,31.0,46.0,10.0,20.0,110.09,0.0,0.0,0.0,0.0,2026-01-01
PC-0051,300,PLN-300-04,BUY-04,50,31.0,46.0,10.0,20.0,110.09,0.0,0.0,0.0,0.0,2026-01-01
PC-0051,400,PLN-400-04,BUY-04,50,31.0,46.0,10.0,20.0,110.09,0.0,0.0,0.0,0.0,2026-01-01
PC-0052,100,PLN-100-05,BUY-05,53,95.0,127.5,25.0,50.0,113.37,0.0,0.0,0.0,0.0,2026-01-01
PC-0052,200,PLN-200-05,BUY-05,53,95.0,127.5,25.0,50.0,113.37,0.0,0.0,0.0,0.0,2026-01-01
PC-0052,300,PLN-300-05,BUY-05,53,95.0,127.5,25.0,50.0,113.37,0.0,0.0,0.0,0.0,2026-01-01
PC-0052,400,PLN-400-05,BUY-05,53,95.0,127.5,25.0,50.0,113.37,0.0,0.0,0.0,0.0,2026-01-01
PC-0053,100,PLN-100-06,BUY-06,56,225.0,280.0,50.0,100.0,116.64,0.0,0.0,0.0,0.0,2026-01-01
PC-0053,200,PLN-200-06,BUY-06,56,225.0,280.0,50.0,100.0,116.64,0.0,0.0,0.0,0.0,2026-01-01
PC-0053,300,PLN-300-06,BUY-06,56,225.0,280.0,50.0,100.0,116.64,0.0,0.0,0.0,0.0,2026-01-01
PC-0053,400,PLN-400-06,BUY-06,56,225.0,280.0,50.0,100.0,116.64,0.0,0.0,0.0,0.0,2026-01-01
PC-0054,100,PLN-100-07,BUY-07,59,2.6,3.05,1.0,1.0,119.91,0.0,0.0,0.0,0.0,2026-01-01
PC-0054,200,PLN-200-07,BUY-07,59,2.6,3.05,1.0,1.0,119.91,0.0,0.0,0.0,0.0,2026-01-01
PC-0054,300,PLN-300-07,BUY-07,59,2.6,3.05,1.0,1.0,119.91,0.0,0.0,0.0,0.0,2026-01-01
PC-0054,400,PLN-400-07,BUY-07,59,2.6,3.05,1.0,1.0,119.91,0.0,0.0,0.0,0.0,2026-01-01
PC-0055,100,PLN-100-08,BUY-08,7,6.0,16.5,2.0,5.0,123.19,0.0,0.0,0.0,0.0,2026-01-01
PC-0055,200,PLN-200-08,BUY-08,7,6.0,16.5,2.0,5.0,123.19,0.0,0.0,0.0,0.0,2026-01-01
PC-0055,300,PLN-300-08,BUY-08,7,6.0,16.5,2.0,5.0,123.19,0.0,0.0,0.0,0.0,2026-01-01
PC-0055,400,PLN-400-08,BUY-08,7,6.0,16.5,2.0,5.0,123.19,0.0,0.0,0.0,0.0,2026-01-01
PC-0056,100,PLN-100-01,BUY-09,10,15.5,18.0,5.0,10.0,126.46,0.0,0.0,0.0,0.0,2026-01-01
PC-0056,200,PLN-200-01,BUY-09,10,15.5,18.0,5.0,10.0,126.46,0.0,0.0,0.0,0.0,2026-01-01
PC-0056,300,PLN-300-01,BUY-09,10,15.5,18.0,5.0,10.0,126.46,0.0,0.0,0.0,0.0,2026-01-01
PC-0056,400,PLN-400-01,BUY-09,10,15.5,18.0,5.0,10.0,126.46,0.0,0.0,0.0,0.0,2026-01-01
PC-0057,100,PLN-100-02,BUY-10,13,38.0,41.0,10.0,20.0,129.73,0.0,0.0,0.0,0.0,2026-01-01
PC-0057,200,PLN-200-02,BUY-10,13,38.0,41.0,10.0,20.0,129.73,0.0,0.0,0.0,0.0,2026-01-01
PC-0057,300,PLN-300-02,BUY-10,13,38.0,41.0,10.0,20.0,129.73,0.0,0.0,0.0,0.0,2026-01-01
PC-0057,400,PLN-400-02,BUY-10,13,38.0,41.0,10.0,20.0,129.73,0.0,0.0,0.0,0.0,2026-01-01
PC-0058,100,PLN-100-03,BUY-11,16,112.5,115.0,25.0,50.0,133.0,0.0,0.0,0.0,0.0,2026-01-01
PC-0058,200,PLN-200-03,BUY-11,16,112.5,115.0,25.0,50.0,133.0,0.0,0.0,0.0,0.0,2026-01-01
PC-0058,300,PLN-300-03,BUY-11,16,112.5,115.0,25.0,50.0,133.0,0.0,0.0,0.0,0.0,2026-01-01
PC-0058,400,PLN-400-03,BUY-11,16,112.5,115.0,25.0,50.0,133.0,0.0,0.0,0.0,0.0,2026-01-01
PC-0059,100,PLN-100-04,BUY-12,19,260.0,255.0,50.0,100.0,136.28,0.0,0.0,0.0,0.0,2026-01-01
PC-0059,200,PLN-200-04,BUY-12,19,260.0,255.0,50.0,100.0,136.28,0.0,0.0,0.0,0.0,2026-01-01
PC-0059,300,PLN-300-04,BUY-12,19,260.0,255.0,50.0,100.0,136.28,0.0,0.0,0.0,0.0,2026-01-01
PC-0059,400,PLN-400-04,BUY-12,19,260.0,255.0,50.0,100.0,136.28,0.0,0.0,0.0,0.0,2026-01-01
PC-0060,100,PLN-100-05,BUY-01,22,1.2,2.8,1.0,1.0,139.55,0.0,0.0,0.0,0.0,2026-01-01
PC-0060,200,PLN-200-05,BUY-01,22,1.2,2.8,1.0,1.0,139.55,0.0,0.0,0.0,0.0,2026-01-01
PC-0060,300,PLN-300-05,BUY-01,22,1.2,2.8,1.0,1.0,139.55,0.0,0.0,0.0,0.0,2026-01-01
PC-0060,400,PLN-400-05,BUY-01,22,1.2,2.8,1.0,1.0,139.55,0.0,0.0,0.0,0.0,2026-01-01
PC-0061,100,PLN-100-06,BUY-02,25,7.75,15.25,2.0,5.0,142.82,0.0,0.0,0.0,0.0,2026-01-01
PC-0061,200,PLN-200-06,BUY-02,25,7.75,15.25,2.0,5.0,142.82,0.0,0.0,0.0,0.0,2026-01-01
PC-0061,300,PLN-300-06,BUY-02,25,7.75,15.25,2.0,5.0,142.82,0.0,0.0,0.0,0.0,2026-01-01
PC-0061,400,PLN-400-06,BUY-02,25,7.75,15.25,2.0,5.0,142.82,0.0,0.0,0.0,0.0,2026-01-01
PC-0062,100,PLN-100-07,BUY-03,28,19.0,33.0,5.0,10.0,44.64,0.0,0.0,0.0,0.0,2026-01-01
PC-0062,200,PLN-200-07,BUY-03,28,19.0,33.0,5.0,10.0,44.64,0.0,0.0,0.0,0.0,2026-01-01
PC-0062,300,PLN-300-07,BUY-03,28,19.0,33.0,5.0,10.0,44.64,0.0,0.0,0.0,0.0,2026-01-01
PC-0062,400,PLN-400-07,BUY-03,28,19.0,33.0,5.0,10.0,44.64,0.0,0.0,0.0,0.0,2026-01-01
PC-0063,100,PLN-100-08,BUY-04,31,45.0,36.0,10.0,20.0,47.91,0.0,0.0,0.0,0.0,2026-01-01
PC-0063,200,PLN-200-08,BUY-04,31,45.0,36.0,10.0,20.0,47.91,0.0,0.0,0.0,0.0,2026-01-01
PC-0063,300,PLN-300-08,BUY-04,31,45.0,36.0,10.0,20.0,47.91,0.0,0.0,0.0,0.0,2026-01-01
PC-0063,400,PLN-400-08,BUY-04,31,45.0,36.0,10.0,20.0,47.91,0.0,0.0,0.0,0.0,2026-01-01
PC-0064,100,PLN-100-01,BUY-05,34,130.0,102.5,25.0,50.0,51.19,0.0,0.0,0.0,0.0,2026-01-01
PC-0064,200,PLN-200-01,BUY-05,34,130.0,102.5,25.0,50.0,51.19,0.0,0.0,0.0,0.0,2026-01-01
PC-0064,300,PLN-300-01,BUY-05,34,130.0,102.5,25.0,50.0,51.19,0.0,0.0,0.0,0.0,2026-01-01
PC-0064,400,PLN-400-01,BUY-05,34,130.0,102.5,25.0,50.0,51.19,0.0,0.0,0.0,0.0,2026-01-01
PC-0065,100,PLN-100-02,BUY-06,37,120.0,230.0,50.0,100.0,54.46,0.0,0.0,0.0,0.0,2026-01-01
PC-0065,200,PLN-200-02,BUY-06,37,120.0,230.0,50.0,100.0,54.46,0.0,0.0,0.0,0.0,2026-01-01
PC-0065,300,PLN-300-02,BUY-06,37,120.0,230.0,50.0,100.0,54.46,0.0,0.0,0.0,0.0,2026-01-01
PC-0065,400,PLN-400-02,BUY-06,37,120.0,230.0,50.0,100.0,54.46,0.0,0.0,0.0,0.0,2026-01-01
PC-0066,100,PLN-100-03,BUY-07,40,1.55,2.55,1.0,1.0,57.73,0.0,0.0,0.0,0.0,2026-01-01
PC-0066,200,PLN-200-03,BUY-07,40,1.55,2.55,1.0,1.0,57.73,0.0,0.0,0.0,0.0,2026-01-01
PC-0066,300,PLN-300-03,BUY-07,40,1.55,2.55,1.0,1.0,57.73,0.0,0.0,0.0,0.0,2026-01-01
PC-0066,400,PLN-400-03,BUY-07,40,1.55,2.55,1.0,1.0,57.73,0.0,0.0,0.0,0.0,2026-01-01
PC-0067,100,PLN-100-04,BUY-08,43,9.5,14.0,2.0,5.0,61.0,0.0,0.0,0.0,0.0,2026-01-01
PC-0067,200,PLN-200-04,BUY-08,43,9.5,14.0,2.0,5.0,61.0,0.0,0.0,0.0,0.0,2026-01-01
PC-0067,300,PLN-300-04,BUY-08,43,9.5,14.0,2.0,5.0,61.0,0.0,0.0,0.0,0.0,2026-01-01
PC-0067,400,PLN-400-04,BUY-08,43,9.5,14.0,2.0,5.0,61.0,0.0,0.0,0.0,0.0,2026-01-01
PC-0068,100,PLN-100-05,BUY-09,46,22.5,30.5,5.0,10.0,64.28,0.0,0.0,0.0,0.0,2026-01-01
PC-0068,200,PLN-200-05,BUY-09,46,22.5,30.5,5.0,10.0,64.28,0.0,0.0,0.0,0.0,2026-01-01
PC-0068,300,PLN-300-05,BUY-09,46,22.5,30.5,5.0,10.0,64.28,0.0,0.0,0.0,0.0,2026-01-01
PC-0068,400,PLN-400-05,BUY-09,46,22.5,30.5,5.0,10.0,64.28,0.0,0.0,0.0,0.0,2026-01-01
PC-0069,100,PLN-100-06,BUY-10,49,52.0,66.0,10.0,20.0,67.55,0.0,0.0,0.0,0.0,2026-01-01
PC-0069,200,PLN-200-06,BUY-10,49,52.0,66.0,10.0,20.0,67.55,0.0,0.0,0.0,0.0,2026-01-01
PC-0069,300,PLN-300-06,BUY-10,49,52.0,66.0,10.0,20.0,67.55,0.0,0.0,0.0,0.0,2026-01-01
PC-0069,400,PLN-400-06,BUY-10,49,52.0,66.0,10.0,20.0,67.55,0.0,0.0,0.0,0.0,2026-01-01
PC-0070,100,PLN-100-07,BUY-11,52,60.0,90.0,25.0,50.0,70.82,0.0,0.0,0.0,0.0,2026-01-01
PC-0070,200,PLN-200-07,BUY-11,52,60.0,90.0,25.0,50.0,70.82,0.0,0.0,0.0,0.0,2026-01-01
PC-0070,300,PLN-300-07,BUY-11,52,60.0,90.0,25.0,50.0,70.82,0.0,0.0,0.0,0.0,2026-01-01
PC-0070,400,PLN-400-07,BUY-11,52,60.0,90.0,25.0,50.0,70.82,0.0,0.0,0.0,0.0,2026-01-01
PC-0071,100,PLN-100-08,BUY-12,55,155.0,205.0,50.0,100.0,74.09,0.0,0.0,0.0,0.0,2026-01-01
PC-0071,200,PLN-200-08,BUY-12,55,155.0,205.0,50.0,100.0,74.09,0.0,0.0,0.0,0.0,2026-01-01
PC-0071,300,PLN-300-08,BUY-12,55,155.0,205.0,50.0,100.0,74.09,0.0,0.0,0.0,0.0,2026-01-01
PC-0071,400,PLN-400-08,BUY-12,55,155.0,205.0,50.0,100.0,74.09,0.0,0.0,0.0,0.0,2026-01-01
PC-0072,100,PLN-100-01,BUY-01,58,1.9,2.3,1.0,1.0,77.37,0.0,0.0,0.0,0.0,2026-01-01
PC-0072,200,PLN-200-01,BUY-01,58,1.9,2.3,1.0,1.0,77.37,0.0,0.0,0.0,0.0,2026-01-01
PC-0072,300,PLN-300-01,BUY-01,58,1.9,2.3,1.0,1.0,77.37,0.0,0.0,0.0,0.0,2026-01-01
PC-0072,400,PLN-400-01,BUY-01,58,1.9,2.3,1.0,1.0,77.37,0.0,0.0,0.0,0.0,2026-01-01
PC-0073,100,PLN-100-02,BUY-02,61,11.25,12.75,2.0,5.0,80.64,0.0,0.0,0.0,0.0,2026-01-01
PC-0073,200,PLN-200-02,BUY-02,61,11.25,12.75,2.0,5.0,80.64,0.0,0.0,0.0,0.0,2026-01-01
PC-0073,300,PLN-300-02,BUY-02,61,11.25,12.75,2.0,5.0,80.64,0.0,0.0,0.0,0.0,2026-01-01
PC-0073,400,PLN-400-02,BUY-02,61,11.25,12.75,2.0,5.0,80.64,0.0,0.0,0.0,0.0,2026-01-01
PC-0074,100,PLN-100-03,BUY-03,9,26.0,28.0,5.0,10.0,83.91,0.0,0.0,0.0,0.0,2026-01-01
PC-0074,200,PLN-200-03,BUY-03,9,26.0,28.0,5.0,10.0,83.91,0.0,0.0,0.0,0.0,2026-01-01
PC-0074,300,PLN-300-03,BUY-03,9,26.0,28.0,5.0,10.0,83.91,0.0,0.0,0.0,0.0,2026-01-01
PC-0074,400,PLN-400-03,BUY-03,9,26.0,28.0,5.0,10.0,83.91,0.0,0.0,0.0,0.0,2026-01-01
PC-0075,100,PLN-100-04,BUY-04,12,24.0,61.0,10.0,20.0,87.19,0.0,0.0,0.0,0.0,2026-01-01
PC-0075,200,PLN-200-04,BUY-04,12,24.0,61.0,10.0,20.0,87.19,0.0,0.0,0.0,0.0,2026-01-01
PC-0075,300,PLN-300-04,BUY-04,12,24.0,61.0,10.0,20.0,87.19,0.0,0.0,0.0,0.0,2026-01-01
PC-0075,400,PLN-400-04,BUY-04,12,24.0,61.0,10.0,20.0,87.19,0.0,0.0,0.0,0.0,2026-01-01
PC-0076,100,PLN-100-05,BUY-05,15,77.5,165.0,25.0,50.0,90.46,0.0,0.0,0.0,0.0,2026-01-01
PC-0076,200,PLN-200-05,BUY-05,15,77.5,165.0,25.0,50.0,90.46,0.0,0.0,0.0,0.0,2026-01-01
PC-0076,300,PLN-300-05,BUY-05,15,77.5,165.0,25.0,50.0,90.46,0.0,0.0,0.0,0.0,2026-01-01
PC-0076,400,PLN-400-05,BUY-05,15,77.5,165.0,25.0,50.0,90.46,0.0,0.0,0.0,0.0,2026-01-01
PC-0077,100,PLN-100-06,BUY-06,18,190.0,180.0,50.0,100.0,93.73,0.0,0.0,0.0,0.0,2026-01-01
PC-0077,200,PLN-200-06,BUY-06,18,190.0,180.0,50.0,100.0,93.73,0.0,0.0,0.0,0.0,2026-01-01
PC-0077,300,PLN-300-06,BUY-06,18,190.0,180.0,50.0,100.0,93.73,0.0,0.0,0.0,0.0,2026-01-01
PC-0077,400,PLN-400-06,BUY-06,18,190.0,180.0,50.0,100.0,93.73,0.0,0.0,0.0,0.0,2026-01-01
PC-0078,100,PLN-100-07,BUY-07,21,2.25,2.05,1.0,1.0,97.0,0.0,0.0,0.0,0.0,2026-01-01
PC-0078,200,PLN-200-07,BUY-07,21,2.25,2.05,1.0,1.0,97.0,0.0,0.0,0.0,0.0,2026-01-01
PC-0078,300,PLN-300-07,BUY-07,21,2.25,2.05,1.0,1.0,97.0,0.0,0.0,0.0,0.0,2026-01-01
PC-0078,400,PLN-400-07,BUY-07,21,2.25,2.05,1.0,1.0,97.0,0.0,0.0,0.0,0.0,2026-01-01
PC-0079,100,PLN-100-08,BUY-08,24,13.0,11.5,2.0,5.0,100.28,0.0,0.0,0.0,0.0,2026-01-01
PC-0079,200,PLN-200-08,BUY-08,24,13.0,11.5,2.0,5.0,100.28,0.0,0.0,0.0,0.0,2026-01-01
PC-0079,300,PLN-300-08,BUY-08,24,13.0,11.5,2.0,5.0,100.28,0.0,0.0,0.0,0.0,2026-01-01
PC-0079,400,PLN-400-08,BUY-08,24,13.0,11.5,2.0,5.0,100.28,0.0,0.0,0.0,0.0,2026-01-01
PC-0080,100,PLN-100-01,BUY-09,27,12.0,25.5,5.0,10.0,103.55,0.0,0.0,0.0,0.0,2026-01-01
PC-0080,200,PLN-200-01,BUY-09,27,12.0,25.5,5.0,10.0,103.55,0.0,0.0,0.0,0.0,2026-01-01
PC-0080,300,PLN-300-01,BUY-09,27,12.0,25.5,5.0,10.0,103.55,0.0,0.0,0.0,0.0,2026-01-01
PC-0080,400,PLN-400-01,BUY-09,27,12.0,25.5,5.0,10.0,103.55,0.0,0.0,0.0,0.0,2026-01-01
PC-0081,100,PLN-100-02,BUY-10,30,31.0,56.0,10.0,20.0,106.82,0.0,0.0,0.0,0.0,2026-01-01
PC-0081,200,PLN-200-02,BUY-10,30,31.0,56.0,10.0,20.0,106.82,0.0,0.0,0.0,0.0,2026-01-01
PC-0081,300,PLN-300-02,BUY-10,30,31.0,56.0,10.0,20.0,106.82,0.0,0.0,0.0,0.0,2026-01-01
PC-0081,400,PLN-400-02,BUY-10,30,31.0,56.0,10.0,20.0,106.82,0.0,0.0,0.0,0.0,2026-01-01
PC-0082,100,PLN-100-03,BUY-11,33,95.0,152.5,25.0,50.0,110.09,0.0,0.0,0.0,0.0,2026-01-01
PC-0082,200,PLN-200-03,BUY-11,33,95.0,152.5,25.0,50.0,110.09,0.0,0.0,0.0,0.0,2026-01-01
PC-0082,300,PLN-300-03,BUY-11,33,95.0,152.5,25.0,50.0,110.09,0.0,0.0,0.0,0.0,2026-01-01
PC-0082,400,PLN-400-03,BUY-11,33,95.0,152.5,25.0,50.0,110.09,0.0,0.0,0.0,0.0,2026-01-01
PC-0083,100,PLN-100-04,BUY-12,36,225.0,330.0,50.0,100.0,113.37,0.0,0.0,0.0,0.0,2026-01-01
PC-0083,200,PLN-200-04,BUY-12,36,225.0,330.0,50.0,100.0,113.37,0.0,0.0,0.0,0.0,2026-01-01
PC-0083,300,PLN-300-04,BUY-12,36,225.0,330.0,50.0,100.0,113.37,0.0,0.0,0.0,0.0,2026-01-01
PC-0083,400,PLN-400-04,BUY-12,36,225.0,330.0,50.0,100.0,113.37,0.0,0.0,0.0,0.0,2026-01-01
PC-0084,100,PLN-100-05,BUY-01,39,2.6,1.8,1.0,1.0,116.64,0.0,0.0,0.0,0.0,2026-01-01
PC-0084,200,PLN-200-05,BUY-01,39,2.6,1.8,1.0,1.0,116.64,0.0,0.0,0.0,0.0,2026-01-01
PC-0084,300,PLN-300-05,BUY-01,39,2.6,1.8,1.0,1.0,116.64,0.0,0.0,0.0,0.0,2026-01-01
PC-0084,400,PLN-400-05,BUY-01,39,2.6,1.8,1.0,1.0,116.64,0.0,0.0,0.0,0.0,2026-01-01
PC-0085,100,PLN-100-06,BUY-02,42,6.0,10.25,2.0,5.0,119.91,0.0,0.0,0.0,0.0,2026-01-01
PC-0085,200,PLN-200-06,BUY-02,42,6.0,10.25,2.0,5.0,119.91,0.0,0.0,0.0,0.0,2026-01-01
PC-0085,300,PLN-300-06,BUY-02,42,6.0,10.25,2.0,5.0,119.91,0.0,0.0,0.0,0.0,2026-01-01
PC-0085,400,PLN-400-06,BUY-02,42,6.0,10.25,2.0,5.0,119.91,0.0,0.0,0.0,0.0,2026-01-01
PC-0086,100,PLN-100-07,BUY-03,45,15.5,23.0,5.0,10.0,123.19,0.0,0.0,0.0,0.0,2026-01-01
PC-0086,200,PLN-200-07,BUY-03,45,15.5,23.0,5.0,10.0,123.19,0.0,0.0,0.0,0.0,2026-01-01
PC-0086,300,PLN-300-07,BUY-03,45,15.5,23.0,5.0,10.0,123.19,0.0,0.0,0.0,0.0,2026-01-01
PC-0086,400,PLN-400-07,BUY-03,45,15.5,23.0,5.0,10.0,123.19,0.0,0.0,0.0,0.0,2026-01-01
PC-0087,100,PLN-100-08,BUY-04,48,38.0,51.0,10.0,20.0,126.46,0.0,0.0,0.0,0.0,2026-01-01
PC-0087,200,PLN-200-08,BUY-04,48,38.0,51.0,10.0,20.0,126.46,0.0,0.0,0.0,0.0,2026-01-01
PC-0087,300,PLN-300-08,BUY-04,48,38.0,51.0,10.0,20.0,126.46,0.0,0.0,0.0,0.0,2026-01-01
PC-0087,400,PLN-400-08,BUY-04,48,38.0,51.0,10.0,20.0,126.46,0.0,0.0,0.0,0.0,2026-01-01
PC-0088,100,PLN-100-01,BUY-05,51,112.5,140.0,25.0,50.0,129.73,0.0,0.0,0.0,0.0,2026-01-01
PC-0088,200,PLN-200-01,BUY-05,51,112.5,140.0,25.0,50.0,129.73,0.0,0.0,0.0,0.0,2026-01-01
PC-0088,300,PLN-300-01,BUY-05,51,112.5,140.0,25.0,50.0,129.73,0.0,0.0,0.0,0.0,2026-01-01
PC-0088,400,PLN-400-01,BUY-05,51,112.5,140.0,25.0,50.0,129.73,0.0,0.0,0.0,0.0,2026-01-01
PC-0089,100,PLN-100-02,BUY-06,54,260.0,305.0,50.0,100.0,133.0,0.0,0.0,0.0,0.0,2026-01-01
PC-0089,200,PLN-200-02,BUY-06,54,260.0,305.0,50.0,100.0,133.0,0.0,0.0,0.0,0.0,2026-01-01
PC-0089,300,PLN-300-02,BUY-06,54,260.0,305.0,50.0,100.0,133.0,0.0,0.0,0.0,0.0,2026-01-01
PC-0089,400,PLN-400-02,BUY-06,54,260.0,305.0,50.0,100.0,133.0,0.0,0.0,0.0,0.0,2026-01-01
PC-0090,100,PLN-100-03,BUY-07,57,1.2,3.3,1.0,1.0,136.28,0.0,0.0,0.0,0.0,2026-01-01
PC-0090,200,PLN-200-03,BUY-07,57,1.2,3.3,1.0,1.0,136.28,0.0,0.0,0.0,0.0,2026-01-01
PC-0090,300,PLN-300-03,BUY-07,57,1.2,3.3,1.0,1.0,136.28,0.0,0.0,0.0,0.0,2026-01-01
PC-0090,400,PLN-400-03,BUY-07,57,1.2,3.3,1.0,1.0,136.28,0.0,0.0,0.0,0.0,2026-01-01
PC-0091,100,PLN-100-04,BUY-08,60,7.75,9.0,2.0,5.0,139.55,0.0,0.0,0.0,0.0,2026-01-01
PC-0091,200,PLN-200-04,BUY-08,60,7.75,9.0,2.0,5.0,139.55,0.0,0.0,0.0,0.0,2026-01-01
PC-0091,300,PLN-300-04,BUY-08,60,7.75,9.0,2.0,5.0,139.55,0.0,0.0,0.0,0.0,2026-01-01
PC-0091,400,PLN-400-04,BUY-08,60,7.75,9.0,2.0,5.0,139.55,0.0,0.0,0.0,0.0,2026-01-01
PC-0092,100,PLN-100-05,BUY-09,8,19.0,20.5,5.0,10.0,142.82,0.0,0.0,0.0,0.0,2026-01-01
PC-0092,200,PLN-200-05,BUY-09,8,19.0,20.5,5.0,10.0,142.82,0.0,0.0,0.0,0.0,2026-01-01
PC-0092,300,PLN-300-05,BUY-09,8,19.0,20.5,5.0,10.0,142.82,0.0,0.0,0.0,0.0,2026-01-01
PC-0092,400,PLN-400-05,BUY-09,8,19.0,20.5,5.0,10.0,142.82,0.0,0.0,0.0,0.0,2026-01-01
PC-0093,100,PLN-100-06,BUY-10,11,45.0,46.0,10.0,20.0,44.64,0.0,0.0,0.0,0.0,2026-01-01
PC-0093,200,PLN-200-06,BUY-10,11,45.0,46.0,10.0,20.0,44.64,0.0,0.0,0.0,0.0,2026-01-01
PC-0093,300,PLN-300-06,BUY-10,11,45.0,46.0,10.0,20.0,44.64,0.0,0.0,0.0,0.0,2026-01-01
PC-0093,400,PLN-400-06,BUY-10,11,45.0,46.0,10.0,20.0,44.64,0.0,0.0,0.0,0.0,2026-01-01
PC-0094,100,PLN-100-07,BUY-11,14,130.0,127.5,25.0,50.0,47.91,0.0,0.0,0.0,0.0,2026-01-01
PC-0094,200,PLN-200-07,BUY-11,14,130.0,127.5,25.0,50.0,47.91,0.0,0.0,0.0,0.0,2026-01-01
PC-0094,300,PLN-300-07,BUY-11,14,130.0,127.5,25.0,50.0,47.91,0.0,0.0,0.0,0.0,2026-01-01
PC-0094,400,PLN-400-07,BUY-11,14,130.0,127.5,25.0,50.0,47.91,0.0,0.0,0.0,0.0,2026-01-01
PC-0095,100,PLN-100-08,BUY-12,17,120.0,280.0,50.0,100.0,51.19,0.0,0.0,0.0,0.0,2026-01-01
PC-0095,200,PLN-200-08,BUY-12,17,120.0,280.0,50.0,100.0,51.19,0.0,0.0,0.0,0.0,2026-01-01
PC-0095,300,PLN-300-08,BUY-12,17,120.0,280.0,50.0,100.0,51.19,0.0,0.0,0.0,0.0,2026-01-01
PC-0095,400,PLN-400-08,BUY-12,17,120.0,280.0,50.0,100.0,51.19,0.0,0.0,0.0,0.0,2026-01-01
PC-0096,100,PLN-100-01,BUY-01,20,1.55,3.05,1.0,1.0,54.46,0.0,0.0,0.0,0.0,2026-01-01
PC-0096,200,PLN-200-01,BUY-01,20,1.55,3.05,1.0,1.0,54.46,0.0,0.0,0.0,0.0,2026-01-01
PC-0096,300,PLN-300-01,BUY-01,20,1.55,3.05,1.0,1.0,54.46,0.0,0.0,0.0,0.0,2026-01-01
PC-0096,400,PLN-400-01,BUY-01,20,1.55,3.05,1.0,1.0,54.46,0.0,0.0,0.0,0.0,2026-01-01
PC-0097,100,PLN-100-02,BUY-02,23,9.5,16.5,2.0,5.0,57.73,0.0,0.0,0.0,0.0,2026-01-01
PC-0097,200,PLN-200-02,BUY-02,23,9.5,16.5,2.0,5.0,57.73,0.0,0.0,0.0,0.0,2026-01-01
PC-0097,300,PLN-300-02,BUY-02,23,9.5,16.5,2.0,5.0,57.73,0.0,0.0,0.0,0.0,2026-01-01
PC-0097,400,PLN-400-02,BUY-02,23,9.5,16.5,2.0,5.0,57.73,0.0,0.0,0.0,0.0,2026-01-01
PC-0098,100,PLN-100-03,BUY-03,26,22.5,18.0,5.0,10.0,61.0,0.0,0.0,0.0,0.0,2026-01-01
PC-0098,200,PLN-200-03,BUY-03,26,22.5,18.0,5.0,10.0,61.0,0.0,0.0,0.0,0.0,2026-01-01
PC-0098,300,PLN-300-03,BUY-03,26,22.5,18.0,5.0,10.0,61.0,0.0,0.0,0.0,0.0,2026-01-01
PC-0098,400,PLN-400-03,BUY-03,26,22.5,18.0,5.0,10.0,61.0,0.0,0.0,0.0,0.0,2026-01-01
PC-0099,100,PLN-100-04,BUY-04,29,52.0,41.0,10.0,20.0,64.28,0.0,0.0,0.0,0.0,2026-01-01
PC-0099,200,PLN-200-04,BUY-04,29,52.0,41.0,10.0,20.0,64.28,0.0,0.0,0.0,0.0,2026-01-01
PC-0099,300,PLN-300-04,BUY-04,29,52.0,41.0,10.0,20.0,64.28,0.0,0.0,0.0,0.0,2026-01-01
PC-0099,400,PLN-400-04,BUY-04,29,52.0,41.0,10.0,20.0,64.28,0.0,0.0,0.0,0.0,2026-01-01
PC-0100,100,PLN-100-05,BUY-05,32,60.0,115.0,25.0,50.0,67.55,0.0,0.0,0.0,0.0,2026-01-01
PC-0100,200,PLN-200-05,BUY-05,32,60.0,115.0,25.0,50.0,67.55,0.0,0.0,0.0,0.0,2026-01-01
PC-0100,300,PLN-300-05,BUY-05,32,60.0,115.0,25.0,50.0,67.55,0.0,0.0,0.0,0.0,2026-01-01
PC-0100,400,PLN-400-05,BUY-05,32,60.0,115.0,25.0,50.0,67.55,0.0,0.0,0.0,0.0,2026-01-01
RM-0001,100,PLN-100-02,BUY-02,10,7.75,10.25,2.0,5.0,11.98,0.0,0.0,0.0,0.0,2026-01-01
RM-0001,200,PLN-200-02,BUY-02,10,7.75,10.25,2.0,5.0,11.98,0.0,0.0,0.0,0.0,2026-01-01
RM-0001,300,PLN-300-02,BUY-02,10,7.75,10.25,2.0,5.0,11.98,0.0,0.0,0.0,0.0,2026-01-01
RM-0001,400,PLN-400-02,BUY-02,10,7.75,10.25,2.0,5.0,11.98,0.0,0.0,0.0,0.0,2026-01-01
RM-0002,100,PLN-100-03,BUY-03,13,19.0,23.0,5.0,10.0,12.8,0.0,0.0,0.0,0.0,2026-01-01
RM-0002,200,PLN-200-03,BUY-03,13,19.0,23.0,5.0,10.0,12.8,0.0,0.0,0.0,0.0,2026-01-01
RM-0002,300,PLN-300-03,BUY-03,13,19.0,23.0,5.0,10.0,12.8,0.0,0.0,0.0,0.0,2026-01-01
RM-0002,400,PLN-400-03,BUY-03,13,19.0,23.0,5.0,10.0,12.8,0.0,0.0,0.0,0.0,2026-01-01
RM-0003,100,PLN-100-04,BUY-04,16,45.0,51.0,10.0,20.0,13.61,0.0,0.0,0.0,0.0,2026-01-01
RM-0003,200,PLN-200-04,BUY-04,16,45.0,51.0,10.0,20.0,13.61,0.0,0.0,0.0,0.0,2026-01-01
RM-0003,300,PLN-300-04,BUY-04,16,45.0,51.0,10.0,20.0,13.61,0.0,0.0,0.0,0.0,2026-01-01
RM-0003,400,PLN-400-04,BUY-04,16,45.0,51.0,10.0,20.0,13.61,0.0,0.0,0.0,0.0,2026-01-01
RM-0004,100,PLN-100-05,BUY-05,19,130.0,140.0,25.0,50.0,14.43,0.0,0.0,0.0,0.0,2026-01-01
RM-0004,200,PLN-200-05,BUY-05,19,130.0,140.0,25.0,50.0,14.43,0.0,0.0,0.0,0.0,2026-01-01
RM-0004,300,PLN-300-05,BUY-05,19,130.0,140.0,25.0,50.0,14.43,0.0,0.0,0.0,0.0,2026-01-01
RM-0004,400,PLN-400-05,BUY-05,19,130.0,140.0,25.0,50.0,14.43,0.0,0.0,0.0,0.0,2026-01-01
RM-0005,100,PLN-100-06,BUY-06,22,120.0,305.0,50.0,100.0,15.25,0.0,0.0,0.0,0.0,2026-01-01
RM-0005,200,PLN-200-06,BUY-06,22,120.0,305.0,50.0,100.0,15.25,0.0,0.0,0.0,0.0,2026-01-01
RM-0005,300,PLN-300-06,BUY-06,22,120.0,305.0,50.0,100.0,15.25,0.0,0.0,0.0,0.0,2026-01-01
RM-0005,400,PLN-400-06,BUY-06,22,120.0,305.0,50.0,100.0,15.25,0.0,0.0,0.0,0.0,2026-01-01
RM-0006,100,PLN-100-07,BUY-07,25,1.55,3.3,1.0,1.0,16.07,0.0,0.0,0.0,0.0,2026-01-01
RM-0006,200,PLN-200-07,BUY-07,25,1.55,3.3,1.0,1.0,16.07,0.0,0.0,0.0,0.0,2026-01-01
RM-0006,300,PLN-300-07,BUY-07,25,1.55,3.3,1.0,1.0,16.07,0.0,0.0,0.0,0.0,2026-01-01
RM-0006,400,PLN-400-07,BUY-07,25,1.55,3.3,1.0,1.0,16.07,0.0,0.0,0.0,0.0,2026-01-01
RM-0007,100,PLN-100-08,BUY-08,28,9.5,9.0,2.0,5.0,16.89,0.0,0.0,0.0,0.0,2026-01-01
RM-0007,200,PLN-200-08,BUY-08,28,9.5,9.0,2.0,5.0,16.89,0.0,0.0,0.0,0.0,2026-01-01
RM-0007,300,PLN-300-08,BUY-08,28,9.5,9.0,2.0,5.0,16.89,0.0,0.0,0.0,0.0,2026-01-01
RM-0007,400,PLN-400-08,BUY-08,28,9.5,9.0,2.0,5.0,16.89,0.0,0.0,0.0,0.0,2026-01-01
RM-0008,100,PLN-100-01,BUY-09,31,22.5,20.5,5.0,10.0,17.71,0.0,0.0,0.0,0.0,2026-01-01
RM-0008,200,PLN-200-01,BUY-09,31,22.5,20.5,5.0,10.0,17.71,0.0,0.0,0.0,0.0,2026-01-01
RM-0008,300,PLN-300-01,BUY-09,31,22.5,20.5,5.0,10.0,17.71,0.0,0.0,0.0,0.0,2026-01-01
RM-0008,400,PLN-400-01,BUY-09,31,22.5,20.5,5.0,10.0,17.71,0.0,0.0,0.0,0.0,2026-01-01
RM-0009,100,PLN-100-02,BUY-10,34,52.0,46.0,10.0,20.0,18.52,0.0,0.0,0.0,0.0,2026-01-01
RM-0009,200,PLN-200-02,BUY-10,34,52.0,46.0,10.0,20.0,18.52,0.0,0.0,0.0,0.0,2026-01-01
RM-0009,300,PLN-300-02,BUY-10,34,52.0,46.0,10.0,20.0,18.52,0.0,0.0,0.0,0.0,2026-01-01
RM-0009,400,PLN-400-02,BUY-10,34,52.0,46.0,10.0,20.0,18.52,0.0,0.0,0.0,0.0,2026-01-01
RM-0010,100,PLN-100-03,BUY-11,37,60.0,127.5,25.0,50.0,19.34,0.0,0.0,0.0,0.0,2026-01-01
RM-0010,200,PLN-200-03,BUY-11,37,60.0,127.5,25.0,50.0,19.34,0.0,0.0,0.0,0.0,2026-01-01
RM-0010,300,PLN-300-03,BUY-11,37,60.0,127.5,25.0,50.0,19.34,0.0,0.0,0.0,0.0,2026-01-01
RM-0010,400,PLN-400-03,BUY-11,37,60.0,127.5,25.0,50.0,19.34,0.0,0.0,0.0,0.0,2026-01-01
RM-0011,100,PLN-100-04,BUY-12,40,155.0,280.0,50.0,100.0,20.16,0.0,0.0,0.0,0.0,2026-01-01
RM-0011,200,PLN-200-04,BUY-12,40,155.0,280.0,50.0,100.0,20.16,0.0,0.0,0.0,0.0,2026-01-01
RM-0011,300,PLN-300-04,BUY-12,40,155.0,280.0,50.0,100.0,20.16,0.0,0.0,0.0,0.0,2026-01-01
RM-0011,400,PLN-400-04,BUY-12,40,155.0,280.0,50.0,100.0,20.16,0.0,0.0,0.0,0.0,2026-01-01
RM-0012,100,PLN-100-05,BUY-01,43,1.9,3.05,1.0,1.0,20.98,0.0,0.0,0.0,0.0,2026-01-01
RM-0012,200,PLN-200-05,BUY-01,43,1.9,3.05,1.0,1.0,20.98,0.0,0.0,0.0,0.0,2026-01-01
RM-0012,300,PLN-300-05,BUY-01,43,1.9,3.05,1.0,1.0,20.98,0.0,0.0,0.0,0.0,2026-01-01
RM-0012,400,PLN-400-05,BUY-01,43,1.9,3.05,1.0,1.0,20.98,0.0,0.0,0.0,0.0,2026-01-01
RM-0013,100,PLN-100-06,BUY-02,46,11.25,16.5,2.0,5.0,21.8,0.0,0.0,0.0,0.0,2026-01-01
RM-0013,200,PLN-200-06,BUY-02,46,11.25,16.5,2.0,5.0,21.8,0.0,0.0,0.0,0.0,2026-01-01
RM-0013,300,PLN-300-06,BUY-02,46,11.25,16.5,2.0,5.0,21.8,0.0,0.0,0.0,0.0,2026-01-01
RM-0013,400,PLN-400-06,BUY-02,46,11.25,16.5,2.0,5.0,21.8,0.0,0.0,0.0,0.0,2026-01-01
RM-0014,100,PLN-100-07,BUY-03,49,26.0,18.0,5.0,10.0,22.61,0.0,0.0,0.0,0.0,2026-01-01
RM-0014,200,PLN-200-07,BUY-03,49,26.0,18.0,5.0,10.0,22.61,0.0,0.0,0.0,0.0,2026-01-01
RM-0014,300,PLN-300-07,BUY-03,49,26.0,18.0,5.0,10.0,22.61,0.0,0.0,0.0,0.0,2026-01-01
RM-0014,400,PLN-400-07,BUY-03,49,26.0,18.0,5.0,10.0,22.61,0.0,0.0,0.0,0.0,2026-01-01
RM-0015,100,PLN-100-08,BUY-04,52,24.0,41.0,10.0,20.0,23.43,0.0,0.0,0.0,0.0,2026-01-01
RM-0015,200,PLN-200-08,BUY-04,52,24.0,41.0,10.0,20.0,23.43,0.0,0.0,0.0,0.0,2026-01-01
RM-0015,300,PLN-300-08,BUY-04,52,24.0,41.0,10.0,20.0,23.43,0.0,0.0,0.0,0.0,2026-01-01
RM-0015,400,PLN-400-08,BUY-04,52,24.0,41.0,10.0,20.0,23.43,0.0,0.0,0.0,0.0,2026-01-01
RM-0016,100,PLN-100-01,BUY-05,55,77.5,115.0,25.0,50.0,24.25,0.0,0.0,0.0,0.0,2026-01-01
RM-0016,200,PLN-200-01,BUY-05,55,77.5,115.0,25.0,50.0,24.25,0.0,0.0,0.0,0.0,2026-01-01
RM-0016,300,PLN-300-01,BUY-05,55,77.5,115.0,25.0,50.0,24.25,0.0,0.0,0.0,0.0,2026-01-01
RM-0016,400,PLN-400-01,BUY-05,55,77.5,115.0,25.0,50.0,24.25,0.0,0.0,0.0,0.0,2026-01-01
RM-0017,100,PLN-100-02,BUY-06,58,190.0,255.0,50.0,100.0,25.07,0.0,0.0,0.0,0.0,2026-01-01
RM-0017,200,PLN-200-02,BUY-06,58,190.0,255.0,50.0,100.0,25.07,0.0,0.0,0.0,0.0,2026-01-01
RM-0017,300,PLN-300-02,BUY-06,58,190.0,255.0,50.0,100.0,25.07,0.0,0.0,0.0,0.0,2026-01-01
RM-0017,400,PLN-400-02,BUY-06,58,190.0,255.0,50.0,100.0,25.07,0.0,0.0,0.0,0.0,2026-01-01
RM-0018,100,PLN-100-03,BUY-07,61,2.25,2.8,1.0,1.0,25.89,0.0,0.0,0.0,0.0,2026-01-01
RM-0018,200,PLN-200-03,BUY-07,61,2.25,2.8,1.0,1.0,25.89,0.0,0.0,0.0,0.0,2026-01-01
RM-0018,300,PLN-300-03,BUY-07,61,2.25,2.8,1.0,1.0,25.89,0.0,0.0,0.0,0.0,2026-01-01
RM-0018,400,PLN-400-03,BUY-07,61,2.25,2.8,1.0,1.0,25.89,0.0,0.0,0.0,0.0,2026-01-01
RM-0019,100,PLN-100-04,BUY-08,9,13.0,15.25,2.0,5.0,26.71,0.0,0.0,0.0,0.0,2026-01-01
RM-0019,200,PLN-200-04,BUY-08,9,13.0,15.25,2.0,5.0,26.71,0.0,0.0,0.0,0.0,2026-01-01
RM-0019,300,PLN-300-04,BUY-08,9,13.0,15.25,2.0,5.0,26.71,0.0,0.0,0.0,0.0,2026-01-01
RM-0019,400,PLN-400-04,BUY-08,9,13.0,15.25,2.0,5.0,26.71,0.0,0.0,0.0,0.0,2026-01-01
RM-0020,100,PLN-100-05,BUY-09,12,12.0,33.0,5.0,10.0,27.52,0.0,0.0,0.0,0.0,2026-01-01
RM-0020,200,PLN-200-05,BUY-09,12,12.0,33.0,5.0,10.0,27.52,0.0,0.0,0.0,0.0,2026-01-01
RM-0020,300,PLN-300-05,BUY-09,12,12.0,33.0,5.0,10.0,27.52,0.0,0.0,0.0,0.0,2026-01-01
RM-0020,400,PLN-400-05,BUY-09,12,12.0,33.0,5.0,10.0,27.52,0.0,0.0,0.0,0.0,2026-01-01
RM-0021,100,PLN-100-06,BUY-10,15,31.0,36.0,10.0,20.0,28.34,0.0,0.0,0.0,0.0,2026-01-01
RM-0021,200,PLN-200-06,BUY-10,15,31.0,36.0,10.0,20.0,28.34,0.0,0.0,0.0,0.0,2026-01-01
RM-0021,300,PLN-300-06,BUY-10,15,31.0,36.0,10.0,20.0,28.34,0.0,0.0,0.0,0.0,2026-01-01
RM-0021,400,PLN-400-06,BUY-10,15,31.0,36.0,10.0,20.0,28.34,0.0,0.0,0.0,0.0,2026-01-01
RM-0022,100,PLN-100-07,BUY-11,18,95.0,102.5,25.0,50.0,29.16,0.0,0.0,0.0,0.0,2026-01-01
RM-0022,200,PLN-200-07,BUY-11,18,95.0,102.5,25.0,50.0,29.16,0.0,0.0,0.0,0.0,2026-01-01
RM-0022,300,PLN-300-07,BUY-11,18,95.0,102.5,25.0,50.0,29.16,0.0,0.0,0.0,0.0,2026-01-01
RM-0022,400,PLN-400-07,BUY-11,18,95.0,102.5,25.0,50.0,29.16,0.0,0.0,0.0,0.0,2026-01-01
RM-0023,100,PLN-100-08,BUY-12,21,225.0,230.0,50.0,100.0,29.98,0.0,0.0,0.0,0.0,2026-01-01
RM-0023,200,PLN-200-08,BUY-12,21,225.0,230.0,50.0,100.0,29.98,0.0,0.0,0.0,0.0,2026-01-01
RM-0023,300,PLN-300-08,BUY-12,21,225.0,230.0,50.0,100.0,29.98,0.0,0.0,0.0,0.0,2026-01-01
RM-0023,400,PLN-400-08,BUY-12,21,225.0,230.0,50.0,100.0,29.98,0.0,0.0,0.0,0.0,2026-01-01
RM-0024,100,PLN-100-01,BUY-01,24,2.6,2.55,1.0,1.0,30.8,0.0,0.0,0.0,0.0,2026-01-01
RM-0024,200,PLN-200-01,BUY-01,24,2.6,2.55,1.0,1.0,30.8,0.0,0.0,0.0,0.0,2026-01-01
RM-0024,300,PLN-300-01,BUY-01,24,2.6,2.55,1.0,1.0,30.8,0.0,0.0,0.0,0.0,2026-01-01
RM-0024,400,PLN-400-01,BUY-01,24,2.6,2.55,1.0,1.0,30.8,0.0,0.0,0.0,0.0,2026-01-01
RM-0025,100,PLN-100-02,BUY-02,27,6.0,14.0,2.0,5.0,31.61,0.0,0.0,0.0,0.0,2026-01-01
RM-0025,200,PLN-200-02,BUY-02,27,6.0,14.0,2.0,5.0,31.61,0.0,0.0,0.0,0.0,2026-01-01
RM-0025,300,PLN-300-02,BUY-02,27,6.0,14.0,2.0,5.0,31.61,0.0,0.0,0.0,0.0,2026-01-01
RM-0025,400,PLN-400-02,BUY-02,27,6.0,14.0,2.0,5.0,31.61,0.0,0.0,0.0,0.0,2026-01-01
RM-0026,100,PLN-100-03,BUY-03,30,15.5,30.5,5.0,10.0,32.43,0.0,0.0,0.0,0.0,2026-01-01
RM-0026,200,PLN-200-03,BUY-03,30,15.5,30.5,5.0,10.0,32.43,0.0,0.0,0.0,0.0,2026-01-01
RM-0026,300,PLN-300-03,BUY-03,30,15.5,30.5,5.0,10.0,32.43,0.0,0.0,0.0,0.0,2026-01-01
RM-0026,400,PLN-400-03,BUY-03,30,15.5,30.5,5.0,10.0,32.43,0.0,0.0,0.0,0.0,2026-01-01
RM-0027,100,PLN-100-04,BUY-04,33,38.0,66.0,10.0,20.0,33.25,0.0,0.0,0.0,0.0,2026-01-01
RM-0027,200,PLN-200-04,BUY-04,33,38.0,66.0,10.0,20.0,33.25,0.0,0.0,0.0,0.0,2026-01-01
RM-0027,300,PLN-300-04,BUY-04,33,38.0,66.0,10.0,20.0,33.25,0.0,0.0,0.0,0.0,2026-01-01
RM-0027,400,PLN-400-04,BUY-04,33,38.0,66.0,10.0,20.0,33.25,0.0,0.0,0.0,0.0,2026-01-01
RM-0028,100,PLN-100-05,BUY-05,36,112.5,90.0,25.0,50.0,34.07,0.0,0.0,0.0,0.0,2026-01-01
RM-0028,200,PLN-200-05,BUY-05,36,112.5,90.0,25.0,50.0,34.07,0.0,0.0,0.0,0.0,2026-01-01
RM-0028,300,PLN-300-05,BUY-05,36,112.5,90.0,25.0,50.0,34.07,0.0,0.0,0.0,0.0,2026-01-01
RM-0028,400,PLN-400-05,BUY-05,36,112.5,90.0,25.0,50.0,34.07,0.0,0.0,0.0,0.0,2026-01-01
RM-0029,100,PLN-100-06,BUY-06,39,260.0,205.0,50.0,100.0,34.89,0.0,0.0,0.0,0.0,2026-01-01
RM-0029,200,PLN-200-06,BUY-06,39,260.0,205.0,50.0,100.0,34.89,0.0,0.0,0.0,0.0,2026-01-01
RM-0029,300,PLN-300-06,BUY-06,39,260.0,205.0,50.0,100.0,34.89,0.0,0.0,0.0,0.0,2026-01-01
RM-0029,400,PLN-400-06,BUY-06,39,260.0,205.0,50.0,100.0,34.89,0.0,0.0,0.0,0.0,2026-01-01
RM-0030,100,PLN-100-07,BUY-07,42,1.2,2.3,1.0,1.0,35.71,0.0,0.0,0.0,0.0,2026-01-01
RM-0030,200,PLN-200-07,BUY-07,42,1.2,2.3,1.0,1.0,35.71,0.0,0.0,0.0,0.0,2026-01-01
RM-0030,300,PLN-300-07,BUY-07,42,1.2,2.3,1.0,1.0,35.71,0.0,0.0,0.0,0.0,2026-01-01
RM-0030,400,PLN-400-07,BUY-07,42,1.2,2.3,1.0,1.0,35.71,0.0,0.0,0.0,0.0,2026-01-01
RM-0031,100,PLN-100-08,BUY-08,45,7.75,12.75,2.0,5.0,11.16,0.0,0.0,0.0,0.0,2026-01-01
RM-0031,200,PLN-200-08,BUY-08,45,7.75,12.75,2.0,5.0,11.16,0.0,0.0,0.0,0.0,2026-01-01
RM-0031,300,PLN-300-08,BUY-08,45,7.75,12.75,2.0,5.0,11.16,0.0,0.0,0.0,0.0,2026-01-01
RM-0031,400,PLN-400-08,BUY-08,45,7.75,12.75,2.0,5.0,11.16,0.0,0.0,0.0,0.0,2026-01-01
RM-0032,100,PLN-100-01,BUY-09,48,19.0,28.0,5.0,10.0,11.98,0.0,0.0,0.0,0.0,2026-01-01
RM-0032,200,PLN-200-01,BUY-09,48,19.0,28.0,5.0,10.0,11.98,0.0,0.0,0.0,0.0,2026-01-01
RM-0032,300,PLN-300-01,BUY-09,48,19.0,28.0,5.0,10.0,11.98,0.0,0.0,0.0,0.0,2026-01-01
RM-0032,400,PLN-400-01,BUY-09,48,19.0,28.0,5.0,10.0,11.98,0.0,0.0,0.0,0.0,2026-01-01
RM-0033,100,PLN-100-02,BUY-10,51,45.0,61.0,10.0,20.0,12.8,0.0,0.0,0.0,0.0,2026-01-01
RM-0033,200,PLN-200-02,BUY-10,51,45.0,61.0,10.0,20.0,12.8,0.0,0.0,0.0,0.0,2026-01-01
RM-0033,300,PLN-300-02,BUY-10,51,45.0,61.0,10.0,20.0,12.8,0.0,0.0,0.0,0.0,2026-01-01
RM-0033,400,PLN-400-02,BUY-10,51,45.0,61.0,10.0,20.0,12.8,0.0,0.0,0.0,0.0,2026-01-01
RM-0034,100,PLN-100-03,BUY-11,54,130.0,165.0,25.0,50.0,13.61,0.0,0.0,0.0,0.0,2026-01-01
RM-0034,200,PLN-200-03,BUY-11,54,130.0,165.0,25.0,50.0,13.61,0.0,0.0,0.0,0.0,2026-01-01
RM-0034,300,PLN-300-03,BUY-11,54,130.0,165.0,25.0,50.0,13.61,0.0,0.0,0.0,0.0,2026-01-01
RM-0034,400,PLN-400-03,BUY-11,54,130.0,165.0,25.0,50.0,13.61,0.0,0.0,0.0,0.0,2026-01-01
RM-0035,100,PLN-100-04,BUY-12,57,120.0,180.0,50.0,100.0,14.43,0.0,0.0,0.0,0.0,2026-01-01
RM-0035,200,PLN-200-04,BUY-12,57,120.0,180.0,50.0,100.0,14.43,0.0,0.0,0.0,0.0,2026-01-01
RM-0035,300,PLN-300-04,BUY-12,57,120.0,180.0,50.0,100.0,14.43,0.0,0.0,0.0,0.0,2026-01-01
RM-0035,400,PLN-400-04,BUY-12,57,120.0,180.0,50.0,100.0,14.43,0.0,0.0,0.0,0.0,2026-01-01
RM-0036,100,PLN-100-05,BUY-01,60,1.55,2.05,1.0,1.0,15.25,0.0,0.0,0.0,0.0,2026-01-01
RM-0036,200,PLN-200-05,BUY-01,60,1.55,2.05,1.0,1.0,15.25,0.0,0.0,0.0,0.0,2026-01-01
RM-0036,300,PLN-300-05,BUY-01,60,1.55,2.05,1.0,1.0,15.25,0.0,0.0,0.0,0.0,2026-01-01
RM-0036,400,PLN-400-05,BUY-01,60,1.55,2.05,1.0,1.0,15.25,0.0,0.0,0.0,0.0,2026-01-01
RM-0037,100,PLN-100-06,BUY-02,8,9.5,11.5,2.0,5.0,16.07,0.0,0.0,0.0,0.0,2026-01-01
RM-0037,200,PLN-200-06,BUY-02,8,9.5,11.5,2.0,5.0,16.07,0.0,0.0,0.0,0.0,2026-01-01
RM-0037,300,PLN-300-06,BUY-02,8,9.5,11.5,2.0,5.0,16.07,0.0,0.0,0.0,0.0,2026-01-01
RM-0037,400,PLN-400-06,BUY-02,8,9.5,11.5,2.0,5.0,16.07,0.0,0.0,0.0,0.0,2026-01-01
RM-0038,100,PLN-100-07,BUY-03,11,22.5,25.5,5.0,10.0,16.89,0.0,0.0,0.0,0.0,2026-01-01
RM-0038,200,PLN-200-07,BUY-03,11,22.5,25.5,5.0,10.0,16.89,0.0,0.0,0.0,0.0,2026-01-01
RM-0038,300,PLN-300-07,BUY-03,11,22.5,25.5,5.0,10.0,16.89,0.0,0.0,0.0,0.0,2026-01-01
RM-0038,400,PLN-400-07,BUY-03,11,22.5,25.5,5.0,10.0,16.89,0.0,0.0,0.0,0.0,2026-01-01
RM-0039,100,PLN-100-08,BUY-04,14,52.0,56.0,10.0,20.0,17.71,0.0,0.0,0.0,0.0,2026-01-01
RM-0039,200,PLN-200-08,BUY-04,14,52.0,56.0,10.0,20.0,17.71,0.0,0.0,0.0,0.0,2026-01-01
RM-0039,300,PLN-300-08,BUY-04,14,52.0,56.0,10.0,20.0,17.71,0.0,0.0,0.0,0.0,2026-01-01
RM-0039,400,PLN-400-08,BUY-04,14,52.0,56.0,10.0,20.0,17.71,0.0,0.0,0.0,0.0,2026-01-01
RM-0040,100,PLN-100-01,BUY-05,17,60.0,152.5,25.0,50.0,18.52,0.0,0.0,0.0,0.0,2026-01-01
RM-0040,200,PLN-200-01,BUY-05,17,60.0,152.5,25.0,50.0,18.52,0.0,0.0,0.0,0.0,2026-01-01
RM-0040,300,PLN-300-01,BUY-05,17,60.0,152.5,25.0,50.0,18.52,0.0,0.0,0.0,0.0,2026-01-01
RM-0040,400,PLN-400-01,BUY-05,17,60.0,152.5,25.0,50.0,18.52,0.0,0.0,0.0,0.0,2026-01-01
RM-0041,100,PLN-100-02,BUY-06,20,155.0,330.0,50.0,100.0,19.34,0.0,0.0,0.0,0.0,2026-01-01
RM-0041,200,PLN-200-02,BUY-06,20,155.0,330.0,50.0,100.0,19.34,0.0,0.0,0.0,0.0,2026-01-01
RM-0041,300,PLN-300-02,BUY-06,20,155.0,330.0,50.0,100.0,19.34,0.0,0.0,0.0,0.0,2026-01-01
RM-0041,400,PLN-400-02,BUY-06,20,155.0,330.0,50.0,100.0,19.34,0.0,0.0,0.0,0.0,2026-01-01
RM-0042,100,PLN-100-03,BUY-07,23,1.9,1.8,1.0,1.0,20.16,0.0,0.0,0.0,0.0,2026-01-01
RM-0042,200,PLN-200-03,BUY-07,23,1.9,1.8,1.0,1.0,20.16,0.0,0.0,0.0,0.0,2026-01-01
RM-0042,300,PLN-300-03,BUY-07,23,1.9,1.8,1.0,1.0,20.16,0.0,0.0,0.0,0.0,2026-01-01
RM-0042,400,PLN-400-03,BUY-07,23,1.9,1.8,1.0,1.0,20.16,0.0,0.0,0.0,0.0,2026-01-01
RM-0043,100,PLN-100-04,BUY-08,26,11.25,10.25,2.0,5.0,20.98,0.0,0.0,0.0,0.0,2026-01-01
RM-0043,200,PLN-200-04,BUY-08,26,11.25,10.25,2.0,5.0,20.98,0.0,0.0,0.0,0.0,2026-01-01
RM-0043,300,PLN-300-04,BUY-08,26,11.25,10.25,2.0,5.0,20.98,0.0,0.0,0.0,0.0,2026-01-01
RM-0043,400,PLN-400-04,BUY-08,26,11.25,10.25,2.0,5.0,20.98,0.0,0.0,0.0,0.0,2026-01-01
RM-0044,100,PLN-100-05,BUY-09,29,26.0,23.0,5.0,10.0,21.8,0.0,0.0,0.0,0.0,2026-01-01
RM-0044,200,PLN-200-05,BUY-09,29,26.0,23.0,5.0,10.0,21.8,0.0,0.0,0.0,0.0,2026-01-01
RM-0044,300,PLN-300-05,BUY-09,29,26.0,23.0,5.0,10.0,21.8,0.0,0.0,0.0,0.0,2026-01-01
RM-0044,400,PLN-400-05,BUY-09,29,26.0,23.0,5.0,10.0,21.8,0.0,0.0,0.0,0.0,2026-01-01
RM-0045,100,PLN-100-06,BUY-10,32,24.0,51.0,10.0,20.0,22.61,0.0,0.0,0.0,0.0,2026-01-01
RM-0045,200,PLN-200-06,BUY-10,32,24.0,51.0,10.0,20.0,22.61,0.0,0.0,0.0,0.0,2026-01-01
RM-0045,300,PLN-300-06,BUY-10,32,24.0,51.0,10.0,20.0,22.61,0.0,0.0,0.0,0.0,2026-01-01
RM-0045,400,PLN-400-06,BUY-10,32,24.0,51.0,10.0,20.0,22.61,0.0,0.0,0.0,0.0,2026-01-01
RM-0046,100,PLN-100-07,BUY-11,35,77.5,140.0,25.0,50.0,23.43,0.0,0.0,0.0,0.0,2026-01-01
RM-0046,200,PLN-200-07,BUY-11,35,77.5,140.0,25.0,50.0,23.43,0.0,0.0,0.0,0.0,2026-01-01
RM-0046,300,PLN-300-07,BUY-11,35,77.5,140.0,25.0,50.0,23.43,0.0,0.0,0.0,0.0,2026-01-01
RM-0046,400,PLN-400-07,BUY-11,35,77.5,140.0,25.0,50.0,23.43,0.0,0.0,0.0,0.0,2026-01-01
RM-0047,100,PLN-100-08,BUY-12,38,190.0,305.0,50.0,100.0,24.25,0.0,0.0,0.0,0.0,2026-01-01
RM-0047,200,PLN-200-08,BUY-12,38,190.0,305.0,50.0,100.0,24.25,0.0,0.0,0.0,0.0,2026-01-01
RM-0047,300,PLN-300-08,BUY-12,38,190.0,305.0,50.0,100.0,24.25,0.0,0.0,0.0,0.0,2026-01-01
RM-0047,400,PLN-400-08,BUY-12,38,190.0,305.0,50.0,100.0,24.25,0.0,0.0,0.0,0.0,2026-01-01
RM-0048,100,PLN-100-01,BUY-01,41,2.25,3.3,1.0,1.0,25.07,0.0,0.0,0.0,0.0,2026-01-01
RM-0048,200,PLN-200-01,BUY-01,41,2.25,3.3,1.0,1.0,25.07,0.0,0.0,0.0,0.0,2026-01-01
RM-0048,300,PLN-300-01,BUY-01,41,2.25,3.3,1.0,1.0,25.07,0.0,0.0,0.0,0.0,2026-01-01
RM-0048,400,PLN-400-01,BUY-01,41,2.25,3.3,1.0,1.0,25.07,0.0,0.0,0.0,0.0,2026-01-01
RM-0049,100,PLN-100-02,BUY-02,44,13.0,9.0,2.0,5.0,25.89,0.0,0.0,0.0,0.0,2026-01-01
RM-0049,200,PLN-200-02,BUY-02,44,13.0,9.0,2.0,5.0,25.89,0.0,0.0,0.0,0.0,2026-01-01
RM-0049,300,PLN-300-02,BUY-02,44,13.0,9.0,2.0,5.0,25.89,0.0,0.0,0.0,0.0,2026-01-01
RM-0049,400,PLN-400-02,BUY-02,44,13.0,9.0,2.0,5.0,25.89,0.0,0.0,0.0,0.0,2026-01-01
RM-0050,100,PLN-100-03,BUY-03,47,12.0,20.5,5.0,10.0,26.71,0.0,0.0,0.0,0.0,2026-01-01
RM-0050,200,PLN-200-03,BUY-03,47,12.0,20.5,5.0,10.0,26.71,0.0,0.0,0.0,0.0,2026-01-01
RM-0050,300,PLN-300-03,BUY-03,47,12.0,20.5,5.0,10.0,26.71,0.0,0.0,0.0,0.0,2026-01-01
RM-0050,400,PLN-400-03,BUY-03,47,12.0,20.5,5.0,10.0,26.71,0.0,0.0,0.0,0.0,2026-01-01
RM-0051,100,PLN-100-04,BUY-04,50,31.0,46.0,10.0,20.0,27.52,0.0,0.0,0.0,0.0,2026-01-01
RM-0051,200,PLN-200-04,BUY-04,50,31.0,46.0,10.0,20.0,27.52,0.0,0.0,0.0,0.0,2026-01-01
RM-0051,300,PLN-300-04,BUY-04,50,31.0,46.0,10.0,20.0,27.52,0.0,0.0,0.0,0.0,2026-01-01
RM-0051,400,PLN-400-04,BUY-04,50,31.0,46.0,10.0,20.0,27.52,0.0,0.0,0.0,0.0,2026-01-01
RM-0052,100,PLN-100-05,BUY-05,53,95.0,127.5,25.0,50.0,28.34,0.0,0.0,0.0,0.0,2026-01-01
RM-0052,200,PLN-200-05,BUY-05,53,95.0,127.5,25.0,50.0,28.34,0.0,0.0,0.0,0.0,2026-01-01
RM-0052,300,PLN-300-05,BUY-05,53,95.0,127.5,25.0,50.0,28.34,0.0,0.0,0.0,0.0,2026-01-01
RM-0052,400,PLN-400-05,BUY-05,53,95.0,127.5,25.0,50.0,28.34,0.0,0.0,0.0,0.0,2026-01-01
RM-0053,100,PLN-100-06,BUY-06,56,225.0,280.0,50.0,100.0,29.16,0.0,0.0,0.0,0.0,2026-01-01
RM-0053,200,PLN-200-06,BUY-06,56,225.0,280.0,50.0,100.0,29.16,0.0,0.0,0.0,0.0,2026-01-01
RM-0053,300,PLN-300-06,BUY-06,56,225.0,280.0,50.0,100.0,29.16,0.0,0.0,0.0,0.0,2026-01-01
RM-0053,400,PLN-400-06,BUY-06,56,225.0,280.0,50.0,100.0,29.16,0.0,0.0,0.0,0.0,2026-01-01
RM-0054,100,PLN-100-07,BUY-07,59,2.6,3.05,1.0,1.0,29.98,0.0,0.0,0.0,0.0,2026-01-01
RM-0054,200,PLN-200-07,BUY-07,59,2.6,3.05,1.0,1.0,29.98,0.0,0.0,0.0,0.0,2026-01-01
RM-0054,300,PLN-300-07,BUY-07,59,2.6,3.05,1.0,1.0,29.98,0.0,0.0,0.0,0.0,2026-01-01
RM-0054,400,PLN-400-07,BUY-07,59,2.6,3.05,1.0,1.0,29.98,0.0,0.0,0.0,0.0,2026-01-01
RM-0055,100,PLN-100-08,BUY-08,7,6.0,16.5,2.0,5.0,30.8,0.0,0.0,0.0,0.0,2026-01-01
RM-0055,200,PLN-200-08,BUY-08,7,6.0,16.5,2.0,5.0,30.8,0.0,0.0,0.0,0.0,2026-01-01
RM-0055,300,PLN-300-08,BUY-08,7,6.0,16.5,2.0,5.0,30.8,0.0,0.0,0.0,0.0,2026-01-01
RM-0055,400,PLN-400-08,BUY-08,7,6.0,16.5,2.0,5.0,30.8,0.0,0.0,0.0,0.0,2026-01-01
RM-0056,100,PLN-100-01,BUY-09,10,15.5,18.0,5.0,10.0,31.61,0.0,0.0,0.0,0.0,2026-01-01
RM-0056,200,PLN-200-01,BUY-09,10,15.5,18.0,5.0,10.0,31.61,0.0,0.0,0.0,0.0,2026-01-01
RM-0056,300,PLN-300-01,BUY-09,10,15.5,18.0,5.0,10.0,31.61,0.0,0.0,0.0,0.0,2026-01-01
RM-0056,400,PLN-400-01,BUY-09,10,15.5,18.0,5.0,10.0,31.61,0.0,0.0,0.0,0.0,2026-01-01
RM-0057,100,PLN-100-02,BUY-10,13,38.0,41.0,10.0,20.0,32.43,0.0,0.0,0.0,0.0,2026-01-01
RM-0057,200,PLN-200-02,BUY-10,13,38.0,41.0,10.0,20.0,32.43,0.0,0.0,0.0,0.0,2026-01-01
RM-0057,300,PLN-300-02,BUY-10,13,38.0,41.0,10.0,20.0,32.43,0.0,0.0,0.0,0.0,2026-01-01
RM-0057,400,PLN-400-02,BUY-10,13,38.0,41.0,10.0,20.0,32.43,0.0,0.0,0.0,0.0,2026-01-01
RM-0058,100,PLN-100-03,BUY-11,16,112.5,115.0,25.0,50.0,33.25,0.0,0.0,0.0,0.0,2026-01-01
RM-0058,200,PLN-200-03,BUY-11,16,112.5,115.0,25.0,50.0,33.25,0.0,0.0,0.0,0.0,2026-01-01
RM-0058,300,PLN-300-03,BUY-11,16,112.5,115.0,25.0,50.0,33.25,0.0,0.0,0.0,0.0,2026-01-01
RM-0058,400,PLN-400-03,BUY-11,16,112.5,115.0,25.0,50.0,33.25,0.0,0.0,0.0,0.0,2026-01-01
RM-0059,100,PLN-100-04,BUY-12,19,260.0,255.0,50.0,100.0,34.07,0.0,0.0,0.0,0.0,2026-01-01
RM-0059,200,PLN-200-04,BUY-12,19,260.0,255.0,50.0,100.0,34.07,0.0,0.0,0.0,0.0,2026-01-01
RM-0059,300,PLN-300-04,BUY-12,19,260.0,255.0,50.0,100.0,34.07,0.0,0.0,0.0,0.0,2026-01-01
RM-0059,400,PLN-400-04,BUY-12,19,260.0,255.0,50.0,100.0,34.07,0.0,0.0,0.0,0.0,2026-01-01
RM-0060,100,PLN-100-05,BUY-01,22,1.2,2.8,1.0,1.0,34.89,0.0,0.0,0.0,0.0,2026-01-01
RM-0060,200,PLN-200-05,BUY-01,22,1.2,2.8,1.0,1.0,34.89,0.0,0.0,0.0,0.0,2026-01-01
RM-0060,300,PLN-300-05,BUY-01,22,1.2,2.8,1.0,1.0,34.89,0.0,0.0,0.0,0.0,2026-01-01
RM-0060,400,PLN-400-05,BUY-01,22,1.2,2.8,1.0,1.0,34.89,0.0,0.0,0.0,0.0,2026-01-01
RM-0061,100,PLN-100-06,BUY-02,25,7.75,15.25,2.0,5.0,35.71,0.0,0.0,0.0,0.0,2026-01-01
RM-0061,200,PLN-200-06,BUY-02,25,7.75,15.25,2.0,5.0,35.71,0.0,0.0,0.0,0.0,2026-01-01
RM-0061,300,PLN-300-06,BUY-02,25,7.75,15.25,2.0,5.0,35.71,0.0,0.0,0.0,0.0,2026-01-01
RM-0061,400,PLN-400-06,BUY-02,25,7.75,15.25,2.0,5.0,35.71,0.0,0.0,0.0,0.0,2026-01-01
RM-0062,100,PLN-100-07,BUY-03,28,19.0,33.0,5.0,10.0,11.16,0.0,0.0,0.0,0.0,2026-01-01
RM-0062,200,PLN-200-07,BUY-03,28,19.0,33.0,5.0,10.0,11.16,0.0,0.0,0.0,0.0,2026-01-01
RM-0062,300,PLN-300-07,BUY-03,28,19.0,33.0,5.0,10.0,11.16,0.0,0.0,0.0,0.0,2026-01-01
RM-0062,400,PLN-400-07,BUY-03,28,19.0,33.0,5.0,10.0,11.16,0.0,0.0,0.0,0.0,2026-01-01
RM-0063,100,PLN-100-08,BUY-04,31,45.0,36.0,10.0,20.0,11.98,0.0,0.0,0.0,0.0,2026-01-01
RM-0063,200,PLN-200-08,BUY-04,31,45.0,36.0,10.0,20.0,11.98,0.0,0.0,0.0,0.0,2026-01-01
RM-0063,300,PLN-300-08,BUY-04,31,45.0,36.0,10.0,20.0,11.98,0.0,0.0,0.0,0.0,2026-01-01
RM-0063,400,PLN-400-08,BUY-04,31,45.0,36.0,10.0,20.0,11.98,0.0,0.0,0.0,0.0,2026-01-01
RM-0064,100,PLN-100-01,BUY-05,34,130.0,102.5,25.0,50.0,12.8,0.0,0.0,0.0,0.0,2026-01-01
RM-0064,200,PLN-200-01,BUY-05,34,130.0,102.5,25.0,50.0,12.8,0.0,0.0,0.0,0.0,2026-01-01
RM-0064,300,PLN-300-01,BUY-05,34,130.0,102.5,25.0,50.0,12.8,0.0,0.0,0.0,0.0,2026-01-01
RM-0064,400,PLN-400-01,BUY-05,34,130.0,102.5,25.0,50.0,12.8,0.0,0.0,0.0,0.0,2026-01-01
RM-0065,100,PLN-100-02,BUY-06,37,120.0,230.0,50.0,100.0,13.61,0.0,0.0,0.0,0.0,2026-01-01
RM-0065,200,PLN-200-02,BUY-06,37,120.0,230.0,50.0,100.0,13.61,0.0,0.0,0.0,0.0,2026-01-01
RM-0065,300,PLN-300-02,BUY-06,37,120.0,230.0,50.0,100.0,13.61,0.0,0.0,0.0,0.0,2026-01-01
RM-0065,400,PLN-400-02,BUY-06,37,120.0,230.0,50.0,100.0,13.61,0.0,0.0,0.0,0.0,2026-01-01
RM-0066,100,PLN-100-03,BUY-07,40,1.55,2.55,1.0,1.0,14.43,0.0,0.0,0.0,0.0,2026-01-01
RM-0066,200,PLN-200-03,BUY-07,40,1.55,2.55,1.0,1.0,14.43,0.0,0.0,0.0,0.0,2026-01-01
RM-0066,300,PLN-300-03,BUY-07,40,1.55,2.55,1.0,1.0,14.43,0.0,0.0,0.0,0.0,2026-01-01
RM-0066,400,PLN-400-03,BUY-07,40,1.55,2.55,1.0,1.0,14.43,0.0,0.0,0.0,0.0,2026-01-01
RM-0067,100,PLN-100-04,BUY-08,43,9.5,14.0,2.0,5.0,15.25,0.0,0.0,0.0,0.0,2026-01-01
RM-0067,200,PLN-200-04,BUY-08,43,9.5,14.0,2.0,5.0,15.25,0.0,0.0,0.0,0.0,2026-01-01
RM-0067,300,PLN-300-04,BUY-08,43,9.5,14.0,2.0,5.0,15.25,0.0,0.0,0.0,0.0,2026-01-01
RM-0067,400,PLN-400-04,BUY-08,43,9.5,14.0,2.0,5.0,15.25,0.0,0.0,0.0,0.0,2026-01-01
RM-0068,100,PLN-100-05,BUY-09,46,22.5,30.5,5.0,10.0,16.07,0.0,0.0,0.0,0.0,2026-01-01
RM-0068,200,PLN-200-05,BUY-09,46,22.5,30.5,5.0,10.0,16.07,0.0,0.0,0.0,0.0,2026-01-01
RM-0068,300,PLN-300-05,BUY-09,46,22.5,30.5,5.0,10.0,16.07,0.0,0.0,0.0,0.0,2026-01-01
RM-0068,400,PLN-400-05,BUY-09,46,22.5,30.5,5.0,10.0,16.07,0.0,0.0,0.0,0.0,2026-01-01
RM-0069,100,PLN-100-06,BUY-10,49,52.0,66.0,10.0,20.0,16.89,0.0,0.0,0.0,0.0,2026-01-01
RM-0069,200,PLN-200-06,BUY-10,49,52.0,66.0,10.0,20.0,16.89,0.0,0.0,0.0,0.0,2026-01-01
RM-0069,300,PLN-300-06,BUY-10,49,52.0,66.0,10.0,20.0,16.89,0.0,0.0,0.0,0.0,2026-01-01
RM-0069,400,PLN-400-06,BUY-10,49,52.0,66.0,10.0,20.0,16.89,0.0,0.0,0.0,0.0,2026-01-01
RM-0070,100,PLN-100-07,BUY-11,52,60.0,90.0,25.0,50.0,17.71,0.0,0.0,0.0,0.0,2026-01-01
RM-0070,200,PLN-200-07,BUY-11,52,60.0,90.0,25.0,50.0,17.71,0.0,0.0,0.0,0.0,2026-01-01
RM-0070,300,PLN-300-07,BUY-11,52,60.0,90.0,25.0,50.0,17.71,0.0,0.0,0.0,0.0,2026-01-01
RM-0070,400,PLN-400-07,BUY-11,52,60.0,90.0,25.0,50.0,17.71,0.0,0.0,0.0,0.0,2026-01-01
RM-0071,100,PLN-100-08,BUY-12,55,155.0,205.0,50.0,100.0,18.52,0.0,0.0,0.0,0.0,2026-01-01
RM-0071,200,PLN-200-08,BUY-12,55,155.0,205.0,50.0,100.0,18.52,0.0,0.0,0.0,0.0,2026-01-01
RM-0071,300,PLN-300-08,BUY-12,55,155.0,205.0,50.0,100.0,18.52,0.0,0.0,0.0,0.0,2026-01-01
RM-0071,400,PLN-400-08,BUY-12,55,155.0,205.0,50.0,100.0,18.52,0.0,0.0,0.0,0.0,2026-01-01
RM-0072,100,PLN-100-01,BUY-01,58,1.9,2.3,1.0,1.0,19.34,0.0,0.0,0.0,0.0,2026-01-01
RM-0072,200,PLN-200-01,BUY-01,58,1.9,2.3,1.0,1.0,19.34,0.0,0.0,0.0,0.0,2026-01-01
RM-0072,300,PLN-300-01,BUY-01,58,1.9,2.3,1.0,1.0,19.34,0.0,0.0,0.0,0.0,2026-01-01
RM-0072,400,PLN-400-01,BUY-01,58,1.9,2.3,1.0,1.0,19.34,0.0,0.0,0.0,0.0,2026-01-01
RM-0073,100,PLN-100-02,BUY-02,61,11.25,12.75,2.0,5.0,20.16,0.0,0.0,0.0,0.0,2026-01-01
RM-0073,200,PLN-200-02,BUY-02,61,11.25,12.75,2.0,5.0,20.16,0.0,0.0,0.0,0.0,2026-01-01
RM-0073,300,PLN-300-02,BUY-02,61,11.25,12.75,2.0,5.0,20.16,0.0,0.0,0.0,0.0,2026-01-01
RM-0073,400,PLN-400-02,BUY-02,61,11.25,12.75,2.0,5.0,20.16,0.0,0.0,0.0,0.0,2026-01-01
RM-0074,100,PLN-100-03,BUY-03,9,26.0,28.0,5.0,10.0,20.98,0.0,0.0,0.0,0.0,2026-01-01
RM-0074,200,PLN-200-03,BUY-03,9,26.0,28.0,5.0,10.0,20.98,0.0,0.0,0.0,0.0,2026-01-01
RM-0074,300,PLN-300-03,BUY-03,9,26.0,28.0,5.0,10.0,20.98,0.0,0.0,0.0,0.0,2026-01-01
RM-0074,400,PLN-400-03,BUY-03,9,26.0,28.0,5.0,10.0,20.98,0.0,0.0,0.0,0.0,2026-01-01
RM-0075,100,PLN-100-04,BUY-04,12,24.0,61.0,10.0,20.0,21.8,0.0,0.0,0.0,0.0,2026-01-01
RM-0075,200,PLN-200-04,BUY-04,12,24.0,61.0,10.0,20.0,21.8,0.0,0.0,0.0,0.0,2026-01-01
RM-0075,300,PLN-300-04,BUY-04,12,24.0,61.0,10.0,20.0,21.8,0.0,0.0,0.0,0.0,2026-01-01
RM-0075,400,PLN-400-04,BUY-04,12,24.0,61.0,10.0,20.0,21.8,0.0,0.0,0.0,0.0,2026-01-01
RM-0076,100,PLN-100-05,BUY-05,15,77.5,165.0,25.0,50.0,22.61,0.0,0.0,0.0,0.0,2026-01-01
RM-0076,200,PLN-200-05,BUY-05,15,77.5,165.0,25.0,50.0,22.61,0.0,0.0,0.0,0.0,2026-01-01
RM-0076,300,PLN-300-05,BUY-05,15,77.5,165.0,25.0,50.0,22.61,0.0,0.0,0.0,0.0,2026-01-01
RM-0076,400,PLN-400-05,BUY-05,15,77.5,165.0,25.0,50.0,22.61,0.0,0.0,0.0,0.0,2026-01-01
RM-0077,100,PLN-100-06,BUY-06,18,190.0,180.0,50.0,100.0,23.43,0.0,0.0,0.0,0.0,2026-01-01
RM-0077,200,PLN-200-06,BUY-06,18,190.0,180.0,50.0,100.0,23.43,0.0,0.0,0.0,0.0,2026-01-01
RM-0077,300,PLN-300-06,BUY-06,18,190.0,180.0,50.0,100.0,23.43,0.0,0.0,0.0,0.0,2026-01-01
RM-0077,400,PLN-400-06,BUY-06,18,190.0,180.0,50.0,100.0,23.43,0.0,0.0,0.0,0.0,2026-01-01
RM-0078,100,PLN-100-07,BUY-07,21,2.25,2.05,1.0,1.0,24.25,0.0,0.0,0.0,0.0,2026-01-01
RM-0078,200,PLN-200-07,BUY-07,21,2.25,2.05,1.0,1.0,24.25,0.0,0.0,0.0,0.0,2026-01-01
RM-0078,300,PLN-300-07,BUY-07,21,2.25,2.05,1.0,1.0,24.25,0.0,0.0,0.0,0.0,2026-01-01
RM-0078,400,PLN-400-07,BUY-07,21,2.25,2.05,1.0,1.0,24.25,0.0,0.0,0.0,0.0,2026-01-01
RM-0079,100,PLN-100-08,BUY-08,24,13.0,11.5,2.0,5.0,25.07,0.0,0.0,0.0,0.0,2026-01-01
RM-0079,200,PLN-200-08,BUY-08,24,13.0,11.5,2.0,5.0,25.07,0.0,0.0,0.0,0.0,2026-01-01
RM-0079,300,PLN-300-08,BUY-08,24,13.0,11.5,2.0,5.0,25.07,0.0,0.0,0.0,0.0,2026-01-01
RM-0079,400,PLN-400-08,BUY-08,24,13.0,11.5,2.0,5.0,25.07,0.0,0.0,0.0,0.0,2026-01-01
RM-0080,100,PLN-100-01,BUY-09,27,12.0,25.5,5.0,10.0,25.89,0.0,0.0,0.0,0.0,2026-01-01
RM-0080,200,PLN-200-01,BUY-09,27,12.0,25.5,5.0,10.0,25.89,0.0,0.0,0.0,0.0,2026-01-01
RM-0080,300,PLN-300-01,BUY-09,27,12.0,25.5,5.0,10.0,25.89,0.0,0.0,0.0,0.0,2026-01-01
RM-0080,400,PLN-400-01,BUY-09,27,12.0,25.5,5.0,10.0,25.89,0.0,0.0,0.0,0.0,2026-01-01
RM-0081,100,PLN-100-02,BUY-10,30,31.0,56.0,10.0,20.0,26.71,0.0,0.0,0.0,0.0,2026-01-01
RM-0081,200,PLN-200-02,BUY-10,30,31.0,56.0,10.0,20.0,26.71,0.0,0.0,0.0,0.0,2026-01-01
RM-0081,300,PLN-300-02,BUY-10,30,31.0,56.0,10.0,20.0,26.71,0.0,0.0,0.0,0.0,2026-01-01
RM-0081,400,PLN-400-02,BUY-10,30,31.0,56.0,10.0,20.0,26.71,0.0,0.0,0.0,0.0,2026-01-01
RM-0082,100,PLN-100-03,BUY-11,33,95.0,152.5,25.0,50.0,27.52,0.0,0.0,0.0,0.0,2026-01-01
RM-0082,200,PLN-200-03,BUY-11,33,95.0,152.5,25.0,50.0,27.52,0.0,0.0,0.0,0.0,2026-01-01
RM-0082,300,PLN-300-03,BUY-11,33,95.0,152.5,25.0,50.0,27.52,0.0,0.0,0.0,0.0,2026-01-01
RM-0082,400,PLN-400-03,BUY-11,33,95.0,152.5,25.0,50.0,27.52,0.0,0.0,0.0,0.0,2026-01-01
RM-0083,100,PLN-100-04,BUY-12,36,225.0,330.0,50.0,100.0,28.34,0.0,0.0,0.0,0.0,2026-01-01
RM-0083,200,PLN-200-04,BUY-12,36,225.0,330.0,50.0,100.0,28.34,0.0,0.0,0.0,0.0,2026-01-01
RM-0083,300,PLN-300-04,BUY-12,36,225.0,330.0,50.0,100.0,28.34,0.0,0.0,0.0,0.0,2026-01-01
RM-0083,400,PLN-400-04,BUY-12,36,225.0,330.0,50.0,100.0,28.34,0.0,0.0,0.0,0.0,2026-01-01
RM-0084,100,PLN-100-05,BUY-01,39,2.6,1.8,1.0,1.0,29.16,0.0,0.0,0.0,0.0,2026-01-01
RM-0084,200,PLN-200-05,BUY-01,39,2.6,1.8,1.0,1.0,29.16,0.0,0.0,0.0,0.0,2026-01-01
RM-0084,300,PLN-300-05,BUY-01,39,2.6,1.8,1.0,1.0,29.16,0.0,0.0,0.0,0.0,2026-01-01
RM-0084,400,PLN-400-05,BUY-01,39,2.6,1.8,1.0,1.0,29.16,0.0,0.0,0.0,0.0,2026-01-01
RM-0085,100,PLN-100-06,BUY-02,42,6.0,10.25,2.0,5.0,29.98,0.0,0.0,0.0,0.0,2026-01-01
RM-0085,200,PLN-200-06,BUY-02,42,6.0,10.25,2.0,5.0,29.98,0.0,0.0,0.0,0.0,2026-01-01
RM-0085,300,PLN-300-06,BUY-02,42,6.0,10.25,2.0,5.0,29.98,0.0,0.0,0.0,0.0,2026-01-01
RM-0085,400,PLN-400-06,BUY-02,42,6.0,10.25,2.0,5.0,29.98,0.0,0.0,0.0,0.0,2026-01-01
RM-0086,100,PLN-100-07,BUY-03,45,15.5,23.0,5.0,10.0,30.8,0.0,0.0,0.0,0.0,2026-01-01
RM-0086,200,PLN-200-07,BUY-03,45,15.5,23.0,5.0,10.0,30.8,0.0,0.0,0.0,0.0,2026-01-01
RM-0086,300,PLN-300-07,BUY-03,45,15.5,23.0,5.0,10.0,30.8,0.0,0.0,0.0,0.0,2026-01-01
RM-0086,400,PLN-400-07,BUY-03,45,15.5,23.0,5.0,10.0,30.8,0.0,0.0,0.0,0.0,2026-01-01
RM-0087,100,PLN-100-08,BUY-04,48,38.0,51.0,10.0,20.0,31.61,0.0,0.0,0.0,0.0,2026-01-01
RM-0087,200,PLN-200-08,BUY-04,48,38.0,51.0,10.0,20.0,31.61,0.0,0.0,0.0,0.0,2026-01-01
RM-0087,300,PLN-300-08,BUY-04,48,38.0,51.0,10.0,20.0,31.61,0.0,0.0,0.0,0.0,2026-01-01
RM-0087,400,PLN-400-08,BUY-04,48,38.0,51.0,10.0,20.0,31.61,0.0,0.0,0.0,0.0,2026-01-01
RM-0088,100,PLN-100-01,BUY-05,51,112.5,140.0,25.0,50.0,32.43,0.0,0.0,0.0,0.0,2026-01-01
RM-0088,200,PLN-200-01,BUY-05,51,112.5,140.0,25.0,50.0,32.43,0.0,0.0,0.0,0.0,2026-01-01
RM-0088,300,PLN-300-01,BUY-05,51,112.5,140.0,25.0,50.0,32.43,0.0,0.0,0.0,0.0,2026-01-01
RM-0088,400,PLN-400-01,BUY-05,51,112.5,140.0,25.0,50.0,32.43,0.0,0.0,0.0,0.0,2026-01-01
RM-0089,100,PLN-100-02,BUY-06,54,260.0,305.0,50.0,100.0,33.25,0.0,0.0,0.0,0.0,2026-01-01
RM-0089,200,PLN-200-02,BUY-06,54,260.0,305.0,50.0,100.0,33.25,0.0,0.0,0.0,0.0,2026-01-01
RM-0089,300,PLN-300-02,BUY-06,54,260.0,305.0,50.0,100.0,33.25,0.0,0.0,0.0,0.0,2026-01-01
RM-0089,400,PLN-400-02,BUY-06,54,260.0,305.0,50.0,100.0,33.25,0.0,0.0,0.0,0.0,2026-01-01
RM-0090,100,PLN-100-03,BUY-07,57,1.2,3.3,1.0,1.0,34.07,0.0,0.0,0.0,0.0,2026-01-01
RM-0090,200,PLN-200-03,BUY-07,57,1.2,3.3,1.0,1.0,34.07,0.0,0.0,0.0,0.0,2026-01-01
RM-0090,300,PLN-300-03,BUY-07,57,1.2,3.3,1.0,1.0,34.07,0.0,0.0,0.0,0.0,2026-01-01
RM-0090,400,PLN-400-03,BUY-07,57,1.2,3.3,1.0,1.0,34.07,0.0,0.0,0.0,0.0,2026-01-01
RM-0091,100,PLN-100-04,BUY-08,60,7.75,9.0,2.0,5.0,34.89,0.0,0.0,0.0,0.0,2026-01-01
RM-0091,200,PLN-200-04,BUY-08,60,7.75,9.0,2.0,5.0,34.89,0.0,0.0,0.0,0.0,2026-01-01
RM-0091,300,PLN-300-04,BUY-08,60,7.75,9.0,2.0,5.0,34.89,0.0,0.0,0.0,0.0,2026-01-01
RM-0091,400,PLN-400-04,BUY-08,60,7.75,9.0,2.0,5.0,34.89,0.0,0.0,0.0,0.0,2026-01-01
RM-0092,100,PLN-100-05,BUY-09,8,19.0,20.5,5.0,10.0,35.71,0.0,0.0,0.0,0.0,2026-01-01
RM-0092,200,PLN-200-05,BUY-09,8,19.0,20.5,5.0,10.0,35.71,0.0,0.0,0.0,0.0,2026-01-01
RM-0092,300,PLN-300-05,BUY-09,8,19.0,20.5,5.0,10.0,35.71,0.0,0.0,0.0,0.0,2026-01-01
RM-0092,400,PLN-400-05,BUY-09,8,19.0,20.5,5.0,10.0,35.71,0.0,0.0,0.0,0.0,2026-01-01
RM-0093,100,PLN-100-06,BUY-10,11,45.0,46.0,10.0,20.0,11.16,0.0,0.0,0.0,0.0,2026-01-01
RM-0093,200,PLN-200-06,BUY-10,11,45.0,46.0,10.0,20.0,11.16,0.0,0.0,0.0,0.0,2026-01-01
RM-0093,300,PLN-300-06,BUY-10,11,45.0,46.0,10.0,20.0,11.16,0.0,0.0,0.0,0.0,2026-01-01
RM-0093,400,PLN-400-06,BUY-10,11,45.0,46.0,10.0,20.0,11.16,0.0,0.0,0.0,0.0,2026-01-01
RM-0094,100,PLN-100-07,BUY-11,14,130.0,127.5,25.0,50.0,11.98,0.0,0.0,0.0,0.0,2026-01-01
RM-0094,200,PLN-200-07,BUY-11,14,130.0,127.5,25.0,50.0,11.98,0.0,0.0,0.0,0.0,2026-01-01
RM-0094,300,PLN-300-07,BUY-11,14,130.0,127.5,25.0,50.0,11.98,0.0,0.0,0.0,0.0,2026-01-01
RM-0094,400,PLN-400-07,BUY-11,14,130.0,127.5,25.0,50.0,11.98,0.0,0.0,0.0,0.0,2026-01-01
RM-0095,100,PLN-100-08,BUY-12,17,120.0,280.0,50.0,100.0,12.8,0.0,0.0,0.0,0.0,2026-01-01
RM-0095,200,PLN-200-08,BUY-12,17,120.0,280.0,50.0,100.0,12.8,0.0,0.0,0.0,0.0,2026-01-01
RM-0095,300,PLN-300-08,BUY-12,17,120.0,280.0,50.0,100.0,12.8,0.0,0.0,0.0,0.0,2026-01-01
RM-0095,400,PLN-400-08,BUY-12,17,120.0,280.0,50.0,100.0,12.8,0.0,0.0,0.0,0.0,2026-01-01
RM-0096,100,PLN-100-01,BUY-01,20,1.55,3.05,1.0,1.0,13.61,0.0,0.0,0.0,0.0,2026-01-01
RM-0096,200,PLN-200-01,BUY-01,20,1.55,3.05,1.0,1.0,13.61,0.0,0.0,0.0,0.0,2026-01-01
RM-0096,300,PLN-300-01,BUY-01,20,1.55,3.05,1.0,1.0,13.61,0.0,0.0,0.0,0.0,2026-01-01
RM-0096,400,PLN-400-01,BUY-01,20,1.55,3.05,1.0,1.0,13.61,0.0,0.0,0.0,0.0,2026-01-01
RM-0097,100,PLN-100-02,BUY-02,23,9.5,16.5,2.0,5.0,14.43,0.0,0.0,0.0,0.0,2026-01-01
RM-0097,200,PLN-200-02,BUY-02,23,9.5,16.5,2.0,5.0,14.43,0.0,0.0,0.0,0.0,2026-01-01
RM-0097,300,PLN-300-02,BUY-02,23,9.5,16.5,2.0,5.0,14.43,0.0,0.0,0.0,0.0,2026-01-01
RM-0097,400,PLN-400-02,BUY-02,23,9.5,16.5,2.0,5.0,14.43,0.0,0.0,0.0,0.0,2026-01-01
RM-0098,100,PLN-100-03,BUY-03,26,22.5,18.0,5.0,10.0,15.25,0.0,0.0,0.0,0.0,2026-01-01
RM-0098,200,PLN-200-03,BUY-03,26,22.5,18.0,5.0,10.0,15.25,0.0,0.0,0.0,0.0,2026-01-01
RM-0098,300,PLN-300-03,BUY-03,26,22.5,18.0,5.0,10.0,15.25,0.0,0.0,0.0,0.0,2026-01-01
RM-0098,400,PLN-400-03,BUY-03,26,22.5,18.0,5.0,10.0,15.25,0.0,0.0,0.0,0.0,2026-01-01
RM-0099,100,PLN-100-04,BUY-04,29,52.0,41.0,10.0,20.0,16.07,0.0,0.0,0.0,0.0,2026-01-01
RM-0099,200,PLN-200-04,BUY-04,29,52.0,41.0,10.0,20.0,16.07,0.0,0.0,0.0,0.0,2026-01-01
RM-0099,300,PLN-300-04,BUY-04,29,52.0,41.0,10.0,20.0,16.07,0.0,0.0,0.0,0.0,2026-01-01
RM-0099,400,PLN-400-04,BUY-04,29,52.0,41.0,10.0,20.0,16.07,0.0,0.0,0.0,0.0,2026-01-01
RM-0100,100,PLN-100-05,BUY-05,32,60.0,115.0,25.0,50.0,16.89,0.0,0.0,0.0,0.0,2026-01-01
RM-0100,200,PLN-200-05,BUY-05,32,60.0,115.0,25.0,50.0,16.89,0.0,0.0,0.0,0.0,2026-01-01
RM-0100,300,PLN-300-05,BUY-05,32,60.0,115.0,25.0,50.0,16.89,0.0,0.0,0.0,0.0,2026-01-01
RM-0100,400,PLN-400-05,BUY-05,32,60.0,115.0,25.0,50.0,16.89,0.0,0.0,0.0,0.0,2026-01-01
RM-0101,100,PLN-100-06,BUY-06,35,155.0,255.0,50.0,100.0,17.71,0.0,0.0,0.0,0.0,2026-01-01
RM-0101,200,PLN-200-06,BUY-06,35,155.0,255.0,50.0,100.0,17.71,0.0,0.0,0.0,0.0,2026-01-01
RM-0101,300,PLN-300-06,BUY-06,35,155.0,255.0,50.0,100.0,17.71,0.0,0.0,0.0,0.0,2026-01-01
RM-0101,400,PLN-400-06,BUY-06,35,155.0,255.0,50.0,100.0,17.71,0.0,0.0,0.0,0.0,2026-01-01
RM-0102,100,PLN-100-07,BUY-07,38,1.9,2.8,1.0,1.0,18.52,0.0,0.0,0.0,0.0,2026-01-01
RM-0102,200,PLN-200-07,BUY-07,38,1.9,2.8,1.0,1.0,18.52,0.0,0.0,0.0,0.0,2026-01-01
RM-0102,300,PLN-300-07,BUY-07,38,1.9,2.8,1.0,1.0,18.52,0.0,0.0,0.0,0.0,2026-01-01
RM-0102,400,PLN-400-07,BUY-07,38,1.9,2.8,1.0,1.0,18.52,0.0,0.0,0.0,0.0,2026-01-01
RM-0103,100,PLN-100-08,BUY-08,41,11.25,15.25,2.0,5.0,19.34,0.0,0.0,0.0,0.0,2026-01-01
RM-0103,200,PLN-200-08,BUY-08,41,11.25,15.25,2.0,5.0,19.34,0.0,0.0,0.0,0.0,2026-01-01
RM-0103,300,PLN-300-08,BUY-08,41,11.25,15.25,2.0,5.0,19.34,0.0,0.0,0.0,0.0,2026-01-01
RM-0103,400,PLN-400-08,BUY-08,41,11.25,15.25,2.0,5.0,19.34,0.0,0.0,0.0,0.0,2026-01-01
RM-0104,100,PLN-100-01,BUY-09,44,26.0,33.0,5.0,10.0,20.16,0.0,0.0,0.0,0.0,2026-01-01
RM-0104,200,PLN-200-01,BUY-09,44,26.0,33.0,5.0,10.0,20.16,0.0,0.0,0.0,0.0,2026-01-01
RM-0104,300,PLN-300-01,BUY-09,44,26.0,33.0,5.0,10.0,20.16,0.0,0.0,0.0,0.0,2026-01-01
RM-0104,400,PLN-400-01,BUY-09,44,26.0,33.0,5.0,10.0,20.16,0.0,0.0,0.0,0.0,2026-01-01
RM-0105,100,PLN-100-02,BUY-10,47,24.0,36.0,10.0,20.0,20.98,0.0,0.0,0.0,0.0,2026-01-01
RM-0105,200,PLN-200-02,BUY-10,47,24.0,36.0,10.0,20.0,20.98,0.0,0.0,0.0,0.0,2026-01-01
RM-0105,300,PLN-300-02,BUY-10,47,24.0,36.0,10.0,20.0,20.98,0.0,0.0,0.0,0.0,2026-01-01
RM-0105,400,PLN-400-02,BUY-10,47,24.0,36.0,10.0,20.0,20.98,0.0,0.0,0.0,0.0,2026-01-01
RM-0106,100,PLN-100-03,BUY-11,50,77.5,102.5,25.0,50.0,21.8,0.0,0.0,0.0,0.0,2026-01-01
RM-0106,200,PLN-200-03,BUY-11,50,77.5,102.5,25.0,50.0,21.8,0.0,0.0,0.0,0.0,2026-01-01
RM-0106,300,PLN-300-03,BUY-11,50,77.5,102.5,25.0,50.0,21.8,0.0,0.0,0.0,0.0,2026-01-01
RM-0106,400,PLN-400-03,BUY-11,50,77.5,102.5,25.0,50.0,21.8,0.0,0.0,0.0,0.0,2026-01-01
RM-0107,100,PLN-100-04,BUY-12,53,190.0,230.0,50.0,100.0,22.61,0.0,0.0,0.0,0.0,2026-01-01
RM-0107,200,PLN-200-04,BUY-12,53,190.0,230.0,50.0,100.0,22.61,0.0,0.0,0.0,0.0,2026-01-01
RM-0107,300,PLN-300-04,BUY-12,53,190.0,230.0,50.0,100.0,22.61,0.0,0.0,0.0,0.0,2026-01-01
RM-0107,400,PLN-400-04,BUY-12,53,190.0,230.0,50.0,100.0,22.61,0.0,0.0,0.0,0.0,2026-01-01
RM-0108,100,PLN-100-05,BUY-01,56,2.25,2.55,1.0,1.0,23.43,0.0,0.0,0.0,0.0,2026-01-01
RM-0108,200,PLN-200-05,BUY-01,56,2.25,2.55,1.0,1.0,23.43,0.0,0.0,0.0,0.0,2026-01-01
RM-0108,300,PLN-300-05,BUY-01,56,2.25,2.55,1.0,1.0,23.43,0.0,0.0,0.0,0.0,2026-01-01
RM-0108,400,PLN-400-05,BUY-01,56,2.25,2.55,1.0,1.0,23.43,0.0,0.0,0.0,0.0,2026-01-01
RM-0109,100,PLN-100-06,BUY-02,59,13.0,14.0,2.0,5.0,24.25,0.0,0.0,0.0,0.0,2026-01-01
RM-0109,200,PLN-200-06,BUY-02,59,13.0,14.0,2.0,5.0,24.25,0.0,0.0,0.0,0.0,2026-01-01
RM-0109,300,PLN-300-06,BUY-02,59,13.0,14.0,2.0,5.0,24.25,0.0,0.0,0.0,0.0,2026-01-01
RM-0109,400,PLN-400-06,BUY-02,59,13.0,14.0,2.0,5.0,24.25,0.0,0.0,0.0,0.0,2026-01-01
RM-0110,100,PLN-100-07,BUY-03,7,12.0,30.5,5.0,10.0,25.07,0.0,0.0,0.0,0.0,2026-01-01
RM-0110,200,PLN-200-07,BUY-03,7,12.0,30.5,5.0,10.0,25.07,0.0,0.0,0.0,0.0,2026-01-01
RM-0110,300,PLN-300-07,BUY-03,7,12.0,30.5,5.0,10.0,25.07,0.0,0.0,0.0,0.0,2026-01-01
RM-0110,400,PLN-400-07,BUY-03,7,12.0,30.5,5.0,10.0,25.07,0.0,0.0,0.0,0.0,2026-01-01
RM-0111,100,PLN-100-08,BUY-04,10,31.0,66.0,10.0,20.0,25.89,0.0,0.0,0.0,0.0,2026-01-01
RM-0111,200,PLN-200-08,BUY-04,10,31.0,66.0,10.0,20.0,25.89,0.0,0.0,0.0,0.0,2026-01-01
RM-0111,300,PLN-300-08,BUY-04,10,31.0,66.0,10.0,20.0,25.89,0.0,0.0,0.0,0.0,2026-01-01
RM-0111,400,PLN-400-08,BUY-04,10,31.0,66.0,10.0,20.0,25.89,0.0,0.0,0.0,0.0,2026-01-01
RM-0112,100,PLN-100-01,BUY-05,13,95.0,90.0,25.0,50.0,26.71,0.0,0.0,0.0,0.0,2026-01-01
RM-0112,200,PLN-200-01,BUY-05,13,95.0,90.0,25.0,50.0,26.71,0.0,0.0,0.0,0.0,2026-01-01
RM-0112,300,PLN-300-01,BUY-05,13,95.0,90.0,25.0,50.0,26.71,0.0,0.0,0.0,0.0,2026-01-01
RM-0112,400,PLN-400-01,BUY-05,13,95.0,90.0,25.0,50.0,26.71,0.0,0.0,0.0,0.0,2026-01-01
RM-0113,100,PLN-100-02,BUY-06,16,225.0,205.0,50.0,100.0,27.52,0.0,0.0,0.0,0.0,2026-01-01
RM-0113,200,PLN-200-02,BUY-06,16,225.0,205.0,50.0,100.0,27.52,0.0,0.0,0.0,0.0,2026-01-01
RM-0113,300,PLN-300-02,BUY-06,16,225.0,205.0,50.0,100.0,27.52,0.0,0.0,0.0,0.0,2026-01-01
RM-0113,400,PLN-400-02,BUY-06,16,225.0,205.0,50.0,100.0,27.52,0.0,0.0,0.0,0.0,2026-01-01
RM-0114,100,PLN-100-03,BUY-07,19,2.6,2.3,1.0,1.0,28.34,0.0,0.0,0.0,0.0,2026-01-01
RM-0114,200,PLN-200-03,BUY-07,19,2.6,2.3,1.0,1.0,28.34,0.0,0.0,0.0,0.0,2026-01-01
RM-0114,300,PLN-300-03,BUY-07,19,2.6,2.3,1.0,1.0,28.34,0.0,0.0,0.0,0.0,2026-01-01
RM-0114,400,PLN-400-03,BUY-07,19,2.6,2.3,1.0,1.0,28.34,0.0,0.0,0.0,0.0,2026-01-01
RM-0115,100,PLN-100-04,BUY-08,22,6.0,12.75,2.0,5.0,29.16,0.0,0.0,0.0,0.0,2026-01-01
RM-0115,200,PLN-200-04,BUY-08,22,6.0,12.75,2.0,5.0,29.16,0.0,0.0,0.0,0.0,2026-01-01
RM-0115,300,PLN-300-04,BUY-08,22,6.0,12.75,2.0,5.0,29.16,0.0,0.0,0.0,0.0,2026-01-01
RM-0115,400,PLN-400-04,BUY-08,22,6.0,12.75,2.0,5.0,29.16,0.0,0.0,0.0,0.0,2026-01-01
RM-0116,100,PLN-100-05,BUY-09,25,15.5,28.0,5.0,10.0,29.98,0.0,0.0,0.0,0.0,2026-01-01
RM-0116,200,PLN-200-05,BUY-09,25,15.5,28.0,5.0,10.0,29.98,0.0,0.0,0.0,0.0,2026-01-01
RM-0116,300,PLN-300-05,BUY-09,25,15.5,28.0,5.0,10.0,29.98,0.0,0.0,0.0,0.0,2026-01-01
RM-0116,400,PLN-400-05,BUY-09,25,15.5,28.0,5.0,10.0,29.98,0.0,0.0,0.0,0.0,2026-01-01
RM-0117,100,PLN-100-06,BUY-10,28,38.0,61.0,10.0,20.0,30.8,0.0,0.0,0.0,0.0,2026-01-01
RM-0117,200,PLN-200-06,BUY-10,28,38.0,61.0,10.0,20.0,30.8,0.0,0.0,0.0,0.0,2026-01-01
RM-0117,300,PLN-300-06,BUY-10,28,38.0,61.0,10.0,20.0,30.8,0.0,0.0,0.0,0.0,2026-01-01
RM-0117,400,PLN-400-06,BUY-10,28,38.0,61.0,10.0,20.0,30.8,0.0,0.0,0.0,0.0,2026-01-01
RM-0118,100,PLN-100-07,BUY-11,31,112.5,165.0,25.0,50.0,31.61,0.0,0.0,0.0,0.0,2026-01-01
RM-0118,200,PLN-200-07,BUY-11,31,112.5,165.0,25.0,50.0,31.61,0.0,0.0,0.0,0.0,2026-01-01
RM-0118,300,PLN-300-07,BUY-11,31,112.5,165.0,25.0,50.0,31.61,0.0,0.0,0.0,0.0,2026-01-01
RM-0118,400,PLN-400-07,BUY-11,31,112.5,165.0,25.0,50.0,31.61,0.0,0.0,0.0,0.0,2026-01-01
RM-0119,100,PLN-100-08,BUY-12,34,260.0,180.0,50.0,100.0,32.43,0.0,0.0,0.0,0.0,2026-01-01
RM-0119,200,PLN-200-08,BUY-12,34,260.0,180.0,50.0,100.0,32.43,0.0,0.0,0.0,0.0,2026-01-01
RM-0119,300,PLN-300-08,BUY-12,34,260.0,180.0,50.0,100.0,32.43,0.0,0.0,0.0,0.0,2026-01-01
RM-0119,400,PLN-400-08,BUY-12,34,260.0,180.0,50.0,100.0,32.43,0.0,0.0,0.0,0.0,2026-01-01
RM-0120,100,PLN-100-01,BUY-01,37,1.2,2.05,1.0,1.0,33.25,0.0,0.0,0.0,0.0,2026-01-01
RM-0120,200,PLN-200-01,BUY-01,37,1.2,2.05,1.0,1.0,33.25,0.0,0.0,0.0,0.0,2026-01-01
RM-0120,300,PLN-300-01,BUY-01,37,1.2,2.05,1.0,1.0,33.25,0.0,0.0,0.0,0.0,2026-01-01
RM-0120,400,PLN-400-01,BUY-01,37,1.2,2.05,1.0,1.0,33.25,0.0,0.0,0.0,0.0,2026-01-01
RM-0121,100,PLN-100-02,BUY-02,40,7.75,11.5,2.0,5.0,34.07,0.0,0.0,0.0,0.0,2026-01-01
RM-0121,200,PLN-200-02,BUY-02,40,7.75,11.5,2.0,5.0,34.07,0.0,0.0,0.0,0.0,2026-01-01
RM-0121,300,PLN-300-02,BUY-02,40,7.75,11.5,2.0,5.0,34.07,0.0,0.0,0.0,0.0,2026-01-01
RM-0121,400,PLN-400-02,BUY-02,40,7.75,11.5,2.0,5.0,34.07,0.0,0.0,0.0,0.0,2026-01-01
RM-0122,100,PLN-100-03,BUY-03,43,19.0,25.5,5.0,10.0,34.89,0.0,0.0,0.0,0.0,2026-01-01
RM-0122,200,PLN-200-03,BUY-03,43,19.0,25.5,5.0,10.0,34.89,0.0,0.0,0.0,0.0,2026-01-01
RM-0122,300,PLN-300-03,BUY-03,43,19.0,25.5,5.0,10.0,34.89,0.0,0.0,0.0,0.0,2026-01-01
RM-0122,400,PLN-400-03,BUY-03,43,19.0,25.5,5.0,10.0,34.89,0.0,0.0,0.0,0.0,2026-01-01
RM-0123,100,PLN-100-04,BUY-04,46,45.0,56.0,10.0,20.0,35.71,0.0,0.0,0.0,0.0,2026-01-01
RM-0123,200,PLN-200-04,BUY-04,46,45.0,56.0,10.0,20.0,35.71,0.0,0.0,0.0,0.0,2026-01-01
RM-0123,300,PLN-300-04,BUY-04,46,45.0,56.0,10.0,20.0,35.71,0.0,0.0,0.0,0.0,2026-01-01
RM-0123,400,PLN-400-04,BUY-04,46,45.0,56.0,10.0,20.0,35.71,0.0,0.0,0.0,0.0,2026-01-01
RM-0124,100,PLN-100-05,BUY-05,49,130.0,152.5,25.0,50.0,11.16,0.0,0.0,0.0,0.0,2026-01-01
RM-0124,200,PLN-200-05,BUY-05,49,130.0,152.5,25.0,50.0,11.16,0.0,0.0,0.0,0.0,2026-01-01
RM-0124,300,PLN-300-05,BUY-05,49,130.0,152.5,25.0,50.0,11.16,0.0,0.0,0.0,0.0,2026-01-01
RM-0124,400,PLN-400-05,BUY-05,49,130.0,152.5,25.0,50.0,11.16,0.0,0.0,0.0,0.0,2026-01-01
RM-0125,100,PLN-100-06,BUY-06,52,120.0,330.0,50.0,100.0,11.98,0.0,0.0,0.0,0.0,2026-01-01
RM-0125,200,PLN-200-06,BUY-06,52,120.0,330.0,50.0,100.0,11.98,0.0,0.0,0.0,0.0,2026-01-01
RM-0125,300,PLN-300-06,BUY-06,52,120.0,330.0,50.0,100.0,11.98,0.0,0.0,0.0,0.0,2026-01-01
RM-0125,400,PLN-400-06,BUY-06,52,120.0,330.0,50.0,100.0,11.98,0.0,0.0,0.0,0.0,2026-01-01
RM-0126,100,PLN-100-07,BUY-07,55,1.55,1.8,1.0,1.0,12.8,0.0,0.0,0.0,0.0,2026-01-01
RM-0126,200,PLN-200-07,BUY-07,55,1.55,1.8,1.0,1.0,12.8,0.0,0.0,0.0,0.0,2026-01-01
RM-0126,300,PLN-300-07,BUY-07,55,1.55,1.8,1.0,1.0,12.8,0.0,0.0,0.0,0.0,2026-01-01
RM-0126,400,PLN-400-07,BUY-07,55,1.55,1.8,1.0,1.0,12.8,0.0,0.0,0.0,0.0,2026-01-01
RM-0127,100,PLN-100-08,BUY-08,58,9.5,10.25,2.0,5.0,13.61,0.0,0.0,0.0,0.0,2026-01-01
RM-0127,200,PLN-200-08,BUY-08,58,9.5,10.25,2.0,5.0,13.61,0.0,0.0,0.0,0.0,2026-01-01
RM-0127,300,PLN-300-08,BUY-08,58,9.5,10.25,2.0,5.0,13.61,0.0,0.0,0.0,0.0,2026-01-01
RM-0127,400,PLN-400-08,BUY-08,58,9.5,10.25,2.0,5.0,13.61,0.0,0.0,0.0,0.0,2026-01-01
RM-0128,100,PLN-100-01,BUY-09,61,22.5,23.0,5.0,10.0,14.43,0.0,0.0,0.0,0.0,2026-01-01
RM-0128,200,PLN-200-01,BUY-09,61,22.5,23.0,5.0,10.0,14.43,0.0,0.0,0.0,0.0,2026-01-01
RM-0128,300,PLN-300-01,BUY-09,61,22.5,23.0,5.0,10.0,14.43,0.0,0.0,0.0,0.0,2026-01-01
RM-0128,400,PLN-400-01,BUY-09,61,22.5,23.0,5.0,10.0,14.43,0.0,0.0,0.0,0.0,2026-01-01
RM-0129,100,PLN-100-02,BUY-10,9,52.0,51.0,10.0,20.0,15.25,0.0,0.0,0.0,0.0,2026-01-01
RM-0129,200,PLN-200-02,BUY-10,9,52.0,51.0,10.0,20.0,15.25,0.0,0.0,0.0,0.0,2026-01-01
RM-0129,300,PLN-300-02,BUY-10,9,52.0,51.0,10.0,20.0,15.25,0.0,0.0,0.0,0.0,2026-01-01
RM-0129,400,PLN-400-02,BUY-10,9,52.0,51.0,10.0,20.0,15.25,0.0,0.0,0.0,0.0,2026-01-01
RM-0130,100,PLN-100-03,BUY-11,12,60.0,140.0,25.0,50.0,16.07,0.0,0.0,0.0,0.0,2026-01-01
RM-0130,200,PLN-200-03,BUY-11,12,60.0,140.0,25.0,50.0,16.07,0.0,0.0,0.0,0.0,2026-01-01
RM-0130,300,PLN-300-03,BUY-11,12,60.0,140.0,25.0,50.0,16.07,0.0,0.0,0.0,0.0,2026-01-01
RM-0130,400,PLN-400-03,BUY-11,12,60.0,140.0,25.0,50.0,16.07,0.0,0.0,0.0,0.0,2026-01-01
RM-0131,100,PLN-100-04,BUY-12,15,155.0,305.0,50.0,100.0,16.89,0.0,0.0,0.0,0.0,2026-01-01
RM-0131,200,PLN-200-04,BUY-12,15,155.0,305.0,50.0,100.0,16.89,0.0,0.0,0.0,0.0,2026-01-01
RM-0131,300,PLN-300-04,BUY-12,15,155.0,305.0,50.0,100.0,16.89,0.0,0.0,0.0,0.0,2026-01-01
RM-0131,400,PLN-400-04,BUY-12,15,155.0,305.0,50.0,100.0,16.89,0.0,0.0,0.0,0.0,2026-01-01
RM-0132,100,PLN-100-05,BUY-01,18,1.9,3.3,1.0,1.0,17.71,0.0,0.0,0.0,0.0,2026-01-01
RM-0132,200,PLN-200-05,BUY-01,18,1.9,3.3,1.0,1.0,17.71,0.0,0.0,0.0,0.0,2026-01-01
RM-0132,300,PLN-300-05,BUY-01,18,1.9,3.3,1.0,1.0,17.71,0.0,0.0,0.0,0.0,2026-01-01
RM-0132,400,PLN-400-05,BUY-01,18,1.9,3.3,1.0,1.0,17.71,0.0,0.0,0.0,0.0,2026-01-01
RM-0133,100,PLN-100-06,BUY-02,21,11.25,9.0,2.0,5.0,18.52,0.0,0.0,0.0,0.0,2026-01-01
RM-0133,200,PLN-200-06,BUY-02,21,11.25,9.0,2.0,5.0,18.52,0.0,0.0,0.0,0.0,2026-01-01
RM-0133,300,PLN-300-06,BUY-02,21,11.25,9.0,2.0,5.0,18.52,0.0,0.0,0.0,0.0,2026-01-01
RM-0133,400,PLN-400-06,BUY-02,21,11.25,9.0,2.0,5.0,18.52,0.0,0.0,0.0,0.0,2026-01-01
RM-0134,100,PLN-100-07,BUY-03,24,26.0,20.5,5.0,10.0,19.34,0.0,0.0,0.0,0.0,2026-01-01
RM-0134,200,PLN-200-07,BUY-03,24,26.0,20.5,5.0,10.0,19.34,0.0,0.0,0.0,0.0,2026-01-01
RM-0134,300,PLN-300-07,BUY-03,24,26.0,20.5,5.0,10.0,19.34,0.0,0.0,0.0,0.0,2026-01-01
RM-0134,400,PLN-400-07,BUY-03,24,26.0,20.5,5.0,10.0,19.34,0.0,0.0,0.0,0.0,2026-01-01
RM-0135,100,PLN-100-08,BUY-04,27,24.0,46.0,10.0,20.0,20.16,0.0,0.0,0.0,0.0,2026-01-01
RM-0135,200,PLN-200-08,BUY-04,27,24.0,46.0,10.0,20.0,20.16,0.0,0.0,0.0,0.0,2026-01-01
RM-0135,300,PLN-300-08,BUY-04,27,24.0,46.0,10.0,20.0,20.16,0.0,0.0,0.0,0.0,2026-01-01
RM-0135,400,PLN-400-08,BUY-04,27,24.0,46.0,10.0,20.0,20.16,0.0,0.0,0.0,0.0,2026-01-01
RM-0136,100,PLN-100-01,BUY-05,30,77.5,127.5,25.0,50.0,20.98,0.0,0.0,0.0,0.0,2026-01-01
RM-0136,200,PLN-200-01,BUY-05,30,77.5,127.5,25.0,50.0,20.98,0.0,0.0,0.0,0.0,2026-01-01
RM-0136,300,PLN-300-01,BUY-05,30,77.5,127.5,25.0,50.0,20.98,0.0,0.0,0.0,0.0,2026-01-01
RM-0136,400,PLN-400-01,BUY-05,30,77.5,127.5,25.0,50.0,20.98,0.0,0.0,0.0,0.0,2026-01-01
RM-0137,100,PLN-100-02,BUY-06,33,190.0,280.0,50.0,100.0,21.8,0.0,0.0,0.0,0.0,2026-01-01
RM-0137,200,PLN-200-02,BUY-06,33,190.0,280.0,50.0,100.0,21.8,0.0,0.0,0.0,0.0,2026-01-01
RM-0137,300,PLN-300-02,BUY-06,33,190.0,280.0,50.0,100.0,21.8,0.0,0.0,0.0,0.0,2026-01-01
RM-0137,400,PLN-400-02,BUY-06,33,190.0,280.0,50.0,100.0,21.8,0.0,0.0,0.0,0.0,2026-01-01
RM-0138,100,PLN-100-03,BUY-07,36,2.25,3.05,1.0,1.0,22.61,0.0,0.0,0.0,0.0,2026-01-01
RM-0138,200,PLN-200-03,BUY-07,36,2.25,3.05,1.0,1.0,22.61,0.0,0.0,0.0,0.0,2026-01-01
RM-0138,300,PLN-300-03,BUY-07,36,2.25,3.05,1.0,1.0,22.61,0.0,0.0,0.0,0.0,2026-01-01
RM-0138,400,PLN-400-03,BUY-07,36,2.25,3.05,1.0,1.0,22.61,0.0,0.0,0.0,0.0,2026-01-01
RM-0139,100,PLN-100-04,BUY-08,39,13.0,16.5,2.0,5.0,23.43,0.0,0.0,0.0,0.0,2026-01-01
RM-0139,200,PLN-200-04,BUY-08,39,13.0,16.5,2.0,5.0,23.43,0.0,0.0,0.0,0.0,2026-01-01
RM-0139,300,PLN-300-04,BUY-08,39,13.0,16.5,2.0,5.0,23.43,0.0,0.0,0.0,0.0,2026-01-01
RM-0139,400,PLN-400-04,BUY-08,39,13.0,16.5,2.0,5.0,23.43,0.0,0.0,0.0,0.0,2026-01-01
RM-0140,100,PLN-100-05,BUY-09,42,12.0,18.0,5.0,10.0,24.25,0.0,0.0,0.0,0.0,2026-01-01
RM-0140,200,PLN-200-05,BUY-09,42,12.0,18.0,5.0,10.0,24.25,0.0,0.0,0.0,0.0,2026-01-01
RM-0140,300,PLN-300-05,BUY-09,42,12.0,18.0,5.0,10.0,24.25,0.0,0.0,0.0,0.0,2026-01-01
RM-0140,400,PLN-400-05,BUY-09,42,12.0,18.0,5.0,10.0,24.25,0.0,0.0,0.0,0.0,2026-01-01
RM-0141,100,PLN-100-06,BUY-10,45,31.0,41.0,10.0,20.0,25.07,0.0,0.0,0.0,0.0,2026-01-01
RM-0141,200,PLN-200-06,BUY-10,45,31.0,41.0,10.0,20.0,25.07,0.0,0.0,0.0,0.0,2026-01-01
RM-0141,300,PLN-300-06,BUY-10,45,31.0,41.0,10.0,20.0,25.07,0.0,0.0,0.0,0.0,2026-01-01
RM-0141,400,PLN-400-06,BUY-10,45,31.0,41.0,10.0,20.0,25.07,0.0,0.0,0.0,0.0,2026-01-01
RM-0142,100,PLN-100-07,BUY-11,48,95.0,115.0,25.0,50.0,25.89,0.0,0.0,0.0,0.0,2026-01-01
RM-0142,200,PLN-200-07,BUY-11,48,95.0,115.0,25.0,50.0,25.89,0.0,0.0,0.0,0.0,2026-01-01
RM-0142,300,PLN-300-07,BUY-11,48,95.0,115.0,25.0,50.0,25.89,0.0,0.0,0.0,0.0,2026-01-01
RM-0142,400,PLN-400-07,BUY-11,48,95.0,115.0,25.0,50.0,25.89,0.0,0.0,0.0,0.0,2026-01-01
RM-0143,100,PLN-100-08,BUY-12,51,225.0,255.0,50.0,100.0,26.71,0.0,0.0,0.0,0.0,2026-01-01
RM-0143,200,PLN-200-08,BUY-12,51,225.0,255.0,50.0,100.0,26.71,0.0,0.0,0.0,0.0,2026-01-01
RM-0143,300,PLN-300-08,BUY-12,51,225.0,255.0,50.0,100.0,26.71,0.0,0.0,0.0,0.0,2026-01-01
RM-0143,400,PLN-400-08,BUY-12,51,225.0,255.0,50.0,100.0,26.71,0.0,0.0,0.0,0.0,2026-01-01
RM-0144,100,PLN-100-01,BUY-01,54,2.6,2.8,1.0,1.0,27.52,0.0,0.0,0.0,0.0,2026-01-01
RM-0144,200,PLN-200-01,BUY-01,54,2.6,2.8,1.0,1.0,27.52,0.0,0.0,0.0,0.0,2026-01-01
RM-0144,300,PLN-300-01,BUY-01,54,2.6,2.8,1.0,1.0,27.52,0.0,0.0,0.0,0.0,2026-01-01
RM-0144,400,PLN-400-01,BUY-01,54,2.6,2.8,1.0,1.0,27.52,0.0,0.0,0.0,0.0,2026-01-01
RM-0145,100,PLN-100-02,BUY-02,57,6.0,15.25,2.0,5.0,28.34,0.0,0.0,0.0,0.0,2026-01-01
RM-0145,200,PLN-200-02,BUY-02,57,6.0,15.25,2.0,5.0,28.34,0.0,0.0,0.0,0.0,2026-01-01
RM-0145,300,PLN-300-02,BUY-02,57,6.0,15.25,2.0,5.0,28.34,0.0,0.0,0.0,0.0,2026-01-01
RM-0145,400,PLN-400-02,BUY-02,57,6.0,15.25,2.0,5.0,28.34,0.0,0.0,0.0,0.0,2026-01-01
RM-0146,100,PLN-100-03,BUY-03,60,15.5,33.0,5.0,10.0,29.16,0.0,0.0,0.0,0.0,2026-01-01
RM-0146,200,PLN-200-03,BUY-03,60,15.5,33.0,5.0,10.0,29.16,0.0,0.0,0.0,0.0,2026-01-01
RM-0146,300,PLN-300-03,BUY-03,60,15.5,33.0,5.0,10.0,29.16,0.0,0.0,0.0,0.0,2026-01-01
RM-0146,400,PLN-400-03,BUY-03,60,15.5,33.0,5.0,10.0,29.16,0.0,0.0,0.0,0.0,2026-01-01
RM-0147,100,PLN-100-04,BUY-04,8,38.0,36.0,10.0,20.0,29.98,0.0,0.0,0.0,0.0,2026-01-01
RM-0147,200,PLN-200-04,BUY-04,8,38.0,36.0,10.0,20.0,29.98,0.0,0.0,0.0,0.0,2026-01-01
RM-0147,300,PLN-300-04,BUY-04,8,38.0,36.0,10.0,20.0,29.98,0.0,0.0,0.0,0.0,2026-01-01
RM-0147,400,PLN-400-04,BUY-04,8,38.0,36.0,10.0,20.0,29.98,0.0,0.0,0.0,0.0,2026-01-01
RM-0148,100,PLN-100-05,BUY-05,11,112.5,102.5,25.0,50.0,30.8,0.0,0.0,0.0,0.0,2026-01-01
RM-0148,200,PLN-200-05,BUY-05,11,112.5,102.5,25.0,50.0,30.8,0.0,0.0,0.0,0.0,2026-01-01
RM-0148,300,PLN-300-05,BUY-05,11,112.5,102.5,25.0,50.0,30.8,0.0,0.0,0.0,0.0,2026-01-01
RM-0148,400,PLN-400-05,BUY-05,11,112.5,102.5,25.0,50.0,30.8,0.0,0.0,0.0,0.0,2026-01-01
RM-0149,100,PLN-100-06,BUY-06,14,260.0,230.0,50.0,100.0,31.61,0.0,0.0,0.0,0.0,2026-01-01
RM-0149,200,PLN-200-06,BUY-06,14,260.0,230.0,50.0,100.0,31.61,0.0,0.0,0.0,0.0,2026-01-01
RM-0149,300,PLN-300-06,BUY-06,14,260.0,230.0,50.0,100.0,31.61,0.0,0.0,0.0,0.0,2026-01-01
RM-0149,400,PLN-400-06,BUY-06,14,260.0,230.0,50.0,100.0,31.61,0.0,0.0,0.0,0.0,2026-01-01
RM-0150,100,PLN-100-07,BUY-07,17,1.2,2.55,1.0,1.0,32.43,0.0,0.0,0.0,0.0,2026-01-01
RM-0150,200,PLN-200-07,BUY-07,17,1.2,2.55,1.0,1.0,32.43,0.0,0.0,0.0,0.0,2026-01-01
RM-0150,300,PLN-300-07,BUY-07,17,1.2,2.55,1.0,1.0,32.43,0.0,0.0,0.0,0.0,2026-01-01
RM-0150,400,PLN-400-07,BUY-07,17,1.2,2.55,1.0,1.0,32.43,0.0,0.0,0.0,0.0,2026-01-01
SA-0001,200,PLN-200-02,,10,7.75,10.25,2.0,5.0,224.41,24.91,9.31,14.14,15.02,2026-01-01
SA-0002,300,PLN-300-03,,13,19.0,23.0,5.0,10.0,344.47,34.04,12.26,18.59,0.0,2026-01-01
SA-0003,100,PLN-100-04,,16,45.0,51.0,10.0,20.0,709.15,49.3,19.04,28.94,32.74,2026-01-01
SA-0004,200,PLN-200-05,,19,130.0,140.0,25.0,50.0,244.39,20.28,7.09,10.74,0.0,2026-01-01
SA-0005,300,PLN-300-06,,22,120.0,305.0,50.0,100.0,543.07,33.48,12.53,19.02,15.92,2026-01-01
SA-0006,100,PLN-100-07,,25,1.55,3.3,1.0,1.0,724.18,151.22,52.65,79.74,0.0,2026-01-01
SA-0007,200,PLN-200-08,,28,9.5,9.0,2.0,5.0,958.79,58.82,21.52,32.65,18.17,2026-01-01
SA-0008,300,PLN-300-01,,31,22.5,20.5,5.0,10.0,692.5,33.94,12.79,19.42,0.0,2026-01-01
SA-0009,100,PLN-100-02,,34,52.0,46.0,10.0,20.0,647.86,38.99,15.15,23.04,18.62,2026-01-01
SA-0010,200,PLN-200-03,,37,60.0,127.5,25.0,50.0,699.85,32.51,12.4,18.83,0.0,2026-01-01
SA-0011,300,PLN-300-04,,40,155.0,280.0,50.0,100.0,738.87,30.48,11.85,18.01,28.24,2026-01-01
SA-0012,100,PLN-100-05,,43,1.9,3.05,1.0,1.0,298.14,62.84,22.09,33.47,0.0,2026-01-01
SA-0013,200,PLN-200-06,,46,11.25,16.5,2.0,5.0,265.36,32.83,12.28,18.65,13.67,2026-01-01
SA-0014,300,PLN-300-07,,49,26.0,18.0,5.0,10.0,320.89,26.3,9.21,13.95,0.0,2026-01-01
SA-0015,100,PLN-100-08,,52,24.0,41.0,10.0,20.0,421.29,39.87,14.56,22.09,15.92,2026-01-01
SA-0016,200,PLN-200-01,,55,77.5,115.0,25.0,50.0,169.34,18.63,7.04,10.7,0.0,2026-01-01
SA-0017,300,PLN-300-02,,58,190.0,255.0,50.0,100.0,246.28,29.65,11.09,16.84,16.37,2026-01-01
SA-0018,100,PLN-100-03,,61,2.25,2.8,1.0,1.0,643.81,123.68,44.69,67.78,0.0,2026-01-01
SA-0019,200,PLN-200-04,,9,13.0,15.25,2.0,5.0,752.96,85.98,33.18,50.43,35.44,2026-01-01
SA-0020,300,PLN-300-05,,12,12.0,33.0,5.0,10.0,328.63,33.45,11.73,17.77,0.0,2026-01-01
SA-0021,100,PLN-100-06,,15,31.0,36.0,10.0,20.0,841.16,44.57,16.69,25.34,17.27,2026-01-01
SA-0022,200,PLN-200-07,,18,95.0,102.5,25.0,50.0,868.78,35.82,12.28,18.58,0.0,2026-01-01
SA-0023,300,PLN-300-08,,21,225.0,230.0,50.0,100.0,1363.97,33.38,11.69,17.7,13.67,2026-01-01
SA-0024,100,PLN-100-01,,24,2.6,2.55,1.0,1.0,761.23,57.37,21.2,32.17,0.0,2026-01-01
SA-0025,200,PLN-200-02,,27,6.0,14.0,2.0,5.0,660.51,24.63,9.21,13.98,14.12,2026-01-01
SA-0026,300,PLN-300-03,,30,15.5,30.5,5.0,10.0,759.64,29.51,10.62,16.1,0.0,2026-01-01
SA-0027,100,PLN-100-04,,33,38.0,66.0,10.0,20.0,531.17,40.88,15.8,24.01,30.94,2026-01-01
SA-0028,200,PLN-200-05,,36,112.5,90.0,25.0,50.0,343.3,14.5,5.05,7.65,0.0,2026-01-01
SA-0029,300,PLN-300-06,,39,260.0,205.0,50.0,100.0,250.59,25.82,9.65,14.66,15.02,2026-01-01
SA-0030,100,PLN-100-07,,42,1.2,2.3,1.0,1.0,206.19,88.76,30.93,46.84,0.0,2026-01-01
SA-0031,200,PLN-200-08,,45,7.75,12.75,2.0,5.0,447.17,69.64,25.4,38.53,17.27,2026-01-01
SA-0032,300,PLN-300-01,,48,19.0,28.0,5.0,10.0,178.14,31.14,11.73,17.82,0.0,2026-01-01
SA-0033,100,PLN-100-02,,51,45.0,61.0,10.0,20.0,309.21,43.85,16.42,24.93,17.72,2026-01-01
SA-0034,200,PLN-200-03,,54,130.0,165.0,25.0,50.0,666.58,45.29,16.17,24.52,0.0,2026-01-01
SA-0035,300,PLN-300-04,,57,120.0,180.0,50.0,100.0,1148.92,42.09,16.08,24.43,32.29,2026-01-01
SA-0036,100,PLN-100-05,,60,1.55,2.05,1.0,1.0,406.74,47.44,16.79,25.45,0.0,2026-01-01
SA-0037,200,PLN-200-06,,8,9.5,11.5,2.0,5.0,978.08,29.48,11.59,17.62,18.62,2026-01-01
SA-0038,300,PLN-300-07,,11,22.5,25.5,5.0,10.0,994.72,21.92,7.68,11.64,0.0,2026-01-01
SA-0039,100,PLN-100-08,,14,52.0,56.0,10.0,20.0,961.0,31.88,11.65,17.67,15.02,2026-01-01
SA-0040,200,PLN-200-01,,17,60.0,152.5,25.0,50.0,796.38,13.75,5.21,7.92,0.0,2026-01-01
SA-0041,300,PLN-300-02,,20,155.0,330.0,50.0,100.0,533.06,22.8,8.52,12.94,15.47,2026-01-01
SA-0042,100,PLN-100-03,,23,1.9,1.8,1.0,1.0,696.39,59.16,21.34,32.37,0.0,2026-01-01
SA-0043,200,PLN-200-04,,26,11.25,10.25,2.0,5.0,293.31,60.71,23.44,35.63,33.64,2026-01-01
SA-0044,300,PLN-300-05,,29,26.0,23.0,5.0,10.0,192.53,25.05,8.77,13.29,0.0,2026-01-01
SA-0045,100,PLN-100-06,,32,24.0,51.0,10.0,20.0,191.34,39.1,14.63,22.22,16.37,2026-01-01
SA-0046,200,PLN-200-07,,35,77.5,140.0,25.0,50.0,205.8,50.68,17.68,26.79,0.0,2026-01-01
SA-0047,300,PLN-300-08,,38,190.0,305.0,50.0,100.0,545.29,48.59,18.25,27.71,18.62,2026-01-01
SA-0048,100,PLN-100-01,,41,2.25,3.3,1.0,1.0,204.07,102.2,38.38,58.29,0.0,2026-01-01
SA-0049,200,PLN-200-02,,44,13.0,9.0,2.0,5.0,422.26,31.61,11.83,17.96,13.22,2026-01-01
SA-0050,300,PLN-300-03,,47,12.0,20.5,5.0,10.0,843.41,26.91,9.83,14.91,0.0,2026-01-01
SA-0051,100,PLN-100-04,,50,31.0,46.0,10.0,20.0,1007.72,26.25,10.16,15.44,29.14,2026-01-01
SA-0052,200,PLN-200-05,,53,95.0,127.5,25.0,50.0,496.21,9.87,3.42,5.18,0.0,2026-01-01
SA-0053,300,PLN-300-06,,56,225.0,280.0,50.0,100.0,1066.75,18.97,7.08,10.76,14.12,2026-01-01
SA-0054,100,PLN-100-07,,59,2.6,3.05,1.0,1.0,634.55,120.83,42.08,63.73,0.0,2026-01-01
SA-0055,200,PLN-200-08,,7,6.0,16.5,2.0,5.0,902.93,69.22,25.25,38.3,16.37,2026-01-01
SA-0056,300,PLN-300-01,,10,15.5,18.0,5.0,10.0,542.65,22.28,8.41,12.78,0.0,2026-01-01
SA-0057,100,PLN-100-02,,13,38.0,41.0,10.0,20.0,148.41,34.35,12.85,19.51,16.82,2026-01-01
SA-0058,200,PLN-200-03,,16,112.5,115.0,25.0,50.0,253.23,47.16,17.0,25.78,0.0,2026-01-01
SA-0059,300,PLN-300-04,,19,260.0,255.0,50.0,100.0,326.66,54.94,20.79,31.58,30.49,2026-01-01
SA-0060,100,PLN-100-05,,22,1.2,2.8,1.0,1.0,201.22,77.68,27.33,41.4,0.0,2026-01-01
SA-0061,200,PLN-200-06,,25,7.75,15.25,2.0,5.0,261.3,50.78,18.83,28.58,17.72,2026-01-01
SA-0062,300,PLN-300-07,,28,19.0,33.0,5.0,10.0,452.59,38.2,12.79,19.34,0.0,2026-01-01
SA-0063,100,PLN-100-08,,31,45.0,36.0,10.0,20.0,988.13,28.32,9.91,15.01,14.12,2026-01-01
SA-0064,200,PLN-200-01,,34,130.0,102.5,25.0,50.0,222.83,7.66,2.93,4.45,0.0,2026-01-01
SA-0065,300,PLN-300-02,,37,120.0,230.0,50.0,100.0,658.61,15.14,5.65,8.57,14.57,2026-01-01
SA-0066,100,PLN-100-03,,40,1.55,2.55,1.0,1.0,915.19,92.29,33.33,50.55,0.0,2026-01-01
SA-0067,200,PLN-200-04,,43,9.5,14.0,2.0,5.0,1087.5,60.27,23.27,35.37,31.84,2026-01-01
SA-0068,300,PLN-300-05,,46,22.5,30.5,5.0,10.0,977.15,22.39,7.83,11.86,0.0,2026-01-01
SA-0069,100,PLN-100-06,,49,52.0,66.0,10.0,20.0,367.24,33.63,12.58,19.1,15.47,2026-01-01
SA-0070,200,PLN-200-07,,52,60.0,90.0,25.0,50.0,422.85,41.16,14.37,21.77,0.0,2026-01-01
SA-0071,300,PLN-300-08,,55,155.0,205.0,50.0,100.0,446.74,58.97,21.52,32.64,17.72,2026-01-01
SA-0072,100,PLN-100-01,,58,1.9,2.3,1.0,1.0,251.45,62.24,23.4,35.53,0.0,2026-01-01
SA-0073,200,PLN-200-02,,61,11.25,12.75,2.0,5.0,264.59,54.72,20.49,31.12,18.17,2026-01-01
SA-0074,300,PLN-300-03,,9,26.0,28.0,5.0,10.0,283.37,44.86,16.25,24.65,0.0,2026-01-01
SA-0075,100,PLN-100-04,,12,24.0,61.0,10.0,20.0,594.41,43.05,17.12,26.05,33.19,2026-01-01
SA-0076,200,PLN-200-05,,15,77.5,165.0,25.0,50.0,201.15,17.86,6.89,10.47,0.0,2026-01-01
SA-0077,300,PLN-300-06,,18,190.0,180.0,50.0,100.0,326.37,11.31,4.21,6.39,13.22,2026-01-01
SA-0078,100,PLN-100-07,,21,2.25,2.05,1.0,1.0,708.6,58.38,20.36,30.84,0.0,2026-01-01
SA-0079,200,PLN-200-08,,24,13.0,11.5,2.0,5.0,1138.69,45.24,16.51,25.05,15.47,2026-01-01
SA-0080,300,PLN-300-01,,27,12.0,25.5,5.0,10.0,495.02,19.47,7.36,11.18,0.0,2026-01-01
SA-0081,100,PLN-100-02,,30,31.0,56.0,10.0,20.0,733.62,28.87,10.8,16.4,15.92,2026-01-01
SA-0082,200,PLN-200-03,,33,95.0,152.5,25.0,50.0,920.23,39.27,14.15,21.46,0.0,2026-01-01
SA-0083,300,PLN-300-04,,36,225.0,330.0,50.0,100.0,894.48,57.46,22.18,33.72,34.54,2026-01-01
SA-0084,100,PLN-100-05,,39,2.6,1.8,1.0,1.0,634.68,39.8,13.97,21.16,0.0,2026-01-01
SA-0085,200,PLN-200-06,,42,6.0,10.25,2.0,5.0,668.7,46.51,17.41,26.44,16.82,2026-01-01
SA-0086,300,PLN-300-07,,45,15.5,23.0,5.0,10.0,489.94,48.66,17.46,26.48,0.0,2026-01-01
SA-0087,100,PLN-100-08,,48,38.0,51.0,10.0,20.0,348.81,43.73,15.77,23.92,13.22,2026-01-01
SA-0088,200,PLN-200-01,,51,112.5,140.0,25.0,50.0,179.69,25.27,9.16,13.89,0.0,2026-01-01
SA-0089,300,PLN-300-02,,54,260.0,305.0,50.0,100.0,292.35,19.53,7.11,10.78,13.67,2026-01-01
SA-0090,100,PLN-100-03,,57,1.2,3.3,1.0,1.0,352.63,125.43,45.32,68.73,0.0,2026-01-01
SA-0091,200,PLN-200-04,,60,7.75,9.0,2.0,5.0,619.97,35.01,13.53,20.57,30.04,2026-01-01
SA-0092,300,PLN-300-05,,8,19.0,20.5,5.0,10.0,218.4,13.99,4.87,7.38,0.0,2026-01-01
SA-0093,100,PLN-100-06,,11,45.0,46.0,10.0,20.0,612.79,24.12,9.02,13.69,14.57,2026-01-01
SA-0094,200,PLN-200-07,,14,130.0,127.5,25.0,50.0,751.4,33.53,11.72,17.75,0.0,2026-01-01
SA-0095,300,PLN-300-08,,17,120.0,280.0,50.0,100.0,1164.05,48.96,17.87,27.11,16.82,2026-01-01
SA-0096,100,PLN-100-01,,20,1.55,3.05,1.0,1.0,890.98,82.76,31.09,47.22,0.0,2026-01-01
SA-0097,200,PLN-200-02,,23,9.5,16.5,2.0,5.0,907.44,54.43,20.38,30.95,17.27,2026-01-01
SA-0098,300,PLN-300-03,,26,22.5,18.0,5.0,10.0,920.22,53.05,19.14,29.02,0.0,2026-01-01
SA-0099,100,PLN-100-04,,29,52.0,41.0,10.0,20.0,917.85,50.01,18.83,28.59,31.39,2026-01-01
SA-0100,200,PLN-200-05,,32,60.0,115.0,25.0,50.0,508.25,32.75,11.49,17.4,0.0,2026-01-01
SYS-0001,100,PLN-100-02,,10,7.75,10.25,2.0,5.0,417.31,27.22,10.18,15.45,14.12,2026-01-01
SYS-0002,300,PLN-300-03,,13,19.0,23.0,5.0,10.0,1158.73,34.58,12.08,18.31,0.0,2026-01-01
SYS-0003,100,PLN-100-04,,16,45.0,51.0,10.0,20.0,682.17,47.66,17.39,26.39,16.37,2026-01-01
SYS-0004,300,PLN-300-05,,19,130.0,140.0,25.0,50.0,229.24,21.85,8.25,12.53,0.0,2026-01-01
SYS-0005,100,PLN-100-06,,22,120.0,305.0,50.0,100.0,213.14,33.6,12.57,19.09,16.82,2026-01-01
SYS-0006,300,PLN-300-07,,25,1.55,3.3,1.0,1.0,298.75,72.24,26.08,39.55,0.0,2026-01-01
SYS-0007,100,PLN-100-08,,28,9.5,9.0,2.0,5.0,743.89,64.27,24.38,37.04,30.49,2026-01-01
SYS-0008,300,PLN-300-01,,31,22.5,20.5,5.0,10.0,156.41,32.73,11.48,17.39,0.0,2026-01-01
SYS-0009,100,PLN-100-02,,34,52.0,46.0,10.0,20.0,459.52,37.74,13.94,21.15,17.72,2026-01-01
SYS-0010,300,PLN-300-03,,37,60.0,127.5,25.0,50.0,964.19,29.15,9.64,14.57,0.0,2026-01-01
SYS-0011,100,PLN-100-04,,40,155.0,280.0,50.0,100.0,953.94,27.9,9.76,14.78,14.12,2026-01-01
SYS-0012,300,PLN-300-05,,43,1.9,3.05,1.0,1.0,398.03,75.2,28.26,42.91,0.0,2026-01-01
SYS-0013,100,PLN-100-06,,46,11.25,16.5,2.0,5.0,820.32,19.01,7.1,10.78,14.57,2026-01-01
SYS-0014,300,PLN-300-07,,49,26.0,18.0,5.0,10.0,793.17,28.29,10.18,15.43,0.0,2026-01-01
SYS-0015,100,PLN-100-08,,52,24.0,41.0,10.0,20.0,5386.11,42.87,16.56,25.18,31.84,2026-01-01
SYS-0016,300,PLN-300-01,,55,77.5,115.0,25.0,50.0,1989.25,17.55,6.13,9.28,0.0,2026-01-01
SYS-0017,100,PLN-100-02,,58,190.0,255.0,50.0,100.0,2796.86,29.77,11.13,16.91,15.47,2026-01-01
SYS-0018,300,PLN-300-03,,61,2.25,2.8,1.0,1.0,381.02,133.49,46.48,70.4,0.0,2026-01-01
SYS-0019,100,PLN-100-04,,9,13.0,15.25,2.0,5.0,1617.41,85.0,30.99,47.01,17.72,2026-01-01
SYS-0020,300,PLN-300-05,,12,12.0,33.0,5.0,10.0,3891.44,30.38,11.45,17.39,0.0,2026-01-01
SYS-0021,100,PLN-100-06,,15,31.0,36.0,10.0,20.0,1830.04,45.15,16.9,25.66,18.17,2026-01-01
SYS-0022,300,PLN-300-07,,18,95.0,102.5,25.0,50.0,4893.04,37.75,13.68,20.74,0.0,2026-01-01
SYS-0023,100,PLN-100-08,,21,225.0,230.0,50.0,100.0,2224.8,37.82,15.1,22.98,33.19,2026-01-01
SYS-0024,300,PLN-300-01,,24,2.6,2.55,1.0,1.0,5619.85,64.69,23.4,35.49,0.0,2026-01-01
SYS-0025,100,PLN-100-02,,27,6.0,14.0,2.0,5.0,458.29,26.93,10.07,15.29,13.22,2026-01-01
SYS-0026,300,PLN-300-03,,30,15.5,30.5,5.0,10.0,1344.97,30.19,10.56,15.99,0.0,2026-01-01
SYS-0027,100,PLN-100-04,,33,38.0,66.0,10.0,20.0,920.25,33.77,12.34,18.72,15.47,2026-01-01
SYS-0028,300,PLN-300-05,,36,112.5,90.0,25.0,50.0,2082.37,15.76,5.97,9.06,0.0,2026-01-01
SYS-0029,100,PLN-100-06,,39,260.0,205.0,50.0,100.0,1094.13,25.94,9.7,14.72,15.92,2026-01-01
SYS-0030,300,PLN-300-07,,42,1.2,2.3,1.0,1.0,3107.67,105.37,38.07,57.73,0.0,2026-01-01
