order_number,customer_id,promised_ship_date,id,sales_order_id,line_number,item_id,site_code,order_quantity,shipped_quantity,unit_price,discount_percent,standard_unit_cost,status
SO-000533,CUST-0182,2026-06-13,1065,533,10,ACT-0035,100,9.0,0.0,2913.74,0.05,1963.86,Open
SO-000533,CUST-0182,2026-06-13,1066,533,20,ACT-0046,200,13.0,0.0,820.83,0.0,543.39,Open
SO-001789,CUST-0174,2026-06-13,3577,1789,10,SYS-0001,100,33.0,0.0,788.73,0.0,484.28,Open
SO-001789,CUST-0174,2026-06-13,3578,1789,20,SYS-0012,300,55.0,0.0,766.76,0.0,544.4,Open
SO-002450,CUST-0131,2026-06-13,4899,2450,10,DRV-0052,200,4.0,0.0,1926.01,0.0,1298.13,Open
SO-002450,CUST-0131,2026-06-13,4900,2450,20,SYS-0003,100,9.0,0.0,1193.32,0.02,789.98,Open
SO-004149,CUST-0214,2026-06-13,8297,4149,10,CTL-0011,300,55.0,0.0,4078.68,0.0,2846.92,Open
SO-004149,CUST-0214,2026-06-13,8298,4149,20,CTL-0022,300,2.0,0.0,3017.67,0.0,2070.12,Open
SO-004810,CUST-0171,2026-06-13,9619,4810,10,CTL-0002,300,9.0,0.0,1691.57,0.0,1099.52,Open
SO-004810,CUST-0171,2026-06-13,9620,4810,20,CTL-0013,300,13.0,0.0,422.63,0.02,269.64,Open
SO-006066,CUST-0163,2026-06-13,12131,6066,10,ACT-0058,200,33.0,0.0,516.63,0.02,360.61,Open
SO-006066,CUST-0163,2026-06-13,12132,6066,20,AFT-0009,300,55.0,0.0,907.81,0.035,622.76,Open
SO-007765,CUST-0006,2026-06-13,15529,7765,10,SYS-0007,100,13.0,0.0,1465.91,0.0,900.07,Open
SO-007765,CUST-0006,2026-06-13,15530,7765,20,SYS-0018,300,22.0,0.0,889.3,0.02,631.4,Open
SO-008426,CUST-0203,2026-06-13,16851,8426,10,DRV-0058,200,55.0,0.0,3006.94,0.02,2026.68,Open
SO-008426,CUST-0203,2026-06-13,16852,8426,20,SYS-0009,100,2.0,0.0,830.92,0.035,550.07,Open
SO-000280,CUST-0201,2026-06-14,559,280,10,DRV-0032,200,4.0,0.0,354.04,0.0,242.87,Open
SO-000280,CUST-0201,2026-06-14,560,280,20,DRV-0043,100,9.0,0.0,863.03,0.02,581.68,Open
SO-001318,CUST-0087,2026-06-14,2635,1318,10,AFT-0060,300,13.0,0.0,587.42,0.05,381.82,Open
SO-001318,CUST-0087,2026-06-14,2636,1318,20,CTL-0011,300,22.0,0.0,4462.26,0.0,2846.92,Open
SO-001979,CUST-0044,2026-06-14,3957,1979,10,AFT-0051,300,55.0,0.0,1892.69,0.0,1343.81,Open
SO-001979,CUST-0044,2026-06-14,3958,1979,20,CTL-0002,300,2.0,0.0,1575.24,0.0,1099.52,Open
SO-002640,CUST-0001,2026-06-14,5279,2640,10,AFT-0042,300,9.0,0.0,452.01,0.0,299.23,Open
SO-002640,CUST-0001,2026-06-14,5280,2640,20,AFT-0053,100,13.0,0.0,746.14,0.02,484.99,Open
SO-003678,CUST-0127,2026-06-14,7355,3678,10,ACT-0030,200,22.0,0.0,708.9,0.05,443.77,Open
SO-003678,CUST-0127,2026-06-14,7356,3678,20,ACT-0041,100,33.0,0.0,722.36,0.0,443.53,Open
SO-003896,CUST-0233,2026-06-14,7791,3896,10,ACT-0038,200,33.0,0.0,595.75,0.02,422.98,Open
SO-003896,CUST-0233,2026-06-14,7792,3896,20,ACT-0049,100,55.0,0.0,1189.54,0.035,830.3,Open
SO-004934,CUST-0119,2026-06-14,9867,4934,10,DRV-0056,200,2.0,0.0,4440.89,0.0,2993.16,Open
SO-004934,CUST-0119,2026-06-14,9868,4934,20,SYS-0007,100,4.0,0.0,1359.62,0.0,900.07,Open
SO-005595,CUST-0076,2026-06-14,11189,5595,10,DRV-0047,100,13.0,0.0,5966.65,0.0,3735.12,Open
SO-005595,CUST-0076,2026-06-14,11190,5595,20,DRV-0058,200,22.0,0.0,3300.78,0.02,2026.68,Open
SO-006256,CUST-0033,2026-06-14,12511,6256,10,DRV-0038,200,55.0,0.0,793.47,0.02,544.32,Open
SO-006256,CUST-0033,2026-06-14,12512,6256,20,DRV-0049,100,2.0,0.0,1780.1,0.035,1199.79,Open
SO-007294,CUST-0159,2026-06-14,14587,7294,10,CTL-0006,300,4.0,0.0,2474.46,0.0,1608.4,Open
SO-007294,CUST-0159,2026-06-14,14588,7294,20,CTL-0017,300,9.0,0.0,385.99,0.0,246.26,Open
SO-007955,CUST-0116,2026-06-14,15909,7955,10,AFT-0057,300,22.0,0.0,871.27,0.0,618.6,Open
SO-007955,CUST-0116,2026-06-14,15910,7955,20,CTL-0008,300,33.0,0.0,1018.34,0.02,710.8,Open
SO-009211,CUST-0108,2026-06-14,18421,9211,10,ACT-0053,100,2.0,0.0,704.17,0.02,457.71,Open
SO-009211,CUST-0108,2026-06-14,18422,9211,20,AFT-0004,100,4.0,0.0,3359.95,0.035,2143.65,Open
SO-009872,CUST-0065,2026-06-14,19743,9872,10,ACT-0044,200,13.0,0.0,269.2,0.035,191.13,Open
SO-009872,CUST-0065,2026-06-14,19744,9872,20,ACT-0055,100,22.0,0.0,3058.52,0.05,2134.85,Open
SO-000847,CUST-0240,2026-06-15,1693,847,10,ACT-0019,100,4.0,0.0,1820.79,0.035,1249.06,Open
SO-000847,CUST-0240,2026-06-15,1694,847,20,ACT-0030,200,9.0,0.0,658.41,0.05,443.77,Open
SO-001508,CUST-0197,2026-06-15,3015,1508,10,ACT-0010,200,22.0,0.0,3500.58,0.05,2233.37,Open
SO-001508,CUST-0197,2026-06-15,3016,1508,20,ACT-0021,100,33.0,0.0,1482.62,0.0,928.12,Open
SO-002764,CUST-0189,2026-06-15,5527,2764,10,DRV-0036,200,2.0,0.0,2182.48,0.0,1497.18,Open
SO-002764,CUST-0189,2026-06-15,5528,2764,20,DRV-0047,100,4.0,0.0,5541.72,0.0,3735.12,Open
SO-003425,CUST-0146,2026-06-15,6849,3425,10,DRV-0027,100,13.0,0.0,1831.9,0.0,1168.75,Open
SO-003425,CUST-0146,2026-06-15,6850,3425,20,DRV-0038,200,22.0,0.0,869.52,0.02,544.32,Open
SO-004463,CUST-0032,2026-06-15,8925,4463,10,AFT-0055,100,33.0,0.0,396.32,0.05,281.39,Open
SO-004463,CUST-0032,2026-06-15,8926,4463,20,CTL-0006,300,55.0,0.0,2304.3,0.0,1608.4,Open
SO-005124,CUST-0229,2026-06-15,10247,5124,10,AFT-0046,100,4.0,0.0,1003.25,0.0,664.15,Open
SO-005124,CUST-0229,2026-06-15,10248,5124,20,AFT-0057,300,9.0,0.0,951.69,0.0,618.6,Open
SO-005785,CUST-0186,2026-06-15,11569,5785,10,AFT-0037,100,22.0,0.0,5011.97,0.0,3077.35,Open
SO-005785,CUST-0186,2026-06-15,11570,5785,20,AFT-0048,300,33.0,0.0,3653.79,0.02,2594.19,Open
SO-007041,CUST-0178,2026-06-15,14081,7041,10,ACT-0033,100,2.0,0.0,1997.22,0.02,1322.16,Open
SO-007041,CUST-0178,2026-06-15,14082,7041,20,ACT-0044,200,4.0,0.0,294.05,0.035,191.13,Open
SO-008079,CUST-0064,2026-06-15,16157,8079,10,DRV-0051,100,9.0,0.0,5052.67,0.0,3162.97,Open
SO-008079,CUST-0064,2026-06-15,16158,8079,20,SYS-0002,300,13.0,0.0,1993.0,0.0,1223.7,Open
SO-008740,CUST-0021,2026-06-15,17479,8740,10,DRV-0042,200,33.0,0.0,597.0,0.0,409.54,Open
SO-008740,CUST-0021,2026-06-15,17480,8740,20,DRV-0053,100,55.0,0.0,3703.15,0.02,2495.92,Open
SO-009401,CUST-0218,2026-06-15,18801,9401,10,DRV-0033,100,4.0,0.0,1763.17,0.02,1124.9,Open
SO-009401,CUST-0218,2026-06-15,18802,9401,20,DRV-0044,200,9.0,0.0,349.9,0.035,219.04,Open
SO-000594,CUST-0019,2026-06-16,1187,594,10,DRV-0016,200,2.0,0.0,546.99,0.0,381.8,Open
SO-000594,CUST-0019,2026-06-16,1188,594,20,DRV-0027,100,4.0,0.0,1703.72,0.0,1168.75,Open
SO-002293,CUST-0102,2026-06-16,4585,2293,10,AFT-0035,100,33.0,0.0,3733.73,0.05,2292.51,Open
SO-002293,CUST-0102,2026-06-16,4586,2293,20,AFT-0046,100,55.0,0.0,935.42,0.0,664.15,Open
SO-002954,CUST-0059,2026-06-16,5907,2954,10,AFT-0026,100,4.0,0.0,288.66,0.0,194.56,Open
SO-002954,CUST-0059,2026-06-16,5908,2954,20,AFT-0037,100,9.0,0.0,4648.56,0.0,3077.35,Open
SO-004653,CUST-0142,2026-06-16,9305,4653,10,ACT-0005,100,55.0,0.0,1130.62,0.05,789.17,Open
SO-004653,CUST-0142,2026-06-16,9306,4653,20,ACT-0016,200,2.0,0.0,316.68,0.0,217.24,Open
SO-005909,CUST-0134,2026-06-16,11817,5909,10,DRV-0031,100,9.0,0.0,2183.35,0.0,1392.98,Open
SO-005909,CUST-0134,2026-06-16,11818,5909,20,DRV-0042,200,13.0,0.0,654.22,0.0,409.54,Open
SO-006570,CUST-0091,2026-06-16,13139,6570,10,DRV-0022,200,33.0,0.0,6015.77,0.0,4199.01,Open
SO-006570,CUST-0091,2026-06-16,13140,6570,20,DRV-0033,100,55.0,0.0,1639.8,0.02,1124.9,Open
SO-008269,CUST-0174,2026-06-16,16537,8269,10,AFT-0041,100,13.0,0.0,1894.17,0.0,1163.02,Open
SO-008269,CUST-0174,2026-06-16,16538,8269,20,AFT-0052,100,22.0,0.0,444.54,0.0,315.62,Open
SO-008930,CUST-0131,2026-06-16,17859,8930,10,AFT-0032,100,55.0,0.0,986.78,0.0,665.09,Open
SO-008930,CUST-0131,2026-06-16,17860,8930,20,AFT-0043,100,2.0,0.0,1060.0,0.02,701.72,Open
SO-000123,CUST-0172,2026-06-17,245,123,10,AFT-0015,300,33.0,0.0,1795.86,0.05,1124.21,Open
SO-000123,CUST-0172,2026-06-17,246,123,20,AFT-0026,100,55.0,0.0,316.87,0.0,194.56,Open
SO-000784,CUST-0129,2026-06-17,1567,784,10,AFT-0006,300,4.0,0.0,8389.2,0.0,5754.99,Open
SO-000784,CUST-0129,2026-06-17,1568,784,20,AFT-0017,100,9.0,0.0,2530.99,0.0,1705.89,Open
SO-001822,CUST-0015,2026-06-17,3643,1822,10,SYS-0024,300,13.0,0.0,8836.06,0.035,5743.44,Open
SO-001822,CUST-0015,2026-06-17,3644,1822,20,ACT-0005,100,22.0,0.0,1236.94,0.05,789.17,Open
SO-002483,CUST-0212,2026-06-17,4965,2483,10,SYS-0015,100,55.0,0.0,7750.08,0.05,5502.56,Open
SO-002483,CUST-0212,2026-06-17,4966,2483,20,SYS-0026,300,2.0,0.0,2008.18,0.0,1401.71,Open
SO-003739,CUST-0204,2026-06-17,7477,3739,10,DRV-0011,100,9.0,0.0,1266.74,0.0,823.38,Open
SO-003739,CUST-0204,2026-06-17,7478,3739,20,DRV-0022,200,13.0,0.0,6581.52,0.0,4199.01,Open
SO-004400,CUST-0161,2026-06-17,8799,4400,10,DRV-0002,200,33.0,0.0,3198.34,0.0,2270.82,Open
SO-004400,CUST-0161,2026-06-17,8800,4400,20,DRV-0013,100,55.0,0.0,765.37,0.02,534.23,Open
SO-005438,CUST-0047,2026-06-17,10875,5438,10,AFT-0030,300,2.0,0.0,507.45,0.05,342.02,Open
SO-005438,CUST-0047,2026-06-17,10876,5438,20,AFT-0041,100,4.0,0.0,1756.83,0.0,1163.02,Open
SO-006099,CUST-0004,2026-06-17,12197,6099,10,AFT-0021,300,13.0,0.0,631.36,0.0,395.23,Open
SO-006099,CUST-0004,2026-06-17,12198,6099,20,AFT-0032,100,22.0,0.0,1083.21,0.0,665.09,Open
SO-006760,CUST-0201,2026-06-17,13519,6760,10,AFT-0012,300,55.0,0.0,1464.27,0.0,1004.49,Open
SO-006760,CUST-0201,2026-06-17,13520,6760,20,AFT-0023,100,2.0,0.0,405.31,0.02,273.18,Open
SO-008016,CUST-0193,2026-06-17,16031,8016,10,ACT-0008,200,9.0,0.0,363.88,0.02,227.79,Open
SO-008016,CUST-0193,2026-06-17,16032,8016,20,ACT-0019,100,13.0,0.0,2034.3,0.035,1249.06,Open
SO-009054,CUST-0079,2026-06-17,18107,9054,10,DRV-0026,200,22.0,0.0,915.16,0.0,638.78,Open
SO-009054,CUST-0079,2026-06-17,18108,9054,20,DRV-0037,100,33.0,0.0,6515.28,0.0,4469.48,Open
SO-009715,CUST-0036,2026-06-17,19429,9715,10,DRV-0017,100,2.0,0.0,1195.45,0.0,777.04,Open
SO-009715,CUST-0036,2026-06-17,19430,9715,20,DRV-0028,200,4.0,0.0,3697.01,0.02,2358.69,Open
SO-000313,CUST-0042,2026-06-18,625,313,10,DRV-0055,100,55.0,0.0,8795.49,0.05,5400.43,Open
SO-000313,CUST-0042,2026-06-18,626,313,20,SYS-0006,300,2.0,0.0,614.94,0.0,436.61,Open
SO-001351,CUST-0168,2026-06-18,2701,1351,10,CTL-0023,300,4.0,0.0,1812.14,0.02,1243.13,Open
SO-001351,CUST-0168,2026-06-18,2702,1351,20,CTL-0034,300,9.0,0.0,2888.07,0.035,1946.56,Open
SO-001569,CUST-0034,2026-06-18,3137,1569,10,CTL-0031,300,9.0,0.0,2952.21,0.0,1954.36,Open
SO-001569,CUST-0034,2026-06-18,3138,1569,20,DRV-0002,200,13.0,0.0,3493.57,0.0,2270.82,Open
SO-002607,CUST-0160,2026-06-18,5213,2607,10,AFT-0019,100,22.0,0.0,1229.55,0.035,769.7,Open
SO-002607,CUST-0160,2026-06-18,5214,2607,20,AFT-0030,300,33.0,0.0,557.04,0.05,342.02,Open
SO-003268,CUST-0117,2026-06-18,6535,3268,10,AFT-0010,100,2.0,0.0,323.37,0.05,221.83,Open
SO-003268,CUST-0117,2026-06-18,6536,3268,20,AFT-0021,300,4.0,0.0,586.39,0.0,395.23,Open
SO-003929,CUST-0074,2026-06-18,7857,3929,10,AFT-0001,100,13.0,0.0,2704.06,0.0,1725.19,Open
SO-003929,CUST-0074,2026-06-18,7858,3929,20,AFT-0012,300,22.0,0.0,1604.62,0.0,1004.49,Open
SO-004967,CUST-0200,2026-06-18,9933,4967,10,SYS-0019,100,33.0,0.0,2532.58,0.035,1798.13,Open
SO-004967,CUST-0200,2026-06-18,9934,4967,20,SYS-0030,300,55.0,0.0,4740.44,0.05,3308.83,Open
SO-005628,CUST-0157,2026-06-18,11255,5628,10,SYS-0010,300,4.0,0.0,1537.08,0.05,1017.55,Open
SO-005628,CUST-0157,2026-06-18,11256,5628,20,SYS-0021,100,9.0,0.0,2978.34,0.0,1935.92,Open
SO-006223,CUST-0192,2026-06-18,12445,6223,10,DRV-0015,100,4.0,0.0,1898.05,0.05,1233.73,Open
SO-006223,CUST-0192,2026-06-18,12446,6223,20,DRV-0026,200,9.0,0.0,1001.22,0.0,638.78,Open
SO-006884,CUST-0149,2026-06-18,13767,6884,10,DRV-0006,200,22.0,0.0,2503.9,0.0,1777.77,Open
SO-006884,CUST-0149,2026-06-18,13768,6884,20,DRV-0017,100,33.0,0.0,1113.24,0.0,777.04,Open
SO-007545,CUST-0106,2026-06-18,15089,7545,10,CTL-0037,300,2.0,0.0,6543.02,0.0,4331.48,Open
SO-007545,CUST-0106,2026-06-18,15090,7545,20,DRV-0008,200,4.0,0.0,400.09,0.02,260.06,Open
SO-008583,CUST-0232,2026-06-18,17165,8583,10,AFT-0025,100,9.0,0.0,760.14,0.05,475.85,Open
SO-008583,CUST-0232,2026-06-18,17166,8583,20,AFT-0036,300,13.0,0.0,1548.24,0.0,950.62,Open
SO-009244,CUST-0189,2026-06-18,18487,9244,10,AFT-0016,100,33.0,0.0,2465.9,0.0,1691.61,Open
SO-009244,CUST-0189,2026-06-18,18488,9244,20,AFT-0027,300,55.0,0.0,486.74,0.0,328.06,Open
SO-009905,CUST-0146,2026-06-18,19809,9905,10,AFT-0007,100,4.0,0.0,463.89,0.0,295.96,Open
SO-009905,CUST-0146,2026-06-18,19810,9905,20,AFT-0018,300,9.0,0.0,932.38,0.02,583.67,Open
SO-000437,CUST-0230,2026-06-19,873,437,10,ACT-0059,100,22.0,0.0,1349.22,0.035,860.8,Open
SO-000437,CUST-0230,2026-06-19,874,437,20,AFT-0010,100,33.0,0.0,354.36,0.05,221.83,Open
SO-001098,CUST-0187,2026-06-19,2195,1098,10,ACT-0050,200,2.0,0.0,1528.15,0.05,1066.65,Open
SO-001098,CUST-0187,2026-06-19,2196,1098,20,AFT-0001,100,4.0,0.0,2514.85,0.0,1725.19,Open
SO-002797,CUST-0030,2026-06-19,5593,2797,10,DRV-0059,100,33.0,0.0,6655.16,0.035,4086.27,Open
SO-002797,CUST-0030,2026-06-19,5594,2797,20,SYS-0010,300,55.0,0.0,1433.17,0.05,1017.55,Open
SO-003458,CUST-0227,2026-06-19,6915,3458,10,DRV-0050,200,4.0,0.0,4654.73,0.05,3137.29,Open
SO-003458,CUST-0227,2026-06-19,6916,3458,20,SYS-0001,100,9.0,0.0,731.54,0.0,484.28,Open
SO-004714,CUST-0219,2026-06-19,9427,4714,10,CTL-0026,300,22.0,0.0,1700.93,0.0,1044.37,Open
SO-004714,CUST-0219,2026-06-19,9428,4714,20,CTL-0037,300,33.0,0.0,6100.68,0.0,4331.48,Open
SO-006413,CUST-0062,2026-06-19,12825,6413,10,AFT-0005,100,9.0,0.0,3659.75,0.05,2334.92,Open
SO-006413,CUST-0062,2026-06-19,12826,6413,20,AFT-0016,100,13.0,0.0,2702.25,0.0,1691.61,Open
SO-007074,CUST-0019,2026-06-19,14147,7074,10,ACT-0056,200,33.0,0.0,886.22,0.0,618.58,Open
SO-007074,CUST-0019,2026-06-19,14148,7074,20,AFT-0007,100,55.0,0.0,431.43,0.0,295.96,Open
SO-000627,CUST-0100,2026-06-20,1253,627,10,DRV-0039,100,33.0,0.0,615.43,0.035,385.26,Open
SO-000627,CUST-0100,2026-06-20,1254,627,20,DRV-0050,200,55.0,0.0,5109.59,0.05,3137.29,Open
SO-001288,CUST-0057,2026-06-20,2575,1288,10,DRV-0030,200,4.0,0.0,652.67,0.05,447.73,Open
SO-001288,CUST-0057,2026-06-20,2576,1288,20,DRV-0041,100,9.0,0.0,402.76,0.0,271.46,Open
SO-002326,CUST-0183,2026-06-20,4651,2326,10,AFT-0058,100,13.0,0.0,382.45,0.02,248.59,Open
SO-002326,CUST-0183,2026-06-20,4652,2326,20,CTL-0009,300,22.0,0.0,2297.18,0.035,1465.6,Open
SO-002544,CUST-0049,2026-06-20,5087,2544,10,CTL-0006,300,22.0,0.0,2569.33,0.0,1608.4,Open
SO-002544,CUST-0049,2026-06-20,5088,2544,20,CTL-0017,300,33.0,0.0,401.07,0.0,246.26,Open
SO-003582,CUST-0175,2026-06-20,7163,3582,10,ACT-0054,200,55.0,0.0,5479.34,0.035,3824.58,Open
SO-003582,CUST-0175,2026-06-20,7164,3582,20,AFT-0005,100,2.0,0.0,3403.67,0.05,2334.92,Open
SO-004243,CUST-0132,2026-06-20,8485,4243,10,ACT-0045,100,9.0,0.0,479.97,0.05,311.98,Open
SO-004243,CUST-0132,2026-06-20,8486,4243,20,ACT-0056,200,13.0,0.0,969.56,0.0,618.58,Open
SO-004904,CUST-0089,2026-06-20,9807,4904,10,ACT-0036,200,33.0,0.0,291.8,0.0,207.18,Open
SO-004904,CUST-0089,2026-06-20,9808,4904,20,ACT-0047,100,55.0,0.0,1097.82,0.0,766.28,Open
SO-005942,CUST-0215,2026-06-20,11883,5942,10,DRV-0054,200,2.0,0.0,3544.61,0.035,2389.07,Open
SO-005942,CUST-0215,2026-06-20,11884,5942,20,SYS-0005,100,4.0,0.0,445.95,0.05,295.22,Open
SO-006603,CUST-0172,2026-06-20,13205,6603,10,DRV-0045,100,13.0,0.0,605.11,0.05,378.8,Open
SO-006603,CUST-0172,2026-06-20,13206,6603,20,DRV-0056,200,22.0,0.0,4874.85,0.0,2993.16,Open
SO-007198,CUST-0207,2026-06-20,14395,7198,10,CTL-0030,300,13.0,0.0,4769.61,0.05,2928.54,Open
SO-007198,CUST-0207,2026-06-20,14396,7198,20,DRV-0001,100,22.0,0.0,1518.3,0.0,1077.99,Open
SO-007859,CUST-0164,2026-06-20,15717,7859,10,CTL-0021,300,55.0,0.0,1260.01,0.0,849.25,Open
SO-007859,CUST-0164,2026-06-20,15718,7859,20,CTL-0032,300,2.0,0.0,2942.51,0.0,1947.94,Open
SO-008520,CUST-0121,2026-06-20,17039,8520,10,CTL-0012,300,9.0,0.0,7160.83,0.0,4482.68,Open
SO-008520,CUST-0121,2026-06-20,17040,8520,20,CTL-0023,300,13.0,0.0,2024.64,0.02,1243.13,Open
SO-009558,CUST-0007,2026-06-20,19115,9558,10,ACT-0060,200,22.0,0.0,312.34,0.05,218.01,Open
SO-009558,CUST-0007,2026-06-20,19116,9558,20,AFT-0011,100,33.0,0.0,670.2,0.0,459.76,Open
SO-000156,CUST-0013,2026-06-21,311,156,10,AFT-0038,100,13.0,0.0,2053.75,0.02,1359.58,Open
SO-000156,CUST-0013,2026-06-21,312,156,20,AFT-0049,100,22.0,0.0,1107.6,0.035,719.94,Open
SO-001412,CUST-0005,2026-06-21,2823,1412,10,ACT-0034,200,55.0,0.0,477.04,0.035,338.7,Open
SO-001412,CUST-0005,2026-06-21,2824,1412,20,ACT-0045,100,2.0,0.0,446.96,0.05,311.98,Open
SO-002073,CUST-0202,2026-06-21,4145,2073,10,ACT-0025,100,9.0,0.0,4223.85,0.05,2796.19,Open
SO-002073,CUST-0202,2026-06-21,4146,2073,20,ACT-0036,200,13.0,0.0,318.74,0.0,207.18,Open
SO-003111,CUST-0088,2026-06-21,6221,3111,10,DRV-0043,100,22.0,0.0,929.2,0.02,581.68,Open
SO-003111,CUST-0088,2026-06-21,6222,3111,20,DRV-0054,200,33.0,0.0,3890.99,0.035,2389.07,Open
SO-003772,CUST-0045,2026-06-21,7543,3772,10,DRV-0034,200,2.0,0.0,618.06,0.035,423.99,Open
SO-003772,CUST-0045,2026-06-21,7544,3772,20,DRV-0045,100,4.0,0.0,562.02,0.05,378.8,Open
SO-004433,CUST-0002,2026-06-21,8865,4433,10,DRV-0025,100,13.0,0.0,3512.34,0.05,2240.87,Open
SO-004433,CUST-0002,2026-06-21,8866,4433,20,DRV-0036,200,22.0,0.0,2391.66,0.0,1497.18,Open
SO-005689,CUST-0234,2026-06-21,11377,5689,10,CTL-0001,300,55.0,0.0,3172.42,0.0,2176.28,Open
SO-005689,CUST-0234,2026-06-21,11378,5689,20,CTL-0012,300,2.0,0.0,6650.86,0.0,4482.68,Open
SO-006727,CUST-0120,2026-06-21,13453,6727,10,ACT-0049,100,4.0,0.0,1277.38,0.035,830.3,Open
SO-006727,CUST-0120,2026-06-21,13454,6727,20,ACT-0060,200,9.0,0.0,341.71,0.05,218.01,Open
SO-007388,CUST-0077,2026-06-21,14775,7388,10,ACT-0040,200,22.0,0.0,281.44,0.05,199.82,Open
SO-007388,CUST-0077,2026-06-21,14776,7388,20,ACT-0051,100,33.0,0.0,6519.05,0.0,4550.3,Open
SO-008049,CUST-0034,2026-06-21,16097,8049,10,ACT-0031,100,2.0,0.0,3811.25,0.0,2523.05,Open
SO-008049,CUST-0034,2026-06-21,16098,8049,20,ACT-0042,200,4.0,0.0,989.97,0.0,643.48,Open
SO-009087,CUST-0160,2026-06-21,18173,9087,10,DRV-0049,100,9.0,0.0,1916.6,0.035,1199.79,Open
SO-009087,CUST-0160,2026-06-21,18174,9087,20,DRV-0060,200,13.0,0.0,608.75,0.05,373.77,Open
SO-000941,CUST-0158,2026-06-22,1881,941,10,DRV-0023,100,22.0,0.0,2283.31,0.02,1456.75,Open
SO-000941,CUST-0158,2026-06-22,1882,941,20,DRV-0034,200,33.0,0.0,677.3,0.035,423.99,Open
SO-001602,CUST-0115,2026-06-22,3203,1602,10,DRV-0014,200,2.0,0.0,1399.5,0.035,976.85,Open
SO-001602,CUST-0115,2026-06-22,3204,1602,20,DRV-0025,100,4.0,0.0,3266.57,0.05,2240.87,Open
SO-003301,CUST-0198,2026-06-22,6601,3301,10,AFT-0033,300,33.0,0.0,1624.89,0.02,997.68,Open
SO-003301,CUST-0198,2026-06-22,6602,3301,20,AFT-0044,100,55.0,0.0,1411.49,0.035,1002.16,Open
SO-004557,CUST-0190,2026-06-22,9113,4557,10,ACT-0029,100,4.0,0.0,1394.65,0.035,923.26,Open
SO-004557,CUST-0190,2026-06-22,9114,4557,20,ACT-0040,200,9.0,0.0,307.42,0.05,199.82,Open
SO-005218,CUST-0147,2026-06-22,10435,5218,10,ACT-0020,200,22.0,0.0,1019.87,0.05,626.2,Open
SO-005218,CUST-0147,2026-06-22,10436,5218,20,ACT-0031,100,33.0,0.0,3553.59,0.0,2523.05,Open
SO-006917,CUST-0230,2026-06-22,13833,6917,10,DRV-0029,100,9.0,0.0,2534.72,0.035,1617.15,Open
SO-006917,CUST-0230,2026-06-22,13834,6917,20,DRV-0040,200,13.0,0.0,349.79,0.05,218.97,Open
SO-007578,CUST-0187,2026-06-22,15155,7578,10,DRV-0020,200,33.0,0.0,1370.77,0.05,956.8,Open
SO-007578,CUST-0187,2026-06-22,15156,7578,20,DRV-0031,100,55.0,0.0,2030.58,0.0,1392.98,Open
SO-008173,CUST-0222,2026-06-22,16345,8173,10,CTL-0005,300,33.0,0.0,1552.42,0.05,1064.96,Open
SO-008173,CUST-0222,2026-06-22,16346,8173,20,CTL-0016,300,55.0,0.0,405.12,0.0,273.05,Open
SO-008834,CUST-0179,2026-06-22,17667,8834,10,AFT-0056,100,4.0,0.0,605.17,0.0,386.1,Open
SO-008834,CUST-0179,2026-06-22,17668,8834,20,CTL-0007,300,9.0,0.0,3525.53,0.0,2206.98,Open
SO-000470,CUST-0071,2026-06-23,939,470,10,AFT-0022,100,9.0,0.0,334.36,0.0,225.36,Open
SO-000470,CUST-0071,2026-06-23,940,470,20,AFT-0033,300,13.0,0.0,1507.07,0.02,997.68,Open
SO-001131,CUST-0028,2026-06-23,2261,1131,10,AFT-0013,100,33.0,0.0,4707.03,0.02,2946.6,Open
SO-001131,CUST-0028,2026-06-23,2262,1131,20,AFT-0024,300,55.0,0.0,951.99,0.035,584.52,Open
SO-002387,CUST-0020,2026-06-23,4773,2387,10,ACT-0009,100,4.0,0.0,540.19,0.035,364.09,Open
SO-002387,CUST-0020,2026-06-23,4774,2387,20,ACT-0020,200,9.0,0.0,945.92,0.05,626.2,Open
SO-003048,CUST-0217,2026-06-23,6095,3048,10,SYS-0030,300,22.0,0.0,5285.67,0.05,3308.83,Open
SO-003048,CUST-0217,2026-06-23,6096,3048,20,ACT-0011,100,33.0,0.0,678.49,0.0,416.59,Open
SO-004086,CUST-0103,2026-06-23,8171,4086,10,DRV-0018,200,55.0,0.0,2104.21,0.02,1468.74,Open
SO-004086,CUST-0103,2026-06-23,8172,4086,20,DRV-0029,100,2.0,0.0,2357.36,0.035,1617.15,Open
SO-004747,CUST-0060,2026-06-23,9493,4747,10,DRV-0009,100,9.0,0.0,468.94,0.035,304.81,Open
SO-004747,CUST-0060,2026-06-23,9494,4747,20,DRV-0020,200,13.0,0.0,1499.69,0.05,956.8,Open
SO-005408,CUST-0017,2026-06-23,10815,5408,10,CTL-0040,300,33.0,0.0,5201.96,0.05,3693.39,Open
SO-005408,CUST-0017,2026-06-23,10816,5408,20,DRV-0011,100,55.0,0.0,1179.63,0.0,823.38,Open
SO-006664,CUST-0009,2026-06-23,13327,6664,10,AFT-0036,300,4.0,0.0,1462.49,0.0,950.62,Open
SO-006664,CUST-0009,2026-06-23,13328,6664,20,AFT-0047,100,9.0,0.0,2941.16,0.0,1876.46,Open
SO-007702,CUST-0135,2026-06-23,15403,7702,10,ACT-0024,200,13.0,0.0,3254.76,0.035,1998.42,Open
SO-007702,CUST-0135,2026-06-23,15404,7702,20,ACT-0035,100,22.0,0.0,2766.0,0.05,1963.86,Open
SO-008363,CUST-0092,2026-06-23,16725,8363,10,ACT-0015,100,55.0,0.0,1594.73,0.05,1074.85,Open
SO-008363,CUST-0092,2026-06-23,16726,8363,20,ACT-0026,200,2.0,0.0,2498.73,0.0,1654.16,Open
SO-009024,CUST-0049,2026-06-23,18047,9024,10,ACT-0006,200,9.0,0.0,832.84,0.0,521.36,Open
SO-009024,CUST-0049,2026-06-23,18048,9024,20,ACT-0017,100,13.0,0.0,1030.21,0.0,632.55,Open
SO-000217,CUST-0090,2026-06-24,433,217,10,SYS-0019,100,4.0,0.0,2621.18,0.035,1798.13,Open
SO-000217,CUST-0090,2026-06-24,434,217,20,SYS-0030,300,9.0,0.0,4909.24,0.05,3308.83,Open
SO-001255,CUST-0216,2026-06-24,2509,1255,10,DRV-0007,100,13.0,0.0,2086.0,0.0,1355.9,Open
SO-001255,CUST-0216,2026-06-24,2510,1255,20,DRV-0018,200,22.0,0.0,2302.1,0.02,1468.74,Open
SO-001916,CUST-0173,2026-06-24,3831,1916,10,CTL-0038,300,55.0,0.0,2292.9,0.02,1627.96,Open
SO-001916,CUST-0173,2026-06-24,3832,1916,20,DRV-0009,100,2.0,0.0,436.69,0.035,304.81,Open
SO-002577,CUST-0130,2026-06-24,5153,2577,10,CTL-0029,300,9.0,0.0,1127.08,0.035,746.13,Open
SO-002577,CUST-0130,2026-06-24,5154,2577,20,CTL-0040,300,13.0,0.0,5682.14,0.05,3693.39,Open
SO-003615,CUST-0016,2026-06-24,7229,3615,10,AFT-0017,100,22.0,0.0,2725.06,0.0,1705.89,Open
SO-003615,CUST-0016,2026-06-24,7230,3615,20,AFT-0028,100,33.0,0.0,569.64,0.02,349.76,Open
SO-004276,CUST-0213,2026-06-24,8551,4276,10,AFT-0008,100,2.0,0.0,353.22,0.02,242.31,Open
SO-004276,CUST-0213,2026-06-24,8552,4276,20,AFT-0019,100,4.0,0.0,1141.99,0.035,769.7,Open
SO-004871,CUST-0008,2026-06-24,9741,4871,10,ACT-0013,100,2.0,0.0,551.62,0.02,371.79,Open
SO-004871,CUST-0008,2026-06-24,9742,4871,20,ACT-0024,200,4.0,0.0,3018.76,0.035,1998.42,Open
SO-005532,CUST-0205,2026-06-24,11063,5532,10,ACT-0004,200,13.0,0.0,324.15,0.035,202.92,Open
SO-005532,CUST-0205,2026-06-24,11064,5532,20,ACT-0015,100,22.0,0.0,1750.57,0.05,1074.85,Open
SO-006193,CUST-0162,2026-06-24,12385,6193,10,SYS-0025,100,55.0,0.0,763.56,0.05,523.8,Open
SO-006193,CUST-0162,2026-06-24,12386,6193,20,ACT-0006,200,2.0,0.0,773.53,0.0,521.36,Open
SO-007231,CUST-0048,2026-06-24,14461,7231,10,DRV-0013,100,4.0,0.0,821.89,0.02,534.23,Open
SO-007231,CUST-0048,2026-06-24,14462,7231,20,DRV-0024,200,9.0,0.0,2547.99,0.035,1625.62,Open
SO-007892,CUST-0005,2026-06-24,15783,7892,10,DRV-0004,200,22.0,0.0,1079.23,0.035,766.25,Open
SO-007892,CUST-0005,2026-06-24,15784,7892,20,DRV-0015,100,33.0,0.0,1767.52,0.05,1233.73,Open
SO-008553,CUST-0202,2026-06-24,17105,8553,10,CTL-0035,300,2.0,0.0,4659.59,0.05,3084.65,Open
SO-008553,CUST-0202,2026-06-24,17106,8553,20,DRV-0006,200,4.0,0.0,2735.03,0.0,1777.77,Open
SO-009148,CUST-0237,2026-06-24,18295,9148,10,AFT-0040,100,2.0,0.0,873.0,0.05,567.45,Open
SO-009148,CUST-0237,2026-06-24,18296,9148,20,AFT-0051,300,4.0,0.0,2106.29,0.0,1343.81,Open
SO-009809,CUST-0194,2026-06-24,19617,9809,10,AFT-0031,100,13.0,0.0,436.85,0.0,310.16,Open
SO-009809,CUST-0194,2026-06-24,19618,9809,20,AFT-0042,300,22.0,0.0,428.7,0.0,299.23,Open
SO-001445,CUST-0086,2026-06-25,2889,1445,10,ACT-0057,100,22.0,0.0,4108.95,0.0,2621.51,Open
SO-001445,CUST-0086,2026-06-25,2890,1445,20,AFT-0008,100,33.0,0.0,387.08,0.02,242.31,Open
SO-002106,CUST-0043,2026-06-25,4211,2106,10,ACT-0048,200,2.0,0.0,549.3,0.02,383.41,Open
SO-002106,CUST-0043,2026-06-25,4212,2106,20,ACT-0059,100,4.0,0.0,1254.81,0.035,860.8,Open
SO-003362,CUST-0035,2026-06-25,6723,3362,10,SYS-0014,300,13.0,0.0,1327.68,0.035,847.06,Open
SO-003362,CUST-0035,2026-06-25,6724,3362,20,SYS-0025,100,22.0,0.0,836.74,0.05,523.8,Open
SO-005061,CUST-0118,2026-06-25,10121,5061,10,CTL-0033,300,4.0,0.0,5553.7,0.02,3676.55,Open
SO-005061,CUST-0118,2026-06-25,10122,5061,20,DRV-0004,200,9.0,0.0,1178.85,0.035,766.25,Open
SO-005722,CUST-0075,2026-06-25,11443,5722,10,CTL-0024,300,22.0,0.0,1273.96,0.035,782.21,Open
SO-005722,CUST-0075,2026-06-25,11444,5722,20,CTL-0035,300,33.0,0.0,4344.58,0.05,3084.65,Open
SO-008677,CUST-0150,2026-06-25,17353,8677,10,SYS-0029,100,33.0,0.0,1691.56,0.035,1160.41,Open
SO-008677,CUST-0150,2026-06-25,17354,8677,20,ACT-0010,200,55.0,0.0,3313.61,0.05,2233.37,Open
SO-009338,CUST-0107,2026-06-25,18675,9338,10,SYS-0020,300,4.0,0.0,6192.26,0.05,3950.66,Open
SO-009338,CUST-0107,2026-06-25,18676,9338,20,ACT-0001,100,9.0,0.0,3794.17,0.0,2375.15,Open
SO-001192,CUST-0105,2026-06-26,2383,1192,10,DRV-0054,200,13.0,0.0,3675.49,0.035,2389.07,Open
SO-001192,CUST-0105,2026-06-26,2384,1192,20,SYS-0005,100,22.0,0.0,462.73,0.05,295.22,Open
SO-002230,CUST-0231,2026-06-26,4459,2230,10,CTL-0022,300,33.0,0.0,3371.53,0.0,2070.12,Open
SO-002230,CUST-0231,2026-06-26,4460,2230,20,CTL-0033,300,55.0,0.0,5178.24,0.02,3676.55,Open
SO-002891,CUST-0188,2026-06-26,5781,2891,10,CTL-0013,300,4.0,0.0,400.06,0.02,269.64,Open
SO-002891,CUST-0188,2026-06-26,5782,2891,20,CTL-0024,300,9.0,0.0,1181.59,0.035,782.21,Open
SO-003552,CUST-0145,2026-06-26,7103,3552,10,CTL-0004,300,22.0,0.0,2217.7,0.035,1388.28,Open
SO-003552,CUST-0145,2026-06-26,7104,3552,20,CTL-0015,300,33.0,0.0,823.0,0.05,505.32,Open
SO-004590,CUST-0031,2026-06-26,9179,4590,10,ACT-0052,200,55.0,0.0,926.3,0.0,646.56,Open
SO-004590,CUST-0031,2026-06-26,9180,4590,20,AFT-0003,300,2.0,0.0,6580.23,0.02,4514.04,Open
SO-005251,CUST-0228,2026-06-26,10501,5251,10,ACT-0043,100,9.0,0.0,768.85,0.02,499.75,Open
SO-005251,CUST-0228,2026-06-26,10502,5251,20,ACT-0054,200,13.0,0.0,5994.64,0.035,3824.58,Open
SO-005846,CUST-0023,2026-06-26,11691,5846,10,SYS-0018,300,9.0,0.0,989.66,0.02,631.4,Open
SO-005846,CUST-0023,2026-06-26,11692,5846,20,SYS-0029,100,13.0,0.0,1853.69,0.035,1160.41,Open
SO-006507,CUST-0220,2026-06-26,13013,6507,10,SYS-0009,100,33.0,0.0,788.07,0.035,550.07,Open
SO-006507,CUST-0220,2026-06-26,13014,6507,20,SYS-0020,300,55.0,0.0,5758.98,0.05,3950.66,Open
SO-007168,CUST-0177,2026-06-26,14335,7168,10,DRV-0060,200,4.0,0.0,575.03,0.05,373.77,Open
SO-007168,CUST-0177,2026-06-26,14336,7168,20,SYS-0011,100,9.0,0.0,1599.51,0.0,1020.49,Open
SO-008206,CUST-0063,2026-06-26,16411,8206,10,CTL-0028,300,13.0,0.0,3842.59,0.02,2359.35,Open
SO-008206,CUST-0063,2026-06-26,16412,8206,20,CTL-0039,300,22.0,0.0,2653.2,0.035,1883.77,Open
SO-008867,CUST-0020,2026-06-26,17733,8867,10,CTL-0019,300,55.0,0.0,1496.82,0.035,1008.86,Open
SO-008867,CUST-0020,2026-06-26,17734,8867,20,CTL-0030,300,2.0,0.0,4423.78,0.05,2928.54,Open
SO-009528,CUST-0217,2026-06-26,19055,9528,10,CTL-0010,300,9.0,0.0,4539.12,0.05,2841.49,Open
SO-009528,CUST-0217,2026-06-26,19056,9528,20,CTL-0021,300,13.0,0.0,1383.14,0.0,849.25,Open
SO-000060,CUST-0061,2026-06-27,119,60,10,CTL-0002,300,33.0,0.0,1756.42,0.0,1099.52,Open
SO-000060,CUST-0061,2026-06-27,120,60,20,CTL-0013,300,55.0,0.0,439.15,0.02,269.64,Open
SO-000721,CUST-0018,2026-06-27,1441,721,10,AFT-0053,100,4.0,0.0,706.98,0.02,484.99,Open
SO-000721,CUST-0018,2026-06-27,1442,721,20,CTL-0004,300,9.0,0.0,2059.76,0.035,1388.28,Open
SO-001759,CUST-0144,2026-06-27,3517,1759,10,ACT-0041,100,13.0,0.0,682.35,0.0,443.53,Open
SO-001759,CUST-0144,2026-06-27,3518,1759,20,ACT-0052,200,22.0,0.0,1013.42,0.0,646.56,Open
SO-002420,CUST-0101,2026-06-27,4839,2420,10,ACT-0032,200,55.0,0.0,327.72,0.0,232.68,Open
SO-002420,CUST-0101,2026-06-27,4840,2420,20,ACT-0043,100,2.0,0.0,715.97,0.02,499.75,Open
SO-003081,CUST-0058,2026-06-27,6161,3081,10,ACT-0023,100,9.0,0.0,3492.79,0.02,2312.23,Open
SO-003081,CUST-0058,2026-06-27,6162,3081,20,ACT-0034,200,13.0,0.0,521.08,0.035,338.7,Open
SO-004337,CUST-0050,2026-06-27,8673,4337,10,DRV-0049,100,33.0,0.0,1689.85,0.035,1199.79,Open
SO-004337,CUST-0050,2026-06-27,8674,4337,20,DRV-0060,200,55.0,0.0,535.49,0.05,373.77,Open
SO-005375,CUST-0176,2026-06-27,10749,5375,10,CTL-0017,300,2.0,0.0,365.37,0.0,246.26,Open
SO-005375,CUST-0176,2026-06-27,10750,5375,20,CTL-0028,300,4.0,0.0,3563.97,0.02,2359.35,Open
SO-006036,CUST-0133,2026-06-27,12071,6036,10,CTL-0008,300,13.0,0.0,1135.46,0.02,710.8,Open
SO-006036,CUST-0133,2026-06-27,12072,6036,20,CTL-0019,300,22.0,0.0,1643.09,0.035,1008.86,Open
SO-006697,CUST-0090,2026-06-27,13393,6697,10,AFT-0059,100,55.0,0.0,393.72,0.035,270.09,Open
SO-006697,CUST-0090,2026-06-27,13394,6697,20,CTL-0010,300,2.0,0.0,4215.86,0.05,2841.49,Open
SO-007735,CUST-0216,2026-06-27,15469,7735,10,ACT-0047,100,4.0,0.0,1178.89,0.0,766.28,Open
SO-007735,CUST-0216,2026-06-27,15470,7735,20,ACT-0058,200,9.0,0.0,565.22,0.02,360.61,Open
SO-008991,CUST-0208,2026-06-27,17981,8991,10,SYS-0013,100,22.0,0.0,1248.97,0.02,871.78,Open
SO-008991,CUST-0208,2026-06-27,17982,8991,20,SYS-0024,300,33.0,0.0,8372.36,0.035,5743.44,Open
SO-009652,CUST-0165,2026-06-27,19303,9652,10,SYS-0004,300,2.0,0.0,418.26,0.035,271.87,Open
SO-009652,CUST-0165,2026-06-27,19304,9652,20,SYS-0015,100,4.0,0.0,8624.7,0.05,5502.56,Open
SO-000250,CUST-0171,2026-06-28,499,250,10,ACT-0012,200,55.0,0.0,505.65,0.0,310.47,Open
SO-000250,CUST-0171,2026-06-28,500,250,20,ACT-0023,100,2.0,0.0,3256.66,0.02,2312.23,Open
SO-003205,CUST-0006,2026-06-28,6409,3205,10,AFT-0057,300,2.0,0.0,901.75,0.0,618.6,Open
SO-003205,CUST-0006,2026-06-28,6410,3205,20,CTL-0008,300,4.0,0.0,1054.6,0.02,710.8,Open
SO-003866,CUST-0203,2026-06-28,7731,3866,10,AFT-0048,300,13.0,0.0,4066.13,0.02,2594.19,Open
SO-003866,CUST-0203,2026-06-28,7732,3866,20,AFT-0059,100,22.0,0.0,431.45,0.035,270.09,Open
SO-005565,CUST-0046,2026-06-28,11129,5565,10,ACT-0027,100,4.0,0.0,4196.06,0.0,2777.79,Open
SO-005565,CUST-0046,2026-06-28,11130,5565,20,ACT-0038,200,9.0,0.0,650.74,0.02,422.98,Open
SO-006226,CUST-0003,2026-06-28,12451,6226,10,ACT-0018,200,22.0,0.0,1716.38,0.02,1053.86,Open
SO-006226,CUST-0003,2026-06-28,12452,6226,20,ACT-0029,100,33.0,0.0,1300.37,0.035,923.26,Open
SO-006821,CUST-0038,2026-06-28,13641,6821,10,DRV-0053,100,22.0,0.0,3515.38,0.02,2495.92,Open
SO-006821,CUST-0038,2026-06-28,13642,6821,20,SYS-0004,300,33.0,0.0,389.5,0.035,271.87,Open
SO-007482,CUST-0235,2026-06-28,14963,7482,10,DRV-0044,200,2.0,0.0,330.88,0.035,219.04,Open
SO-007482,CUST-0235,2026-06-28,14964,7482,20,DRV-0055,100,4.0,0.0,8308.35,0.05,5400.43,Open
SO-009181,CUST-0078,2026-06-28,18361,9181,10,CTL-0003,300,33.0,0.0,2580.39,0.02,1770.15,Open
SO-009181,CUST-0078,2026-06-28,18362,9181,20,CTL-0014,300,55.0,0.0,558.34,0.035,376.32,Open
SO-009842,CUST-0035,2026-06-28,19683,9842,10,AFT-0054,300,4.0,0.0,436.83,0.035,278.7,Open
SO-009842,CUST-0035,2026-06-28,19684,9842,20,CTL-0005,300,9.0,0.0,1701.21,0.05,1064.96,Open
SO-000374,CUST-0119,2026-06-29,747,374,10,AFT-0046,100,22.0,0.0,1040.99,0.0,664.15,Open
SO-000374,CUST-0119,2026-06-29,748,374,20,AFT-0057,300,33.0,0.0,988.18,0.0,618.6,Open
SO-001035,CUST-0076,2026-06-29,2069,1035,10,AFT-0037,100,2.0,0.0,4408.81,0.0,3077.35,Open
SO-001035,CUST-0076,2026-06-29,2070,1035,20,AFT-0048,300,4.0,0.0,3781.62,0.02,2594.19,Open
SO-001696,CUST-0033,2026-06-29,3391,1696,10,AFT-0028,100,13.0,0.0,538.09,0.02,349.76,Open
SO-001696,CUST-0033,2026-06-29,3392,1696,20,AFT-0039,300,22.0,0.0,13406.58,0.035,8553.4,Open
SO-002734,CUST-0159,2026-06-29,5467,2734,10,ACT-0016,200,33.0,0.0,353.81,0.0,217.24,Open
SO-002734,CUST-0159,2026-06-29,5468,2734,20,ACT-0027,100,55.0,0.0,3912.38,0.0,2777.79,Open
SO-003395,CUST-0116,2026-06-29,6789,3395,10,ACT-0007,100,4.0,0.0,4104.93,0.0,2766.72,Open
SO-003395,CUST-0116,2026-06-29,6790,3395,20,ACT-0018,200,9.0,0.0,1591.93,0.02,1053.86,Open
SO-004056,CUST-0073,2026-06-29,8111,4056,10,SYS-0028,300,22.0,0.0,3375.64,0.02,2113.15,Open
SO-004056,CUST-0073,2026-06-29,8112,4056,20,ACT-0009,100,33.0,0.0,592.98,0.035,364.09,Open
SO-005312,CUST-0065,2026-06-29,10623,5312,10,DRV-0024,200,2.0,0.0,2411.9,0.035,1625.62,Open
SO-005312,CUST-0065,2026-06-29,10624,5312,20,DRV-0035,100,4.0,0.0,1365.74,0.05,904.12,Open
SO-006350,CUST-0191,2026-06-29,12699,6350,10,AFT-0052,100,9.0,0.0,494.7,0.0,315.62,Open
SO-006350,CUST-0191,2026-06-29,12700,6350,20,CTL-0003,300,13.0,0.0,2827.72,0.02,1770.15,Open
SO-007011,CUST-0148,2026-06-29,14021,7011,10,AFT-0043,100,33.0,0.0,1005.33,0.02,701.72,Open
SO-007011,CUST-0148,2026-06-29,14022,7011,20,AFT-0054,300,55.0,0.0,406.27,0.035,278.7,Open
SO-007672,CUST-0105,2026-06-29,15343,7672,10,AFT-0034,100,4.0,0.0,771.0,0.035,501.15,Open
SO-007672,CUST-0105,2026-06-29,15344,7672,20,AFT-0045,300,9.0,0.0,1996.58,0.05,1273.82,Open
SO-008710,CUST-0231,2026-06-29,17419,8710,10,ACT-0022,200,13.0,0.0,1613.03,0.0,990.4,Open
SO-008710,CUST-0231,2026-06-29,17420,8710,20,ACT-0033,100,22.0,0.0,1862.2,0.02,1322.16,Open
SO-009966,CUST-0223,2026-06-29,19931,9966,10,DRV-0048,200,55.0,0.0,1383.76,0.02,916.05,Open
SO-009966,CUST-0223,2026-06-29,19932,9966,20,DRV-0059,100,2.0,0.0,6286.57,0.035,4086.27,Open
SO-000564,CUST-0229,2026-06-30,1127,564,10,SYS-0026,300,33.0,0.0,2239.15,0.0,1401.71,Open
SO-000564,CUST-0229,2026-06-30,1128,564,20,ACT-0007,100,55.0,0.0,4506.06,0.0,2766.72,Open
SO-001225,CUST-0186,2026-06-30,2449,1225,10,SYS-0017,100,4.0,0.0,4183.88,0.0,2870.14,Open
SO-001225,CUST-0186,2026-06-30,2450,1225,20,SYS-0028,300,9.0,0.0,3135.24,0.02,2113.15,Open
SO-002263,CUST-0072,2026-06-30,4525,2263,10,DRV-0005,100,13.0,0.0,1788.82,0.05,1162.73,Open
SO-002263,CUST-0072,2026-06-30,4526,2263,20,DRV-0016,200,22.0,0.0,598.43,0.0,381.8,Open
SO-003519,CUST-0064,2026-06-30,7037,3519,10,AFT-0041,100,55.0,0.0,1666.22,0.0,1163.02,Open
SO-003519,CUST-0064,2026-06-30,7038,3519,20,AFT-0052,100,2.0,0.0,460.09,0.0,315.62,Open
SO-004180,CUST-0021,2026-06-30,8359,4180,10,AFT-0032,100,9.0,0.0,1023.22,0.0,665.09,Open
SO-004180,CUST-0021,2026-06-30,8360,4180,20,AFT-0043,100,13.0,0.0,1099.87,0.02,701.72,Open
SO-004841,CUST-0218,2026-06-30,9681,4841,10,AFT-0023,100,33.0,0.0,384.76,0.02,273.18,Open
SO-004841,CUST-0218,2026-06-30,9682,4841,20,AFT-0034,100,55.0,0.0,717.98,0.035,501.15,Open
SO-005879,CUST-0104,2026-06-30,11757,5879,10,ACT-0011,100,2.0,0.0,618.09,0.0,416.59,Open
SO-005879,CUST-0104,2026-06-30,11758,5879,20,ACT-0022,200,4.0,0.0,1496.07,0.0,990.4,Open
SO-006540,CUST-0061,2026-06-30,13079,6540,10,ACT-0002,200,13.0,0.0,636.49,0.0,398.44,Open
SO-006540,CUST-0061,2026-06-30,13080,6540,20,ACT-0013,100,22.0,0.0,605.52,0.02,371.79,Open
SO-007201,CUST-0018,2026-06-30,14401,7201,10,SYS-0023,100,55.0,0.0,3402.19,0.02,2333.9,Open
SO-007201,CUST-0018,2026-06-30,14402,7201,20,ACT-0004,200,2.0,0.0,301.07,0.035,202.92,Open
SO-007796,CUST-0053,2026-06-30,15591,7796,10,DRV-0028,200,55.0,0.0,3499.54,0.02,2358.69,Open
SO-007796,CUST-0053,2026-06-30,15592,7796,20,DRV-0039,100,2.0,0.0,581.96,0.035,385.26,Open
SO-008457,CUST-0010,2026-06-30,16913,8457,10,DRV-0019,100,9.0,0.0,2243.75,0.035,1404.59,Open
SO-008457,CUST-0010,2026-06-30,16914,8457,20,DRV-0030,200,13.0,0.0,729.2,0.05,447.73,Open
SO-009495,CUST-0136,2026-06-30,18989,9495,10,AFT-0047,100,22.0,0.0,2688.34,0.0,1876.46,Open
SO-009495,CUST-0136,2026-06-30,18990,9495,20,AFT-0058,100,33.0,0.0,362.38,0.02,248.59,Open
SO-000093,CUST-0142,2026-07-01,185,93,10,CTL-0025,300,13.0,0.0,1873.93,0.05,1240.54,Open
SO-000093,CUST-0142,2026-07-01,186,93,20,CTL-0036,300,22.0,0.0,5777.32,0.0,3755.26,Open
SO-000754,CUST-0099,2026-07-01,1507,754,10,CTL-0016,300,55.0,0.0,444.71,0.0,273.05,Open
SO-000754,CUST-0099,2026-07-01,1508,754,20,CTL-0027,300,2.0,0.0,1481.93,0.0,1052.17,Open
SO-001349,CUST-0134,2026-07-01,2697,1349,10,AFT-0021,300,55.0,0.0,556.66,0.0,395.23,Open
SO-001349,CUST-0134,2026-07-01,2698,1349,20,AFT-0032,100,2.0,0.0,952.85,0.0,665.09,Open
SO-002010,CUST-0091,2026-07-01,4019,2010,10,AFT-0012,300,9.0,0.0,1517.36,0.0,1004.49,Open
SO-002010,CUST-0091,2026-07-01,4020,2010,20,AFT-0023,100,13.0,0.0,420.28,0.02,273.18,Open
SO-003709,CUST-0174,2026-07-01,7417,3709,10,SYS-0021,100,2.0,0.0,2822.04,0.0,1935.92,Open
SO-003709,CUST-0174,2026-07-01,7418,3709,20,ACT-0002,200,4.0,0.0,591.16,0.0,398.44,Open
SO-004370,CUST-0131,2026-07-01,8739,4370,10,SYS-0012,300,13.0,0.0,853.29,0.0,544.4,Open
SO-004370,CUST-0131,2026-07-01,8740,4370,20,SYS-0023,100,22.0,0.0,3728.27,0.02,2333.9,Open
SO-007325,CUST-0206,2026-07-01,14649,7325,10,AFT-0027,300,22.0,0.0,462.06,0.0,328.06,Open
SO-007325,CUST-0206,2026-07-01,14650,7325,20,AFT-0038,100,33.0,0.0,1947.82,0.02,1359.58,Open
SO-007986,CUST-0163,2026-07-01,15971,7986,10,AFT-0018,300,2.0,0.0,881.68,0.02,583.67,Open
SO-007986,CUST-0163,2026-07-01,15972,7986,20,AFT-0029,100,4.0,0.0,674.37,0.035,438.34,Open
SO-009685,CUST-0006,2026-07-01,19369,9685,10,SYS-0027,100,33.0,0.0,1458.53,0.0,1000.55,Open
SO-009685,CUST-0006,2026-07-01,19370,9685,20,ACT-0008,200,55.0,0.0,337.97,0.02,227.79,Open
SO-000878,CUST-0047,2026-07-02,1755,878,10,SYS-0010,300,22.0,0.0,1594.91,0.05,1017.55,Open
SO-000878,CUST-0047,2026-07-02,1756,878,20,SYS-0021,100,33.0,0.0,3092.52,0.0,1935.92,Open
SO-001539,CUST-0004,2026-07-02,3077,1539,10,SYS-0001,100,2.0,0.0,693.81,0.0,484.28,Open
SO-001539,CUST-0004,2026-07-02,3078,1539,20,SYS-0012,300,4.0,0.0,793.59,0.0,544.4,Open
SO-002200,CUST-0201,2026-07-02,4399,2200,10,DRV-0052,200,13.0,0.0,1997.12,0.0,1298.13,Open
SO-002200,CUST-0201,2026-07-02,4400,2200,20,SYS-0003,100,22.0,0.0,1238.21,0.02,789.98,Open
SO-003238,CUST-0087,2026-07-02,6475,3238,10,CTL-0020,300,33.0,0.0,1119.06,0.05,687.1,Open
SO-003238,CUST-0087,2026-07-02,6476,3238,20,CTL-0031,300,55.0,0.0,2752.62,0.0,1954.36,Open
SO-004494,CUST-0079,2026-07-02,8987,4494,10,AFT-0016,100,4.0,0.0,2555.3,0.0,1691.61,Open
SO-004494,CUST-0079,2026-07-02,8988,4494,20,AFT-0027,300,9.0,0.0,504.71,0.0,328.06,Open
SO-005155,CUST-0036,2026-07-02,10309,5155,10,AFT-0007,100,22.0,0.0,482.02,0.0,295.96,Open
SO-005155,CUST-0036,2026-07-02,10310,5155,20,AFT-0018,300,33.0,0.0,822.07,0.02,583.67,Open
SO-005816,CUST-0233,2026-07-02,11631,5816,10,ACT-0058,200,2.0,0.0,535.03,0.02,360.61,Open
SO-005816,CUST-0233,2026-07-02,11632,5816,20,AFT-0009,300,4.0,0.0,940.73,0.035,622.76,Open
SO-006854,CUST-0119,2026-07-02,13707,6854,10,SYS-0016,300,9.0,0.0,3169.61,0.0,2022.21,Open
SO-006854,CUST-0119,2026-07-02,13708,6854,20,SYS-0027,100,13.0,0.0,1598.32,0.0,1000.55,Open
SO-007515,CUST-0076,2026-07-02,15029,7515,10,SYS-0007,100,33.0,0.0,1289.5,0.0,900.07,Open
SO-007515,CUST-0076,2026-07-02,15030,7515,20,SYS-0018,300,55.0,0.0,920.41,0.02,631.4,Open
SO-008176,CUST-0033,2026-07-02,16351,8176,10,DRV-0058,200,4.0,0.0,3117.97,0.02,2026.68,Open
SO-008176,CUST-0033,2026-07-02,16352,8176,20,SYS-0009,100,9.0,0.0,862.18,0.035,550.07,Open
SO-008771,CUST-0068,2026-07-02,17541,8771,10,DRV-0003,100,4.0,0.0,3087.24,0.02,1969.66,Open
SO-008771,CUST-0068,2026-07-02,17542,8771,20,DRV-0014,200,9.0,0.0,1560.46,0.035,976.85,Open
SO-009432,CUST-0025,2026-07-02,18863,9432,10,CTL-0034,300,22.0,0.0,2788.77,0.035,1946.56,Open
SO-009432,CUST-0025,2026-07-02,18864,9432,20,DRV-0005,100,33.0,0.0,1694.94,0.05,1162.73,Open
SO-000407,CUST-0200,2026-07-03,813,407,10,CTL-0009,300,9.0,0.0,2174.48,0.035,1465.6,Open
SO-000407,CUST-0200,2026-07-03,814,407,20,CTL-0020,300,13.0,0.0,1037.92,0.05,687.1,Open
SO-001068,CUST-0157,2026-07-03,2135,1068,10,AFT-0060,300,33.0,0.0,609.94,0.05,381.82,Open
SO-001068,CUST-0157,2026-07-03,2136,1068,20,CTL-0011,300,55.0,0.0,4636.68,0.0,2846.92,Open
SO-001729,CUST-0114,2026-07-03,3457,1729,10,AFT-0051,300,4.0,0.0,1958.91,0.0,1343.81,Open
SO-001729,CUST-0114,2026-07-03,3458,1729,20,CTL-0002,300,9.0,0.0,1631.34,0.0,1099.52,Open
SO-002324,CUST-0149,2026-07-03,4647,2324,10,ACT-0056,200,4.0,0.0,917.77,0.0,618.58,Open
SO-002324,CUST-0149,2026-07-03,4648,2324,20,AFT-0007,100,9.0,0.0,447.07,0.0,295.96,Open
SO-002985,CUST-0106,2026-07-03,5969,2985,10,ACT-0047,100,22.0,0.0,1224.09,0.0,766.28,Open
SO-002985,CUST-0106,2026-07-03,5970,2985,20,ACT-0058,200,33.0,0.0,587.31,0.02,360.61,Open
SO-004023,CUST-0232,2026-07-03,8045,4023,10,SYS-0005,100,55.0,0.0,422.95,0.05,295.22,Open
SO-004023,CUST-0232,2026-07-03,8046,4023,20,SYS-0016,300,2.0,0.0,2947.83,0.0,2022.21,Open
SO-004684,CUST-0189,2026-07-03,9367,4684,10,DRV-0056,200,9.0,0.0,4604.86,0.0,2993.16,Open
SO-004684,CUST-0189,2026-07-03,9368,4684,20,SYS-0007,100,13.0,0.0,1410.77,0.0,900.07,Open
SO-005345,CUST-0146,2026-07-03,10689,5345,10,DRV-0047,100,33.0,0.0,5260.73,0.0,3735.12,Open
SO-005345,CUST-0146,2026-07-03,10690,5345,20,DRV-0058,200,55.0,0.0,2903.55,0.02,2026.68,Open
SO-006383,CUST-0032,2026-07-03,12765,6383,10,CTL-0015,300,2.0,0.0,749.73,0.05,505.32,Open
SO-006383,CUST-0032,2026-07-03,12766,6383,20,CTL-0026,300,4.0,0.0,1577.6,0.0,1044.37,Open
SO-007639,CUST-0024,2026-07-03,15277,7639,10,AFT-0011,100,13.0,0.0,748.79,0.0,459.76,Open
SO-007639,CUST-0024,2026-07-03,15278,7639,20,AFT-0022,100,22.0,0.0,317.41,0.0,225.36,Open
SO-008300,CUST-0221,2026-07-03,16599,8300,10,AFT-0002,100,55.0,0.0,2426.1,0.0,1635.19,Open
SO-008300,CUST-0221,2026-07-03,16600,8300,20,AFT-0013,100,2.0,0.0,4451.06,0.02,2946.6,Open
SO-008961,CUST-0178,2026-07-03,17921,8961,10,ACT-0053,100,9.0,0.0,731.17,0.02,457.71,Open
SO-008961,CUST-0178,2026-07-03,17922,8961,20,AFT-0004,100,13.0,0.0,3491.29,0.035,2143.65,Open
SO-009999,CUST-0064,2026-07-03,19997,9999,10,SYS-0011,100,22.0,0.0,1462.02,0.0,1020.49,Open
SO-009999,CUST-0064,2026-07-03,19998,9999,20,SYS-0022,300,33.0,0.0,7237.9,0.0,4965.2,Open
SO-001853,CUST-0062,2026-07-04,3705,1853,10,DRV-0045,100,55.0,0.0,533.52,0.05,378.8,Open
SO-001853,CUST-0062,2026-07-04,3706,1853,20,DRV-0056,200,2.0,0.0,4288.19,0.0,2993.16,Open
SO-002514,CUST-0019,2026-07-04,5027,2514,10,DRV-0036,200,9.0,0.0,2261.6,0.0,1497.18,Open
SO-002514,CUST-0019,2026-07-04,5028,2514,20,DRV-0047,100,13.0,0.0,5746.34,0.0,3735.12,Open
SO-004213,CUST-0102,2026-07-04,8425,4213,10,AFT-0055,100,2.0,0.0,410.19,0.05,281.39,Open
SO-004213,CUST-0102,2026-07-04,8426,4213,20,CTL-0006,300,4.0,0.0,2386.35,0.0,1608.4,Open
SO-005469,CUST-0094,2026-07-04,10937,5469,10,ACT-0051,100,13.0,0.0,7268.85,0.0,4550.3,Open
SO-005469,CUST-0094,2026-07-04,10938,5469,20,AFT-0002,100,22.0,0.0,2663.18,0.0,1635.19,Open
SO-006130,CUST-0051,2026-07-04,12259,6130,10,ACT-0042,200,55.0,0.0,938.02,0.0,643.48,Open
SO-006130,CUST-0051,2026-07-04,12260,6130,20,ACT-0053,100,2.0,0.0,679.09,0.02,457.71,Open
SO-007829,CUST-0134,2026-07-04,15657,7829,10,DRV-0051,100,22.0,0.0,4454.89,0.0,3162.97,Open
SO-007829,CUST-0134,2026-07-04,15658,7829,20,SYS-0002,300,33.0,0.0,1753.15,0.0,1223.7,Open
SO-008490,CUST-0091,2026-07-04,16979,8490,10,DRV-0042,200,2.0,0.0,618.64,0.0,409.54,Open
SO-008490,CUST-0091,2026-07-04,16980,8490,20,DRV-0053,100,4.0,0.0,3839.88,0.02,2495.92,Open
SO-009746,CUST-0083,2026-07-04,19491,9746,10,CTL-0018,300,13.0,0.0,964.87,0.02,685.06,Open
SO-009746,CUST-0083,2026-07-04,19492,9746,20,CTL-0029,300,22.0,0.0,1068.95,0.035,746.13,Open
SO-000344,CUST-0089,2026-07-05,687,344,10,DRV-0016,200,9.0,0.0,566.47,0.0,381.8,Open
SO-000344,CUST-0089,2026-07-05,688,344,20,DRV-0027,100,13.0,0.0,1765.48,0.0,1168.75,Open
SO-001382,CUST-0215,2026-07-05,2763,1382,10,AFT-0044,100,22.0,0.0,1570.78,0.035,1002.16,Open
SO-001382,CUST-0215,2026-07-05,2764,1382,20,AFT-0055,100,33.0,0.0,449.5,0.05,281.39,Open
SO-002043,CUST-0172,2026-07-05,4085,2043,10,AFT-0035,100,2.0,0.0,3284.4,0.05,2292.51,Open
SO-002043,CUST-0172,2026-07-05,4086,2043,20,AFT-0046,100,4.0,0.0,968.15,0.0,664.15,Open
SO-002704,CUST-0129,2026-07-05,5407,2704,10,AFT-0026,100,13.0,0.0,299.32,0.0,194.56,Open
SO-002704,CUST-0129,2026-07-05,5408,2704,20,AFT-0037,100,22.0,0.0,4823.43,0.0,3077.35,Open
SO-003299,CUST-0164,2026-07-05,6597,3299,10,ACT-0031,100,13.0,0.0,3954.62,0.0,2523.05,Open
SO-003299,CUST-0164,2026-07-05,6598,3299,20,ACT-0042,200,22.0,0.0,1027.92,0.0,643.48,Open
SO-003960,CUST-0121,2026-07-05,7919,3960,10,ACT-0022,200,55.0,0.0,1418.91,0.0,990.4,Open
SO-003960,CUST-0121,2026-07-05,7920,3960,20,ACT-0033,100,2.0,0.0,1927.35,0.02,1322.16,Open
SO-004998,CUST-0007,2026-07-05,9995,4998,10,DRV-0040,200,4.0,0.0,330.77,0.05,218.97,Open
SO-004998,CUST-0007,2026-07-05,9996,4998,20,DRV-0051,100,9.0,0.0,4866.11,0.0,3162.97,Open
SO-005659,CUST-0204,2026-07-05,11317,5659,10,DRV-0031,100,22.0,0.0,2268.7,0.0,1392.98,Open
SO-005659,CUST-0204,2026-07-05,11318,5659,20,DRV-0042,200,33.0,0.0,576.82,0.0,409.54,Open
SO-006320,CUST-0161,2026-07-05,12639,6320,10,DRV-0022,200,2.0,0.0,6229.99,0.0,4199.01,Open
SO-006320,CUST-0161,2026-07-05,12640,6320,20,DRV-0033,100,4.0,0.0,1699.24,0.02,1124.9,Open
SO-007358,CUST-0047,2026-07-05,14715,7358,10,AFT-0050,100,9.0,0.0,3873.53,0.05,2471.31,Open
SO-007358,CUST-0047,2026-07-05,14716,7358,20,CTL-0001,300,13.0,0.0,3476.49,0.0,2176.28,Open
SO-008614,CUST-0039,2026-07-05,17227,8614,10,ACT-0046,200,33.0,0.0,792.11,0.0,543.39,Open
SO-008614,CUST-0039,2026-07-05,17228,8614,20,ACT-0057,100,55.0,0.0,3889.48,0.0,2621.51,Open
SO-009275,CUST-0236,2026-07-05,18549,9275,10,ACT-0037,100,4.0,0.0,5942.57,0.0,3791.36,Open
SO-009275,CUST-0236,2026-07-05,18550,9275,20,ACT-0048,200,9.0,0.0,612.48,0.02,383.41,Open
SO-009936,CUST-0193,2026-07-05,19871,9936,10,ACT-0028,200,22.0,0.0,305.99,0.02,213.58,Open
SO-009936,CUST-0193,2026-07-05,19872,9936,20,ACT-0039,100,33.0,0.0,1107.7,0.035,759.88,Open
SO-000911,CUST-0128,2026-07-06,1821,911,10,ACT-0003,100,9.0,0.0,2964.85,0.02,1998.31,Open
SO-000911,CUST-0128,2026-07-06,1822,911,20,ACT-0014,200,13.0,0.0,822.46,0.035,544.47,Open
SO-002167,CUST-0120,2026-07-06,4333,2167,10,DRV-0029,100,33.0,0.0,2633.79,0.035,1617.15,Open
SO-002167,CUST-0120,2026-07-06,4334,2167,20,DRV-0040,200,55.0,0.0,308.41,0.05,218.97,Open
SO-002828,CUST-0077,2026-07-06,5655,2828,10,DRV-0020,200,4.0,0.0,1419.58,0.05,956.8,Open
SO-002828,CUST-0077,2026-07-06,5656,2828,20,DRV-0031,100,9.0,0.0,2104.2,0.0,1392.98,Open
SO-003489,CUST-0034,2026-07-06,6977,3489,10,DRV-0011,100,22.0,0.0,1315.3,0.0,823.38,Open
SO-003489,CUST-0034,2026-07-06,6978,3489,20,DRV-0022,200,33.0,0.0,6838.78,0.0,4199.01,Open
SO-004527,CUST-0160,2026-07-06,9053,4527,10,AFT-0039,300,55.0,0.0,12254.15,0.035,8553.4,Open
SO-004527,CUST-0160,2026-07-06,9054,4527,20,AFT-0050,100,2.0,0.0,3602.49,0.05,2471.31,Open
SO-005188,CUST-0117,2026-07-06,10375,5188,10,AFT-0030,300,9.0,0.0,526.18,0.05,342.02,Open
SO-005188,CUST-0117,2026-07-06,10376,5188,20,AFT-0041,100,13.0,0.0,1822.92,0.0,1163.02,Open
SO-006444,CUST-0109,2026-07-06,12887,6444,10,ACT-0026,200,33.0,0.0,2369.86,0.0,1654.16,Open
SO-006444,CUST-0109,2026-07-06,12888,6444,20,ACT-0037,100,55.0,0.0,5526.76,0.0,3791.36,Open
SO-007105,CUST-0066,2026-07-06,14209,7105,10,ACT-0017,100,4.0,0.0,973.15,0.0,632.55,Open
SO-007105,CUST-0066,2026-07-06,14210,7105,20,ACT-0028,200,9.0,0.0,334.76,0.02,213.58,Open
SO-008143,CUST-0192,2026-07-06,16285,8143,10,DRV-0035,100,13.0,0.0,1472.51,0.05,904.12,Open
SO-008143,CUST-0192,2026-07-06,16286,8143,20,DRV-0046,200,22.0,0.0,1235.66,0.0,877.32,Open
SO-008804,CUST-0149,2026-07-06,17607,8804,10,DRV-0026,200,55.0,0.0,947.74,0.0,638.78,Open
SO-008804,CUST-0149,2026-07-06,17608,8804,20,DRV-0037,100,2.0,0.0,6751.48,0.0,4469.48,Open
SO-009465,CUST-0106,2026-07-06,18929,9465,10,DRV-0017,100,9.0,0.0,1241.28,0.0,777.04,Open
SO-009465,CUST-0106,2026-07-06,18930,9465,20,DRV-0028,200,13.0,0.0,3841.51,0.02,2358.69,Open
SO-000658,CUST-0147,2026-07-07,1315,658,10,CTL-0040,300,4.0,0.0,5383.95,0.05,3693.39,Open
SO-000658,CUST-0147,2026-07-07,1316,658,20,DRV-0011,100,9.0,0.0,1221.63,0.0,823.38,Open
SO-002357,CUST-0230,2026-07-07,4713,2357,10,AFT-0019,100,55.0,0.0,1084.08,0.035,769.7,Open
SO-002357,CUST-0230,2026-07-07,4714,2357,20,AFT-0030,300,2.0,0.0,490.0,0.05,342.02,Open
SO-003018,CUST-0187,2026-07-07,6035,3018,10,AFT-0010,100,9.0,0.0,335.09,0.05,221.83,Open
SO-003018,CUST-0187,2026-07-07,6036,3018,20,AFT-0021,300,13.0,0.0,608.05,0.0,395.23,Open
SO-004274,CUST-0179,2026-07-07,8547,4274,10,ACT-0006,200,33.0,0.0,734.31,0.0,521.36,Open
SO-004274,CUST-0179,2026-07-07,8548,4274,20,ACT-0017,100,55.0,0.0,906.23,0.0,632.55,Open
SO-005973,CUST-0022,2026-07-07,11945,5973,10,DRV-0015,100,13.0,0.0,1970.81,0.05,1233.73,Open
SO-005973,CUST-0022,2026-07-07,11946,5973,20,DRV-0026,200,22.0,0.0,1040.36,0.0,638.78,Open
SO-006634,CUST-0219,2026-07-07,13267,6634,10,DRV-0006,200,55.0,0.0,2591.5,0.0,1777.77,Open
SO-006634,CUST-0219,2026-07-07,13268,6634,20,DRV-0017,100,2.0,0.0,1152.88,0.0,777.04,Open
SO-008333,CUST-0062,2026-07-07,16665,8333,10,AFT-0025,100,22.0,0.0,670.21,0.05,475.85,Open
SO-008333,CUST-0062,2026-07-07,16666,8333,20,AFT-0036,300,33.0,0.0,1361.92,0.0,950.62,Open
SO-009589,CUST-0054,2026-07-07,19177,9589,10,ACT-0021,100,2.0,0.0,1427.88,0.0,928.12,Open
SO-009589,CUST-0054,2026-07-07,19178,9589,20,ACT-0032,200,4.0,0.0,364.7,0.0,232.68,Open
SO-000187,CUST-0060,2026-07-08,373,187,10,ACT-0059,100,55.0,0.0,1401.95,0.035,860.8,Open
SO-000187,CUST-0060,2026-07-08,374,187,20,AFT-0010,100,2.0,0.0,312.44,0.05,221.83,Open
SO-000848,CUST-0017,2026-07-08,1695,848,10,ACT-0050,200,9.0,0.0,1582.57,0.05,1066.65,Open
SO-000848,CUST-0017,2026-07-08,1696,848,20,AFT-0001,100,13.0,0.0,2606.03,0.0,1725.19,Open
SO-001886,CUST-0143,2026-07-08,3771,1886,10,SYS-0008,300,22.0,0.0,341.69,0.02,218.0,Open
SO-001886,CUST-0143,2026-07-08,3772,1886,20,SYS-0019,100,33.0,0.0,2872.41,0.035,1798.13,Open
SO-003142,CUST-0135,2026-07-08,6283,3142,10,DRV-0004,200,2.0,0.0,1116.98,0.035,766.25,Open
SO-003142,CUST-0135,2026-07-08,6284,3142,20,DRV-0015,100,4.0,0.0,1830.46,0.05,1233.73,Open
SO-003803,CUST-0092,2026-07-08,7605,3803,10,CTL-0035,300,13.0,0.0,4834.87,0.05,3084.65,Open
SO-003803,CUST-0092,2026-07-08,7606,3803,20,DRV-0006,200,22.0,0.0,2839.89,0.0,1777.77,Open
SO-004464,CUST-0049,2026-07-08,8927,4464,10,CTL-0026,300,55.0,0.0,1496.23,0.0,1044.37,Open
SO-004464,CUST-0049,2026-07-08,8928,4464,20,CTL-0037,300,2.0,0.0,6314.11,0.0,4331.48,Open
SO-005502,CUST-0175,2026-07-08,11003,5502,10,AFT-0014,100,4.0,0.0,1413.9,0.035,936.0,Open
SO-005502,CUST-0175,2026-07-08,11004,5502,20,AFT-0025,100,9.0,0.0,732.08,0.05,475.85,Open
SO-006163,CUST-0132,2026-07-08,12325,6163,10,AFT-0005,100,22.0,0.0,3802.8,0.05,2334.92,Open
SO-006163,CUST-0132,2026-07-08,12326,6163,20,AFT-0016,100,33.0,0.0,2382.55,0.0,1691.61,Open
SO-007419,CUST-0124,2026-07-08,14837,7419,10,ACT-0001,100,2.0,0.0,3587.84,0.0,2375.15,Open
SO-007419,CUST-0124,2026-07-08,14838,7419,20,ACT-0012,200,4.0,0.0,477.65,0.0,310.47,Open
SO-008080,CUST-0081,2026-07-08,16159,8080,10,SYS-0022,300,13.0,0.0,8086.64,0.0,4965.2,Open
SO-008080,CUST-0081,2026-07-08,16160,8080,20,ACT-0003,100,22.0,0.0,2814.52,0.02,1998.31,Open
SO-009118,CUST-0207,2026-07-08,18235,9118,10,DRV-0010,200,33.0,0.0,531.22,0.05,364.42,Open
SO-009118,CUST-0207,2026-07-08,18236,9118,20,DRV-0021,100,55.0,0.0,1522.31,0.0,1026.04,Open
SO-009779,CUST-0164,2026-07-08,19557,9779,10,DRV-0001,100,4.0,0.0,1689.64,0.0,1077.99,Open
SO-009779,CUST-0164,2026-07-08,19558,9779,20,DRV-0012,200,9.0,0.0,377.41,0.0,236.26,Open
SO-000377,CUST-0170,2026-07-09,753,377,10,DRV-0039,100,2.0,0.0,542.62,0.035,385.26,Open
SO-000377,CUST-0170,2026-07-09,754,377,20,DRV-0050,200,4.0,0.0,4494.68,0.05,3137.29,Open
SO-000972,CUST-0205,2026-07-09,1943,972,10,CTL-0024,300,2.0,0.0,1120.64,0.035,782.21,Open
SO-000972,CUST-0205,2026-07-09,1944,972,20,CTL-0035,300,4.0,0.0,4496.57,0.05,3084.65,Open
SO-001633,CUST-0162,2026-07-09,3265,1633,10,CTL-0015,300,13.0,0.0,777.42,0.05,505.32,Open
SO-001633,CUST-0162,2026-07-09,3266,1633,20,CTL-0026,300,22.0,0.0,1636.94,0.0,1044.37,Open
SO-002671,CUST-0048,2026-07-09,5341,2671,10,AFT-0003,300,33.0,0.0,7351.86,0.02,4514.04,Open
SO-002671,CUST-0048,2026-07-09,5342,2671,20,AFT-0014,100,55.0,0.0,1318.31,0.035,936.0,Open
SO-003332,CUST-0005,2026-07-09,6663,3332,10,ACT-0054,200,4.0,0.0,5674.45,0.035,3824.58,Open
SO-003332,CUST-0005,2026-07-09,6664,3332,20,AFT-0005,100,9.0,0.0,3527.07,0.05,2334.92,Open
SO-003993,CUST-0202,2026-07-09,7985,3993,10,ACT-0045,100,22.0,0.0,498.37,0.05,311.98,Open
SO-003993,CUST-0202,2026-07-09,7986,3993,20,ACT-0056,200,33.0,0.0,1007.46,0.0,618.58,Open
SO-005031,CUST-0088,2026-07-09,10061,5031,10,SYS-0003,100,55.0,0.0,1131.78,0.02,789.98,Open
SO-005031,CUST-0088,2026-07-09,10062,5031,20,SYS-0014,300,2.0,0.0,1234.78,0.035,847.06,Open
SO-005249,CUST-0194,2026-07-09,10497,5249,10,SYS-0011,100,2.0,0.0,1514.08,0.0,1020.49,Open
SO-005249,CUST-0194,2026-07-09,10498,5249,20,SYS-0022,300,4.0,0.0,7500.3,0.0,4965.2,Open
SO-006287,CUST-0080,2026-07-09,12573,6287,10,CTL-0039,300,9.0,0.0,2952.62,0.035,1883.77,Open
SO-006287,CUST-0080,2026-07-09,12574,6287,20,DRV-0010,200,13.0,0.0,582.14,0.05,364.42,Open
SO-006948,CUST-0037,2026-07-09,13895,6948,10,CTL-0030,300,33.0,0.0,4195.62,0.05,2928.54,Open
SO-006948,CUST-0037,2026-07-09,13896,6948,20,DRV-0001,100,55.0,0.0,1571.41,0.0,1077.99,Open
SO-007609,CUST-0234,2026-07-09,15217,7609,10,CTL-0021,300,4.0,0.0,1306.54,0.0,849.25,Open
SO-007609,CUST-0234,2026-07-09,15218,7609,20,CTL-0032,300,9.0,0.0,3053.2,0.0,1947.94,Open
SO-008647,CUST-0120,2026-07-09,17293,8647,10,AFT-0009,300,13.0,0.0,1014.27,0.035,622.76,Open
SO-008647,CUST-0120,2026-07-09,17294,8647,20,AFT-0020,100,22.0,0.0,1103.93,0.05,783.79,Open
SO-009308,CUST-0077,2026-07-09,18615,9308,10,ACT-0060,200,55.0,0.0,323.46,0.05,218.01,Open
SO-009308,CUST-0077,2026-07-09,18616,9308,20,AFT-0011,100,2.0,0.0,694.5,0.0,459.76,Open
SO-000501,CUST-0118,2026-07-10,1001,501,10,ACT-0043,100,33.0,0.0,798.32,0.02,499.75,Open
SO-000501,CUST-0118,2026-07-10,1002,501,20,ACT-0054,200,55.0,0.0,6228.96,0.035,3824.58,Open
SO-001162,CUST-0075,2026-07-10,2323,1162,10,ACT-0034,200,4.0,0.0,493.73,0.035,338.7,Open
SO-001162,CUST-0075,2026-07-10,2324,1162,20,ACT-0045,100,9.0,0.0,462.88,0.05,311.98,Open
SO-002861,CUST-0158,2026-07-10,5721,2861,10,DRV-0043,100,55.0,0.0,819.27,0.02,581.68,Open
SO-002861,CUST-0158,2026-07-10,5722,2861,20,DRV-0054,200,2.0,0.0,3422.74,0.035,2389.07,Open
SO-004117,CUST-0150,2026-07-10,8233,4117,10,CTL-0019,300,9.0,0.0,1552.09,0.035,1008.86,Open
SO-004117,CUST-0150,2026-07-10,8234,4117,20,CTL-0030,300,13.0,0.0,4590.19,0.05,2928.54,Open
SO-004778,CUST-0107,2026-07-10,9555,4778,10,CTL-0010,300,33.0,0.0,4002.1,0.05,2841.49,Open
SO-004778,CUST-0107,2026-07-10,9556,4778,20,CTL-0021,300,55.0,0.0,1216.69,0.0,849.25,Open
SO-006477,CUST-0190,2026-07-10,12953,6477,10,ACT-0049,100,13.0,0.0,1326.36,0.035,830.3,Open
SO-006477,CUST-0190,2026-07-10,12954,6477,20,ACT-0060,200,22.0,0.0,355.07,0.05,218.01,Open
SO-007138,CUST-0147,2026-07-10,14275,7138,10,ACT-0040,200,55.0,0.0,291.28,0.05,199.82,Open
SO-007138,CUST-0147,2026-07-10,14276,7138,20,ACT-0051,100,2.0,0.0,6751.19,0.0,4550.3,Open
SO-008394,CUST-0139,2026-07-10,16787,8394,10,SYS-0006,300,9.0,0.0,697.46,0.0,436.61,Open
SO-008394,CUST-0139,2026-07-10,16788,8394,20,SYS-0017,100,13.0,0.0,4674.5,0.0,2870.14,Open
SO-000030,CUST-0031,2026-07-11,59,30,10,DRV-0032,200,13.0,0.0,366.87,0.0,242.87,Open
SO-000030,CUST-0031,2026-07-11,60,30,20,DRV-0043,100,22.0,0.0,894.89,0.02,581.68,Open
SO-000691,CUST-0228,2026-07-11,1381,691,10,DRV-0023,100,55.0,0.0,2372.56,0.02,1456.75,Open
SO-000691,CUST-0228,2026-07-11,1382,691,20,DRV-0034,200,2.0,0.0,597.17,0.035,423.99,Open
SO-001352,CUST-0185,2026-07-11,2703,1352,10,DRV-0014,200,9.0,0.0,1449.33,0.035,976.85,Open
SO-001352,CUST-0185,2026-07-11,2704,1352,20,DRV-0025,100,13.0,0.0,3385.0,0.05,2240.87,Open
SO-001947,CUST-0220,2026-07-11,3893,1947,10,AFT-0059,100,9.0,0.0,407.99,0.035,270.09,Open
SO-001947,CUST-0220,2026-07-11,3894,1947,20,CTL-0010,300,13.0,0.0,4371.52,0.05,2841.49,Open
SO-002608,CUST-0177,2026-07-11,5215,2608,10,AFT-0050,100,33.0,0.0,4024.93,0.05,2471.31,Open
SO-002608,CUST-0177,2026-07-11,5216,2608,20,CTL-0001,300,55.0,0.0,3065.18,0.0,2176.28,Open
SO-003646,CUST-0063,2026-07-11,7291,3646,10,ACT-0038,200,2.0,0.0,616.59,0.02,422.98,Open
SO-003646,CUST-0063,2026-07-11,7292,3646,20,ACT-0049,100,4.0,0.0,1231.9,0.035,830.3,Open
SO-004307,CUST-0020,2026-07-11,8613,4307,10,ACT-0029,100,13.0,0.0,1447.12,0.035,923.26,Open
SO-004307,CUST-0020,2026-07-11,8614,4307,20,ACT-0040,200,22.0,0.0,319.2,0.05,199.82,Open
SO-004968,CUST-0217,2026-07-11,9935,4968,10,ACT-0020,200,55.0,0.0,897.13,0.05,626.2,Open
SO-004968,CUST-0217,2026-07-11,9936,4968,20,ACT-0031,100,2.0,0.0,3677.92,0.0,2523.05,Open
SO-006006,CUST-0103,2026-07-11,12011,6006,10,DRV-0038,200,4.0,0.0,822.24,0.02,544.32,Open
SO-006006,CUST-0103,2026-07-11,12012,6006,20,DRV-0049,100,9.0,0.0,1845.83,0.035,1199.79,Open
SO-006224,CUST-0209,2026-07-11,12447,6224,10,DRV-0046,200,9.0,0.0,1375.11,0.0,877.32,Open
SO-006224,CUST-0209,2026-07-11,12448,6224,20,DRV-0057,100,13.0,0.0,6182.4,0.0,3870.18,Open
SO-007262,CUST-0095,2026-07-11,14523,7262,10,CTL-0014,300,22.0,0.0,530.03,0.035,376.32,Open
SO-007262,CUST-0095,2026-07-11,14524,7262,20,CTL-0025,300,33.0,0.0,1777.28,0.05,1240.54,Open
SO-007923,CUST-0052,2026-07-11,15845,7923,10,CTL-0005,300,2.0,0.0,1608.7,0.05,1064.96,Open
SO-007923,CUST-0052,2026-07-11,15846,7923,20,CTL-0016,300,4.0,0.0,420.08,0.0,273.05,Open
SO-008584,CUST-0009,2026-07-11,17167,8584,10,AFT-0056,100,13.0,0.0,628.83,0.0,386.1,Open
SO-008584,CUST-0009,2026-07-11,17168,8584,20,CTL-0007,300,22.0,0.0,3108.42,0.0,2206.98,Open
SO-009622,CUST-0135,2026-07-11,19243,9622,10,ACT-0044,200,33.0,0.0,278.62,0.035,191.13,Open
SO-009622,CUST-0135,2026-07-11,19244,9622,20,ACT-0055,100,55.0,0.0,3167.43,0.05,2134.85,Open
SO-000815,CUST-0176,2026-07-12,1629,815,10,ACT-0027,100,22.0,0.0,4353.9,0.0,2777.79,Open
SO-000815,CUST-0176,2026-07-12,1630,815,20,ACT-0038,200,33.0,0.0,675.69,0.02,422.98,Open
SO-001476,CUST-0133,2026-07-12,2951,1476,10,ACT-0018,200,2.0,0.0,1509.83,0.02,1053.86,Open
SO-001476,CUST-0133,2026-07-12,2952,1476,20,ACT-0029,100,4.0,0.0,1345.86,0.035,923.26,Open
SO-002137,CUST-0090,2026-07-12,4273,2137,10,ACT-0009,100,13.0,0.0,560.14,0.035,364.09,Open
SO-002137,CUST-0090,2026-07-12,4274,2137,20,ACT-0020,200,22.0,0.0,981.5,0.05,626.2,Open
SO-003175,CUST-0216,2026-07-12,6349,3175,10,DRV-0027,100,33.0,0.0,1903.5,0.0,1168.75,Open
SO-003175,CUST-0216,2026-07-12,6350,3175,20,DRV-0038,200,55.0,0.0,766.65,0.02,544.32,Open
SO-003836,CUST-0173,2026-07-12,7671,3836,10,DRV-0018,200,4.0,0.0,2179.14,0.02,1468.74,Open
SO-003836,CUST-0173,2026-07-12,7672,3836,20,DRV-0029,100,9.0,0.0,2442.82,0.035,1617.15,Open
SO-005092,CUST-0165,2026-07-12,10183,5092,10,AFT-0054,300,22.0,0.0,453.91,0.035,278.7,Open
SO-005092,CUST-0165,2026-07-12,10184,5092,20,CTL-0005,300,33.0,0.0,1499.94,0.05,1064.96,Open
SO-005753,CUST-0122,2026-07-12,11505,5753,10,AFT-0045,300,2.0,0.0,1889.94,0.05,1273.82,Open
SO-005753,CUST-0122,2026-07-12,11506,5753,20,AFT-0056,100,4.0,0.0,583.23,0.0,386.1,Open
SO-006791,CUST-0008,2026-07-12,13581,6791,10,ACT-0033,100,9.0,0.0,2072.35,0.02,1322.16,Open
SO-006791,CUST-0008,2026-07-12,13582,6791,20,ACT-0044,200,13.0,0.0,305.32,0.035,191.13,Open
SO-007452,CUST-0205,2026-07-12,14903,7452,10,ACT-0024,200,33.0,0.0,2863.07,0.035,1998.42,Open
SO-007452,CUST-0205,2026-07-12,14904,7452,20,ACT-0035,100,55.0,0.0,2862.77,0.05,1963.86,Open
SO-008113,CUST-0162,2026-07-12,16225,8113,10,ACT-0015,100,4.0,0.0,1653.62,0.05,1074.85,Open
SO-008113,CUST-0162,2026-07-12,16226,8113,20,ACT-0026,200,9.0,0.0,2592.73,0.0,1654.16,Open
SO-009151,CUST-0048,2026-07-12,18301,9151,10,DRV-0033,100,13.0,0.0,1832.08,0.02,1124.9,Open
SO-009151,CUST-0048,2026-07-12,18302,9151,20,DRV-0044,200,22.0,0.0,308.51,0.035,219.04,Open
SO-009369,CUST-0154,2026-07-12,18737,9369,10,DRV-0041,100,22.0,0.0,388.91,0.0,271.46,Open
SO-009369,CUST-0154,2026-07-12,18738,9369,20,DRV-0052,200,33.0,0.0,1892.32,0.0,1298.13,Open
SO-001005,CUST-0046,2026-07-13,2009,1005,10,DRV-0007,100,33.0,0.0,2165.97,0.0,1355.9,Open
SO-001005,CUST-0046,2026-07-13,2010,1005,20,DRV-0018,200,55.0,0.0,2392.08,0.02,1468.74,Open
SO-001666,CUST-0003,2026-07-13,3331,1666,10,CTL-0038,300,4.0,0.0,2373.12,0.02,1627.96,Open
SO-001666,CUST-0003,2026-07-13,3332,1666,20,DRV-0009,100,9.0,0.0,452.24,0.035,304.81,Open
SO-002922,CUST-0235,2026-07-13,5843,2922,10,AFT-0034,100,22.0,0.0,800.56,0.035,501.15,Open
SO-002922,CUST-0235,2026-07-13,5844,2922,20,AFT-0045,300,33.0,0.0,2074.63,0.05,1273.82,Open
SO-004621,CUST-0078,2026-07-13,9241,4621,10,ACT-0013,100,9.0,0.0,571.98,0.02,371.79,Open
SO-004621,CUST-0078,2026-07-13,9242,4621,20,ACT-0024,200,13.0,0.0,3132.32,0.035,1998.42,Open
SO-005282,CUST-0035,2026-07-13,10563,5282,10,ACT-0004,200,33.0,0.0,285.8,0.035,202.92,Open
SO-005282,CUST-0035,2026-07-13,10564,5282,20,ACT-0015,100,55.0,0.0,1539.9,0.05,1074.85,Open
SO-006981,CUST-0118,2026-07-13,13961,6981,10,DRV-0013,100,13.0,0.0,853.4,0.02,534.23,Open
SO-006981,CUST-0118,2026-07-13,13962,6981,20,DRV-0024,200,22.0,0.0,2647.59,0.035,1625.62,Open
SO-008237,CUST-0110,2026-07-13,16473,8237,10,AFT-0049,100,55.0,0.0,1068.16,0.035,719.94,Open
SO-008237,CUST-0110,2026-07-13,16474,8237,20,AFT-0060,300,2.0,0.0,576.77,0.05,381.82,Open
SO-008898,CUST-0067,2026-07-13,17795,8898,10,AFT-0040,100,9.0,0.0,906.47,0.05,567.45,Open
SO-008898,CUST-0067,2026-07-13,17796,8898,20,AFT-0051,300,13.0,0.0,2188.62,0.0,1343.81,Open
SO-000534,CUST-0199,2026-07-14,1067,534,10,AFT-0006,300,13.0,0.0,8693.34,0.0,5754.99,Open
SO-000534,CUST-0199,2026-07-14,1068,534,20,AFT-0017,100,22.0,0.0,2624.45,0.0,1705.89,Open
SO-001790,CUST-0191,2026-07-14,3579,1790,10,ACT-0002,200,55.0,0.0,561.18,0.0,398.44,Open
SO-001790,CUST-0191,2026-07-14,3580,1790,20,ACT-0013,100,2.0,0.0,532.65,0.02,371.79,Open
SO-002451,CUST-0148,2026-07-14,4901,2451,10,SYS-0023,100,9.0,0.0,3525.53,0.02,2333.9,Open
SO-002451,CUST-0148,2026-07-14,4902,2451,20,ACT-0004,200,13.0,0.0,312.18,0.035,202.92,Open
SO-003112,CUST-0105,2026-07-14,6223,3112,10,SYS-0014,300,33.0,0.0,1379.58,0.035,847.06,Open
SO-003112,CUST-0105,2026-07-14,6224,3112,20,SYS-0025,100,55.0,0.0,737.75,0.05,523.8,Open
SO-004150,CUST-0231,2026-07-14,8299,4150,10,DRV-0002,200,2.0,0.0,3310.23,0.0,2270.82,Open
SO-004150,CUST-0231,2026-07-14,8300,4150,20,DRV-0013,100,4.0,0.0,792.63,0.02,534.23,Open
SO-004811,CUST-0188,2026-07-14,9621,4811,10,CTL-0033,300,13.0,0.0,5762.62,0.02,3676.55,Open
SO-004811,CUST-0188,2026-07-14,9622,4811,20,DRV-0004,200,22.0,0.0,1224.04,0.035,766.25,Open
SO-006067,CUST-0180,2026-07-14,12133,6067,10,AFT-0029,100,55.0,0.0,638.98,0.035,438.34,Open
SO-006067,CUST-0180,2026-07-14,12134,6067,20,AFT-0040,100,2.0,0.0,841.91,0.05,567.45,Open
SO-006728,CUST-0137,2026-07-14,13455,6728,10,AFT-0020,100,9.0,0.0,1228.51,0.05,783.79,Open
SO-006728,CUST-0137,2026-07-14,13456,6728,20,AFT-0031,100,13.0,0.0,495.46,0.0,310.16,Open
SO-007766,CUST-0023,2026-07-14,15531,7766,10,ACT-0008,200,22.0,0.0,320.83,0.02,227.79,Open
SO-007766,CUST-0023,2026-07-14,15532,7766,20,ACT-0019,100,33.0,0.0,1789.48,0.035,1249.06,Open
SO-008427,CUST-0220,2026-07-14,16853,8427,10,SYS-0029,100,2.0,0.0,1752.89,0.035,1160.41,Open
SO-008427,CUST-0220,2026-07-14,16854,8427,20,ACT-0010,200,4.0,0.0,3435.95,0.05,2233.37,Open
SO-009088,CUST-0177,2026-07-14,18175,9088,10,SYS-0020,300,13.0,0.0,6434.3,0.05,3950.66,Open
SO-009088,CUST-0177,2026-07-14,18176,9088,20,ACT-0001,100,22.0,0.0,3345.28,0.0,2375.15,Open
SO-000281,CUST-0218,2026-07-15,561,281,10,SYS-0003,100,9.0,0.0,1172.08,0.02,789.98,Open
SO-000281,CUST-0218,2026-07-15,562,281,20,SYS-0014,300,13.0,0.0,1279.55,0.035,847.06,Open
SO-001319,CUST-0104,2026-07-15,2637,1319,10,CTL-0031,300,22.0,0.0,3063.26,0.0,1954.36,Open
SO-001319,CUST-0104,2026-07-15,2638,1319,20,DRV-0002,200,33.0,0.0,3627.51,0.0,2270.82,Open
SO-001980,CUST-0061,2026-07-15,3959,1980,10,CTL-0022,300,2.0,0.0,2965.79,0.0,2070.12,Open
SO-001980,CUST-0061,2026-07-15,3960,1980,20,CTL-0033,300,4.0,0.0,5359.4,0.02,3676.55,Open
SO-002641,CUST-0018,2026-07-15,5281,2641,10,CTL-0013,300,13.0,0.0,414.83,0.02,269.64,Open
SO-002641,CUST-0018,2026-07-15,5282,2641,20,CTL-0024,300,22.0,0.0,1226.03,0.035,782.21,Open
SO-003679,CUST-0144,2026-07-15,7357,3679,10,AFT-0001,100,33.0,0.0,2809.76,0.0,1725.19,Open
SO-003679,CUST-0144,2026-07-15,7358,3679,20,AFT-0012,300,55.0,0.0,1414.77,0.0,1004.49,Open
SO-003897,CUST-0010,2026-07-15,7793,3897,10,AFT-0009,300,55.0,0.0,892.21,0.035,622.76,Open
SO-003897,CUST-0010,2026-07-15,7794,3897,20,AFT-0020,100,2.0,0.0,1142.55,0.05,783.79,Open
SO-004935,CUST-0136,2026-07-15,9869,4935,10,SYS-0027,100,4.0,0.0,1511.4,0.0,1000.55,Open
SO-004935,CUST-0136,2026-07-15,9870,4935,20,ACT-0008,200,9.0,0.0,350.45,0.02,227.79,Open
SO-005596,CUST-0093,2026-07-15,11191,5596,10,SYS-0018,300,22.0,0.0,1028.34,0.02,631.4,Open
SO-005596,CUST-0093,2026-07-15,11192,5596,20,SYS-0029,100,33.0,0.0,1634.38,0.035,1160.41,Open
SO-006257,CUST-0050,2026-07-15,12513,6257,10,SYS-0009,100,2.0,0.0,816.13,0.035,550.07,Open
SO-006257,CUST-0050,2026-07-15,12514,6257,20,SYS-0020,300,4.0,0.0,5967.76,0.05,3950.66,Open
SO-007295,CUST-0176,2026-07-15,14589,7295,10,CTL-0037,300,9.0,0.0,6789.15,0.0,4331.48,Open
SO-007295,CUST-0176,2026-07-15,14590,7295,20,DRV-0008,200,13.0,0.0,415.43,0.02,260.06,Open
SO-007956,CUST-0133,2026-07-15,15911,7956,10,CTL-0028,300,33.0,0.0,3380.16,0.02,2359.35,Open
SO-007956,CUST-0133,2026-07-15,15912,7956,20,CTL-0039,300,55.0,0.0,2746.02,0.035,1883.77,Open
SO-009212,CUST-0125,2026-07-15,18423,9212,10,AFT-0024,300,4.0,0.0,916.18,0.035,584.52,Open
SO-009212,CUST-0125,2026-07-15,18424,9212,20,AFT-0035,100,9.0,0.0,3662.16,0.05,2292.51,Open
SO-009873,CUST-0082,2026-07-15,19745,9873,10,AFT-0015,300,22.0,0.0,1610.62,0.05,1124.21,Open
SO-009873,CUST-0082,2026-07-15,19746,9873,20,AFT-0026,100,33.0,0.0,283.62,0.0,194.56,Open
SO-001509,CUST-0214,2026-07-16,3017,1509,10,ACT-0041,100,33.0,0.0,708.51,0.0,443.53,Open
SO-001509,CUST-0214,2026-07-16,3018,1509,20,ACT-0052,200,55.0,0.0,1053.03,0.0,646.56,Open
SO-002765,CUST-0206,2026-07-16,5529,2765,10,SYS-0007,100,4.0,0.0,1335.42,0.0,900.07,Open
SO-002765,CUST-0206,2026-07-16,5530,2765,20,SYS-0018,300,9.0,0.0,953.78,0.02,631.4,Open
SO-003426,CUST-0163,2026-07-16,6851,3426,10,DRV-0058,200,22.0,0.0,3237.51,0.02,2026.68,Open
SO-003426,CUST-0163,2026-07-16,6852,3426,20,SYS-0009,100,33.0,0.0,895.88,0.035,550.07,Open
SO-005125,CUST-0006,2026-07-16,10249,5125,10,CTL-0017,300,9.0,0.0,378.86,0.0,246.26,Open
SO-005125,CUST-0006,2026-07-16,10250,5125,20,CTL-0028,300,13.0,0.0,3698.04,0.02,2359.35,Open
SO-005786,CUST-0203,2026-07-16,11571,5786,10,CTL-0008,300,33.0,0.0,1001.13,0.02,710.8,Open
SO-005786,CUST-0203,2026-07-16,11572,5786,20,CTL-0019,300,55.0,0.0,1445.36,0.035,1008.86,Open
SO-007042,CUST-0195,2026-07-16,14083,7042,10,AFT-0004,100,4.0,0.0,3297.92,0.035,2143.65,Open
SO-007042,CUST-0195,2026-07-16,14084,7042,20,AFT-0015,300,9.0,0.0,1762.08,0.05,1124.21,Open
SO-008741,CUST-0038,2026-07-16,17481,8741,10,SYS-0013,100,55.0,0.0,1293.44,0.02,871.78,Open
SO-008741,CUST-0038,2026-07-16,17482,8741,20,SYS-0024,300,2.0,0.0,8675.89,0.035,5743.44,Open
SO-009402,CUST-0235,2026-07-16,18803,9402,10,SYS-0004,300,9.0,0.0,434.3,0.035,271.87,Open
SO-009402,CUST-0235,2026-07-16,18804,9402,20,SYS-0015,100,13.0,0.0,8961.82,0.05,5502.56,Open
SO-000595,CUST-0036,2026-07-17,1189,595,10,DRV-0047,100,4.0,0.0,5444.78,0.0,3735.12,Open
SO-000595,CUST-0036,2026-07-17,1190,595,20,DRV-0058,200,9.0,0.0,3006.94,0.02,2026.68,Open
SO-001256,CUST-0233,2026-07-17,2511,1256,10,DRV-0038,200,22.0,0.0,853.17,0.02,544.32,Open
SO-001256,CUST-0233,2026-07-17,2512,1256,20,DRV-0049,100,33.0,0.0,1916.6,0.035,1199.79,Open
SO-002294,CUST-0119,2026-07-17,4587,2294,10,CTL-0006,300,55.0,0.0,2265.35,0.0,1608.4,Open
SO-002294,CUST-0119,2026-07-17,4588,2294,20,CTL-0017,300,2.0,0.0,352.81,0.0,246.26,Open
SO-002955,CUST-0076,2026-07-17,5909,2955,10,AFT-0057,300,9.0,0.0,934.44,0.0,618.6,Open
SO-002955,CUST-0076,2026-07-17,5910,2955,20,CTL-0008,300,13.0,0.0,1093.54,0.02,710.8,Open
SO-003616,CUST-0033,2026-07-17,7231,3616,10,AFT-0048,300,33.0,0.0,4225.07,0.02,2594.19,Open
SO-003616,CUST-0033,2026-07-17,7232,3616,20,AFT-0059,100,55.0,0.0,380.41,0.035,270.09,Open
SO-004654,CUST-0159,2026-07-17,9307,4654,10,ACT-0036,200,2.0,0.0,302.01,0.0,207.18,Open
SO-004654,CUST-0159,2026-07-17,9308,4654,20,ACT-0047,100,4.0,0.0,1136.91,0.0,766.28,Open
SO-004872,CUST-0025,2026-07-17,9743,4872,10,ACT-0044,200,4.0,0.0,288.72,0.035,191.13,Open
SO-004872,CUST-0025,2026-07-17,9744,4872,20,ACT-0055,100,9.0,0.0,3284.38,0.05,2134.85,Open
SO-005910,CUST-0151,2026-07-17,11819,5910,10,SYS-0002,300,13.0,0.0,1954.79,0.0,1223.7,Open
SO-005910,CUST-0151,2026-07-17,11820,5910,20,SYS-0013,100,22.0,0.0,1419.84,0.02,871.78,Open
SO-006571,CUST-0108,2026-07-17,13141,6571,10,DRV-0053,100,55.0,0.0,3638.37,0.02,2495.92,Open
SO-006571,CUST-0108,2026-07-17,13142,6571,20,SYS-0004,300,2.0,0.0,403.37,0.035,271.87,Open
SO-007232,CUST-0065,2026-07-17,14463,7232,10,DRV-0044,200,9.0,0.0,343.32,0.035,219.04,Open
SO-007232,CUST-0065,2026-07-17,14464,7232,20,DRV-0055,100,13.0,0.0,8626.88,0.05,5400.43,Open
SO-008270,CUST-0191,2026-07-17,16539,8270,10,CTL-0012,300,22.0,0.0,6313.63,0.0,4482.68,Open
SO-008270,CUST-0191,2026-07-17,16540,8270,20,CTL-0023,300,33.0,0.0,1780.99,0.02,1243.13,Open
SO-008931,CUST-0148,2026-07-17,17861,8931,10,CTL-0003,300,2.0,0.0,2673.94,0.02,1770.15,Open
SO-008931,CUST-0148,2026-07-17,17862,8931,20,CTL-0014,300,4.0,0.0,578.95,0.035,376.32,Open
SO-000124,CUST-0189,2026-07-18,247,124,10,AFT-0046,100,55.0,0.0,1081.68,0.0,664.15,Open
SO-000124,CUST-0189,2026-07-18,248,124,20,AFT-0057,300,2.0,0.0,871.27,0.0,618.6,Open
SO-000785,CUST-0146,2026-07-18,1569,785,10,AFT-0037,100,9.0,0.0,4565.8,0.0,3077.35,Open
SO-000785,CUST-0146,2026-07-18,1570,785,20,AFT-0048,300,13.0,0.0,3918.72,0.02,2594.19,Open
SO-001823,CUST-0032,2026-07-18,3645,1823,10,ACT-0025,100,22.0,0.0,4382.74,0.05,2796.19,Open
SO-001823,CUST-0032,2026-07-18,3646,1823,20,ACT-0036,200,33.0,0.0,330.96,0.0,207.18,Open
SO-002484,CUST-0229,2026-07-18,4967,2484,10,ACT-0016,200,2.0,0.0,311.23,0.0,217.24,Open
SO-002484,CUST-0229,2026-07-18,4968,2484,20,ACT-0027,100,4.0,0.0,4049.26,0.0,2777.79,Open
SO-003740,CUST-0221,2026-07-18,7479,3740,10,DRV-0042,200,13.0,0.0,641.91,0.0,409.54,Open
SO-003740,CUST-0221,2026-07-18,7480,3740,20,DRV-0053,100,22.0,0.0,3987.09,0.02,2495.92,Open
SO-004401,CUST-0178,2026-07-18,8801,4401,10,DRV-0033,100,55.0,0.0,1611.6,0.02,1124.9,Open
SO-004401,CUST-0178,2026-07-18,8802,4401,20,DRV-0044,200,2.0,0.0,319.3,0.035,219.04,Open
SO-005439,CUST-0064,2026-07-18,10877,5439,10,CTL-0001,300,4.0,0.0,3287.43,0.0,2176.28,Open
SO-005439,CUST-0064,2026-07-18,10878,5439,20,CTL-0012,300,9.0,0.0,6896.43,0.0,4482.68,Open
SO-006100,CUST-0021,2026-07-18,12199,6100,10,AFT-0052,100,22.0,0.0,514.04,0.0,315.62,Open
SO-006100,CUST-0021,2026-07-18,12200,6100,20,CTL-0003,300,33.0,0.0,2493.17,0.02,1770.15,Open
SO-006761,CUST-0218,2026-07-18,13521,6761,10,AFT-0043,100,2.0,0.0,1041.13,0.02,701.72,Open
SO-006761,CUST-0218,2026-07-18,13522,6761,20,AFT-0054,300,4.0,0.0,421.0,0.035,278.7,Open
SO-008017,CUST-0210,2026-07-18,16033,8017,10,ACT-0039,100,13.0,0.0,1237.59,0.035,759.88,Open
SO-008017,CUST-0210,2026-07-18,16034,8017,20,ACT-0050,200,22.0,0.0,1502.32,0.05,1066.65,Open
SO-009055,CUST-0096,2026-07-18,18109,9055,10,DRV-0057,100,33.0,0.0,5641.66,0.0,3870.18,Open
SO-009055,CUST-0096,2026-07-18,18110,9055,20,SYS-0008,300,55.0,0.0,323.44,0.02,218.0,Open
SO-009716,CUST-0053,2026-07-18,19431,9716,10,DRV-0048,200,4.0,0.0,1435.82,0.02,916.05,Open
SO-009716,CUST-0053,2026-07-18,19432,9716,20,DRV-0059,100,9.0,0.0,6527.59,0.035,4086.27,Open
SO-000314,CUST-0059,2026-07-19,627,314,10,SYS-0026,300,2.0,0.0,1974.24,0.0,1401.71,Open
SO-000314,CUST-0059,2026-07-19,628,314,20,ACT-0007,100,4.0,0.0,3963.78,0.0,2766.72,Open
SO-001570,CUST-0051,2026-07-19,3139,1570,10,DRV-0022,200,13.0,0.0,6460.02,0.0,4199.01,Open
SO-001570,CUST-0051,2026-07-19,3140,1570,20,DRV-0033,100,22.0,0.0,1763.17,0.02,1124.9,Open
SO-003269,CUST-0134,2026-07-19,6537,3269,10,AFT-0041,100,4.0,0.0,1725.55,0.0,1163.02,Open
SO-003269,CUST-0134,2026-07-19,6538,3269,20,AFT-0052,100,9.0,0.0,476.77,0.0,315.62,Open
SO-003930,CUST-0091,2026-07-19,7859,3930,10,AFT-0032,100,22.0,0.0,1062.44,0.0,665.09,Open
SO-003930,CUST-0091,2026-07-19,7860,3930,20,AFT-0043,100,33.0,0.0,1142.87,0.02,701.72,Open
SO-005629,CUST-0174,2026-07-19,11257,5629,10,ACT-0011,100,9.0,0.0,640.91,0.0,416.59,Open
SO-005629,CUST-0174,2026-07-19,11258,5629,20,ACT-0022,200,13.0,0.0,1552.35,0.0,990.4,Open
SO-006885,CUST-0166,2026-07-19,13769,6885,10,DRV-0037,100,33.0,0.0,6403.27,0.0,4469.48,Open
SO-006885,CUST-0166,2026-07-19,13770,6885,20,DRV-0048,200,55.0,0.0,1335.35,0.02,916.05,Open
SO-007546,CUST-0123,2026-07-19,15091,7546,10,DRV-0028,200,4.0,0.0,3628.75,0.02,2358.69,Open
SO-007546,CUST-0123,2026-07-19,15092,7546,20,DRV-0039,100,9.0,0.0,603.86,0.035,385.26,Open
SO-009245,CUST-0206,2026-07-19,18489,9245,10,AFT-0047,100,55.0,0.0,2784.07,0.0,1876.46,Open
SO-009245,CUST-0206,2026-07-19,18490,9245,20,AFT-0058,100,2.0,0.0,375.51,0.02,248.59,Open
SO-009906,CUST-0163,2026-07-19,19811,9906,10,AFT-0038,100,9.0,0.0,2171.85,0.02,1359.58,Open
SO-009906,CUST-0163,2026-07-19,19812,9906,20,AFT-0049,100,13.0,0.0,1172.54,0.035,719.94,Open
SO-000438,CUST-0007,2026-07-20,875,438,10,AFT-0030,300,33.0,0.0,546.36,0.05,342.02,Open
SO-000438,CUST-0007,2026-07-20,876,438,20,AFT-0041,100,55.0,0.0,1894.17,0.0,1163.02,Open
SO-001099,CUST-0204,2026-07-20,2197,1099,10,AFT-0021,300,4.0,0.0,576.14,0.0,395.23,Open
SO-001099,CUST-0204,2026-07-20,2198,1099,20,AFT-0032,100,9.0,0.0,986.78,0.0,665.09,Open
SO-001760,CUST-0161,2026-07-20,3519,1760,10,AFT-0012,300,22.0,0.0,1574.44,0.0,1004.49,Open
SO-001760,CUST-0161,2026-07-20,3520,1760,20,AFT-0023,100,33.0,0.0,436.39,0.02,273.18,Open
SO-002798,CUST-0047,2026-07-20,5595,2798,10,SYS-0030,300,55.0,0.0,4660.32,0.05,3308.83,Open
SO-002798,CUST-0047,2026-07-20,5596,2798,20,ACT-0011,100,2.0,0.0,596.83,0.0,416.59,Open
SO-003459,CUST-0004,2026-07-20,6917,3459,10,SYS-0021,100,9.0,0.0,2924.35,0.0,1935.92,Open
SO-003459,CUST-0004,2026-07-20,6918,3459,20,ACT-0002,200,13.0,0.0,612.98,0.0,398.44,Open
SO-004715,CUST-0236,2026-07-20,9429,4715,10,DRV-0017,100,33.0,0.0,1094.42,0.0,777.04,Open
SO-004715,CUST-0236,2026-07-20,9430,4715,20,DRV-0028,200,55.0,0.0,3379.21,0.02,2358.69,Open
SO-005376,CUST-0193,2026-07-20,10751,5376,10,DRV-0008,200,4.0,0.0,392.84,0.02,260.06,Open
SO-005376,CUST-0193,2026-07-20,10752,5376,20,DRV-0019,100,9.0,0.0,2160.91,0.035,1404.59,Open
SO-006414,CUST-0079,2026-07-20,12827,6414,10,AFT-0036,300,13.0,0.0,1518.56,0.0,950.62,Open
SO-006414,CUST-0079,2026-07-20,12828,6414,20,AFT-0047,100,22.0,0.0,3056.12,0.0,1876.46,Open
SO-007075,CUST-0036,2026-07-20,14149,7075,10,AFT-0027,300,55.0,0.0,478.22,0.0,328.06,Open
SO-007075,CUST-0036,2026-07-20,14150,7075,20,AFT-0038,100,2.0,0.0,2017.18,0.02,1359.58,Open
SO-007736,CUST-0233,2026-07-20,15471,7736,10,AFT-0018,300,9.0,0.0,914.84,0.02,583.67,Open
SO-007736,CUST-0233,2026-07-20,15472,7736,20,AFT-0029,100,13.0,0.0,700.22,0.035,438.34,Open
SO-008992,CUST-0225,2026-07-20,17983,8992,10,ACT-0014,200,33.0,0.0,793.69,0.035,544.47,Open
SO-008992,CUST-0225,2026-07-20,17984,8992,20,ACT-0025,100,55.0,0.0,4148.65,0.05,2796.19,Open
SO-000628,CUST-0117,2026-07-21,1255,628,10,SYS-0010,300,55.0,0.0,1657.25,0.05,1017.55,Open
SO-000628,CUST-0117,2026-07-21,1256,628,20,SYS-0021,100,2.0,0.0,2726.65,0.0,1935.92,Open
SO-001289,CUST-0074,2026-07-21,2577,1289,10,SYS-0001,100,9.0,0.0,718.52,0.0,484.28,Open
SO-001289,CUST-0074,2026-07-21,2578,1289,20,SYS-0012,300,13.0,0.0,822.36,0.0,544.4,Open
SO-002327,CUST-0200,2026-07-21,4653,2327,10,CTL-0029,300,22.0,0.0,1169.48,0.035,746.13,Open
SO-002327,CUST-0200,2026-07-21,4654,2327,20,CTL-0040,300,33.0,0.0,5899.98,0.05,3693.39,Open
SO-002545,CUST-0066,2026-07-21,5089,2545,10,CTL-0037,300,33.0,0.0,7054.53,0.0,4331.48,Open
SO-002545,CUST-0066,2026-07-21,5090,2545,20,DRV-0008,200,55.0,0.0,366.28,0.02,260.06,Open
SO-003583,CUST-0192,2026-07-21,7165,3583,10,AFT-0025,100,2.0,0.0,693.66,0.05,475.85,Open
SO-003583,CUST-0192,2026-07-21,7166,3583,20,AFT-0036,300,4.0,0.0,1410.42,0.0,950.62,Open
SO-004244,CUST-0149,2026-07-21,8487,4244,10,AFT-0016,100,13.0,0.0,2651.43,0.0,1691.61,Open
SO-004244,CUST-0149,2026-07-21,8488,4244,20,AFT-0027,300,22.0,0.0,524.06,0.0,328.06,Open
SO-004905,CUST-0106,2026-07-21,9809,4905,10,AFT-0007,100,55.0,0.0,424.01,0.0,295.96,Open
SO-004905,CUST-0106,2026-07-21,9810,4905,20,AFT-0018,300,2.0,0.0,850.83,0.02,583.67,Open
SO-005943,CUST-0232,2026-07-21,11885,5943,10,SYS-0025,100,4.0,0.0,791.24,0.05,523.8,Open
SO-005943,CUST-0232,2026-07-21,11886,5943,20,ACT-0006,200,9.0,0.0,802.09,0.0,521.36,Open
SO-006604,CUST-0189,2026-07-21,13207,6604,10,SYS-0016,300,22.0,0.0,3293.5,0.0,2022.21,Open
SO-006604,CUST-0189,2026-07-21,13208,6604,20,SYS-0027,100,33.0,0.0,1409.23,0.0,1000.55,Open
SO-007199,CUST-0224,2026-07-21,14397,7199,10,DRV-0021,100,22.0,0.0,1445.13,0.0,1026.04,Open
SO-007199,CUST-0224,2026-07-21,14398,7199,20,DRV-0032,200,33.0,0.0,347.95,0.0,242.87,Open
SO-007860,CUST-0181,2026-07-21,15719,7860,10,DRV-0012,200,2.0,0.0,356.89,0.0,236.26,Open
SO-007860,CUST-0181,2026-07-21,15720,7860,20,DRV-0023,100,4.0,0.0,2241.15,0.02,1456.75,Open
SO-008521,CUST-0138,2026-07-21,17041,8521,10,DRV-0003,100,13.0,0.0,3207.92,0.02,1969.66,Open
SO-008521,CUST-0138,2026-07-21,17042,8521,20,DRV-0014,200,22.0,0.0,1375.85,0.035,976.85,Open
SO-009559,CUST-0024,2026-07-21,19117,9559,10,AFT-0031,100,33.0,0.0,452.13,0.0,310.16,Open
SO-009559,CUST-0024,2026-07-21,19118,9559,20,AFT-0042,300,55.0,0.0,443.96,0.0,299.23,Open
SO-000157,CUST-0030,2026-07-22,313,157,10,CTL-0009,300,22.0,0.0,2254.77,0.035,1465.6,Open
SO-000157,CUST-0030,2026-07-22,314,157,20,CTL-0020,300,33.0,0.0,1076.96,0.05,687.1,Open
SO-001413,CUST-0022,2026-07-22,2825,1413,10,AFT-0005,100,2.0,0.0,3345.16,0.05,2334.92,Open
SO-001413,CUST-0022,2026-07-22,2826,1413,20,AFT-0016,100,4.0,0.0,2465.9,0.0,1691.61,Open
SO-002074,CUST-0219,2026-07-22,4147,2074,10,ACT-0056,200,13.0,0.0,951.66,0.0,618.58,Open
SO-002074,CUST-0219,2026-07-22,4148,2074,20,AFT-0007,100,22.0,0.0,463.89,0.0,295.96,Open
SO-003773,CUST-0062,2026-07-22,7545,3773,10,SYS-0005,100,4.0,0.0,438.01,0.05,295.22,Open
SO-003773,CUST-0062,2026-07-22,7546,3773,20,SYS-0016,300,9.0,0.0,3054.7,0.0,2022.21,Open
SO-004434,CUST-0019,2026-07-22,8867,4434,10,DRV-0056,200,22.0,0.0,4781.41,0.0,2993.16,Open
SO-004434,CUST-0019,2026-07-22,8868,4434,20,SYS-0007,100,33.0,0.0,1465.91,0.0,900.07,Open
SO-005690,CUST-0011,2026-07-22,11379,5690,10,CTL-0032,300,2.0,0.0,2890.12,0.0,1947.94,Open
SO-005690,CUST-0011,2026-07-22,11380,5690,20,DRV-0003,100,4.0,0.0,2975.32,0.02,1969.66,Open
SO-007389,CUST-0094,2026-07-22,14777,7389,10,AFT-0011,100,33.0,0.0,658.68,0.0,459.76,Open
SO-007389,CUST-0094,2026-07-22,14778,7389,20,AFT-0022,100,55.0,0.0,328.51,0.0,225.36,Open
SO-008050,CUST-0051,2026-07-22,16099,8050,10,AFT-0002,100,4.0,0.0,2515.68,0.0,1635.19,Open
SO-008050,CUST-0051,2026-07-22,16100,8050,20,AFT-0013,100,9.0,0.0,4618.5,0.02,2946.6,Open
SO-000942,CUST-0175,2026-07-23,1883,942,10,DRV-0054,200,33.0,0.0,3816.41,0.035,2389.07,Open
SO-000942,CUST-0175,2026-07-23,1884,942,20,SYS-0005,100,55.0,0.0,480.81,0.05,295.22,Open
SO-001603,CUST-0132,2026-07-23,3205,1603,10,DRV-0045,100,4.0,0.0,552.19,0.05,378.8,Open
SO-001603,CUST-0132,2026-07-23,3206,1603,20,DRV-0056,200,9.0,0.0,4440.89,0.0,2993.16,Open
SO-002264,CUST-0089,2026-07-23,4527,2264,10,DRV-0036,200,22.0,0.0,2346.68,0.0,1497.18,Open
SO-002264,CUST-0089,2026-07-23,4528,2264,20,DRV-0047,100,33.0,0.0,5966.65,0.0,3735.12,Open
SO-003302,CUST-0215,2026-07-23,6603,3302,10,CTL-0004,300,55.0,0.0,1955.32,0.035,1388.28,Open
SO-003302,CUST-0215,2026-07-23,6604,3302,20,CTL-0015,300,2.0,0.0,723.95,0.05,505.32,Open
SO-003520,CUST-0081,2026-07-23,7039,3520,10,CTL-0012,300,2.0,0.0,6534.52,0.0,4482.68,Open
SO-003520,CUST-0081,2026-07-23,7040,3520,20,CTL-0023,300,4.0,0.0,1844.41,0.02,1243.13,Open
SO-004558,CUST-0207,2026-07-23,9115,4558,10,ACT-0060,200,9.0,0.0,335.4,0.05,218.01,Open
SO-004558,CUST-0207,2026-07-23,9116,4558,20,AFT-0011,100,13.0,0.0,720.63,0.0,459.76,Open
SO-005219,CUST-0164,2026-07-23,10437,5219,10,ACT-0051,100,33.0,0.0,6408.87,0.0,4550.3,Open
SO-005219,CUST-0164,2026-07-23,10438,5219,20,AFT-0002,100,55.0,0.0,2342.68,0.0,1635.19,Open
SO-005880,CUST-0121,2026-07-23,11759,5880,10,ACT-0042,200,4.0,0.0,972.02,0.0,643.48,Open
SO-005880,CUST-0121,2026-07-23,11760,5880,20,ACT-0053,100,9.0,0.0,704.17,0.02,457.71,Open
SO-006918,CUST-0007,2026-07-23,13835,6918,10,DRV-0060,200,13.0,0.0,597.08,0.05,373.77,Open
SO-006918,CUST-0007,2026-07-23,13836,6918,20,SYS-0011,100,22.0,0.0,1662.04,0.0,1020.49,Open
SO-007579,CUST-0204,2026-07-23,15157,7579,10,DRV-0051,100,55.0,0.0,4610.74,0.0,3162.97,Open
SO-007579,CUST-0204,2026-07-23,15158,7579,20,SYS-0002,300,2.0,0.0,1815.58,0.0,1223.7,Open
SO-008174,CUST-0239,2026-07-23,16347,8174,10,CTL-0036,300,55.0,0.0,5571.6,0.0,3755.26,Open
SO-008174,CUST-0239,2026-07-23,16348,8174,20,DRV-0007,100,2.0,0.0,2048.19,0.0,1355.9,Open
SO-008835,CUST-0196,2026-07-23,17669,8835,10,CTL-0027,300,9.0,0.0,1680.78,0.0,1052.17,Open
SO-008835,CUST-0196,2026-07-23,17670,8835,20,CTL-0038,300,13.0,0.0,2651.4,0.02,1627.96,Open
SO-009496,CUST-0153,2026-07-23,18991,9496,10,CTL-0018,300,33.0,0.0,998.63,0.02,685.06,Open
SO-009496,CUST-0153,2026-07-23,18992,9496,20,CTL-0029,300,55.0,0.0,1107.02,0.035,746.13,Open
SO-000471,CUST-0088,2026-07-24,941,471,10,AFT-0053,100,13.0,0.0,732.61,0.02,484.99,Open
SO-000471,CUST-0088,2026-07-24,942,471,20,CTL-0004,300,22.0,0.0,2135.82,0.035,1388.28,Open
SO-001132,CUST-0045,2026-07-24,2263,1132,10,AFT-0044,100,55.0,0.0,1632.18,0.035,1002.16,Open
SO-001132,CUST-0045,2026-07-24,2264,1132,20,AFT-0055,100,2.0,0.0,396.32,0.05,281.39,Open
SO-002388,CUST-0037,2026-07-24,4775,2388,10,ACT-0040,200,9.0,0.0,301.84,0.05,199.82,Open
SO-002388,CUST-0037,2026-07-24,4776,2388,20,ACT-0051,100,13.0,0.0,7000.46,0.0,4550.3,Open
SO-003049,CUST-0234,2026-07-24,6097,3049,10,ACT-0031,100,33.0,0.0,4109.2,0.0,2523.05,Open
SO-003049,CUST-0234,2026-07-24,6098,3049,20,ACT-0042,200,55.0,0.0,906.31,0.0,643.48,Open
SO-004087,CUST-0120,2026-07-24,8173,4087,10,DRV-0049,100,2.0,0.0,1748.97,0.035,1199.79,Open
SO-004087,CUST-0120,2026-07-24,8174,4087,20,DRV-0060,200,4.0,0.0,554.55,0.05,373.77,Open
SO-004748,CUST-0077,2026-07-24,9495,4748,10,DRV-0040,200,13.0,0.0,343.21,0.05,218.97,Open
SO-004748,CUST-0077,2026-07-24,9496,4748,20,DRV-0051,100,22.0,0.0,5052.67,0.0,3162.97,Open
SO-005409,CUST-0034,2026-07-24,10817,5409,10,DRV-0031,100,55.0,0.0,1995.67,0.0,1392.98,Open
SO-005409,CUST-0034,2026-07-24,10818,5409,20,DRV-0042,200,2.0,0.0,597.0,0.0,409.54,Open
SO-006665,CUST-0026,2026-07-24,13329,6665,10,CTL-0007,300,9.0,0.0,3459.22,0.0,2206.98,Open
SO-006665,CUST-0026,2026-07-24,13330,6665,20,CTL-0018,300,13.0,0.0,1094.35,0.02,685.06,Open
SO-007703,CUST-0152,2026-07-24,15405,7703,10,ACT-0055,100,22.0,0.0,3006.83,0.05,2134.85,Open
SO-007703,CUST-0152,2026-07-24,15406,7703,20,AFT-0006,300,33.0,0.0,8244.97,0.0,5754.99,Open
SO-008364,CUST-0109,2026-07-24,16727,8364,10,ACT-0046,200,2.0,0.0,820.83,0.0,543.39,Open
SO-008364,CUST-0109,2026-07-24,16728,8364,20,ACT-0057,100,4.0,0.0,4033.09,0.0,2621.51,Open
SO-009025,CUST-0066,2026-07-24,18049,9025,10,ACT-0037,100,13.0,0.0,6174.85,0.0,3791.36,Open
SO-009025,CUST-0066,2026-07-24,18050,9025,20,ACT-0048,200,22.0,0.0,540.01,0.02,383.41,Open
SO-000218,CUST-0107,2026-07-25,435,218,10,ACT-0020,200,9.0,0.0,929.08,0.05,626.2,Open
SO-000218,CUST-0107,2026-07-25,436,218,20,ACT-0031,100,13.0,0.0,3811.25,0.0,2523.05,Open
SO-001917,CUST-0190,2026-07-25,3833,1917,10,DRV-0029,100,2.0,0.0,2316.83,0.035,1617.15,Open
SO-001917,CUST-0190,2026-07-25,3834,1917,20,DRV-0040,200,4.0,0.0,319.2,0.05,218.97,Open
SO-002578,CUST-0147,2026-07-25,5155,2578,10,DRV-0020,200,13.0,0.0,1472.0,0.05,956.8,Open
SO-002578,CUST-0147,2026-07-25,5156,2578,20,DRV-0031,100,22.0,0.0,2183.35,0.0,1392.98,Open
SO-005533,CUST-0222,2026-07-25,11065,5533,10,ACT-0035,100,22.0,0.0,3198.47,0.05,1963.86,Open
SO-005533,CUST-0222,2026-07-25,11066,5533,20,ACT-0046,200,33.0,0.0,765.34,0.0,543.39,Open
SO-006194,CUST-0179,2026-07-25,12387,6194,10,ACT-0026,200,2.0,0.0,2454.24,0.0,1654.16,Open
SO-006194,CUST-0179,2026-07-25,12388,6194,20,ACT-0037,100,4.0,0.0,5727.13,0.0,3791.36,Open
SO-007893,CUST-0022,2026-07-25,15785,7893,10,DRV-0035,100,33.0,0.0,1295.3,0.05,904.12,Open
SO-007893,CUST-0022,2026-07-25,15786,7893,20,DRV-0046,200,55.0,0.0,1278.89,0.0,877.32,Open
SO-009149,CUST-0014,2026-07-25,18297,9149,10,CTL-0011,300,4.0,0.0,4462.26,0.0,2846.92,Open
SO-009149,CUST-0014,2026-07-25,18298,9149,20,CTL-0022,300,9.0,0.0,3306.9,0.0,2070.12,Open
SO-009810,CUST-0211,2026-07-25,19619,9810,10,CTL-0002,300,22.0,0.0,1575.24,0.0,1099.52,Open
SO-009810,CUST-0211,2026-07-25,19620,9810,20,CTL-0013,300,33.0,0.0,393.06,0.02,269.64,Open
SO-000408,CUST-0217,2026-07-26,815,408,10,CTL-0040,300,13.0,0.0,5579.14,0.05,3693.39,Open
SO-000408,CUST-0217,2026-07-26,816,408,20,DRV-0011,100,22.0,0.0,1266.74,0.0,823.38,Open
SO-001446,CUST-0103,2026-07-26,2891,1446,10,AFT-0028,100,33.0,0.0,558.72,0.02,349.76,Open
SO-001446,CUST-0103,2026-07-26,2892,1446,20,AFT-0039,300,55.0,0.0,13930.62,0.035,8553.4,Open
SO-002107,CUST-0060,2026-07-26,4213,2107,10,AFT-0019,100,4.0,0.0,1122.01,0.035,769.7,Open
SO-002107,CUST-0060,2026-07-26,4214,2107,20,AFT-0030,300,9.0,0.0,507.45,0.05,342.02,Open
SO-003363,CUST-0052,2026-07-26,6725,3363,10,ACT-0015,100,22.0,0.0,1717.01,0.05,1074.85,Open
SO-003363,CUST-0052,2026-07-26,6726,3363,20,ACT-0026,200,33.0,0.0,2694.07,0.0,1654.16,Open
SO-004024,CUST-0009,2026-07-26,8047,4024,10,ACT-0006,200,2.0,0.0,760.0,0.0,521.36,Open
SO-004024,CUST-0009,2026-07-26,8048,4024,20,ACT-0017,100,4.0,0.0,938.5,0.0,632.55,Open
SO-005062,CUST-0135,2026-07-26,10123,5062,10,DRV-0024,200,9.0,0.0,2500.95,0.035,1625.62,Open
SO-005062,CUST-0135,2026-07-26,10124,5062,20,DRV-0035,100,13.0,0.0,1417.12,0.05,904.12,Open
SO-005723,CUST-0092,2026-07-26,11445,5723,10,DRV-0015,100,33.0,0.0,1737.65,0.05,1233.73,Open
SO-005723,CUST-0092,2026-07-26,11446,5723,20,DRV-0026,200,55.0,0.0,915.16,0.0,638.78,Open
SO-007640,CUST-0041,2026-07-26,15279,7640,10,AFT-0042,300,22.0,0.0,421.45,0.0,299.23,Open
SO-007640,CUST-0041,2026-07-26,15280,7640,20,AFT-0053,100,33.0,0.0,694.83,0.02,484.99,Open
SO-008678,CUST-0167,2026-07-26,17355,8678,10,ACT-0030,200,55.0,0.0,658.41,0.05,443.77,Open
SO-008678,CUST-0167,2026-07-26,17356,8678,20,ACT-0041,100,2.0,0.0,669.98,0.0,443.53,Open
SO-009339,CUST-0124,2026-07-26,18677,9339,10,ACT-0021,100,9.0,0.0,1482.62,0.0,928.12,Open
SO-009339,CUST-0124,2026-07-26,18678,9339,20,ACT-0032,200,13.0,0.0,378.96,0.0,232.68,Open
SO-010000,CUST-0081,2026-07-26,19999,10000,10,ACT-0012,200,33.0,0.0,452.58,0.0,310.47,Open
SO-010000,CUST-0081,2026-07-26,20000,10000,20,ACT-0023,100,55.0,0.0,3430.61,0.02,2312.23,Open
SO-001193,CUST-0122,2026-07-27,2385,1193,10,SYS-0025,100,22.0,0.0,821.0,0.05,523.8,Open
SO-001193,CUST-0122,2026-07-27,2386,1193,20,ACT-0006,200,33.0,0.0,832.84,0.0,521.36,Open
SO-002231,CUST-0008,2026-07-27,4461,2231,10,DRV-0013,100,55.0,0.0,752.44,0.02,534.23,Open
SO-002231,CUST-0008,2026-07-27,4462,2231,20,DRV-0024,200,2.0,0.0,2328.97,0.035,1625.62,Open
SO-002892,CUST-0205,2026-07-27,5783,2892,10,DRV-0004,200,9.0,0.0,1157.48,0.035,766.25,Open
SO-002892,CUST-0205,2026-07-27,5784,2892,20,DRV-0015,100,13.0,0.0,1898.05,0.05,1233.73,Open
SO-003553,CUST-0162,2026-07-27,7105,3553,10,CTL-0035,300,33.0,0.0,5023.86,0.05,3084.65,Open
SO-003553,CUST-0162,2026-07-27,7106,3553,20,DRV-0006,200,55.0,0.0,2503.9,0.0,1777.77,Open
SO-004591,CUST-0048,2026-07-27,9181,4591,10,AFT-0023,100,2.0,0.0,398.22,0.02,273.18,Open
SO-004591,CUST-0048,2026-07-27,9182,4591,20,AFT-0034,100,4.0,0.0,743.55,0.035,501.15,Open
SO-005847,CUST-0040,2026-07-27,11693,5847,10,ACT-0019,100,13.0,0.0,1995.3,0.035,1249.06,Open
SO-005847,CUST-0040,2026-07-27,11694,5847,20,ACT-0030,200,22.0,0.0,722.75,0.05,443.77,Open
SO-006508,CUST-0237,2026-07-27,13015,6508,10,ACT-0010,200,55.0,0.0,3255.64,0.05,2233.37,Open
SO-006508,CUST-0237,2026-07-27,13016,6508,20,ACT-0021,100,2.0,0.0,1377.03,0.0,928.12,Open
SO-007169,CUST-0194,2026-07-27,14337,7169,10,ACT-0001,100,9.0,0.0,3722.81,0.0,2375.15,Open
SO-007169,CUST-0194,2026-07-27,14338,7169,20,ACT-0012,200,13.0,0.0,495.96,0.0,310.47,Open
SO-008207,CUST-0080,2026-07-27,16413,8207,10,DRV-0019,100,22.0,0.0,1978.3,0.035,1404.59,Open
SO-008207,CUST-0080,2026-07-27,16414,8207,20,DRV-0030,200,33.0,0.0,641.45,0.05,447.73,Open
SO-008868,CUST-0037,2026-07-27,17735,8868,10,DRV-0010,200,2.0,0.0,550.48,0.05,364.42,Open
SO-008868,CUST-0037,2026-07-27,17736,8868,20,DRV-0021,100,4.0,0.0,1578.52,0.0,1026.04,Open
SO-000061,CUST-0078,2026-07-28,121,61,10,CTL-0033,300,55.0,0.0,5987.87,0.02,3676.55,Open
SO-000061,CUST-0078,2026-07-28,122,61,20,DRV-0004,200,2.0,0.0,1079.23,0.035,766.25,Open
SO-000722,CUST-0035,2026-07-28,1443,722,10,CTL-0024,300,9.0,0.0,1160.55,0.035,782.21,Open
SO-000722,CUST-0035,2026-07-28,1444,722,20,CTL-0035,300,13.0,0.0,4659.59,0.05,3084.65,Open
SO-002421,CUST-0118,2026-07-28,4841,2421,10,AFT-0003,300,2.0,0.0,6467.11,0.02,4514.04,Open
SO-002421,CUST-0118,2026-07-28,4842,2421,20,AFT-0014,100,4.0,0.0,1364.43,0.035,936.0,Open
SO-004338,CUST-0067,2026-07-28,8675,4338,10,SYS-0020,300,55.0,0.0,5659.97,0.05,3950.66,Open
SO-004338,CUST-0067,2026-07-28,8676,4338,20,ACT-0001,100,2.0,0.0,3462.32,0.0,2375.15,Open
SO-006037,CUST-0150,2026-07-28,12073,6037,10,CTL-0039,300,22.0,0.0,3068.03,0.035,1883.77,Open
SO-006037,CUST-0150,2026-07-28,12074,6037,20,DRV-0010,200,33.0,0.0,513.27,0.05,364.42,Open
SO-006698,CUST-0107,2026-07-28,13395,6698,10,CTL-0030,300,2.0,0.0,4345.01,0.05,2928.54,Open
SO-006698,CUST-0107,2026-07-28,13396,6698,20,DRV-0001,100,4.0,0.0,1628.38,0.0,1077.99,Open
SO-009653,CUST-0182,2026-07-28,19305,9653,10,ACT-0005,100,4.0,0.0,1236.94,0.05,789.17,Open
SO-009653,CUST-0182,2026-07-28,19306,9653,20,ACT-0016,200,9.0,0.0,347.03,0.0,217.24,Open
SO-000251,CUST-0188,2026-07-29,501,251,10,ACT-0043,100,2.0,0.0,703.87,0.02,499.75,Open
SO-000251,CUST-0188,2026-07-29,502,251,20,ACT-0054,200,4.0,0.0,5479.34,0.035,3824.58,Open
SO-002168,CUST-0137,2026-07-29,4335,2168,10,DRV-0060,200,55.0,0.0,526.44,0.05,373.77,Open
SO-002168,CUST-0137,2026-07-29,4336,2168,20,SYS-0011,100,2.0,0.0,1462.02,0.0,1020.49,Open
SO-003206,CUST-0023,2026-07-29,6411,3206,10,CTL-0028,300,4.0,0.0,3500.52,0.02,2359.35,Open
SO-003206,CUST-0023,2026-07-29,6412,3206,20,CTL-0039,300,9.0,0.0,2845.57,0.035,1883.77,Open
SO-003867,CUST-0220,2026-07-29,7733,3867,10,CTL-0019,300,22.0,0.0,1611.6,0.035,1008.86,Open
SO-003867,CUST-0220,2026-07-29,7734,3867,20,CTL-0030,300,33.0,0.0,4769.61,0.05,2928.54,Open
SO-004528,CUST-0177,2026-07-29,9055,4528,10,CTL-0010,300,2.0,0.0,4142.11,0.05,2841.49,Open
SO-004528,CUST-0177,2026-07-29,9056,4528,20,CTL-0021,300,4.0,0.0,1260.01,0.0,849.25,Open
SO-005566,CUST-0063,2026-07-29,11131,5566,10,ACT-0058,200,9.0,0.0,554.78,0.02,360.61,Open
SO-005566,CUST-0063,2026-07-29,11132,5566,20,AFT-0009,300,13.0,0.0,976.11,0.035,622.76,Open
SO-006822,CUST-0055,2026-07-29,13643,6822,10,SYS-0024,300,33.0,0.0,8228.42,0.035,5743.44,Open
SO-006822,CUST-0055,2026-07-29,13644,6822,20,ACT-0005,100,55.0,0.0,1150.39,0.05,789.17,Open
SO-007483,CUST-0012,2026-07-29,14965,7483,10,SYS-0015,100,4.0,0.0,8465.48,0.05,5502.56,Open
SO-007483,CUST-0012,2026-07-29,14966,7483,20,SYS-0026,300,9.0,0.0,2197.04,0.0,1401.71,Open
SO-008144,CUST-0209,2026-07-29,16287,8144,10,SYS-0006,300,22.0,0.0,614.94,0.0,436.61,Open
SO-008144,CUST-0209,2026-07-29,16288,8144,20,SYS-0017,100,33.0,0.0,4111.95,0.0,2870.14,Open
SO-009182,CUST-0095,2026-07-29,18363,9182,10,CTL-0034,300,55.0,0.0,2888.07,0.035,1946.56,Open
SO-009182,CUST-0095,2026-07-29,18364,9182,20,DRV-0005,100,2.0,0.0,1756.39,0.05,1162.73,Open
SO-009843,CUST-0052,2026-07-29,19685,9843,10,CTL-0025,300,9.0,0.0,1981.69,0.05,1240.54,Open
SO-009843,CUST-0052,2026-07-29,19686,9843,20,CTL-0036,300,13.0,0.0,6116.06,0.0,3755.26,Open
SO-001036,CUST-0093,2026-07-30,2071,1036,10,CTL-0008,300,4.0,0.0,1036.15,0.02,710.8,Open
SO-001036,CUST-0093,2026-07-30,2072,1036,20,CTL-0019,300,9.0,0.0,1496.82,0.035,1008.86,Open
SO-001697,CUST-0050,2026-07-30,3393,1697,10,AFT-0059,100,22.0,0.0,423.34,0.035,270.09,Open
SO-001697,CUST-0050,2026-07-30,3394,1697,20,CTL-0010,300,33.0,0.0,4539.12,0.05,2841.49,Open
SO-002735,CUST-0176,2026-07-30,5469,2735,10,ACT-0047,100,55.0,0.0,1079.27,0.0,766.28,Open
SO-002735,CUST-0176,2026-07-30,5470,2735,20,ACT-0058,200,2.0,0.0,516.63,0.02,360.61,Open
SO-003396,CUST-0133,2026-07-30,6791,3396,10,ACT-0038,200,9.0,0.0,638.94,0.02,422.98,Open
SO-003396,CUST-0133,2026-07-30,6792,3396,20,ACT-0049,100,13.0,0.0,1277.38,0.035,830.3,Open
SO-005313,CUST-0082,2026-07-30,10625,5313,10,DRV-0055,100,4.0,0.0,8157.75,0.05,5400.43,Open
SO-005313,CUST-0082,2026-07-30,10626,5313,20,SYS-0006,300,9.0,0.0,671.71,0.0,436.61,Open
SO-006351,CUST-0208,2026-07-30,12701,6351,10,CTL-0023,300,13.0,0.0,1985.83,0.02,1243.13,Open
SO-006351,CUST-0208,2026-07-30,12702,6351,20,CTL-0034,300,22.0,0.0,3170.29,0.035,1946.56,Open
SO-007012,CUST-0165,2026-07-30,14023,7012,10,CTL-0014,300,55.0,0.0,548.57,0.035,376.32,Open
SO-007012,CUST-0165,2026-07-30,14024,7012,20,CTL-0025,300,2.0,0.0,1840.56,0.05,1240.54,Open
SO-007673,CUST-0122,2026-07-30,15345,7673,10,CTL-0005,300,9.0,0.0,1669.22,0.05,1064.96,Open
SO-007673,CUST-0122,2026-07-30,15346,7673,20,CTL-0016,300,13.0,0.0,436.18,0.0,273.05,Open
SO-008711,CUST-0008,2026-07-30,17421,8711,10,ACT-0053,100,22.0,0.0,644.66,0.02,457.71,Open
SO-008711,CUST-0008,2026-07-30,17422,8711,20,AFT-0004,100,33.0,0.0,3071.13,0.035,2143.65,Open
SO-009967,CUST-0240,2026-07-30,19933,9967,10,SYS-0019,100,2.0,0.0,2766.35,0.035,1798.13,Open
SO-009967,CUST-0240,2026-07-30,19934,9967,20,SYS-0030,300,4.0,0.0,5186.25,0.05,3308.83,Open
SO-000565,CUST-0006,2026-07-31,1129,565,10,ACT-0027,100,55.0,0.0,4524.09,0.0,2777.79,Open
SO-000565,CUST-0006,2026-07-31,1130,565,20,ACT-0038,200,2.0,0.0,595.75,0.02,422.98,Open
SO-001226,CUST-0203,2026-07-31,2451,1226,10,ACT-0018,200,9.0,0.0,1563.59,0.02,1053.86,Open
SO-001226,CUST-0203,2026-07-31,2452,1226,20,ACT-0029,100,13.0,0.0,1394.65,0.035,923.26,Open
SO-004181,CUST-0038,2026-07-31,8361,4181,10,CTL-0003,300,13.0,0.0,2774.53,0.02,1770.15,Open
SO-004181,CUST-0038,2026-07-31,8362,4181,20,CTL-0014,300,22.0,0.0,601.15,0.035,376.32,Open
SO-004842,CUST-0235,2026-07-31,9683,4842,10,AFT-0054,300,55.0,0.0,399.28,0.035,278.7,Open
SO-004842,CUST-0235,2026-07-31,9684,4842,20,CTL-0005,300,2.0,0.0,1552.42,0.05,1064.96,Open
SO-006541,CUST-0078,2026-07-31,13081,6541,10,ACT-0033,100,22.0,0.0,2153.36,0.02,1322.16,Open
SO-006541,CUST-0078,2026-07-31,13082,6541,20,ACT-0044,200,33.0,0.0,269.2,0.035,191.13,Open
SO-007797,CUST-0070,2026-07-31,15593,7797,10,DRV-0059,100,2.0,0.0,6172.61,0.035,4086.27,Open
SO-007797,CUST-0070,2026-07-31,15594,7797,20,SYS-0010,300,4.0,0.0,1565.46,0.05,1017.55,Open
SO-008458,CUST-0027,2026-07-31,16915,8458,10,DRV-0050,200,13.0,0.0,5109.59,0.05,3137.29,Open
SO-008458,CUST-0027,2026-07-31,16916,8458,20,SYS-0001,100,22.0,0.0,682.08,0.0,484.28,Open
SO-000094,CUST-0159,2026-08-01,187,94,10,DRV-0016,200,22.0,0.0,587.38,0.0,381.8,Open
SO-000094,CUST-0159,2026-08-01,188,94,20,DRV-0027,100,33.0,0.0,1831.9,0.0,1168.75,Open
SO-002011,CUST-0108,2026-08-01,4021,2011,10,AFT-0043,100,13.0,0.0,1079.57,0.02,701.72,Open
SO-002011,CUST-0108,2026-08-01,4022,2011,20,AFT-0054,300,22.0,0.0,436.83,0.035,278.7,Open
SO-002672,CUST-0065,2026-08-01,5343,2672,10,AFT-0034,100,55.0,0.0,705.85,0.035,501.15,Open
SO-002672,CUST-0065,2026-08-01,5344,2672,20,AFT-0045,300,2.0,0.0,1824.96,0.05,1273.82,Open
SO-003710,CUST-0191,2026-08-01,7419,3710,10,ACT-0022,200,4.0,0.0,1469.44,0.0,990.4,Open
SO-003710,CUST-0191,2026-08-01,7420,3710,20,ACT-0033,100,9.0,0.0,1997.22,0.02,1322.16,Open
SO-004371,CUST-0148,2026-08-01,8741,4371,10,ACT-0013,100,22.0,0.0,593.91,0.02,371.79,Open
SO-004371,CUST-0148,2026-08-01,8742,4371,20,ACT-0024,200,33.0,0.0,3254.76,0.035,1998.42,Open
SO-006288,CUST-0097,2026-08-01,12575,6288,10,DRV-0030,200,13.0,0.0,715.22,0.05,447.73,Open
SO-006288,CUST-0097,2026-08-01,12576,6288,20,DRV-0041,100,22.0,0.0,442.12,0.0,271.46,Open
SO-007326,CUST-0223,2026-08-01,14651,7326,10,AFT-0058,100,33.0,0.0,356.15,0.02,248.59,Open
SO-007326,CUST-0223,2026-08-01,14652,7326,20,CTL-0009,300,55.0,0.0,2136.44,0.035,1465.6,Open
SO-007987,CUST-0180,2026-08-01,15973,7987,10,AFT-0049,100,4.0,0.0,1107.6,0.035,719.94,Open
SO-007987,CUST-0180,2026-08-01,15974,7987,20,AFT-0060,300,9.0,0.0,598.46,0.05,381.82,Open
SO-008648,CUST-0137,2026-08-01,17295,8648,10,AFT-0040,100,22.0,0.0,799.23,0.05,567.45,Open
SO-008648,CUST-0137,2026-08-01,17296,8648,20,AFT-0051,300,33.0,0.0,1925.23,0.0,1343.81,Open
SO-009686,CUST-0023,2026-08-01,19371,9686,10,ACT-0028,200,55.0,0.0,316.88,0.02,213.58,Open
SO-009686,CUST-0023,2026-08-01,19372,9686,20,ACT-0039,100,2.0,0.0,1147.85,0.035,759.88,Open
SO-000879,CUST-0064,2026-08-02,1757,879,10,ACT-0011,100,33.0,0.0,665.48,0.0,416.59,Open
SO-000879,CUST-0064,2026-08-02,1758,879,20,ACT-0022,200,55.0,0.0,1613.03,0.0,990.4,Open
SO-001540,CUST-0021,2026-08-02,3079,1540,10,ACT-0002,200,4.0,0.0,580.82,0.0,398.44,Open
SO-001540,CUST-0021,2026-08-02,3080,1540,20,ACT-0013,100,9.0,0.0,551.62,0.02,371.79,Open
SO-002201,CUST-0218,2026-08-02,4401,2201,10,SYS-0023,100,22.0,0.0,3658.15,0.02,2333.9,Open
SO-002201,CUST-0218,2026-08-02,4402,2201,20,ACT-0004,200,33.0,0.0,324.15,0.035,202.92,Open
SO-003239,CUST-0104,2026-08-02,6477,3239,10,DRV-0011,100,55.0,0.0,1159.69,0.0,823.38,Open
SO-003239,CUST-0104,2026-08-02,6478,3239,20,DRV-0022,200,2.0,0.0,6015.77,0.0,4199.01,Open
SO-004495,CUST-0096,2026-08-02,8989,4495,10,AFT-0047,100,9.0,0.0,2886.86,0.0,1876.46,Open
SO-004495,CUST-0096,2026-08-02,8990,4495,20,AFT-0058,100,13.0,0.0,389.64,0.02,248.59,Open
SO-005156,CUST-0053,2026-08-02,10311,5156,10,AFT-0038,100,33.0,0.0,1914.9,0.02,1359.58,Open
SO-005156,CUST-0053,2026-08-02,10312,5156,20,AFT-0049,100,55.0,0.0,1031.43,0.035,719.94,Open
SO-005817,CUST-0010,2026-08-02,11633,5817,10,AFT-0029,100,4.0,0.0,662.15,0.035,438.34,Open
SO-005817,CUST-0010,2026-08-02,11634,5817,20,AFT-0040,100,9.0,0.0,873.0,0.05,567.45,Open
SO-006855,CUST-0136,2026-08-02,13709,6855,10,ACT-0017,100,13.0,0.0,1010.46,0.0,632.55,Open
SO-006855,CUST-0136,2026-08-02,13710,6855,20,ACT-0028,200,22.0,0.0,347.85,0.02,213.58,Open
SO-007516,CUST-0093,2026-08-02,15031,7516,10,ACT-0008,200,55.0,0.0,332.06,0.02,227.79,Open
SO-007516,CUST-0093,2026-08-02,15032,7516,20,ACT-0019,100,2.0,0.0,1853.2,0.035,1249.06,Open
SO-008772,CUST-0085,2026-08-02,17543,8772,10,DRV-0034,200,9.0,0.0,677.3,0.035,423.99,Open
SO-008772,CUST-0085,2026-08-02,17544,8772,20,DRV-0045,100,13.0,0.0,616.94,0.05,378.8,Open
SO-009433,CUST-0042,2026-08-02,18865,9433,10,DRV-0025,100,33.0,0.0,3266.57,0.05,2240.87,Open
SO-009433,CUST-0042,2026-08-02,18866,9433,20,DRV-0036,200,55.0,0.0,2221.34,0.0,1497.18,Open
SO-001069,CUST-0174,2026-08-03,2137,1069,10,CTL-0031,300,55.0,0.0,3183.0,0.0,1954.36,Open
SO-001069,CUST-0174,2026-08-03,2138,1069,20,DRV-0002,200,2.0,0.0,3198.34,0.0,2270.82,Open
SO-002986,CUST-0123,2026-08-03,5971,2986,10,AFT-0018,300,33.0,0.0,950.6,0.02,583.67,Open
SO-002986,CUST-0123,2026-08-03,5972,2986,20,AFT-0029,100,55.0,0.0,617.38,0.035,438.34,Open
SO-004685,CUST-0206,2026-08-03,9369,4685,10,SYS-0027,100,13.0,0.0,1568.26,0.0,1000.55,Open
SO-004685,CUST-0206,2026-08-03,9370,4685,20,ACT-0008,200,22.0,0.0,363.88,0.02,227.79,Open
SO-005346,CUST-0163,2026-08-03,10691,5346,10,SYS-0018,300,55.0,0.0,904.58,0.02,631.4,Open
SO-005346,CUST-0163,2026-08-03,10692,5346,20,SYS-0029,100,2.0,0.0,1691.56,0.035,1160.41,Open
SO-008301,CUST-0238,2026-08-03,16601,8301,10,AFT-0033,300,2.0,0.0,1507.07,0.02,997.68,Open
SO-008301,CUST-0238,2026-08-03,16602,8301,20,AFT-0044,100,4.0,0.0,1541.78,0.035,1002.16,Open
SO-008962,CUST-0195,2026-08-03,17923,8962,10,AFT-0024,300,13.0,0.0,951.99,0.035,584.52,Open
SO-008962,CUST-0195,2026-08-03,17924,8962,20,AFT-0035,100,22.0,0.0,3228.89,0.05,2292.51,Open
SO-000816,CUST-0193,2026-08-04,1631,816,10,ACT-0058,200,33.0,0.0,576.05,0.02,360.61,Open
SO-000816,CUST-0193,2026-08-04,1632,816,20,AFT-0009,300,55.0,0.0,1014.27,0.035,622.76,Open
SO-001854,CUST-0079,2026-08-04,3707,1854,10,SYS-0016,300,2.0,0.0,2897.15,0.0,2022.21,Open
SO-001854,CUST-0079,2026-08-04,3708,1854,20,SYS-0027,100,4.0,0.0,1458.53,0.0,1000.55,Open
SO-002515,CUST-0036,2026-08-04,5029,2515,10,SYS-0007,100,13.0,0.0,1384.72,0.0,900.07,Open
SO-002515,CUST-0036,2026-08-04,5030,2515,20,SYS-0018,300,22.0,0.0,989.66,0.02,631.4,Open
SO-003176,CUST-0233,2026-08-04,6351,3176,10,DRV-0058,200,55.0,0.0,2854.48,0.02,2026.68,Open
SO-003176,CUST-0233,2026-08-04,6352,3176,20,SYS-0009,100,2.0,0.0,788.07,0.035,550.07,Open
SO-004214,CUST-0119,2026-08-04,8427,4214,10,CTL-0026,300,4.0,0.0,1549.51,0.0,1044.37,Open
SO-004214,CUST-0119,2026-08-04,8428,4214,20,CTL-0037,300,9.0,0.0,6543.02,0.0,4331.48,Open
SO-005470,CUST-0111,2026-08-04,10939,5470,10,AFT-0022,100,22.0,0.0,367.04,0.0,225.36,Open
SO-005470,CUST-0111,2026-08-04,10940,5470,20,AFT-0033,300,33.0,0.0,1405.18,0.02,997.68,Open
SO-006131,CUST-0068,2026-08-04,12261,6131,10,AFT-0013,100,2.0,0.0,4371.81,0.02,2946.6,Open
SO-006131,CUST-0068,2026-08-04,12262,6131,20,AFT-0024,300,4.0,0.0,882.96,0.035,584.52,Open
SO-006792,CUST-0025,2026-08-04,13583,6792,10,AFT-0004,100,13.0,0.0,3424.36,0.035,2143.65,Open
SO-006792,CUST-0025,2026-08-04,13584,6792,20,AFT-0015,300,22.0,0.0,1830.96,0.05,1124.21,Open
SO-007830,CUST-0151,2026-08-04,15659,7830,10,SYS-0022,300,33.0,0.0,7113.47,0.0,4965.2,Open
SO-007830,CUST-0151,2026-08-04,15660,7830,20,ACT-0003,100,55.0,0.0,2912.99,0.02,1998.31,Open
SO-008491,CUST-0108,2026-08-04,16981,8491,10,SYS-0013,100,4.0,0.0,1341.2,0.02,871.78,Open
SO-008491,CUST-0108,2026-08-04,16982,8491,20,SYS-0024,300,9.0,0.0,9002.26,0.035,5743.44,Open
SO-009747,CUST-0100,2026-08-04,19493,9747,10,DRV-0009,100,22.0,0.0,436.69,0.035,304.81,Open
SO-009747,CUST-0100,2026-08-04,19494,9747,20,DRV-0020,200,33.0,0.0,1394.75,0.05,956.8,Open
SO-000345,CUST-0106,2026-08-05,689,345,10,DRV-0047,100,13.0,0.0,5642.18,0.0,3735.12,Open
SO-000345,CUST-0106,2026-08-05,690,345,20,DRV-0058,200,22.0,0.0,3117.97,0.02,2026.68,Open
SO-001383,CUST-0232,2026-08-05,2765,1383,10,CTL-0015,300,33.0,0.0,807.22,0.05,505.32,Open
SO-001383,CUST-0232,2026-08-05,2766,1383,20,CTL-0026,300,55.0,0.0,1700.93,0.0,1044.37,Open
SO-002044,CUST-0189,2026-08-05,4087,2044,10,CTL-0006,300,4.0,0.0,2344.61,0.0,1608.4,Open
SO-002044,CUST-0189,2026-08-05,4088,2044,20,CTL-0017,300,9.0,0.0,365.37,0.0,246.26,Open
SO-003961,CUST-0138,2026-08-05,7921,3961,10,ACT-0053,100,2.0,0.0,667.22,0.02,457.71,Open
SO-003961,CUST-0138,2026-08-05,7922,3961,20,AFT-0004,100,4.0,0.0,3180.49,0.035,2143.65,Open
SO-004999,CUST-0024,2026-08-05,9997,4999,10,SYS-0011,100,9.0,0.0,1569.98,0.0,1020.49,Open
SO-004999,CUST-0024,2026-08-05,9998,4999,20,SYS-0022,300,13.0,0.0,7782.45,0.0,4965.2,Open
SO-005660,CUST-0221,2026-08-05,11319,5660,10,SYS-0002,300,33.0,0.0,1723.52,0.0,1223.7,Open
SO-005660,CUST-0221,2026-08-05,11320,5660,20,SYS-0013,100,55.0,0.0,1248.97,0.02,871.78,Open
SO-006321,CUST-0178,2026-08-05,12641,6321,10,DRV-0053,100,4.0,0.0,3770.27,0.02,2495.92,Open
SO-006321,CUST-0178,2026-08-05,12642,6321,20,SYS-0004,300,9.0,0.0,418.26,0.035,271.87,Open
SO-008615,CUST-0056,2026-08-05,17229,8615,10,AFT-0017,100,55.0,0.0,2530.99,0.0,1705.89,Open
SO-008615,CUST-0056,2026-08-05,17230,8615,20,AFT-0028,100,2.0,0.0,528.34,0.02,349.76,Open
SO-009276,CUST-0013,2026-08-05,18551,9276,10,AFT-0008,100,9.0,0.0,387.08,0.02,242.31,Open
SO-009276,CUST-0013,2026-08-05,18552,9276,20,AFT-0019,100,13.0,0.0,1253.58,0.035,769.7,Open
SO-009937,CUST-0210,2026-08-05,19873,9937,10,ACT-0059,100,33.0,0.0,1254.81,0.035,860.8,Open
SO-009937,CUST-0210,2026-08-05,19874,9937,20,AFT-0010,100,55.0,0.0,329.12,0.05,221.83,Open
SO-002829,CUST-0094,2026-08-06,5657,2829,10,DRV-0051,100,9.0,0.0,4777.9,0.0,3162.97,Open
SO-002829,CUST-0094,2026-08-06,5658,2829,20,SYS-0002,300,13.0,0.0,1882.62,0.0,1223.7,Open
SO-003490,CUST-0051,2026-08-06,6979,3490,10,DRV-0042,200,33.0,0.0,667.0,0.0,409.54,Open
SO-003490,CUST-0051,2026-08-06,6980,3490,20,DRV-0053,100,55.0,0.0,3515.38,0.02,2495.92,Open
SO-006445,CUST-0126,2026-08-06,12889,6445,10,ACT-0057,100,55.0,0.0,3821.44,0.0,2621.51,Open
SO-006445,CUST-0126,2026-08-06,12890,6445,20,AFT-0008,100,2.0,0.0,359.51,0.02,242.31,Open
SO-007106,CUST-0083,2026-08-06,14211,7106,10,ACT-0048,200,9.0,0.0,600.96,0.02,383.41,Open
SO-007106,CUST-0083,2026-08-06,14212,7106,20,ACT-0059,100,13.0,0.0,1375.08,0.035,860.8,Open
SO-008805,CUST-0166,2026-08-06,17609,8805,10,DRV-0057,100,2.0,0.0,5846.19,0.0,3870.18,Open
SO-008805,CUST-0166,2026-08-06,17610,8805,20,SYS-0008,300,4.0,0.0,335.38,0.02,218.0,Open
SO-000659,CUST-0164,2026-08-07,1317,659,10,DRV-0031,100,9.0,0.0,2066.74,0.0,1392.98,Open
SO-000659,CUST-0164,2026-08-07,1318,659,20,DRV-0042,200,13.0,0.0,618.64,0.0,409.54,Open
SO-001320,CUST-0121,2026-08-07,2639,1320,10,DRV-0022,200,33.0,0.0,6707.68,0.0,4199.01,Open
SO-001320,CUST-0121,2026-08-07,2640,1320,20,DRV-0033,100,55.0,0.0,1832.08,0.02,1124.9,Open
SO-002358,CUST-0007,2026-08-07,4715,2358,10,AFT-0050,100,2.0,0.0,3540.56,0.05,2471.31,Open
SO-002358,CUST-0007,2026-08-07,4716,2358,20,CTL-0001,300,4.0,0.0,3172.42,0.0,2176.28,Open
SO-003019,CUST-0204,2026-08-07,6037,3019,10,AFT-0041,100,13.0,0.0,1789.26,0.0,1163.02,Open
SO-003019,CUST-0204,2026-08-07,6038,3019,20,AFT-0052,100,22.0,0.0,494.7,0.0,315.62,Open
SO-004936,CUST-0153,2026-08-07,9871,4936,10,ACT-0028,200,9.0,0.0,328.58,0.02,213.58,Open
SO-004936,CUST-0153,2026-08-07,9872,4936,20,ACT-0039,100,13.0,0.0,1191.03,0.035,759.88,Open
SO-005974,CUST-0039,2026-08-07,11947,5974,10,DRV-0046,200,22.0,0.0,1428.86,0.0,877.32,Open
SO-005974,CUST-0039,2026-08-07,11948,5974,20,DRV-0057,100,33.0,0.0,5450.96,0.0,3870.18,Open
SO-006635,CUST-0236,2026-08-07,13269,6635,10,DRV-0037,100,2.0,0.0,6631.28,0.0,4469.48,Open
SO-006635,CUST-0236,2026-08-07,13270,6635,20,DRV-0048,200,4.0,0.0,1383.76,0.02,916.05,Open
SO-009590,CUST-0071,2026-08-07,19179,9590,10,ACT-0052,200,4.0,0.0,1013.42,0.0,646.56,Open
SO-009590,CUST-0071,2026-08-07,19180,9590,20,AFT-0003,300,9.0,0.0,7210.93,0.02,4514.04,Open
SO-000188,CUST-0077,2026-08-08,375,188,10,AFT-0030,300,2.0,0.0,481.72,0.05,342.02,Open
SO-000188,CUST-0077,2026-08-08,376,188,20,AFT-0041,100,4.0,0.0,1666.22,0.0,1163.02,Open
SO-000849,CUST-0034,2026-08-08,1697,849,10,AFT-0021,300,13.0,0.0,597.02,0.0,395.23,Open
SO-000849,CUST-0034,2026-08-08,1698,849,20,AFT-0032,100,22.0,0.0,1023.22,0.0,665.09,Open
SO-003143,CUST-0152,2026-08-08,6285,3143,10,DRV-0035,100,4.0,0.0,1341.42,0.05,904.12,Open
SO-003143,CUST-0152,2026-08-08,6286,3143,20,DRV-0046,200,9.0,0.0,1325.26,0.0,877.32,Open
SO-003804,CUST-0109,2026-08-08,7607,3804,10,DRV-0026,200,22.0,0.0,1020.42,0.0,638.78,Open
SO-003804,CUST-0109,2026-08-08,7608,3804,20,DRV-0037,100,33.0,0.0,7279.28,0.0,4469.48,Open
SO-004465,CUST-0066,2026-08-08,8929,4465,10,DRV-0017,100,2.0,0.0,1132.71,0.0,777.04,Open
SO-004465,CUST-0066,2026-08-08,8930,4465,20,DRV-0028,200,4.0,0.0,3499.54,0.02,2358.69,Open
SO-005503,CUST-0192,2026-08-08,11005,5503,10,AFT-0045,300,9.0,0.0,1959.72,0.05,1273.82,Open
SO-005503,CUST-0192,2026-08-08,11006,5503,20,AFT-0056,100,13.0,0.0,605.17,0.0,386.1,Open
SO-007420,CUST-0141,2026-08-08,14839,7420,10,ACT-0032,200,4.0,0.0,357.97,0.0,232.68,Open
SO-007420,CUST-0141,2026-08-08,14840,7420,20,ACT-0043,100,9.0,0.0,783.31,0.02,499.75,Open
SO-008081,CUST-0098,2026-08-08,16161,8081,10,ACT-0023,100,22.0,0.0,3256.66,0.02,2312.23,Open
SO-008081,CUST-0098,2026-08-08,16162,8081,20,ACT-0034,200,33.0,0.0,485.24,0.035,338.7,Open
SO-009119,CUST-0224,2026-08-08,18237,9119,10,DRV-0041,100,55.0,0.0,402.76,0.0,271.46,Open
SO-009119,CUST-0224,2026-08-08,18238,9119,20,DRV-0052,200,2.0,0.0,1960.92,0.0,1298.13,Open
SO-009780,CUST-0181,2026-08-08,19559,9780,10,DRV-0032,200,9.0,0.0,387.97,0.0,242.87,Open
SO-009780,CUST-0181,2026-08-08,19560,9780,20,DRV-0043,100,13.0,0.0,947.36,0.02,581.68,Open
SO-000973,CUST-0222,2026-08-09,1945,973,10,DRV-0015,100,4.0,0.0,1798.44,0.05,1233.73,Open
SO-000973,CUST-0222,2026-08-09,1946,973,20,DRV-0026,200,9.0,0.0,947.74,0.0,638.78,Open
SO-001634,CUST-0179,2026-08-09,3267,1634,10,DRV-0006,200,22.0,0.0,2786.47,0.0,1777.77,Open
SO-001634,CUST-0179,2026-08-09,3268,1634,20,DRV-0017,100,33.0,0.0,1241.28,0.0,777.04,Open
SO-003333,CUST-0022,2026-08-09,6665,3333,10,AFT-0025,100,9.0,0.0,718.81,0.05,475.85,Open
SO-003333,CUST-0022,2026-08-09,6666,3333,20,AFT-0036,300,13.0,0.0,1462.49,0.0,950.62,Open
SO-006949,CUST-0054,2026-08-09,13897,6949,10,DRV-0021,100,55.0,0.0,1495.69,0.0,1026.04,Open
SO-006949,CUST-0054,2026-08-09,13898,6949,20,DRV-0032,200,2.0,0.0,360.34,0.0,242.87,Open
SO-007610,CUST-0011,2026-08-09,15219,7610,10,DRV-0012,200,9.0,0.0,370.31,0.0,236.26,Open
SO-007610,CUST-0011,2026-08-09,15220,7610,20,DRV-0023,100,13.0,0.0,2327.08,0.02,1456.75,Open
SO-000502,CUST-0135,2026-08-10,1003,502,10,AFT-0014,100,55.0,0.0,1524.43,0.035,936.0,Open
SO-000502,CUST-0135,2026-08-10,1004,502,20,AFT-0025,100,2.0,0.0,670.21,0.05,475.85,Open
SO-001163,CUST-0092,2026-08-10,2325,1163,10,AFT-0005,100,9.0,0.0,3464.27,0.05,2334.92,Open
SO-001163,CUST-0092,2026-08-10,2326,1163,20,AFT-0016,100,13.0,0.0,2555.3,0.0,1691.61,Open
SO-004118,CUST-0167,2026-08-10,8235,4118,10,DRV-0010,200,13.0,0.0,571.19,0.05,364.42,Open
SO-004118,CUST-0167,2026-08-10,8236,4118,20,DRV-0021,100,22.0,0.0,1639.04,0.0,1026.04,Open
SO-004779,CUST-0124,2026-08-10,9557,4779,10,DRV-0001,100,55.0,0.0,1544.4,0.0,1077.99,Open
SO-004779,CUST-0124,2026-08-10,9558,4779,20,DRV-0012,200,2.0,0.0,344.4,0.0,236.26,Open
SO-005440,CUST-0081,2026-08-10,10879,5440,10,CTL-0032,300,9.0,0.0,2996.83,0.0,1947.94,Open
SO-005440,CUST-0081,2026-08-10,10880,5440,20,DRV-0003,100,13.0,0.0,3087.24,0.02,1969.66,Open
SO-006478,CUST-0207,2026-08-10,12955,6478,10,AFT-0020,100,22.0,0.0,1276.53,0.05,783.79,Open
SO-006478,CUST-0207,2026-08-10,12956,6478,20,AFT-0031,100,33.0,0.0,436.85,0.0,310.16,Open
SO-008395,CUST-0156,2026-08-10,16789,8395,10,ACT-0007,100,13.0,0.0,4506.06,0.0,2766.72,Open
SO-008395,CUST-0156,2026-08-10,16790,8395,20,ACT-0018,200,22.0,0.0,1484.31,0.02,1053.86,Open
SO-009056,CUST-0113,2026-08-10,18111,9056,10,SYS-0028,300,55.0,0.0,3135.24,0.02,2113.15,Open
SO-009056,CUST-0113,2026-08-10,18112,9056,20,ACT-0009,100,2.0,0.0,549.98,0.035,364.09,Open
SO-000031,CUST-0048,2026-08-11,61,31,10,SYS-0003,100,22.0,0.0,1215.35,0.02,789.98,Open
SO-000031,CUST-0048,2026-08-11,62,31,20,SYS-0014,300,33.0,0.0,1327.68,0.035,847.06,Open
SO-001948,CUST-0237,2026-08-11,3895,1948,10,CTL-0030,300,13.0,0.0,4505.45,0.05,2928.54,Open
SO-001948,CUST-0237,2026-08-11,3896,1948,20,DRV-0001,100,22.0,0.0,1689.64,0.0,1077.99,Open
SO-002609,CUST-0194,2026-08-11,5217,2609,10,CTL-0021,300,55.0,0.0,1196.13,0.0,849.25,Open
SO-002609,CUST-0194,2026-08-11,5218,2609,20,CTL-0032,300,2.0,0.0,2790.74,0.0,1947.94,Open
SO-003647,CUST-0080,2026-08-11,7293,3647,10,AFT-0009,300,4.0,0.0,923.98,0.035,622.76,Open
SO-003647,CUST-0080,2026-08-11,7294,3647,20,AFT-0020,100,9.0,0.0,1183.97,0.05,783.79,Open
SO-004308,CUST-0037,2026-08-11,8615,4308,10,ACT-0060,200,22.0,0.0,348.26,0.05,218.01,Open
SO-004308,CUST-0037,2026-08-11,8616,4308,20,AFT-0011,100,33.0,0.0,748.79,0.0,459.76,Open
SO-007263,CUST-0112,2026-08-11,14525,7263,10,DRV-0005,100,33.0,0.0,1665.8,0.05,1162.73,Open
SO-007263,CUST-0112,2026-08-11,14526,7263,20,DRV-0016,200,55.0,0.0,556.56,0.0,381.8,Open
SO-007924,CUST-0069,2026-08-11,15847,7924,10,CTL-0036,300,4.0,0.0,5777.32,0.0,3755.26,Open
SO-007924,CUST-0069,2026-08-11,15848,7924,20,DRV-0007,100,9.0,0.0,2125.24,0.0,1355.9,Open
SO-008585,CUST-0026,2026-08-11,17169,8585,10,CTL-0027,300,22.0,0.0,1481.93,0.0,1052.17,Open
SO-008585,CUST-0026,2026-08-11,17170,8585,20,CTL-0038,300,33.0,0.0,2332.32,0.02,1627.96,Open
SO-009623,CUST-0152,2026-08-11,19245,9623,10,AFT-0015,300,55.0,0.0,1667.97,0.05,1124.21,Open
SO-009623,CUST-0152,2026-08-11,19246,9623,20,AFT-0026,100,2.0,0.0,293.9,0.0,194.56,Open
SO-001477,CUST-0150,2026-08-12,2953,1477,10,ACT-0049,100,4.0,0.0,1210.35,0.035,830.3,Open
SO-001477,CUST-0150,2026-08-12,2954,1477,20,ACT-0060,200,9.0,0.0,323.46,0.05,218.01,Open
SO-002138,CUST-0107,2026-08-12,4275,2138,10,ACT-0040,200,22.0,0.0,313.2,0.05,199.82,Open
SO-002138,CUST-0107,2026-08-12,4276,2138,20,ACT-0051,100,33.0,0.0,7268.85,0.0,4550.3,Open
SO-005093,CUST-0182,2026-08-12,10185,5093,10,CTL-0025,300,33.0,0.0,1747.24,0.05,1240.54,Open
SO-005093,CUST-0182,2026-08-12,10186,5093,20,CTL-0036,300,55.0,0.0,5380.03,0.0,3755.26,Open
SO-005754,CUST-0139,2026-08-12,11507,5754,10,CTL-0016,300,4.0,0.0,412.46,0.0,273.05,Open
SO-005754,CUST-0139,2026-08-12,11508,5754,20,CTL-0027,300,9.0,0.0,1618.72,0.0,1052.17,Open
SO-007453,CUST-0222,2026-08-12,14905,7453,10,ACT-0055,100,55.0,0.0,3112.03,0.05,2134.85,Open
SO-007453,CUST-0222,2026-08-12,14906,7453,20,AFT-0006,300,2.0,0.0,8538.56,0.0,5754.99,Open
SO-009370,CUST-0171,2026-08-12,18739,9370,10,SYS-0012,300,33.0,0.0,793.59,0.0,544.4,Open
SO-009370,CUST-0171,2026-08-12,18740,9370,20,SYS-0023,100,55.0,0.0,3462.76,0.02,2333.9,Open
SO-001006,CUST-0063,2026-08-13,2011,1006,10,DRV-0038,200,55.0,0.0,886.51,0.02,544.32,Open
SO-001006,CUST-0063,2026-08-13,2012,1006,20,DRV-0049,100,2.0,0.0,1689.85,0.035,1199.79,Open
SO-002923,CUST-0012,2026-08-13,5845,2923,10,CTL-0005,300,33.0,0.0,1734.46,0.05,1064.96,Open
SO-002923,CUST-0012,2026-08-13,5846,2923,20,CTL-0016,300,55.0,0.0,384.58,0.0,273.05,Open
SO-003584,CUST-0209,2026-08-13,7167,3584,10,AFT-0056,100,4.0,0.0,572.85,0.0,386.1,Open
SO-003584,CUST-0209,2026-08-13,7168,3584,20,CTL-0007,300,9.0,0.0,3333.81,0.0,2206.98,Open
SO-004622,CUST-0095,2026-08-13,9243,4622,10,ACT-0044,200,13.0,0.0,299.58,0.035,191.13,Open
SO-004622,CUST-0095,2026-08-13,9244,4622,20,ACT-0055,100,22.0,0.0,3410.3,0.05,2134.85,Open
SO-005283,CUST-0052,2026-08-13,10565,5283,10,ACT-0035,100,55.0,0.0,2813.55,0.05,1963.86,Open
SO-005283,CUST-0052,2026-08-13,10566,5283,20,ACT-0046,200,2.0,0.0,792.11,0.0,543.39,Open
SO-008238,CUST-0127,2026-08-13,16475,8238,10,CTL-0020,300,2.0,0.0,1037.92,0.05,687.1,Open
SO-008238,CUST-0127,2026-08-13,16476,8238,20,CTL-0031,300,4.0,0.0,3006.71,0.0,1954.36,Open
SO-008899,CUST-0084,2026-08-13,17797,8899,10,CTL-0011,300,13.0,0.0,4636.68,0.0,2846.92,Open
SO-008899,CUST-0084,2026-08-13,17798,8899,20,CTL-0022,300,22.0,0.0,2915.66,0.0,2070.12,Open
SO-009560,CUST-0041,2026-08-13,19119,9560,10,CTL-0002,300,55.0,0.0,1631.34,0.0,1099.52,Open
SO-009560,CUST-0041,2026-08-13,19120,9560,20,CTL-0013,300,2.0,0.0,407.31,0.02,269.64,Open
SO-001791,CUST-0208,2026-08-14,3581,1791,10,ACT-0033,100,2.0,0.0,1894.21,0.02,1322.16,Open
SO-001791,CUST-0208,2026-08-14,3582,1791,20,ACT-0044,200,4.0,0.0,278.62,0.035,191.13,Open
SO-002452,CUST-0165,2026-08-14,4903,2452,10,ACT-0024,200,13.0,0.0,3074.49,0.035,1998.42,Open
SO-002452,CUST-0165,2026-08-14,4904,2452,20,ACT-0035,100,22.0,0.0,3078.15,0.05,1963.86,Open
SO-003113,CUST-0122,2026-08-14,6225,3113,10,ACT-0015,100,55.0,0.0,1513.87,0.05,1074.85,Open
SO-003113,CUST-0122,2026-08-14,6226,3113,20,ACT-0026,200,2.0,0.0,2369.86,0.0,1654.16,Open
SO-004151,CUST-0008,2026-08-14,8301,4151,10,DRV-0033,100,4.0,0.0,1668.99,0.02,1124.9,Open
SO-004151,CUST-0008,2026-08-14,8302,4151,20,DRV-0044,200,9.0,0.0,330.88,0.035,219.04,Open
SO-006068,CUST-0197,2026-08-14,12135,6068,10,AFT-0060,300,2.0,0.0,566.5,0.05,381.82,Open
SO-006068,CUST-0197,2026-08-14,12136,6068,20,CTL-0011,300,4.0,0.0,4300.48,0.0,2846.92,Open
SO-006729,CUST-0154,2026-08-14,13457,6729,10,AFT-0051,300,13.0,0.0,2146.66,0.0,1343.81,Open
SO-006729,CUST-0154,2026-08-14,13458,6729,20,CTL-0002,300,22.0,0.0,1790.75,0.0,1099.52,Open
SO-007767,CUST-0040,2026-08-14,15533,7767,10,ACT-0039,100,33.0,0.0,1088.65,0.035,759.88,Open
SO-007767,CUST-0040,2026-08-14,15534,7767,20,ACT-0050,200,55.0,0.0,1554.88,0.05,1066.65,Open
SO-008428,CUST-0237,2026-08-14,16855,8428,10,ACT-0030,200,4.0,0.0,682.72,0.05,443.77,Open
SO-008428,CUST-0237,2026-08-14,16856,8428,20,ACT-0041,100,9.0,0.0,695.19,0.0,443.53,Open
SO-000282,CUST-0235,2026-08-15,563,282,10,ACT-0004,200,13.0,0.0,306.53,0.035,202.92,Open
SO-000282,CUST-0235,2026-08-15,564,282,20,ACT-0015,100,22.0,0.0,1653.62,0.05,1074.85,Open
SO-001981,CUST-0078,2026-08-15,3961,1981,10,DRV-0013,100,4.0,0.0,778.76,0.02,534.23,Open
SO-001981,CUST-0078,2026-08-15,3962,1981,20,DRV-0024,200,9.0,0.0,2411.9,0.035,1625.62,Open
SO-003898,CUST-0027,2026-08-15,7795,3898,10,AFT-0040,100,2.0,0.0,827.19,0.05,567.45,Open
SO-003898,CUST-0027,2026-08-15,7796,3898,20,AFT-0051,300,4.0,0.0,1993.78,0.0,1343.81,Open
SO-005597,CUST-0110,2026-08-15,11193,5597,10,ACT-0019,100,33.0,0.0,1759.24,0.035,1249.06,Open
SO-005597,CUST-0110,2026-08-15,11194,5597,20,ACT-0030,200,55.0,0.0,635.77,0.05,443.77,Open
SO-006258,CUST-0067,2026-08-15,12515,6258,10,ACT-0010,200,4.0,0.0,3373.67,0.05,2233.37,Open
SO-006258,CUST-0067,2026-08-15,12516,6258,20,ACT-0021,100,9.0,0.0,1427.88,0.0,928.12,Open
SO-009213,CUST-0142,2026-08-15,18425,9213,10,AFT-0055,100,9.0,0.0,449.5,0.05,281.39,Open
SO-009213,CUST-0142,2026-08-15,18426,9213,20,CTL-0006,300,13.0,0.0,2619.54,0.0,1608.4,Open
SO-009874,CUST-0099,2026-08-15,19747,9874,10,AFT-0046,100,33.0,0.0,968.15,0.0,664.15,Open
SO-009874,CUST-0099,2026-08-15,19748,9874,20,AFT-0057,300,55.0,0.0,917.8,0.0,618.6,Open
SO-002766,CUST-0223,2026-08-16,5531,2766,10,ACT-0008,200,9.0,0.0,344.09,0.02,227.79,Open
SO-002766,CUST-0223,2026-08-16,5532,2766,20,ACT-0019,100,13.0,0.0,1921.63,0.035,1249.06,Open
SO-003427,CUST-0180,2026-08-16,6853,3427,10,SYS-0029,100,33.0,0.0,1889.92,0.035,1160.41,Open
SO-003427,CUST-0180,2026-08-16,6854,3427,20,ACT-0010,200,55.0,0.0,3145.59,0.05,2233.37,Open
SO-004088,CUST-0137,2026-08-16,8175,4088,10,SYS-0020,300,4.0,0.0,5861.51,0.05,3950.66,Open
SO-004088,CUST-0137,2026-08-16,8176,4088,20,ACT-0001,100,9.0,0.0,3587.84,0.0,2375.15,Open
SO-005126,CUST-0023,2026-08-16,10251,5126,10,DRV-0008,200,13.0,0.0,407.62,0.02,260.06,Open
SO-005126,CUST-0023,2026-08-16,10252,5126,20,DRV-0019,100,22.0,0.0,2243.75,0.035,1404.59,Open
SO-007043,CUST-0212,2026-08-16,14085,7043,10,AFT-0035,100,9.0,0.0,3593.28,0.05,2292.51,Open
SO-007043,CUST-0212,2026-08-16,14086,7043,20,AFT-0046,100,13.0,0.0,1060.94,0.0,664.15,Open
SO-007704,CUST-0169,2026-08-16,15407,7704,10,AFT-0026,100,33.0,0.0,278.74,0.0,194.56,Open
SO-007704,CUST-0169,2026-08-16,15408,7704,20,AFT-0037,100,55.0,0.0,4485.93,0.0,3077.35,Open
SO-008742,CUST-0055,2026-08-16,17483,8742,10,ACT-0014,200,2.0,0.0,822.46,0.035,544.47,Open
SO-008742,CUST-0055,2026-08-16,17484,8742,20,ACT-0025,100,4.0,0.0,4301.83,0.05,2796.19,Open
SO-009403,CUST-0012,2026-08-16,18805,9403,10,ACT-0005,100,13.0,0.0,1285.29,0.05,789.17,Open
SO-009403,CUST-0012,2026-08-16,18806,9403,20,ACT-0016,200,22.0,0.0,305.97,0.0,217.24,Open
SO-000596,CUST-0053,2026-08-17,1191,596,10,SYS-0018,300,9.0,0.0,936.8,0.02,631.4,Open
SO-000596,CUST-0053,2026-08-17,1192,596,20,SYS-0029,100,13.0,0.0,1752.89,0.035,1160.41,Open
SO-001257,CUST-0010,2026-08-17,2513,1257,10,SYS-0009,100,33.0,0.0,878.71,0.035,550.07,Open
SO-001257,CUST-0010,2026-08-17,2514,1257,20,SYS-0020,300,55.0,0.0,6434.3,0.05,3950.66,Open
SO-002295,CUST-0136,2026-08-17,4589,2295,10,CTL-0037,300,2.0,0.0,6205.56,0.0,4331.48,Open
SO-002295,CUST-0136,2026-08-17,4590,2295,20,DRV-0008,200,4.0,0.0,379.1,0.02,260.06,Open
SO-002956,CUST-0093,2026-08-17,5911,2956,10,CTL-0028,300,13.0,0.0,3629.77,0.02,2359.35,Open
SO-002956,CUST-0093,2026-08-17,5912,2956,20,CTL-0039,300,22.0,0.0,2952.62,0.035,1883.77,Open
SO-004873,CUST-0042,2026-08-17,9745,4873,10,AFT-0015,300,9.0,0.0,1729.55,0.05,1124.21,Open
SO-004873,CUST-0042,2026-08-17,9746,4873,20,AFT-0026,100,13.0,0.0,304.95,0.0,194.56,Open
SO-005911,CUST-0168,2026-08-17,11821,5911,10,ACT-0003,100,22.0,0.0,3254.58,0.02,1998.31,Open
SO-005911,CUST-0168,2026-08-17,11822,5911,20,ACT-0014,200,33.0,0.0,766.86,0.035,544.47,Open
SO-006572,CUST-0125,2026-08-17,13143,6572,10,SYS-0024,300,2.0,0.0,8521.42,0.035,5743.44,Open
SO-006572,CUST-0125,2026-08-17,13144,6572,20,ACT-0005,100,4.0,0.0,1192.1,0.05,789.17,Open
SO-007233,CUST-0082,2026-08-17,14465,7233,10,SYS-0015,100,13.0,0.0,8790.03,0.05,5502.56,Open
SO-007233,CUST-0082,2026-08-17,14466,7233,20,SYS-0026,300,22.0,0.0,2282.92,0.0,1401.71,Open
SO-000125,CUST-0206,2026-08-18,249,125,10,CTL-0017,300,2.0,0.0,346.85,0.0,246.26,Open
SO-000125,CUST-0206,2026-08-18,250,125,20,CTL-0028,300,4.0,0.0,3380.16,0.02,2359.35,Open
SO-000786,CUST-0163,2026-08-18,1571,786,10,CTL-0008,300,13.0,0.0,1073.72,0.02,710.8,Open
SO-000786,CUST-0163,2026-08-18,1572,786,20,CTL-0019,300,22.0,0.0,1552.09,0.035,1008.86,Open
SO-003741,CUST-0238,2026-08-18,7481,3741,10,SYS-0013,100,22.0,0.0,1392.62,0.02,871.78,Open
SO-003741,CUST-0238,2026-08-18,7482,3741,20,SYS-0024,300,33.0,0.0,9354.14,0.035,5743.44,Open
SO-004402,CUST-0195,2026-08-18,8803,4402,10,SYS-0004,300,2.0,0.0,396.31,0.035,271.87,Open
SO-004402,CUST-0195,2026-08-18,8804,4402,20,SYS-0015,100,4.0,0.0,8164.04,0.05,5502.56,Open
SO-008018,CUST-0227,2026-08-18,16035,8018,10,AFT-0010,100,22.0,0.0,312.44,0.05,221.83,Open
SO-008018,CUST-0227,2026-08-18,16036,8018,20,AFT-0021,300,33.0,0.0,566.23,0.0,395.23,Open
SO-009717,CUST-0070,2026-08-18,19433,9717,10,SYS-0019,100,9.0,0.0,2872.41,0.035,1798.13,Open
SO-009717,CUST-0070,2026-08-18,19434,9717,20,SYS-0030,300,13.0,0.0,5388.97,0.05,3308.83,Open
SO-001571,CUST-0068,2026-08-19,3141,1571,10,DRV-0053,100,22.0,0.0,3912.1,0.02,2495.92,Open
SO-001571,CUST-0068,2026-08-19,3142,1571,20,SYS-0004,300,33.0,0.0,434.3,0.035,271.87,Open
SO-002232,CUST-0025,2026-08-19,4463,2232,10,DRV-0044,200,2.0,0.0,313.81,0.035,219.04,Open
SO-002232,CUST-0025,2026-08-19,4464,2232,20,DRV-0055,100,4.0,0.0,7872.35,0.05,5400.43,Open
SO-003270,CUST-0151,2026-08-19,6539,3270,10,CTL-0012,300,9.0,0.0,6771.42,0.0,4482.68,Open
SO-003270,CUST-0151,2026-08-19,6540,3270,20,CTL-0023,300,13.0,0.0,1912.51,0.02,1243.13,Open
SO-003931,CUST-0108,2026-08-19,7861,3931,10,CTL-0003,300,33.0,0.0,2882.98,0.02,1770.15,Open
SO-003931,CUST-0108,2026-08-19,7862,3931,20,CTL-0014,300,55.0,0.0,530.03,0.035,376.32,Open
SO-005848,CUST-0057,2026-08-19,11695,5848,10,ACT-0050,200,22.0,0.0,1737.21,0.05,1066.65,Open
SO-005848,CUST-0057,2026-08-19,11696,5848,20,AFT-0001,100,33.0,0.0,2429.85,0.0,1725.19,Open
SO-006886,CUST-0183,2026-08-19,13771,6886,10,SYS-0008,300,55.0,0.0,317.78,0.02,218.0,Open
SO-006886,CUST-0183,2026-08-19,13772,6886,20,SYS-0019,100,2.0,0.0,2667.85,0.035,1798.13,Open
SO-007547,CUST-0140,2026-08-19,15093,7547,10,DRV-0059,100,9.0,0.0,6404.81,0.035,4086.27,Open
SO-007547,CUST-0140,2026-08-19,15094,7547,20,SYS-0010,300,13.0,0.0,1625.48,0.05,1017.55,Open
SO-000439,CUST-0024,2026-08-20,877,439,10,CTL-0001,300,55.0,0.0,3544.43,0.0,2176.28,Open
SO-000439,CUST-0024,2026-08-20,878,439,20,CTL-0012,300,2.0,0.0,6313.63,0.0,4482.68,Open
SO-001100,CUST-0221,2026-08-20,2199,1100,10,AFT-0052,100,9.0,0.0,468.28,0.0,315.62,Open
SO-001100,CUST-0221,2026-08-20,2200,1100,20,CTL-0003,300,13.0,0.0,2673.94,0.02,1770.15,Open
SO-001761,CUST-0178,2026-08-20,3521,1761,10,AFT-0043,100,33.0,0.0,1120.96,0.02,701.72,Open
SO-001761,CUST-0178,2026-08-20,3522,1761,20,AFT-0054,300,55.0,0.0,453.91,0.035,278.7,Open
SO-004716,CUST-0013,2026-08-20,9431,4716,10,DRV-0048,200,55.0,0.0,1312.39,0.02,916.05,Open
SO-004716,CUST-0013,2026-08-20,9432,4716,20,DRV-0059,100,2.0,0.0,5956.66,0.035,4086.27,Open
SO-005377,CUST-0210,2026-08-20,10753,5377,10,DRV-0039,100,9.0,0.0,592.71,0.035,385.26,Open
SO-005377,CUST-0210,2026-08-20,10754,5377,20,DRV-0050,200,13.0,0.0,4917.38,0.05,3137.29,Open
SO-006415,CUST-0096,2026-08-20,12829,6415,10,CTL-0007,300,22.0,0.0,3594.43,0.0,2206.98,Open
SO-006415,CUST-0096,2026-08-20,12830,6415,20,CTL-0018,300,33.0,0.0,964.87,0.02,685.06,Open
SO-008993,CUST-0002,2026-08-20,17985,8993,10,ACT-0045,100,55.0,0.0,462.88,0.05,311.98,Open
SO-008993,CUST-0002,2026-08-20,17986,8993,20,ACT-0056,200,2.0,0.0,934.41,0.0,618.58,Open
SO-002546,CUST-0083,2026-08-21,5091,2546,10,DRV-0028,200,55.0,0.0,3322.1,0.02,2358.69,Open
SO-002546,CUST-0083,2026-08-21,5092,2546,20,DRV-0039,100,2.0,0.0,551.95,0.035,385.26,Open
SO-004245,CUST-0166,2026-08-21,8489,4245,10,AFT-0047,100,22.0,0.0,2997.54,0.0,1876.46,Open
SO-004245,CUST-0166,2026-08-21,8490,4245,20,AFT-0058,100,33.0,0.0,404.87,0.02,248.59,Open
SO-007861,CUST-0198,2026-08-21,15721,7861,10,DRV-0043,100,4.0,0.0,894.89,0.02,581.68,Open
SO-007861,CUST-0198,2026-08-21,15722,7861,20,DRV-0054,200,9.0,0.0,3744.62,0.035,2389.07,Open
SO-008522,CUST-0155,2026-08-21,17043,8522,10,DRV-0034,200,22.0,0.0,597.17,0.035,423.99,Open
SO-008522,CUST-0155,2026-08-21,17044,8522,20,DRV-0045,100,33.0,0.0,542.69,0.05,378.8,Open
SO-001414,CUST-0039,2026-08-22,2827,1414,10,AFT-0036,300,4.0,0.0,1385.74,0.0,950.62,Open
SO-001414,CUST-0039,2026-08-22,2828,1414,20,AFT-0047,100,9.0,0.0,2784.07,0.0,1876.46,Open
SO-002075,CUST-0236,2026-08-22,4149,2075,10,AFT-0027,300,22.0,0.0,514.2,0.0,328.06,Open
SO-002075,CUST-0236,2026-08-22,4150,2075,20,AFT-0038,100,33.0,0.0,2171.85,0.02,1359.58,Open
SO-005691,CUST-0028,2026-08-22,11381,5691,10,DRV-0023,100,4.0,0.0,2200.53,0.02,1456.75,Open
SO-005691,CUST-0028,2026-08-22,11382,5691,20,DRV-0034,200,9.0,0.0,652.29,0.035,423.99,Open
SO-006352,CUST-0225,2026-08-22,12703,6352,10,DRV-0014,200,22.0,0.0,1590.96,0.035,976.85,Open
SO-006352,CUST-0225,2026-08-22,12704,6352,20,DRV-0025,100,33.0,0.0,3156.15,0.05,2240.87,Open
SO-007390,CUST-0111,2026-08-22,14779,7390,10,AFT-0042,300,55.0,0.0,436.2,0.0,299.23,Open
SO-007390,CUST-0111,2026-08-22,14780,7390,20,AFT-0053,100,2.0,0.0,719.57,0.02,484.99,Open
SO-009968,CUST-0017,2026-08-22,19935,9968,10,ACT-0020,200,4.0,0.0,981.5,0.05,626.2,Open
SO-009968,CUST-0017,2026-08-22,19936,9968,20,ACT-0031,100,9.0,0.0,4030.43,0.0,2523.05,Open
SO-000943,CUST-0192,2026-08-23,1885,943,10,SYS-0025,100,55.0,0.0,853.09,0.05,523.8,Open
SO-000943,CUST-0192,2026-08-23,1886,943,20,ACT-0006,200,2.0,0.0,734.31,0.0,521.36,Open
SO-003521,CUST-0098,2026-08-23,7041,3521,10,DRV-0003,100,4.0,0.0,2922.34,0.02,1969.66,Open
SO-003521,CUST-0098,2026-08-23,7042,3521,20,DRV-0014,200,9.0,0.0,1475.6,0.035,976.85,Open
SO-004559,CUST-0224,2026-08-23,9117,4559,10,AFT-0031,100,13.0,0.0,486.14,0.0,310.16,Open
SO-004559,CUST-0224,2026-08-23,9118,4559,20,AFT-0042,300,22.0,0.0,478.0,0.0,299.23,Open
SO-005220,CUST-0181,2026-08-23,10439,5220,10,AFT-0022,100,55.0,0.0,322.87,0.0,225.36,Open
SO-005220,CUST-0181,2026-08-23,10440,5220,20,AFT-0033,300,2.0,0.0,1454.34,0.02,997.68,Open
SO-008836,CUST-0213,2026-08-23,17671,8836,10,DRV-0018,200,13.0,0.0,2392.08,0.02,1468.74,Open
SO-008836,CUST-0213,2026-08-23,17672,8836,20,DRV-0029,100,22.0,0.0,2277.68,0.035,1617.15,Open
SO-009497,CUST-0170,2026-08-23,18993,9497,10,DRV-0009,100,55.0,0.0,452.24,0.035,304.81,Open
SO-009497,CUST-0170,2026-08-23,18994,9497,20,DRV-0020,200,2.0,0.0,1445.32,0.05,956.8,Open
SO-002389,CUST-0054,2026-08-24,4777,2389,10,AFT-0011,100,13.0,0.0,707.32,0.0,459.76,Open
SO-002389,CUST-0054,2026-08-24,4778,2389,20,AFT-0022,100,22.0,0.0,353.23,0.0,225.36,Open
SO-003050,CUST-0011,2026-08-24,6099,3050,10,AFT-0002,100,55.0,0.0,2303.08,0.0,1635.19,Open
SO-003050,CUST-0011,2026-08-24,6100,3050,20,AFT-0013,100,2.0,0.0,4221.49,0.02,2946.6,Open
SO-006666,CUST-0043,2026-08-24,13331,6666,10,CTL-0038,300,13.0,0.0,2600.58,0.02,1627.96,Open
SO-006666,CUST-0043,2026-08-24,13332,6666,20,DRV-0009,100,22.0,0.0,496.43,0.035,304.81,Open
SO-008365,CUST-0126,2026-08-24,16729,8365,10,AFT-0017,100,4.0,0.0,2624.45,0.0,1705.89,Open
SO-008365,CUST-0126,2026-08-24,16730,8365,20,AFT-0028,100,9.0,0.0,548.21,0.02,349.76,Open
SO-000219,CUST-0124,2026-08-25,437,219,10,ACT-0051,100,13.0,0.0,6873.56,0.0,4550.3,Open
SO-000219,CUST-0124,2026-08-25,438,219,20,AFT-0002,100,22.0,0.0,2515.68,0.0,1635.19,Open
SO-000880,CUST-0081,2026-08-25,1759,880,10,ACT-0042,200,55.0,0.0,1048.01,0.0,643.48,Open
SO-000880,CUST-0081,2026-08-25,1760,880,20,ACT-0053,100,2.0,0.0,644.66,0.02,457.71,Open
SO-001918,CUST-0207,2026-08-25,3835,1918,10,DRV-0060,200,4.0,0.0,544.85,0.05,373.77,Open
SO-001918,CUST-0207,2026-08-25,3836,1918,20,SYS-0011,100,9.0,0.0,1514.08,0.0,1020.49,Open
SO-004496,CUST-0113,2026-08-25,8991,4496,10,CTL-0018,300,13.0,0.0,1073.76,0.02,685.06,Open
SO-004496,CUST-0113,2026-08-25,8992,4496,20,CTL-0029,300,22.0,0.0,1191.9,0.035,746.13,Open
SO-005534,CUST-0239,2026-08-25,11067,5534,10,AFT-0006,300,33.0,0.0,8105.62,0.0,5754.99,Open
SO-005534,CUST-0239,2026-08-25,11068,5534,20,AFT-0017,100,55.0,0.0,2443.97,0.0,1705.89,Open
SO-006195,CUST-0196,2026-08-25,12389,6195,10,ACT-0057,100,4.0,0.0,3959.98,0.0,2621.51,Open
SO-006195,CUST-0196,2026-08-25,12390,6195,20,AFT-0008,100,9.0,0.0,372.78,0.02,242.31,Open
SO-009811,CUST-0228,2026-08-25,19621,9811,10,CTL-0033,300,33.0,0.0,5359.4,0.02,3676.55,Open
SO-009811,CUST-0228,2026-08-25,19622,9811,20,DRV-0004,200,55.0,0.0,1136.87,0.035,766.25,Open
SO-003364,CUST-0069,2026-08-26,6727,3364,10,ACT-0046,200,33.0,0.0,885.0,0.0,543.39,Open
SO-003364,CUST-0069,2026-08-26,6728,3364,20,ACT-0057,100,55.0,0.0,3692.27,0.0,2621.51,Open
SO-004025,CUST-0026,2026-08-26,8049,4025,10,ACT-0037,100,4.0,0.0,5625.16,0.0,3791.36,Open
SO-004025,CUST-0026,2026-08-26,8050,4025,20,ACT-0048,200,9.0,0.0,579.17,0.02,383.41,Open
SO-005063,CUST-0152,2026-08-26,10125,5063,10,DRV-0055,100,13.0,0.0,8464.62,0.05,5400.43,Open
SO-005063,CUST-0152,2026-08-26,10126,5063,20,SYS-0006,300,22.0,0.0,697.46,0.0,436.61,Open
SO-007641,CUST-0058,2026-08-26,15281,7641,10,CTL-0013,300,33.0,0.0,386.3,0.02,269.64,Open
SO-007641,CUST-0058,2026-08-26,15282,7641,20,CTL-0024,300,55.0,0.0,1140.25,0.035,782.21,Open
SO-008679,CUST-0184,2026-08-26,17357,8679,10,AFT-0001,100,2.0,0.0,2606.03,0.0,1725.19,Open
SO-008679,CUST-0184,2026-08-26,17358,8679,20,AFT-0012,300,4.0,0.0,1545.37,0.0,1004.49,Open
SO-009340,CUST-0141,2026-08-26,18679,9340,10,ACT-0052,200,13.0,0.0,1053.03,0.0,646.56,Open
SO-009340,CUST-0141,2026-08-26,18680,9340,20,AFT-0003,300,22.0,0.0,6357.8,0.02,4514.04,Open
SO-001194,CUST-0139,2026-08-27,2387,1194,10,ACT-0026,200,33.0,0.0,2642.43,0.0,1654.16,Open
SO-001194,CUST-0139,2026-08-27,2388,1194,20,ACT-0037,100,55.0,0.0,6174.85,0.0,3791.36,Open
SO-002893,CUST-0222,2026-08-27,5785,2893,10,DRV-0035,100,13.0,0.0,1390.95,0.05,904.12,Open
SO-002893,CUST-0222,2026-08-27,5786,2893,20,DRV-0046,200,22.0,0.0,1375.11,0.0,877.32,Open
SO-006509,CUST-0014,2026-08-27,13017,6509,10,ACT-0041,100,2.0,0.0,658.06,0.0,443.53,Open
SO-006509,CUST-0014,2026-08-27,13018,6509,20,ACT-0052,200,4.0,0.0,976.68,0.0,646.56,Open
SO-007170,CUST-0211,2026-08-27,14339,7170,10,ACT-0032,200,13.0,0.0,371.69,0.0,232.68,Open
SO-007170,CUST-0211,2026-08-27,14340,7170,20,ACT-0043,100,22.0,0.0,813.93,0.02,499.75,Open
SO-000062,CUST-0095,2026-08-28,123,62,10,DRV-0024,200,2.0,0.0,2289.61,0.035,1625.62,Open
SO-000062,CUST-0095,2026-08-28,124,62,20,DRV-0035,100,4.0,0.0,1295.3,0.05,904.12,Open
SO-000723,CUST-0052,2026-08-28,1445,723,10,DRV-0015,100,13.0,0.0,1863.64,0.05,1233.73,Open
SO-000723,CUST-0052,2026-08-28,1446,723,20,DRV-0026,200,22.0,0.0,982.74,0.0,638.78,Open
SO-004339,CUST-0084,2026-08-28,8677,4339,10,ACT-0021,100,2.0,0.0,1352.94,0.0,928.12,Open
SO-004339,CUST-0084,2026-08-28,8678,4339,20,ACT-0032,200,4.0,0.0,345.22,0.0,232.68,Open
SO-005000,CUST-0041,2026-08-28,9999,5000,10,ACT-0012,200,13.0,0.0,486.63,0.0,310.47,Open
SO-005000,CUST-0041,2026-08-28,10000,5000,20,ACT-0023,100,22.0,0.0,3693.66,0.02,2312.23,Open
SO-006038,CUST-0167,2026-08-28,12075,6038,10,DRV-0030,200,33.0,0.0,630.61,0.05,447.73,Open
SO-006038,CUST-0167,2026-08-28,12076,6038,20,DRV-0041,100,55.0,0.0,388.91,0.0,271.46,Open
SO-008616,CUST-0073,2026-08-28,17231,8616,10,AFT-0048,300,2.0,0.0,3918.72,0.02,2594.19,Open
SO-008616,CUST-0073,2026-08-28,17232,8616,20,AFT-0059,100,4.0,0.0,415.52,0.035,270.09,Open
SO-009654,CUST-0199,2026-08-28,19307,9654,10,ACT-0036,200,9.0,0.0,330.96,0.0,207.18,Open
SO-009654,CUST-0199,2026-08-28,19308,9654,20,ACT-0047,100,13.0,0.0,1248.01,0.0,766.28,Open
SO-002169,CUST-0154,2026-08-29,4337,2169,10,ACT-0001,100,2.0,0.0,3402.79,0.0,2375.15,Open
SO-002169,CUST-0154,2026-08-29,4338,2169,20,ACT-0012,200,4.0,0.0,452.58,0.0,310.47,Open
SO-003207,CUST-0040,2026-08-29,6413,3207,10,DRV-0019,100,9.0,0.0,2121.74,0.035,1404.59,Open
SO-003207,CUST-0040,2026-08-29,6414,3207,20,DRV-0030,200,13.0,0.0,688.82,0.05,447.73,Open
SO-003868,CUST-0237,2026-08-29,7735,3868,10,DRV-0010,200,33.0,0.0,593.52,0.05,364.42,Open
SO-003868,CUST-0237,2026-08-29,7736,3868,20,DRV-0021,100,55.0,0.0,1445.13,0.0,1026.04,Open
SO-006823,CUST-0072,2026-08-29,13645,6823,10,ACT-0025,100,55.0,0.0,4076.08,0.05,2796.19,Open
SO-006823,CUST-0072,2026-08-29,13646,6823,20,ACT-0036,200,2.0,0.0,307.39,0.0,207.18,Open
SO-007484,CUST-0029,2026-08-29,14967,7484,10,ACT-0016,200,9.0,0.0,340.5,0.0,217.24,Open
SO-007484,CUST-0029,2026-08-29,14968,7484,20,ACT-0027,100,13.0,0.0,4437.36,0.0,2777.79,Open
SO-008145,CUST-0226,2026-08-29,16289,8145,10,ACT-0007,100,33.0,0.0,3963.78,0.0,2766.72,Open
SO-008145,CUST-0226,2026-08-29,16290,8145,20,ACT-0018,200,55.0,0.0,1536.24,0.02,1053.86,Open
SO-001037,CUST-0110,2026-08-30,2073,1037,10,CTL-0039,300,9.0,0.0,2794.91,0.035,1883.77,Open
SO-001037,CUST-0110,2026-08-30,2074,1037,20,DRV-0010,200,13.0,0.0,550.48,0.05,364.42,Open
SO-001698,CUST-0067,2026-08-30,3395,1698,10,CTL-0030,300,33.0,0.0,4678.18,0.05,2928.54,Open
SO-001698,CUST-0067,2026-08-30,3396,1698,20,DRV-0001,100,55.0,0.0,1755.68,0.0,1077.99,Open
SO-005314,CUST-0099,2026-08-30,10627,5314,10,SYS-0026,300,9.0,0.0,2156.48,0.0,1401.71,Open
SO-005314,CUST-0099,2026-08-30,10628,5314,20,ACT-0007,100,13.0,0.0,4336.55,0.0,2766.72,Open
SO-000566,CUST-0023,2026-08-31,1131,566,10,ACT-0058,200,2.0,0.0,507.9,0.02,360.61,Open
SO-000566,CUST-0023,2026-08-31,1132,566,20,AFT-0009,300,4.0,0.0,892.21,0.035,622.76,Open
SO-003144,CUST-0169,2026-08-31,6287,3144,10,SYS-0006,300,9.0,0.0,659.53,0.0,436.61,Open
SO-003144,CUST-0169,2026-08-31,6288,3144,20,SYS-0017,100,13.0,0.0,4415.6,0.0,2870.14,Open
SO-004182,CUST-0055,2026-08-31,8363,4182,10,CTL-0034,300,22.0,0.0,3109.52,0.035,1946.56,Open
SO-004182,CUST-0055,2026-08-31,8364,4182,20,DRV-0005,100,33.0,0.0,1893.7,0.05,1162.73,Open
SO-004843,CUST-0012,2026-08-31,9685,4843,10,CTL-0025,300,2.0,0.0,1808.37,0.05,1240.54,Open
SO-004843,CUST-0012,2026-08-31,9686,4843,20,CTL-0036,300,4.0,0.0,5571.6,0.0,3755.26,Open
SO-007798,CUST-0087,2026-08-31,15595,7798,10,SYS-0030,300,4.0,0.0,5090.51,0.05,3308.83,Open
SO-007798,CUST-0087,2026-08-31,15596,7798,20,ACT-0011,100,9.0,0.0,652.96,0.0,416.59,Open
SO-008459,CUST-0044,2026-08-31,16917,8459,10,SYS-0021,100,22.0,0.0,2726.65,0.0,1935.92,Open
SO-008459,CUST-0044,2026-08-31,16918,8459,20,ACT-0002,200,33.0,0.0,570.83,0.0,398.44,Open
SO-002012,CUST-0125,2026-09-01,4023,2012,10,CTL-0014,300,22.0,0.0,589.84,0.035,376.32,Open
SO-002012,CUST-0125,2026-09-01,4024,2012,20,CTL-0025,300,33.0,0.0,1981.69,0.05,1240.54,Open
SO-002673,CUST-0082,2026-09-01,5345,2673,10,CTL-0005,300,2.0,0.0,1525.73,0.05,1064.96,Open
SO-002673,CUST-0082,2026-09-01,5346,2673,20,CTL-0016,300,4.0,0.0,398.03,0.0,273.05,Open
SO-006289,CUST-0114,2026-09-01,12577,6289,10,SYS-0001,100,22.0,0.0,788.73,0.0,484.28,Open
SO-006289,CUST-0114,2026-09-01,12578,6289,20,SYS-0012,300,33.0,0.0,766.76,0.0,544.4,Open
SO-007327,CUST-0240,2026-09-01,14653,7327,10,CTL-0029,300,55.0,0.0,1087.65,0.035,746.13,Open
SO-007327,CUST-0240,2026-09-01,14654,7327,20,CTL-0040,300,2.0,0.0,5479.81,0.05,3693.39,Open
SO-005157,CUST-0070,2026-09-02,10313,5157,10,CTL-0009,300,55.0,0.0,2099.71,0.035,1465.6,Open
SO-005157,CUST-0070,2026-09-02,10314,5157,20,CTL-0020,300,2.0,0.0,1001.6,0.05,687.1,Open
SO-008773,CUST-0102,2026-09-02,17545,8773,10,SYS-0005,100,13.0,0.0,480.81,0.05,295.22,Open
SO-008773,CUST-0102,2026-09-02,17546,8773,20,SYS-0016,300,22.0,0.0,2848.18,0.0,2022.21,Open
SO-009434,CUST-0059,2026-09-02,18867,9434,10,DRV-0056,200,55.0,0.0,4440.89,0.0,2993.16,Open
SO-009434,CUST-0059,2026-09-02,18868,9434,20,SYS-0007,100,2.0,0.0,1359.62,0.0,900.07,Open
SO-002987,CUST-0140,2026-09-03,5973,2987,10,AFT-0049,100,55.0,0.0,1014.0,0.035,719.94,Open
SO-002987,CUST-0140,2026-09-03,5974,2987,20,AFT-0060,300,2.0,0.0,547.02,0.05,381.82,Open
SO-007264,CUST-0129,2026-09-03,14527,7264,10,DRV-0036,200,55.0,0.0,2182.48,0.0,1497.18,Open
SO-007264,CUST-0129,2026-09-03,14528,7264,20,DRV-0047,100,2.0,0.0,5541.72,0.0,3735.12,Open
SO-008302,CUST-0015,2026-09-03,16603,8302,10,CTL-0004,300,4.0,0.0,2135.82,0.035,1388.28,Open
SO-008302,CUST-0015,2026-09-03,16604,8302,20,CTL-0015,300,9.0,0.0,792.04,0.05,505.32,Open
SO-000817,CUST-0210,2026-09-04,1633,817,10,AFT-0029,100,55.0,0.0,713.91,0.035,438.34,Open
SO-000817,CUST-0210,2026-09-04,1634,817,20,AFT-0040,100,2.0,0.0,799.23,0.05,567.45,Open
SO-001855,CUST-0096,2026-09-04,3709,1855,10,ACT-0017,100,4.0,0.0,922.08,0.0,632.55,Open
SO-001855,CUST-0096,2026-09-04,3710,1855,20,ACT-0028,200,9.0,0.0,316.88,0.02,213.58,Open
SO-005471,CUST-0128,2026-09-04,10941,5471,10,AFT-0053,100,33.0,0.0,683.08,0.02,484.99,Open
SO-005471,CUST-0128,2026-09-04,10942,5471,20,CTL-0004,300,55.0,0.0,1988.94,0.035,1388.28,Open
SO-006132,CUST-0085,2026-09-04,12263,6132,10,AFT-0044,100,4.0,0.0,1513.84,0.035,1002.16,Open
SO-006132,CUST-0085,2026-09-04,12264,6132,20,AFT-0055,100,9.0,0.0,432.91,0.05,281.39,Open
SO-009748,CUST-0117,2026-09-04,19495,9748,10,DRV-0040,200,33.0,0.0,319.2,0.05,218.97,Open
SO-009748,CUST-0117,2026-09-04,19496,9748,20,DRV-0051,100,55.0,0.0,4692.83,0.0,3162.97,Open
SO-003962,CUST-0155,2026-09-05,7923,3962,10,AFT-0024,300,4.0,0.0,867.24,0.035,584.52,Open
SO-003962,CUST-0155,2026-09-05,7924,3962,20,AFT-0035,100,9.0,0.0,3463.01,0.05,2292.51,Open
SO-009277,CUST-0030,2026-09-05,18553,9277,10,AFT-0039,300,13.0,0.0,13930.62,0.035,8553.4,Open
SO-009277,CUST-0030,2026-09-05,18554,9277,20,AFT-0050,100,22.0,0.0,3480.72,0.05,2471.31,Open
SO-001792,CUST-0225,2026-09-06,3583,1792,10,AFT-0004,100,4.0,0.0,3124.85,0.035,2143.65,Open
SO-001792,CUST-0225,2026-09-06,3584,1792,20,AFT-0015,300,9.0,0.0,1667.97,0.05,1124.21,Open
SO-002830,CUST-0111,2026-09-06,5659,2830,10,SYS-0022,300,13.0,0.0,7638.77,0.0,4965.2,Open
SO-002830,CUST-0111,2026-09-06,5660,2830,20,ACT-0003,100,22.0,0.0,3132.15,0.02,1998.31,Open
SO-006446,CUST-0143,2026-09-06,12891,6446,10,AFT-0028,100,2.0,0.0,518.93,0.02,349.76,Open
SO-006446,CUST-0143,2026-09-06,12892,6446,20,AFT-0039,300,4.0,0.0,12920.54,0.035,8553.4,Open
SO-007107,CUST-0100,2026-09-06,14213,7107,10,AFT-0019,100,13.0,0.0,1229.55,0.035,769.7,Open
SO-007107,CUST-0100,2026-09-06,14214,7107,20,AFT-0030,300,22.0,0.0,557.04,0.05,342.02,Open
SO-000660,CUST-0181,2026-09-07,1319,660,10,SYS-0002,300,13.0,0.0,1848.49,0.0,1223.7,Open
SO-000660,CUST-0181,2026-09-07,1320,660,20,SYS-0013,100,22.0,0.0,1341.2,0.02,871.78,Open
SO-004937,CUST-0170,2026-09-07,9873,4937,10,ACT-0059,100,13.0,0.0,1349.22,0.035,860.8,Open
SO-004937,CUST-0170,2026-09-07,9874,4937,20,AFT-0010,100,22.0,0.0,354.36,0.05,221.83,Open
SO-005975,CUST-0056,2026-09-07,11949,5975,10,SYS-0017,100,33.0,0.0,4042.45,0.0,2870.14,Open
SO-005975,CUST-0056,2026-09-07,11950,5975,20,SYS-0028,300,55.0,0.0,3027.44,0.02,2113.15,Open
SO-009591,CUST-0088,2026-09-07,19181,9591,10,AFT-0023,100,9.0,0.0,436.39,0.02,273.18,Open
SO-009591,CUST-0088,2026-09-07,19182,9591,20,AFT-0034,100,13.0,0.0,816.21,0.035,501.15,Open
SO-003805,CUST-0126,2026-09-08,7609,3805,10,DRV-0057,100,33.0,0.0,6303.22,0.0,3870.18,Open
SO-003805,CUST-0126,2026-09-08,7610,3805,20,SYS-0008,300,55.0,0.0,307.04,0.02,218.0,Open
SO-007421,CUST-0158,2026-09-08,14841,7421,10,AFT-0003,300,9.0,0.0,7075.3,0.02,4514.04,Open
SO-007421,CUST-0158,2026-09-08,14842,7421,20,AFT-0014,100,13.0,0.0,1495.21,0.035,936.0,Open
SO-008082,CUST-0115,2026-09-08,16163,8082,10,ACT-0054,200,33.0,0.0,5479.34,0.035,3824.58,Open
SO-008082,CUST-0115,2026-09-08,16164,8082,20,AFT-0005,100,55.0,0.0,3403.67,0.05,2334.92,Open
SO-000974,CUST-0239,2026-09-09,1947,974,10,DRV-0046,200,9.0,0.0,1301.66,0.0,877.32,Open
SO-000974,CUST-0239,2026-09-09,1948,974,20,DRV-0057,100,13.0,0.0,5846.19,0.0,3870.18,Open
SO-001635,CUST-0196,2026-09-09,3269,1635,10,DRV-0037,100,33.0,0.0,7139.74,0.0,4469.48,Open
SO-001635,CUST-0196,2026-09-09,3270,1635,20,DRV-0048,200,55.0,0.0,1491.94,0.02,916.05,Open
SO-005912,CUST-0185,2026-09-09,11823,5912,10,ACT-0034,200,33.0,0.0,477.04,0.035,338.7,Open
SO-005912,CUST-0185,2026-09-09,11824,5912,20,ACT-0045,100,55.0,0.0,446.96,0.05,311.98,Open
SO-006950,CUST-0071,2026-09-09,13899,6950,10,DRV-0052,200,2.0,0.0,1926.01,0.0,1298.13,Open
SO-006950,CUST-0071,2026-09-09,13900,6950,20,SYS-0003,100,4.0,0.0,1193.32,0.02,789.98,Open
SO-000503,CUST-0152,2026-09-10,1005,503,10,AFT-0045,300,2.0,0.0,1794.11,0.05,1273.82,Open
SO-000503,CUST-0152,2026-09-10,1006,503,20,AFT-0056,100,4.0,0.0,553.15,0.0,386.1,Open
SO-004119,CUST-0184,2026-09-10,8237,4119,10,DRV-0041,100,22.0,0.0,433.64,0.0,271.46,Open
SO-004119,CUST-0184,2026-09-10,8238,4119,20,DRV-0052,200,33.0,0.0,2114.22,0.0,1298.13,Open
SO-004780,CUST-0141,2026-09-10,9559,4780,10,DRV-0032,200,2.0,0.0,354.04,0.0,242.87,Open
SO-004780,CUST-0141,2026-09-10,9560,4780,20,DRV-0043,100,4.0,0.0,863.03,0.02,581.68,Open
SO-008396,CUST-0173,2026-09-10,16791,8396,10,ACT-0038,200,22.0,0.0,595.75,0.02,422.98,Open
SO-008396,CUST-0173,2026-09-10,16792,8396,20,ACT-0049,100,33.0,0.0,1189.54,0.035,830.3,Open
SO-009057,CUST-0130,2026-09-10,18113,9057,10,ACT-0029,100,2.0,0.0,1394.65,0.035,923.26,Open
SO-009057,CUST-0130,2026-09-10,18114,9057,20,ACT-0040,200,4.0,0.0,307.42,0.05,199.82,Open
SO-001949,CUST-0014,2026-09-11,3897,1949,10,DRV-0021,100,22.0,0.0,1608.21,0.0,1026.04,Open
SO-001949,CUST-0014,2026-09-11,3898,1949,20,DRV-0032,200,33.0,0.0,387.97,0.0,242.87,Open
SO-002610,CUST-0211,2026-09-11,5219,2610,10,DRV-0012,200,2.0,0.0,338.48,0.0,236.26,Open
SO-002610,CUST-0211,2026-09-11,5220,2610,20,DRV-0023,100,4.0,0.0,2123.54,0.02,1456.75,Open
SO-000440,CUST-0041,2026-09-12,879,440,10,CTL-0032,300,2.0,0.0,2743.58,0.0,1947.94,Open
SO-000440,CUST-0041,2026-09-12,880,440,20,DRV-0003,100,4.0,0.0,2821.86,0.02,1969.66,Open
SO-001478,CUST-0167,2026-09-12,2955,1478,10,AFT-0020,100,9.0,0.0,1162.89,0.05,783.79,Open
SO-001478,CUST-0167,2026-09-12,2956,1478,20,AFT-0031,100,13.0,0.0,468.52,0.0,310.16,Open
SO-005094,CUST-0199,2026-09-12,10187,5094,10,DRV-0016,200,55.0,0.0,546.99,0.0,381.8,Open
SO-005094,CUST-0199,2026-09-12,10188,5094,20,DRV-0027,100,2.0,0.0,1703.72,0.0,1168.75,Open
SO-005755,CUST-0156,2026-09-12,11509,5755,10,DRV-0007,100,9.0,0.0,2086.0,0.0,1355.9,Open
SO-005755,CUST-0156,2026-09-12,11510,5755,20,DRV-0018,200,13.0,0.0,2302.1,0.02,1468.74,Open
SO-009371,CUST-0188,2026-09-12,18741,9371,10,ACT-0013,100,55.0,0.0,551.62,0.02,371.79,Open
SO-009371,CUST-0188,2026-09-12,18742,9371,20,ACT-0024,200,2.0,0.0,3018.76,0.035,1998.42,Open
SO-002924,CUST-0029,2026-09-13,5847,2924,10,CTL-0036,300,55.0,0.0,5289.1,0.0,3755.26,Open
SO-002924,CUST-0029,2026-09-13,5848,2924,20,DRV-0007,100,2.0,0.0,1942.55,0.0,1355.9,Open
SO-003585,CUST-0226,2026-09-13,7169,3585,10,CTL-0027,300,9.0,0.0,1589.38,0.0,1052.17,Open
SO-003585,CUST-0226,2026-09-13,7170,3585,20,CTL-0038,300,13.0,0.0,2504.55,0.02,1627.96,Open
SO-008239,CUST-0144,2026-09-13,16477,8239,10,DRV-0011,100,4.0,0.0,1266.74,0.0,823.38,Open
SO-008239,CUST-0144,2026-09-13,16478,8239,20,DRV-0022,200,9.0,0.0,6581.52,0.0,4199.01,Open
SO-006069,CUST-0214,2026-09-14,12137,6069,10,CTL-0031,300,4.0,0.0,2952.21,0.0,1954.36,Open
SO-006069,CUST-0214,2026-09-14,12138,6069,20,DRV-0002,200,9.0,0.0,3493.57,0.0,2270.82,Open
SO-000283,CUST-0012,2026-09-15,565,283,10,ACT-0035,100,22.0,0.0,3021.32,0.05,1963.86,Open
SO-000283,CUST-0012,2026-09-15,566,283,20,ACT-0046,200,33.0,0.0,851.71,0.0,543.39,Open
SO-003899,CUST-0044,2026-09-15,7797,3899,10,CTL-0011,300,4.0,0.0,4223.92,0.0,2846.92,Open
SO-003899,CUST-0044,2026-09-15,7798,3899,20,CTL-0022,300,9.0,0.0,3127.07,0.0,2070.12,Open
SO-009214,CUST-0159,2026-09-15,18427,9214,10,CTL-0026,300,13.0,0.0,1700.93,0.0,1044.37,Open
SO-009214,CUST-0159,2026-09-15,18428,9214,20,CTL-0037,300,22.0,0.0,6100.68,0.0,4331.48,Open
SO-002767,CUST-0240,2026-09-16,5533,2767,10,ACT-0039,100,13.0,0.0,1169.05,0.035,759.88,Open
SO-002767,CUST-0240,2026-09-16,5534,2767,20,ACT-0050,200,22.0,0.0,1671.87,0.05,1066.65,Open
SO-007044,CUST-0229,2026-09-16,14087,7044,10,CTL-0006,300,13.0,0.0,2569.33,0.0,1608.4,Open
SO-007044,CUST-0229,2026-09-16,14088,7044,20,CTL-0017,300,22.0,0.0,401.07,0.0,246.26,Open
SO-000597,CUST-0070,2026-09-17,1193,597,10,ACT-0019,100,13.0,0.0,1886.8,0.035,1249.06,Open
SO-000597,CUST-0070,2026-09-17,1194,597,20,ACT-0030,200,22.0,0.0,682.72,0.05,443.77,Open
SO-004874,CUST-0059,2026-09-17,9747,4874,10,AFT-0046,100,13.0,0.0,1040.99,0.0,664.15,Open
SO-004874,CUST-0059,2026-09-17,9748,4874,20,AFT-0057,300,22.0,0.0,988.18,0.0,618.6,Open
SO-003742,CUST-0015,2026-09-18,7483,3742,10,ACT-0014,200,33.0,0.0,886.76,0.035,544.47,Open
SO-003742,CUST-0015,2026-09-18,7484,3742,20,ACT-0025,100,55.0,0.0,3938.3,0.05,2796.19,Open
SO-008019,CUST-0004,2026-09-18,16037,8019,10,AFT-0041,100,33.0,0.0,1666.22,0.0,1163.02,Open
SO-008019,CUST-0004,2026-09-18,16038,8019,20,AFT-0052,100,55.0,0.0,460.09,0.0,315.62,Open
SO-001572,CUST-0085,2026-09-19,3143,1572,10,SYS-0024,300,33.0,0.0,9174.82,0.035,5743.44,Open
SO-001572,CUST-0085,2026-09-19,3144,1572,20,ACT-0005,100,55.0,0.0,1285.29,0.05,789.17,Open
SO-005849,CUST-0074,2026-09-19,11697,5849,10,AFT-0021,300,33.0,0.0,556.66,0.0,395.23,Open
SO-005849,CUST-0074,2026-09-19,11698,5849,20,AFT-0032,100,55.0,0.0,952.85,0.0,665.09,Open
SO-006887,CUST-0200,2026-09-19,13773,6887,10,ACT-0009,100,2.0,0.0,540.19,0.035,364.09,Open
SO-006887,CUST-0200,2026-09-19,13774,6887,20,ACT-0020,200,4.0,0.0,945.92,0.05,626.2,Open
SO-004717,CUST-0030,2026-09-20,9433,4717,10,SYS-0019,100,2.0,0.0,2621.18,0.035,1798.13,Open
SO-004717,CUST-0030,2026-09-20,9434,4717,20,SYS-0030,300,4.0,0.0,4909.24,0.05,3308.83,Open
SO-008994,CUST-0019,2026-09-20,17987,8994,10,AFT-0016,100,2.0,0.0,2555.3,0.0,1691.61,Open
SO-008994,CUST-0019,2026-09-20,17988,8994,20,AFT-0027,300,4.0,0.0,504.71,0.0,328.06,Open
SO-002547,CUST-0100,2026-09-21,5093,2547,10,DRV-0059,100,2.0,0.0,5854.26,0.035,4086.27,Open
SO-002547,CUST-0100,2026-09-21,5094,2547,20,SYS-0010,300,4.0,0.0,1483.31,0.05,1017.55,Open
SO-006824,CUST-0089,2026-09-21,13647,6824,10,ACT-0056,200,2.0,0.0,917.77,0.0,618.58,Open
SO-006824,CUST-0089,2026-09-21,13648,6824,20,AFT-0007,100,4.0,0.0,447.07,0.0,295.96,Open
SO-007862,CUST-0215,2026-09-21,15723,7862,10,SYS-0014,300,9.0,0.0,1327.68,0.035,847.06,Open
SO-007862,CUST-0215,2026-09-21,15724,7862,20,SYS-0025,100,13.0,0.0,836.74,0.05,523.8,Open
SO-001415,CUST-0056,2026-09-22,2829,1415,10,CTL-0007,300,9.0,0.0,3274.45,0.0,2206.98,Open
SO-001415,CUST-0056,2026-09-22,2830,1415,20,CTL-0018,300,13.0,0.0,1034.83,0.02,685.06,Open
SO-005692,CUST-0045,2026-09-22,11383,5692,10,DRV-0054,200,9.0,0.0,3675.49,0.035,2389.07,Open
SO-005692,CUST-0045,2026-09-22,11384,5692,20,SYS-0005,100,13.0,0.0,462.73,0.05,295.22,Open
SO-009969,CUST-0034,2026-09-22,19937,9969,10,ACT-0051,100,9.0,0.0,7268.85,0.0,4550.3,Open
SO-009969,CUST-0034,2026-09-22,19938,9969,20,AFT-0002,100,13.0,0.0,2663.18,0.0,1635.19,Open
SO-003522,CUST-0115,2026-09-23,7043,3522,10,DRV-0034,200,9.0,0.0,640.47,0.035,423.99,Open
SO-003522,CUST-0115,2026-09-23,7044,3522,20,DRV-0045,100,13.0,0.0,582.77,0.05,378.8,Open
SO-002390,CUST-0071,2026-09-24,4779,2390,10,AFT-0042,300,22.0,0.0,469.01,0.0,299.23,Open
SO-002390,CUST-0071,2026-09-24,4780,2390,20,AFT-0053,100,33.0,0.0,774.74,0.02,484.99,Open
SO-006667,CUST-0060,2026-09-24,13333,6667,10,DRV-0029,100,22.0,0.0,2633.79,0.035,1617.15,Open
SO-006667,CUST-0060,2026-09-24,13334,6667,20,DRV-0040,200,33.0,0.0,308.41,0.05,218.97,Open
SO-000220,CUST-0141,2026-09-25,439,220,10,AFT-0022,100,22.0,0.0,346.71,0.0,225.36,Open
SO-000220,CUST-0141,2026-09-25,440,220,20,AFT-0033,300,33.0,0.0,1563.76,0.02,997.68,Open
SO-004497,CUST-0130,2026-09-25,8993,4497,10,DRV-0009,100,22.0,0.0,486.92,0.035,304.81,Open
SO-004497,CUST-0130,2026-09-25,8994,4497,20,DRV-0020,200,33.0,0.0,1558.31,0.05,956.8,Open
SO-001195,CUST-0156,2026-09-27,2389,1195,10,ACT-0057,100,55.0,0.0,4269.56,0.0,2621.51,Open
SO-001195,CUST-0156,2026-09-27,2390,1195,20,AFT-0008,100,2.0,0.0,341.28,0.02,242.31,Open
SO-007799,CUST-0104,2026-10-01,15597,7799,10,ACT-0031,100,9.0,0.0,3954.62,0.0,2523.05,Open
SO-007799,CUST-0104,2026-10-01,15598,7799,20,ACT-0042,200,13.0,0.0,1027.92,0.0,643.48,Open
SO-008774,CUST-0119,2026-10-03,17547,8774,10,ACT-0006,200,22.0,0.0,734.31,0.0,521.36,Open
SO-008774,CUST-0119,2026-10-03,17548,8774,20,ACT-0017,100,33.0,0.0,906.23,0.0,632.55,Open
